  0
SECTION
  2
HEADER
  9
$ACADVER
  1
AC1024
  9
$ACADMAINTVER
 70
6
  9
$DWGCODEPAGE
  3
ANSI_1252
  9
$LASTSAVEDBY
  1
ezdxf
  9
$INSBASE
 10
0.0
 20
0.0
 30
0.0
  9
$EXTMIN
 10
1e+20
 20
1e+20
 30
1e+20
  9
$EXTMAX
 10
-1e+20
 20
-1e+20
 30
-1e+20
  9
$LIMMIN
 10
0.0
 20
0.0
  9
$LIMMAX
 10
420.0
 20
297.0
  9
$ORTHOMODE
 70
0
  9
$REGENMODE
 70
1
  9
$FILLMODE
 70
1
  9
$QTEXTMODE
 70
0
  9
$MIRRTEXT
 70
1
  9
$LTSCALE
 40
1.0
  9
$ATTMODE
 70
1
  9
$TEXTSIZE
 40
2.5
  9
$TRACEWID
 40
1.0
  9
$TEXTSTYLE
  7
OpenSans
  9
$CLAYER
  8
0
  9
$CELTYPE
  6
ByLayer
  9
$CECOLOR
 62
256
  9
$CELTSCALE
 40
1.0
  9
$DISPSILH
 70
0
  9
$DIMSCALE
 40
1.0
  9
$DIMASZ
 40
0.175
  9
$DIMEXO
 40
0.125
  9
$DIMDLI
 40
3.75
  9
$DIMRND
 40
0.0
  9
$DIMDLE
 40
0.0
  9
$DIMEXE
 40
0.375
  9
$DIMTP
 40
0.0
  9
$DIMTM
 40
0.0
  9
$DIMTXT
 40
0.25
  9
$DIMCEN
 40
2.5
  9
$DIMTSZ
 40
0.0
  9
$DIMTOL
 70
0
  9
$DIMLIM
 70
0
  9
$DIMTIH
 70
0
  9
$DIMTOH
 70
0
  9
$DIMSE1
 70
0
  9
$DIMSE2
 70
0
  9
$DIMTAD
 70
1
  9
$DIMZIN
 70
12
  9
$DIMBLK
  1
ARCHTICK
  9
$DIMASO
 70
1
  9
$DIMSHO
 70
1
  9
$DIMPOST
  1

  9
$DIMAPOST
  1

  9
$DIMALT
 70
0
  9
$DIMALTD
 70
3
  9
$DIMALTF
 40
0.03937007874
  9
$DIMLFAC
 40
100.0
  9
$DIMTOFL
 70
1
  9
$DIMTVP
 40
0.0
  9
$DIMTIX
 70
0
  9
$DIMSOXD
 70
0
  9
$DIMSAH
 70
0
  9
$DIMBLK1
  1

  9
$DIMBLK2
  1

  9
$DIMSTYLE
  2
EZDXF
  9
$DIMCLRD
 70
0
  9
$DIMCLRE
 70
0
  9
$DIMCLRT
 70
0
  9
$DIMTFAC
 40
0.5
  9
$DIMGAP
 40
0.1
  9
$DIMJUST
 70
0
  9
$DIMSD1
 70
0
  9
$DIMSD2
 70
0
  9
$DIMTOLJ
 70
0
  9
$DIMTZIN
 70
8
  9
$DIMALTZ
 70
0
  9
$DIMALTTZ
 70
0
  9
$DIMUPT
 70
1
  9
$DIMDEC
 70
2
  9
$DIMTDEC
 70
2
  9
$DIMALTU
 70
2
  9
$DIMALTTD
 70
3
  9
$DIMTXSTY
  7
OpenSansCondensed-Light
  9
$DIMAUNIT
 70
0
  9
$DIMADEC
 70
2
  9
$DIMALTRND
 40
0.0
  9
$DIMAZIN
 70
3
  9
$DIMDSEP
 70
46
  9
$DIMATFIT
 70
3
  9
$DIMFRAC
 70
0
  9
$DIMLDRBLK
  1

  9
$DIMLUNIT
 70
2
  9
$DIMLWD
 70
-2
  9
$DIMLWE
 70
-2
  9
$DIMTMOVE
 70
2
  9
$DIMFXL
 40
1.0
  9
$DIMFXLON
 70
0
  9
$DIMJOGANG
 40
0.785398163397
  9
$DIMTFILL
 70
0
  9
$DIMTFILLCLR
 70
0
  9
$DIMARCSYM
 70
0
  9
$DIMLTYPE
  6

  9
$DIMLTEX1
  6

  9
$DIMLTEX2
  6

  9
$DIMTXTDIRECTION
 70
0
  9
$LUNITS
 70
2
  9
$LUPREC
 70
4
  9
$SKETCHINC
 40
1.0
  9
$FILLETRAD
 40
10.0
  9
$AUNITS
 70
0
  9
$AUPREC
 70
2
  9
$MENU
  1
.
  9
$ELEVATION
 40
0.0
  9
$PELEVATION
 40
0.0
  9
$THICKNESS
 40
0.0
  9
$LIMCHECK
 70
0
  9
$CHAMFERA
 40
0.0
  9
$CHAMFERB
 40
0.0
  9
$CHAMFERC
 40
0.0
  9
$CHAMFERD
 40
0.0
  9
$SKPOLY
 70
0
  9
$TDCREATE
 40
2461301.6469560186
  9
$TDUCREATE
 40
2458532.153996898
  9
$TDUPDATE
 40
2461301.6469791667
  9
$TDUUPDATE
 40
2458532.1544311
  9
$TDINDWG
 40
0.0
  9
$TDUSRTIMER
 40
0.0
  9
$USRTIMER
 70
1
  9
$ANGBASE
 50
0.0
  9
$ANGDIR
 70
0
  9
$PDMODE
 70
0
  9
$PDSIZE
 40
0.0
  9
$PLINEWID
 40
0.0
  9
$SPLFRAME
 70
0
  9
$SPLINETYPE
 70
6
  9
$SPLINESEGS
 70
8
  9
$HANDSEED
  5
E03
  9
$SURFTAB1
 70
6
  9
$SURFTAB2
 70
6
  9
$SURFTYPE
 70
6
  9
$SURFU
 70
6
  9
$SURFV
 70
6
  9
$UCSBASE
  2

  9
$UCSNAME
  2

  9
$UCSORG
 10
0.0
 20
0.0
 30
0.0
  9
$UCSXDIR
 10
1.0
 20
0.0
 30
0.0
  9
$UCSYDIR
 10
0.0
 20
1.0
 30
0.0
  9
$UCSORTHOREF
  2

  9
$UCSORTHOVIEW
 70
0
  9
$UCSORGTOP
 10
0.0
 20
0.0
 30
0.0
  9
$UCSORGBOTTOM
 10
0.0
 20
0.0
 30
0.0
  9
$UCSORGLEFT
 10
0.0
 20
0.0
 30
0.0
  9
$UCSORGRIGHT
 10
0.0
 20
0.0
 30
0.0
  9
$UCSORGFRONT
 10
0.0
 20
0.0
 30
0.0
  9
$UCSORGBACK
 10
0.0
 20
0.0
 30
0.0
  9
$PUCSBASE
  2

  9
$PUCSNAME
  2

  9
$PUCSORG
 10
0.0
 20
0.0
 30
0.0
  9
$PUCSXDIR
 10
1.0
 20
0.0
 30
0.0
  9
$PUCSYDIR
 10
0.0
 20
1.0
 30
0.0
  9
$PUCSORTHOREF
  2

  9
$PUCSORTHOVIEW
 70
0
  9
$PUCSORGTOP
 10
0.0
 20
0.0
 30
0.0
  9
$PUCSORGBOTTOM
 10
0.0
 20
0.0
 30
0.0
  9
$PUCSORGLEFT
 10
0.0
 20
0.0
 30
0.0
  9
$PUCSORGRIGHT
 10
0.0
 20
0.0
 30
0.0
  9
$PUCSORGFRONT
 10
0.0
 20
0.0
 30
0.0
  9
$PUCSORGBACK
 10
0.0
 20
0.0
 30
0.0
  9
$USERI1
 70
0
  9
$USERI2
 70
0
  9
$USERI3
 70
0
  9
$USERI4
 70
0
  9
$USERI5
 70
0
  9
$USERR1
 40
0.0
  9
$USERR2
 40
0.0
  9
$USERR3
 40
0.0
  9
$USERR4
 40
0.0
  9
$USERR5
 40
0.0
  9
$WORLDVIEW
 70
1
  9
$SHADEDGE
 70
3
  9
$SHADEDIF
 70
70
  9
$TILEMODE
 70
1
  9
$MAXACTVP
 70
64
  9
$PINSBASE
 10
0.0
 20
0.0
 30
0.0
  9
$PLIMCHECK
 70
0
  9
$PEXTMIN
 10
1e+20
 20
1e+20
 30
1e+20
  9
$PEXTMAX
 10
-1e+20
 20
-1e+20
 30
-1e+20
  9
$PLIMMIN
 10
0.0
 20
0.0
  9
$PLIMMAX
 10
420.0
 20
297.0
  9
$UNITMODE
 70
0
  9
$VISRETAIN
 70
1
  9
$PLINEGEN
 70
0
  9
$PSLTSCALE
 70
1
  9
$TREEDEPTH
 70
3020
  9
$CMLSTYLE
  2
Standard
  9
$CMLJUST
 70
0
  9
$CMLSCALE
 40
20.0
  9
$PROXYGRAPHICS
 70
1
  9
$MEASUREMENT
 70
1
  9
$CELWEIGHT
370
-1
  9
$ENDCAPS
280
0
  9
$JOINSTYLE
280
0
  9
$LWDISPLAY
290
0
  9
$INSUNITS
 70
4
  9
$HYPERLINKBASE
  1

  9
$STYLESHEET
  1

  9
$XEDIT
290
1
  9
$CEPSNTYPE
380
0
  9
$PSTYLEMODE
290
1
  9
$FINGERPRINTGUID
  2
{7BEFAF78-8888-4C3D-9355-5C3A29533ABF}
  9
$VERSIONGUID
  2
{F03AD39E-2815-4075-ACFC-A510D71050F9}
  9
$EXTNAMES
290
1
  9
$PSVPSCALE
 40
0.0
  9
$OLESTARTUP
290
0
  9
$SORTENTS
280
127
  9
$INDEXCTL
280
0
  9
$HIDETEXT
280
1
  9
$XCLIPFRAME
280
1
  9
$HALOGAP
280
0
  9
$OBSCOLOR
 70
257
  9
$OBSLTYPE
280
0
  9
$INTERSECTIONDISPLAY
280
0
  9
$INTERSECTIONCOLOR
 70
257
  9
$DIMASSOC
280
2
  9
$PROJECTNAME
  1

  9
$CAMERADISPLAY
290
0
  9
$LENSLENGTH
 40
50.0
  9
$CAMERAHEIGHT
 40
0.0
  9
$STEPSPERSEC
 40
24.0
  9
$STEPSIZE
 40
100.0
  9
$3DDWFPREC
 40
2.0
  9
$PSOLWIDTH
 40
0.005
  9
$PSOLHEIGHT
 40
0.08
  9
$LOFTANG1
 40
1.570796326795
  9
$LOFTANG2
 40
1.570796326795
  9
$LOFTMAG1
 40
0.0
  9
$LOFTMAG2
 40
0.0
  9
$LOFTPARAM
 70
7
  9
$LOFTNORMALS
280
1
  9
$LATITUDE
 40
37.795
  9
$LONGITUDE
 40
-122.394
  9
$NORTHDIRECTION
 40
0.0
  9
$TIMEZONE
 70
-8000
  9
$LIGHTGLYPHDISPLAY
280
1
  9
$TILEMODELIGHTSYNCH
280
1
  9
$CMATERIAL
347
20
  9
$SOLIDHIST
280
0
  9
$SHOWHIST
280
1
  9
$DWFFRAME
280
2
  9
$DGNFRAME
280
2
  9
$REALWORLDSCALE
290
1
  9
$INTERFERECOLOR
 62
256
  9
$CSHADOW
280
0
  9
$SHADOWPLANELOCATION
 40
0.0
  0
ENDSEC
  0
SECTION
  2
CLASSES
  0
CLASS
  1
ACDBDICTIONARYWDFLT
  2
AcDbDictionaryWithDefault
  3
ObjectDBX Classes
 90
0
 91
0
280
0
281
0
  0
CLASS
  1
SUN
  2
AcDbSun
  3
SCENEOE
 90
1153
 91
0
280
0
281
0
  0
CLASS
  1
VISUALSTYLE
  2
AcDbVisualStyle
  3
ObjectDBX Classes
 90
4095
 91
0
280
0
281
0
  0
CLASS
  1
MATERIAL
  2
AcDbMaterial
  3
ObjectDBX Classes
 90
1153
 91
0
280
0
281
0
  0
CLASS
  1
SCALE
  2
AcDbScale
  3
ObjectDBX Classes
 90
1153
 91
0
280
0
281
0
  0
CLASS
  1
TABLESTYLE
  2
AcDbTableStyle
  3
ObjectDBX Classes
 90
4095
 91
0
280
0
281
0
  0
CLASS
  1
MLEADERSTYLE
  2
AcDbMLeaderStyle
  3
ACDB_MLEADERSTYLE_CLASS
 90
4095
 91
0
280
0
281
0
  0
CLASS
  1
DICTIONARYVAR
  2
AcDbDictionaryVar
  3
ObjectDBX Classes
 90
0
 91
0
280
0
281
0
  0
CLASS
  1
CELLSTYLEMAP
  2
AcDbCellStyleMap
  3
ObjectDBX Classes
 90
1152
 91
0
280
0
281
0
  0
CLASS
  1
MENTALRAYRENDERSETTINGS
  2
AcDbMentalRayRenderSettings
  3
SCENEOE
 90
1024
 91
0
280
0
281
0
  0
CLASS
  1
ACDBDETAILVIEWSTYLE
  2
AcDbDetailViewStyle
  3
ObjectDBX Classes
 90
1025
 91
0
280
0
281
0
  0
CLASS
  1
ACDBSECTIONVIEWSTYLE
  2
AcDbSectionViewStyle
  3
ObjectDBX Classes
 90
1025
 91
0
280
0
281
0
  0
CLASS
  1
RASTERVARIABLES
  2
AcDbRasterVariables
  3
ISM
 90
0
 91
0
280
0
281
0
  0
CLASS
  1
ACDBPLACEHOLDER
  2
AcDbPlaceHolder
  3
ObjectDBX Classes
 90
0
 91
0
280
0
281
0
  0
CLASS
  1
LAYOUT
  2
AcDbLayout
  3
ObjectDBX Classes
 90
0
 91
0
280
0
281
0
  0
ENDSEC
  0
SECTION
  2
TABLES
  0
TABLE
  2
VPORT
  5
8
330
0
100
AcDbSymbolTable
 70
1
  0
VPORT
  5
23
330
8
100
AcDbSymbolTableRecord
100
AcDbViewportTableRecord
  2
*Active
 70
0
 10
0.0
 20
0.0
 11
1.0
 21
1.0
 12
0.0
 22
0.0
 13
0.0
 23
0.0
 14
0.5
 24
0.5
 15
0.5
 25
0.5
 16
0.0
 26
0.0
 36
1.0
 17
0.0
 27
0.0
 37
0.0
 40
1000.0
 41
1.34
 42
50.0
 43
0.0
 44
0.0
 50
0.0
 51
0.0
 71
0
 72
1000
 73
1
 74
3
 75
0
 76
0
 77
0
 78
0
281
0
 65
0
146
0.0
  0
ENDTAB
  0
TABLE
  2
LTYPE
  5
2
330
0
100
AcDbSymbolTable
 70
21
  0
LTYPE
  5
24
330
2
100
AcDbSymbolTableRecord
100
AcDbLinetypeTableRecord
  2
ByBlock
 70
0
  3

 72
65
 73
0
 40
0.0
  0
LTYPE
  5
25
330
2
100
AcDbSymbolTableRecord
100
AcDbLinetypeTableRecord
  2
ByLayer
 70
0
  3

 72
65
 73
0
 40
0.0
  0
LTYPE
  5
26
330
2
100
AcDbSymbolTableRecord
100
AcDbLinetypeTableRecord
  2
Continuous
 70
0
  3

 72
65
 73
0
 40
0.0
  0
LTYPE
  5
2F
330
2
100
AcDbSymbolTableRecord
100
AcDbLinetypeTableRecord
  2
CENTER
 70
0
  3
Center ____ _ ____ _ ____ _ ____ _ ____ _ ____
 72
65
 73
4
 40
5.08
 49
3.175
 74
0
 49
-0.635
 74
0
 49
0.635
 74
0
 49
-0.635
 74
0
  0
LTYPE
  5
30
330
2
100
AcDbSymbolTableRecord
100
AcDbLinetypeTableRecord
  2
CENTERX2
 70
0
  3
Center (2x) ________  __  ________  __  ________
 72
65
 73
4
 40
8.89
 49
6.35
 74
0
 49
-0.635
 74
0
 49
1.27
 74
0
 49
-0.635
 74
0
  0
LTYPE
  5
31
330
2
100
AcDbSymbolTableRecord
100
AcDbLinetypeTableRecord
  2
CENTER2
 70
0
  3
Center (.5x) ____ _ ____ _ ____ _ ____ _ ____
 72
65
 73
4
 40
2.54
 49
1.587
 74
0
 49
-0.318
 74
0
 49
0.318
 74
0
 49
-0.318
 74
0
  0
LTYPE
  5
32
330
2
100
AcDbSymbolTableRecord
100
AcDbLinetypeTableRecord
  2
DASHED
 70
0
  3
Dashed __ __ __ __ __ __ __ __ __ __ __ __ __ _
 72
65
 73
2
 40
1.524
 49
1.27
 74
0
 49
-0.254
 74
0
  0
LTYPE
  5
33
330
2
100
AcDbSymbolTableRecord
100
AcDbLinetypeTableRecord
  2
DASHEDX2
 70
0
  3
Dashed (2x) ____  ____  ____  ____  ____  ____
 72
65
 73
2
 40
3.048
 49
2.54
 74
0
 49
-0.508
 74
0
  0
LTYPE
  5
34
330
2
100
AcDbSymbolTableRecord
100
AcDbLinetypeTableRecord
  2
DASHED2
 70
0
  3
Dashed (.5x) _ _ _ _ _ _ _ _ _ _ _ _ _ _
 72
65
 73
2
 40
0.762
 49
0.635
 74
0
 49
-0.127
 74
0
  0
LTYPE
  5
35
330
2
100
AcDbSymbolTableRecord
100
AcDbLinetypeTableRecord
  2
PHANTOM
 70
0
  3
Phantom ______  __  __  ______  __  __  ______
 72
65
 73
6
 40
6.35
 49
3.175
 74
0
 49
-0.635
 74
0
 49
0.635
 74
0
 49
-0.635
 74
0
 49
0.635
 74
0
 49
-0.635
 74
0
  0
LTYPE
  5
36
330
2
100
AcDbSymbolTableRecord
100
AcDbLinetypeTableRecord
  2
PHANTOMX2
 70
0
  3
Phantom (2x)____________    ____    ____    ____________
 72
65
 73
6
 40
10.795
 49
6.35
 74
0
 49
-0.635
 74
0
 49
1.27
 74
0
 49
-0.635
 74
0
 49
1.27
 74
0
 49
-0.635
 74
0
  0
LTYPE
  5
37
330
2
100
AcDbSymbolTableRecord
100
AcDbLinetypeTableRecord
  2
PHANTOM2
 70
0
  3
Phantom (.5x) ___ _ _ ___ _ _ ___ _ _ ___ _ _ ___
 72
65
 73
6
 40
3.175
 49
1.587
 74
0
 49
-0.318
 74
0
 49
0.318
 74
0
 49
-0.318
 74
0
 49
0.318
 74
0
 49
-0.318
 74
0
  0
LTYPE
  5
38
330
2
100
AcDbSymbolTableRecord
100
AcDbLinetypeTableRecord
  2
DASHDOT
 70
0
  3
Dash dot __ . __ . __ . __ . __ . __ . __ . __
 72
65
 73
4
 40
3.556
 49
2.54
 74
0
 49
-0.508
 74
0
 49
0.0
 74
0
 49
-0.508
 74
0
  0
LTYPE
  5
39
330
2
100
AcDbSymbolTableRecord
100
AcDbLinetypeTableRecord
  2
DASHDOTX2
 70
0
  3
Dash dot (2x) ____  .  ____  .  ____  .  ____
 72
65
 73
4
 40
6.096
 49
5.08
 74
0
 49
-0.508
 74
0
 49
0.0
 74
0
 49
-0.508
 74
0
  0
LTYPE
  5
3A
330
2
100
AcDbSymbolTableRecord
100
AcDbLinetypeTableRecord
  2
DASHDOT2
 70
0
  3
Dash dot (.5x) _ . _ . _ . _ . _ . _ . _ . _
 72
65
 73
4
 40
1.778
 49
1.27
 74
0
 49
-0.254
 74
0
 49
0.0
 74
0
 49
-0.254
 74
0
  0
LTYPE
  5
3B
330
2
100
AcDbSymbolTableRecord
100
AcDbLinetypeTableRecord
  2
DOT
 70
0
  3
Dot .  .  .  .  .  .  .  .  .  .  .  .  .  .  .  .
 72
65
 73
2
 40
0.508
 49
0.0
 74
0
 49
-0.508
 74
0
  0
LTYPE
  5
3C
330
2
100
AcDbSymbolTableRecord
100
AcDbLinetypeTableRecord
  2
DOTX2
 70
0
  3
Dot (2x) .    .    .    .    .    .    .    . 
 72
65
 73
2
 40
1.016
 49
0.0
 74
0
 49
-1.016
 74
0
  0
LTYPE
  5
3D
330
2
100
AcDbSymbolTableRecord
100
AcDbLinetypeTableRecord
  2
DOT2
 70
0
  3
Dot (.5) . . . . . . . . . . . . . . . . . . . 
 72
65
 73
2
 40
0.254
 49
0.0
 74
0
 49
-0.254
 74
0
  0
LTYPE
  5
3E
330
2
100
AcDbSymbolTableRecord
100
AcDbLinetypeTableRecord
  2
DIVIDE
 70
0
  3
Divide __ . . __ . . __ . . __ . . __ . . __
 72
65
 73
6
 40
4.064
 49
2.54
 74
0
 49
-0.508
 74
0
 49
0.0
 74
0
 49
-0.508
 74
0
 49
0.0
 74
0
 49
-0.508
 74
0
  0
LTYPE
  5
3F
330
2
100
AcDbSymbolTableRecord
100
AcDbLinetypeTableRecord
  2
DIVIDEX2
 70
0
  3
Divide (2x) ____  . .  ____  . .  ____  . .  ____
 72
65
 73
6
 40
6.604
 49
5.08
 74
0
 49
-0.508
 74
0
 49
0.0
 74
0
 49
-0.508
 74
0
 49
0.0
 74
0
 49
-0.508
 74
0
  0
LTYPE
  5
40
330
2
100
AcDbSymbolTableRecord
100
AcDbLinetypeTableRecord
  2
DIVIDE2
 70
0
  3
Divide(.5x) _ . _ . _ . _ . _ . _ . _ . _
 72
65
 73
6
 40
2.032
 49
1.27
 74
0
 49
-0.254
 74
0
 49
0.0
 74
0
 49
-0.254
 74
0
 49
0.0
 74
0
 49
-0.254
 74
0
  0
ENDTAB
  0
TABLE
  2
LAYER
  5
1
330
0
100
AcDbSymbolTable
 70
9
  0
LAYER
  5
27
330
1
100
AcDbSymbolTableRecord
100
AcDbLayerTableRecord
  2
0
 70
0
 62
7
  6
Continuous
370
-3
390
13
347
21
  0
LAYER
  5
28
330
1
100
AcDbSymbolTableRecord
100
AcDbLayerTableRecord
  2
Defpoints
 70
0
 62
7
  6
Continuous
290
0
370
-3
390
13
347
21
  0
LAYER
  5
8B
330
1
100
AcDbSymbolTableRecord
100
AcDbLayerTableRecord
  2
OUTLINE
 70
0
 62
7
  6
CONTINUOUS
370
-3
390
13
347
21
  0
LAYER
  5
8C
330
1
100
AcDbSymbolTableRecord
100
AcDbLayerTableRecord
  2
HOLES
 70
0
 62
1
  6
CONTINUOUS
370
-3
390
13
347
21
  0
LAYER
  5
8D
330
1
100
AcDbSymbolTableRecord
100
AcDbLayerTableRecord
  2
PARTS
 70
0
 62
8
  6
CONTINUOUS
370
-3
390
13
347
21
  0
LAYER
  5
8E
330
1
100
AcDbSymbolTableRecord
100
AcDbLayerTableRecord
  2
CENTER
 70
0
 62
3
  6
DASHDOT
370
-3
390
13
347
21
  0
LAYER
  5
8F
330
1
100
AcDbSymbolTableRecord
100
AcDbLayerTableRecord
  2
DIM
 70
0
 62
4
  6
CONTINUOUS
370
-3
390
13
347
21
  0
LAYER
  5
90
330
1
100
AcDbSymbolTableRecord
100
AcDbLayerTableRecord
  2
TEXT
 70
0
 62
7
  6
CONTINUOUS
370
-3
390
13
347
21
  0
LAYER
  5
91
330
1
100
AcDbSymbolTableRecord
100
AcDbLayerTableRecord
  2
SHEET
 70
0
 62
7
  6
CONTINUOUS
370
-3
390
13
347
21
  0
ENDTAB
  0
TABLE
  2
STYLE
  5
5
330
0
100
AcDbSymbolTable
 70
27
  0
STYLE
  5
29
330
5
100
AcDbSymbolTableRecord
100
AcDbTextStyleTableRecord
  2
Standard
 70
0
 40
0.0
 41
1.0
 50
0.0
 71
0
 42
2.5
  3
txt
  4

  0
STYLE
  5
41
330
5
100
AcDbSymbolTableRecord
100
AcDbTextStyleTableRecord
  2
OpenSans-Light
 70
0
 40
0.0
 41
1.0
 50
0.0
 71
0
 42
2.5
  3
OpenSans-Light.ttf
  4

  0
STYLE
  5
42
330
5
100
AcDbSymbolTableRecord
100
AcDbTextStyleTableRecord
  2
OpenSans-Light-Italic
 70
0
 40
0.0
 41
1.0
 50
0.0
 71
0
 42
2.5
  3
OpenSans-LightItalic.ttf
  4

  0
STYLE
  5
43
330
5
100
AcDbSymbolTableRecord
100
AcDbTextStyleTableRecord
  2
OpenSans
 70
0
 40
0.0
 41
1.0
 50
0.0
 71
0
 42
2.5
  3
OpenSans-Regular.ttf
  4

  0
STYLE
  5
44
330
5
100
AcDbSymbolTableRecord
100
AcDbTextStyleTableRecord
  2
OpenSans-Italic
 70
0
 40
0.0
 41
1.0
 50
0.0
 71
0
 42
2.5
  3
OpenSans-Italic.ttf
  4

  0
STYLE
  5
45
330
5
100
AcDbSymbolTableRecord
100
AcDbTextStyleTableRecord
  2
OpenSans-SemiBold
 70
0
 40
0.0
 41
1.0
 50
0.0
 71
0
 42
2.5
  3
OpenSans-SemiBold.ttf
  4

  0
STYLE
  5
46
330
5
100
AcDbSymbolTableRecord
100
AcDbTextStyleTableRecord
  2
OpenSans-SemiBoldItalic
 70
0
 40
0.0
 41
1.0
 50
0.0
 71
0
 42
2.5
  3
OpenSans-SemiBoldItalic.ttf
  4

  0
STYLE
  5
47
330
5
100
AcDbSymbolTableRecord
100
AcDbTextStyleTableRecord
  2
OpenSans-Bold
 70
0
 40
0.0
 41
1.0
 50
0.0
 71
0
 42
2.5
  3
OpenSans-Bold.ttf
  4

  0
STYLE
  5
48
330
5
100
AcDbSymbolTableRecord
100
AcDbTextStyleTableRecord
  2
OpenSans-BoldItalic
 70
0
 40
0.0
 41
1.0
 50
0.0
 71
0
 42
2.5
  3
OpenSans-BoldItalic.ttf
  4

  0
STYLE
  5
49
330
5
100
AcDbSymbolTableRecord
100
AcDbTextStyleTableRecord
  2
OpenSans-ExtraBold
 70
0
 40
0.0
 41
1.0
 50
0.0
 71
0
 42
2.5
  3
OpenSans-ExtraBold.ttf
  4

  0
STYLE
  5
4A
330
5
100
AcDbSymbolTableRecord
100
AcDbTextStyleTableRecord
  2
OpenSans-ExtraBoldItalic
 70
0
 40
0.0
 41
1.0
 50
0.0
 71
0
 42
2.5
  3
OpenSans-ExtraBoldItalic.ttf
  4

  0
STYLE
  5
4B
330
5
100
AcDbSymbolTableRecord
100
AcDbTextStyleTableRecord
  2
OpenSansCondensed-Bold
 70
0
 40
0.0
 41
1.0
 50
0.0
 71
0
 42
2.5
  3
OpenSansCondensed-Bold.ttf
  4

  0
STYLE
  5
4C
330
5
100
AcDbSymbolTableRecord
100
AcDbTextStyleTableRecord
  2
OpenSansCondensed-Light
 70
0
 40
0.0
 41
1.0
 50
0.0
 71
0
 42
2.5
  3
OpenSansCondensed-Light.ttf
  4

  0
STYLE
  5
4D
330
5
100
AcDbSymbolTableRecord
100
AcDbTextStyleTableRecord
  2
OpenSansCondensed-Italic
 70
0
 40
0.0
 41
1.0
 50
0.0
 71
0
 42
2.5
  3
OpenSansCondensed-LightItalic.ttf
  4

  0
STYLE
  5
4E
330
5
100
AcDbSymbolTableRecord
100
AcDbTextStyleTableRecord
  2
LiberationSans
 70
0
 40
0.0
 41
1.0
 50
0.0
 71
0
 42
2.5
  3
LiberationSans-Regular.ttf
  4

  0
STYLE
  5
4F
330
5
100
AcDbSymbolTableRecord
100
AcDbTextStyleTableRecord
  2
LiberationSans-Bold
 70
0
 40
0.0
 41
1.0
 50
0.0
 71
0
 42
2.5
  3
LiberationSans-Bold.ttf
  4

  0
STYLE
  5
50
330
5
100
AcDbSymbolTableRecord
100
AcDbTextStyleTableRecord
  2
LiberationSans-BoldItalic
 70
0
 40
0.0
 41
1.0
 50
0.0
 71
0
 42
2.5
  3
LiberationSans-BoldItalic.ttf
  4

  0
STYLE
  5
51
330
5
100
AcDbSymbolTableRecord
100
AcDbTextStyleTableRecord
  2
LiberationSans-Italic
 70
0
 40
0.0
 41
1.0
 50
0.0
 71
0
 42
2.5
  3
LiberationSans-Italic.ttf
  4

  0
STYLE
  5
52
330
5
100
AcDbSymbolTableRecord
100
AcDbTextStyleTableRecord
  2
LiberationSerif
 70
0
 40
0.0
 41
1.0
 50
0.0
 71
0
 42
2.5
  3
LiberationSerif-Regular.ttf
  4

  0
STYLE
  5
53
330
5
100
AcDbSymbolTableRecord
100
AcDbTextStyleTableRecord
  2
LiberationSerif-Bold
 70
0
 40
0.0
 41
1.0
 50
0.0
 71
0
 42
2.5
  3
LiberationSerif-Bold.ttf
  4

  0
STYLE
  5
54
330
5
100
AcDbSymbolTableRecord
100
AcDbTextStyleTableRecord
  2
LiberationSerif-BoldItalic
 70
0
 40
0.0
 41
1.0
 50
0.0
 71
0
 42
2.5
  3
LiberationSerif-BoldItalic.ttf
  4

  0
STYLE
  5
55
330
5
100
AcDbSymbolTableRecord
100
AcDbTextStyleTableRecord
  2
LiberationSerif-Italic
 70
0
 40
0.0
 41
1.0
 50
0.0
 71
0
 42
2.5
  3
LiberationSerif-Italic.ttf
  4

  0
STYLE
  5
56
330
5
100
AcDbSymbolTableRecord
100
AcDbTextStyleTableRecord
  2
LiberationMono
 70
0
 40
0.0
 41
1.0
 50
0.0
 71
0
 42
2.5
  3
LiberationMono-Regular.ttf
  4

  0
STYLE
  5
57
330
5
100
AcDbSymbolTableRecord
100
AcDbTextStyleTableRecord
  2
LiberationMono-Bold
 70
0
 40
0.0
 41
1.0
 50
0.0
 71
0
 42
2.5
  3
LiberationMono-Bold.ttf
  4

  0
STYLE
  5
58
330
5
100
AcDbSymbolTableRecord
100
AcDbTextStyleTableRecord
  2
LiberationMono-BoldItalic
 70
0
 40
0.0
 41
1.0
 50
0.0
 71
0
 42
2.5
  3
LiberationMono-BoldItalic.ttf
  4

  0
STYLE
  5
59
330
5
100
AcDbSymbolTableRecord
100
AcDbTextStyleTableRecord
  2
LiberationMono-Italic
 70
0
 40
0.0
 41
1.0
 50
0.0
 71
0
 42
2.5
  3
LiberationMono-Italic.ttf
  4

  0
STYLE
  5
8A
330
5
100
AcDbSymbolTableRecord
100
AcDbTextStyleTableRecord
  2
CJK
 70
0
 40
0.0
 41
1.0
 50
0.0
 71
0
 42
2.5
  3
arial.ttf
  4

  0
ENDTAB
  0
TABLE
  2
VIEW
  5
7
330
0
100
AcDbSymbolTable
 70
0
  0
ENDTAB
  0
TABLE
  2
UCS
  5
6
330
0
100
AcDbSymbolTable
 70
0
  0
ENDTAB
  0
TABLE
  2
APPID
  5
3
330
0
100
AcDbSymbolTable
 70
3
  0
APPID
  5
2A
330
3
100
AcDbSymbolTableRecord
100
AcDbRegAppTableRecord
  2
ACAD
 70
0
  0
APPID
  5
E00
330
3
100
AcDbSymbolTableRecord
100
AcDbRegAppTableRecord
  2
HATCHBACKGROUNDCOLOR
 70
0
  0
APPID
  5
E01
330
3
100
AcDbSymbolTableRecord
100
AcDbRegAppTableRecord
  2
EZDXF
 70
0
  0
ENDTAB
  0
TABLE
  2
DIMSTYLE
  5
4
330
0
100
AcDbSymbolTable
 70
13
100
AcDbDimStyleTable
  0
DIMSTYLE
105
2B
330
4
100
AcDbSymbolTableRecord
100
AcDbDimStyleTableRecord
  2
Standard
 70
0
 40
1.0
 41
2.5
 42
0.625
 43
3.75
 44
1.25
 45
0.0
 46
0.0
 47
0.0
 48
0.0
 49
2.5
140
2.5
141
2.5
142
0.0
143
0.03937007874
144
1.0
145
0.0
146
1.0
147
0.625
148
0.0
 69
0
 70
0
 71
0
 72
0
 73
0
 74
0
 75
0
 76
0
 77
1
 78
8
 79
3
170
0
171
3
172
1
173
0
174
0
175
0
176
0
177
0
178
0
179
2
271
2
272
2
273
2
274
3
275
0
276
0
277
2
278
44
279
0
280
0
281
0
282
0
283
0
284
8
285
0
286
0
288
0
289
3
290
0
371
-2
372
-2
  0
DIMSTYLE
105
73
330
4
100
AcDbSymbolTableRecord
100
AcDbDimStyleTableRecord
  2
EZDXF
 70
0
 40
1.0
 41
0.175
 42
0.125
 43
3.75
 44
0.375
 45
0.0
 46
0.0
 47
0.0
 48
0.0
 49
2.5
140
0.25
141
2.5
142
0.0
143
0.03937007874
144
100.0
145
0.0
146
0.5
147
0.1
148
0.0
 69
0
 70
0
 71
0
 72
0
 73
0
 74
0
 75
0
 76
0
 77
1
 78
12
 79
3
170
0
171
3
172
1
173
0
174
0
175
0
176
0
177
0
178
0
179
2
271
2
272
2
273
2
274
3
275
0
276
0
277
2
278
46
279
2
280
0
281
0
282
0
283
0
284
8
285
0
286
0
288
1
289
3
290
0
340
4C
342
74
371
-2
372
-2
  0
DIMSTYLE
105
7C
330
4
100
AcDbSymbolTableRecord
100
AcDbDimStyleTableRecord
  2
EZ_M_100_H25_CM
 70
0
 40
1.0
 41
0.25
 42
0.125
 43
3.75
 44
0.375
 45
0.0
 46
0.0
 47
0.0
 48
0.0
 49
2.5
140
0.25
141
2.5
142
0.125
143
0.03937007874
144
100.0
145
0.0
146
0.5
147
0.1
148
0.0
 69
0
 70
0
 71
0
 72
0
 73
0
 74
0
 75
0
 76
0
 77
1
 78
12
 79
3
170
0
171
3
172
1
173
0
174
0
175
0
176
0
177
0
178
0
179
2
271
2
272
2
273
2
274
3
275
0
276
0
277
2
278
46
279
2
280
0
281
0
282
0
283
0
284
8
285
0
286
0
288
1
289
3
290
0
340
4C
371
-2
372
-2
  0
DIMSTYLE
105
7D
330
4
100
AcDbSymbolTableRecord
100
AcDbDimStyleTableRecord
  2
EZ_M_50_H25_CM
 70
0
 40
1.0
 41
0.125
 42
0.0625
 43
3.75
 44
0.1875
 45
0.0
 46
0.0
 47
0.0
 48
0.0
 49
2.5
140
0.125
141
2.5
142
0.0625
143
0.03937007874
144
100.0
145
0.0
146
0.5
147
0.05
148
0.0
 69
0
 70
0
 71
0
 72
0
 73
0
 74
0
 75
0
 76
0
 77
1
 78
12
 79
3
170
0
171
3
172
1
173
0
174
0
175
0
176
0
177
0
178
0
179
2
271
2
272
2
273
2
274
3
275
0
276
0
277
2
278
46
279
2
280
0
281
0
282
0
283
0
284
8
285
0
286
0
288
1
289
3
290
0
340
4C
371
-2
372
-2
  0
DIMSTYLE
105
7E
330
4
100
AcDbSymbolTableRecord
100
AcDbDimStyleTableRecord
  2
EZ_M_25_H25_CM
 70
0
 40
1.0
 41
0.0625
 42
0.03125
 43
3.75
 44
0.09375
 45
0.0
 46
0.0
 47
0.0
 48
0.0
 49
2.5
140
0.0625
141
2.5
142
0.03125
143
0.03937007874
144
100.0
145
0.0
146
0.5
147
0.025
148
0.0
 69
0
 70
0
 71
0
 72
0
 73
0
 74
0
 75
0
 76
0
 77
1
 78
12
 79
3
170
0
171
3
172
1
173
0
174
0
175
0
176
0
177
0
178
0
179
2
271
2
272
2
273
2
274
3
275
0
276
0
277
2
278
46
279
2
280
0
281
0
282
0
283
0
284
8
285
0
286
0
288
1
289
3
290
0
340
4C
371
-2
372
-2
  0
DIMSTYLE
105
7F
330
4
100
AcDbSymbolTableRecord
100
AcDbDimStyleTableRecord
  2
EZ_M_20_H25_CM
 70
0
 40
1.0
 41
0.05
 42
0.025
 43
3.75
 44
0.07500000000000001
 45
0.0
 46
0.0
 47
0.0
 48
0.0
 49
2.5
140
0.05
141
2.5
142
0.025
143
0.03937007874
144
100.0
145
0.0
146
0.5
147
0.020000000000000004
148
0.0
 69
0
 70
0
 71
0
 72
0
 73
0
 74
0
 75
0
 76
0
 77
1
 78
12
 79
3
170
0
171
3
172
1
173
0
174
0
175
0
176
0
177
0
178
0
179
2
271
2
272
2
273
2
274
3
275
0
276
0
277
2
278
46
279
2
280
0
281
0
282
0
283
0
284
8
285
0
286
0
288
1
289
3
290
0
340
4C
371
-2
372
-2
  0
DIMSTYLE
105
80
330
4
100
AcDbSymbolTableRecord
100
AcDbDimStyleTableRecord
  2
EZ_M_10_H25_CM
 70
0
 40
1.0
 41
0.025
 42
0.0125
 43
3.75
 44
0.037500000000000006
 45
0.0
 46
0.0
 47
0.0
 48
0.0
 49
2.5
140
0.025
141
2.5
142
0.0125
143
0.03937007874
144
100.0
145
0.0
146
0.5
147
0.010000000000000002
148
0.0
 69
0
 70
0
 71
0
 72
0
 73
0
 74
0
 75
0
 76
0
 77
1
 78
12
 79
3
170
0
171
3
172
1
173
0
174
0
175
0
176
0
177
0
178
0
179
2
271
2
272
2
273
2
274
3
275
0
276
0
277
2
278
46
279
2
280
0
281
0
282
0
283
0
284
8
285
0
286
0
288
1
289
3
290
0
340
4C
371
-2
372
-2
  0
DIMSTYLE
105
81
330
4
100
AcDbSymbolTableRecord
100
AcDbDimStyleTableRecord
  2
EZ_M_5_H25_CM
 70
0
 40
1.0
 41
0.0125
 42
0.00625
 43
3.75
 44
0.018750000000000003
 45
0.0
 46
0.0
 47
0.0
 48
0.0
 49
2.5
140
0.0125
141
2.5
142
0.00625
143
0.03937007874
144
100.0
145
0.0
146
0.5
147
0.005000000000000001
148
0.0
 69
0
 70
0
 71
0
 72
0
 73
0
 74
0
 75
0
 76
0
 77
1
 78
12
 79
3
170
0
171
3
172
1
173
0
174
0
175
0
176
0
177
0
178
0
179
2
271
2
272
2
273
2
274
3
275
0
276
0
277
2
278
46
279
2
280
0
281
0
282
0
283
0
284
8
285
0
286
0
288
1
289
3
290
0
340
4C
371
-2
372
-2
  0
DIMSTYLE
105
82
330
4
100
AcDbSymbolTableRecord
100
AcDbDimStyleTableRecord
  2
EZ_M_1_H25_CM
 70
0
 40
1.0
 41
0.0025
 42
0.00125
 43
3.75
 44
0.00375
 45
0.0
 46
0.0
 47
0.0
 48
0.0
 49
2.5
140
0.0025
141
2.5
142
0.00125
143
0.03937007874
144
100.0
145
0.0
146
0.5
147
0.001
148
0.0
 69
0
 70
0
 71
0
 72
0
 73
0
 74
0
 75
0
 76
0
 77
1
 78
12
 79
3
170
0
171
3
172
1
173
0
174
0
175
0
176
0
177
0
178
0
179
2
271
2
272
2
273
2
274
3
275
0
276
0
277
2
278
46
279
2
280
0
281
0
282
0
283
0
284
8
285
0
286
0
288
1
289
3
290
0
340
4C
371
-2
372
-2
  0
DIMSTYLE
105
83
330
4
100
AcDbSymbolTableRecord
100
AcDbDimStyleTableRecord
  2
EZ_RADIUS
 70
0
 40
1.0
 41
0.25
 42
0.125
 43
3.75
 44
0.375
 45
0.0
 46
0.0
 47
0.0
 48
0.0
 49
2.5
140
0.25
141
0.0
142
0.0
143
0.03937007874
144
100.0
145
0.0
146
0.5
147
0.1
148
0.0
 69
0
 70
0
 71
0
 72
0
 73
0
 74
0
 75
0
 76
0
 77
1
 78
12
 79
3
170
0
171
3
172
0
173
0
174
0
175
0
176
0
177
0
178
0
179
2
271
2
272
2
273
2
274
3
275
0
276
0
277
2
278
46
279
1
280
0
281
0
282
0
283
0
284
8
285
0
286
0
288
1
289
3
290
0
340
4C
342
84
371
-2
372
-2
  0
DIMSTYLE
105
88
330
4
100
AcDbSymbolTableRecord
100
AcDbDimStyleTableRecord
  2
EZ_RADIUS_INSIDE
 70
0
 40
1.0
 41
0.25
 42
0.125
 43
3.75
 44
0.375
 45
0.0
 46
0.0
 47
0.0
 48
0.0
 49
2.5
140
0.25
141
0.0
142
0.0
143
0.03937007874
144
100.0
145
0.0
146
0.5
147
0.1
148
0.0
 69
0
 70
0
 71
0
 72
0
 73
0
 74
0
 75
0
 76
0
 77
0
 78
12
 79
3
170
0
171
3
172
0
173
0
174
1
175
0
176
0
177
0
178
0
179
2
271
2
272
2
273
2
274
3
275
0
276
0
277
2
278
46
279
0
280
0
281
0
282
0
283
0
284
8
285
0
286
0
288
1
289
0
290
0
340
4C
342
84
371
-2
372
-2
  0
DIMSTYLE
105
89
330
4
100
AcDbSymbolTableRecord
100
AcDbDimStyleTableRecord
  2
EZ_CURVED
 70
0
 40
1.0
 41
0.25
 42
0.125
 43
3.75
 44
0.375
 45
0.0
 46
0.0
 47
0.0
 48
0.0
 49
2.5
140
0.25
141
2.5
142
0.0
143
0.03937007874
144
100.0
145
0.0
146
0.5
147
0.1
148
0.0
 69
0
 70
0
 71
0
 72
0
 73
0
 74
0
 75
0
 76
0
 77
1
 78
12
 79
2
 90
2
170
0
171
3
172
1
173
0
174
0
175
0
176
0
177
0
178
0
179
2
271
2
272
2
273
2
274
3
275
0
276
0
277
2
278
46
279
2
280
0
281
0
282
0
283
0
284
8
285
0
286
0
288
1
289
3
290
0
340
4C
371
-2
372
-2
  0
DIMSTYLE
105
92
330
4
100
AcDbSymbolTableRecord
100
AcDbDimStyleTableRecord
  2
PCB2
 70
0
 40
1.0
 41
0.625
 42
0.25
 43
3.75
 44
0.375
 45
0.0
 46
0.0
 47
0.0
 48
0.0
 49
2.5
140
0.625
141
2.5
142
0.0
143
0.03937007874
144
1.0
145
0.0
146
1.0
147
0.15
148
0.0
 69
0
 70
0
 71
0
 72
0
 73
0
 74
0
 75
0
 76
0
 77
1
 78
0
 79
3
170
0
171
3
172
1
173
0
174
0
175
0
176
4
177
4
178
4
179
2
271
2
272
2
273
2
274
3
275
0
276
0
277
2
278
44
279
0
280
0
281
0
282
0
283
0
284
8
285
0
286
0
288
0
289
3
290
0
340
8A
371
-2
372
-2
  0
ENDTAB
  0
TABLE
  2
BLOCK_RECORD
  5
9
330
0
100
AcDbSymbolTable
 70
26
  0
BLOCK_RECORD
  5
17
330
9
100
AcDbSymbolTableRecord
100
AcDbBlockTableRecord
  2
*Model_Space
340
1A
 70
0
280
1
281
0
  0
BLOCK_RECORD
  5
1B
330
9
100
AcDbSymbolTableRecord
100
AcDbBlockTableRecord
  2
*Paper_Space
340
1E
 70
0
280
1
281
0
  0
BLOCK_RECORD
  5
74
330
9
100
AcDbSymbolTableRecord
100
AcDbBlockTableRecord
  2
_ARCHTICK
340
0
 70
0
280
1
281
0
  0
BLOCK_RECORD
  5
78
330
9
100
AcDbSymbolTableRecord
100
AcDbBlockTableRecord
  2
_CLOSEDFILLED
340
0
 70
0
280
1
281
0
  0
BLOCK_RECORD
  5
84
330
9
100
AcDbSymbolTableRecord
100
AcDbBlockTableRecord
  2
_CLOSEDBLANK
340
0
 70
0
280
1
281
0
  0
BLOCK_RECORD
  5
8A7
330
9
100
AcDbSymbolTableRecord
100
AcDbBlockTableRecord
  2
*D1
340
0
 70
0
280
1
281
0
  0
BLOCK_RECORD
  5
8B6
330
9
100
AcDbSymbolTableRecord
100
AcDbBlockTableRecord
  2
*D2
340
0
 70
0
280
1
281
0
  0
BLOCK_RECORD
  5
8C5
330
9
100
AcDbSymbolTableRecord
100
AcDbBlockTableRecord
  2
*D3
340
0
 70
0
280
1
281
0
  0
BLOCK_RECORD
  5
8D4
330
9
100
AcDbSymbolTableRecord
100
AcDbBlockTableRecord
  2
*D4
340
0
 70
0
280
1
281
0
  0
BLOCK_RECORD
  5
8E3
330
9
100
AcDbSymbolTableRecord
100
AcDbBlockTableRecord
  2
*D5
340
0
 70
0
280
1
281
0
  0
BLOCK_RECORD
  5
8F2
330
9
100
AcDbSymbolTableRecord
100
AcDbBlockTableRecord
  2
*D6
340
0
 70
0
280
1
281
0
  0
BLOCK_RECORD
  5
901
330
9
100
AcDbSymbolTableRecord
100
AcDbBlockTableRecord
  2
*D7
340
0
 70
0
280
1
281
0
  0
BLOCK_RECORD
  5
910
330
9
100
AcDbSymbolTableRecord
100
AcDbBlockTableRecord
  2
*D8
340
0
 70
0
280
1
281
0
  0
BLOCK_RECORD
  5
920
330
9
100
AcDbSymbolTableRecord
100
AcDbBlockTableRecord
  2
*D9
340
0
 70
0
280
1
281
0
  0
BLOCK_RECORD
  5
92F
330
9
100
AcDbSymbolTableRecord
100
AcDbBlockTableRecord
  2
*D10
340
0
 70
0
280
1
281
0
  0
BLOCK_RECORD
  5
93E
330
9
100
AcDbSymbolTableRecord
100
AcDbBlockTableRecord
  2
*D11
340
0
 70
0
280
1
281
0
  0
BLOCK_RECORD
  5
94D
330
9
100
AcDbSymbolTableRecord
100
AcDbBlockTableRecord
  2
*D12
340
0
 70
0
280
1
281
0
  0
BLOCK_RECORD
  5
95E
330
9
100
AcDbSymbolTableRecord
100
AcDbBlockTableRecord
  2
*D13
340
0
 70
0
280
1
281
0
  0
BLOCK_RECORD
  5
96D
330
9
100
AcDbSymbolTableRecord
100
AcDbBlockTableRecord
  2
*D14
340
0
 70
0
280
1
281
0
  0
BLOCK_RECORD
  5
97E
330
9
100
AcDbSymbolTableRecord
100
AcDbBlockTableRecord
  2
*D15
340
0
 70
0
280
1
281
0
  0
BLOCK_RECORD
  5
98D
330
9
100
AcDbSymbolTableRecord
100
AcDbBlockTableRecord
  2
*D16
340
0
 70
0
280
1
281
0
  0
BLOCK_RECORD
  5
C53
330
9
100
AcDbSymbolTableRecord
100
AcDbBlockTableRecord
  2
*D17
340
0
 70
0
280
1
281
0
  0
BLOCK_RECORD
  5
C62
330
9
100
AcDbSymbolTableRecord
100
AcDbBlockTableRecord
  2
*D18
340
0
 70
0
280
1
281
0
  0
BLOCK_RECORD
  5
C71
330
9
100
AcDbSymbolTableRecord
100
AcDbBlockTableRecord
  2
*D19
340
0
 70
0
280
1
281
0
  0
BLOCK_RECORD
  5
D73
330
9
100
AcDbSymbolTableRecord
100
AcDbBlockTableRecord
  2
*D20
340
0
 70
0
280
1
281
0
  0
BLOCK_RECORD
  5
D82
330
9
100
AcDbSymbolTableRecord
100
AcDbBlockTableRecord
  2
*D21
340
0
 70
0
280
1
281
0
  0
ENDTAB
  0
ENDSEC
  0
SECTION
  2
BLOCKS
  0
BLOCK
  5
18
330
17
100
AcDbEntity
  8
0
100
AcDbBlockBegin
  2
*Model_Space
 70
0
 10
0.0
 20
0.0
 30
0.0
  3
*Model_Space
  1

  0
ENDBLK
  5
19
330
17
100
AcDbEntity
  8
0
100
AcDbBlockEnd
  0
BLOCK
  5
1C
330
1B
100
AcDbEntity
  8
0
100
AcDbBlockBegin
  2
*Paper_Space
 70
0
 10
0.0
 20
0.0
 30
0.0
  3
*Paper_Space
  1

  0
ENDBLK
  5
1D
330
1B
100
AcDbEntity
  8
0
100
AcDbBlockEnd
  0
BLOCK
  5
75
330
74
100
AcDbEntity
  8
0
100
AcDbBlockBegin
  2
_ARCHTICK
 70
0
 10
0.0
 20
0.0
 30
0.0
  3
_ARCHTICK
  1

  0
LWPOLYLINE
  5
77
330
74
100
AcDbEntity
  8
0
  6
BYBLOCK
 62
0
100
AcDbPolyline
 90
2
 70
0
 43
0.15
 10
-0.5
 20
-0.5
 10
0.5
 20
0.5
  0
ENDBLK
  5
76
330
74
100
AcDbEntity
  8
0
100
AcDbBlockEnd
  0
BLOCK
  5
79
330
78
100
AcDbEntity
  8
0
100
AcDbBlockBegin
  2
_CLOSEDFILLED
 70
0
 10
0.0
 20
0.0
 30
0.0
  3
_CLOSEDFILLED
  1

  0
SOLID
  5
7B
330
78
100
AcDbEntity
  8
0
  6
BYBLOCK
 62
0
100
AcDbTrace
 10
-1.0
 20
0.16439898372402537
 30
0.0
 11
0.0
 21
0.0
 31
0.0
 12
-1.0
 22
-0.16439898372402537
 32
0.0
 13
-1.0
 23
-0.16439898372402537
 33
0.0
  0
ENDBLK
  5
7A
330
78
100
AcDbEntity
  8
0
100
AcDbBlockEnd
  0
BLOCK
  5
85
330
84
100
AcDbEntity
  8
0
100
AcDbBlockBegin
  2
_CLOSEDBLANK
 70
0
 10
0.0
 20
0.0
 30
0.0
  3
_CLOSEDBLANK
  1

  0
LWPOLYLINE
  5
87
330
84
100
AcDbEntity
  8
0
  6
BYBLOCK
 62
0
100
AcDbPolyline
 90
3
 70
1
 10
-1.0
 20
0.16439898372402537
 10
0.0
 20
0.0
 10
-1.0
 20
-0.16439898372402537
  0
ENDBLK
  5
86
330
84
100
AcDbEntity
  8
0
100
AcDbBlockEnd
  0
BLOCK
  5
8A8
330
8A7
100
AcDbEntity
  8
0
100
AcDbBlockBegin
  2
*D1
 70
1
 10
0.0
 20
0.0
 30
0.0
  3
*D1
  1

  0
LINE
  5
8AA
330
8A7
100
AcDbEntity
  8
0
 62
4
100
AcDbLine
 10
15.5
 20
26.0
 30
0.0
 11
15.5
 21
18.375
 31
0.0
  0
LINE
  5
8AB
330
8A7
100
AcDbEntity
  8
0
 62
4
100
AcDbLine
 10
36.0
 20
26.0
 30
0.0
 11
36.0
 21
18.375
 31
0.0
  0
INSERT
  5
8AC
330
8A7
100
AcDbEntity
  8
DIM
 62
4
100
AcDbBlockReference
  2
_CLOSEDFILLED
 10
15.5
 20
18.75
 30
0.0
 41
0.625
 42
0.625
 50
180.0
  0
INSERT
  5
8AE
330
8A7
100
AcDbEntity
  8
DIM
 62
4
100
AcDbBlockReference
  2
_CLOSEDFILLED
 10
36.0
 20
18.75
 30
0.0
 41
0.625
 42
0.625
  0
LINE
  5
8B0
330
8A7
100
AcDbEntity
  8
0
 62
4
100
AcDbLine
 10
16.125
 20
18.75
 30
0.0
 11
35.375
 21
18.75
 31
0.0
  0
MTEXT
  5
8B1
330
8A7
100
AcDbEntity
  8
DIM
 62
4
100
AcDbMText
 10
25.75
 20
19.2125
 30
0.0
 40
0.625
 71
5
  1
20,50
  7
CJK
  0
POINT
  5
8B2
330
8A7
100
AcDbEntity
  8
Defpoints
100
AcDbPoint
 10
15.5
 20
18.75
 30
0.0
  0
POINT
  5
8B3
330
8A7
100
AcDbEntity
  8
Defpoints
100
AcDbPoint
 10
15.5
 20
26.25
 30
0.0
  0
POINT
  5
8B4
330
8A7
100
AcDbEntity
  8
Defpoints
100
AcDbPoint
 10
36.0
 20
26.25
 30
0.0
  0
ENDBLK
  5
8A9
330
8A7
100
AcDbEntity
  8
0
100
AcDbBlockEnd
  0
BLOCK
  5
8B7
330
8B6
100
AcDbEntity
  8
0
100
AcDbBlockBegin
  2
*D2
 70
1
 10
0.0
 20
0.0
 30
0.0
  3
*D2
  1

  0
LINE
  5
8B9
330
8B6
100
AcDbEntity
  8
0
 62
4
100
AcDbLine
 10
15.25
 20
26.25
 30
0.0
 11
9.625
 21
26.25
 31
0.0
  0
LINE
  5
8BA
330
8B6
100
AcDbEntity
  8
0
 62
4
100
AcDbLine
 10
15.25
 20
50.25
 30
0.0
 11
9.625
 21
50.25
 31
0.0
  0
INSERT
  5
8BB
330
8B6
100
AcDbEntity
  8
DIM
 62
4
100
AcDbBlockReference
  2
_CLOSEDFILLED
 10
10.0
 20
26.25
 30
0.0
 41
0.625
 42
0.625
 50
270.0
  0
INSERT
  5
8BD
330
8B6
100
AcDbEntity
  8
DIM
 62
4
100
AcDbBlockReference
  2
_CLOSEDFILLED
 10
10.0
 20
50.25
 30
0.0
 41
0.625
 42
0.625
 50
90.0
  0
LINE
  5
8BF
330
8B6
100
AcDbEntity
  8
0
 62
4
100
AcDbLine
 10
10.0
 20
26.875
 30
0.0
 11
10.0
 21
49.625
 31
0.0
  0
MTEXT
  5
8C0
330
8B6
100
AcDbEntity
  8
DIM
 62
4
100
AcDbMText
 10
9.5375
 20
38.25
 30
0.0
 40
0.625
 71
5
  1
24,00
  7
CJK
 50
90.0
  0
POINT
  5
8C1
330
8B6
100
AcDbEntity
  8
Defpoints
100
AcDbPoint
 10
10.0
 20
26.25
 30
0.0
  0
POINT
  5
8C2
330
8B6
100
AcDbEntity
  8
Defpoints
100
AcDbPoint
 10
15.5
 20
26.25
 30
0.0
  0
POINT
  5
8C3
330
8B6
100
AcDbEntity
  8
Defpoints
100
AcDbPoint
 10
15.5
 20
50.25
 30
0.0
  0
ENDBLK
  5
8B8
330
8B6
100
AcDbEntity
  8
0
100
AcDbBlockEnd
  0
BLOCK
  5
8C6
330
8C5
100
AcDbEntity
  8
0
100
AcDbBlockBegin
  2
*D3
 70
1
 10
0.0
 20
0.0
 30
0.0
  3
*D3
  1

  0
LINE
  5
8C8
330
8C5
100
AcDbEntity
  8
0
 62
4
100
AcDbLine
 10
15.5
 20
26.0
 30
0.0
 11
15.5
 21
23.375
 31
0.0
  0
LINE
  5
8C9
330
8C5
100
AcDbEntity
  8
0
 62
4
100
AcDbLine
 10
17.246
 20
35.775999999999996
 30
0.0
 11
17.246
 21
23.375
 31
0.0
  0
INSERT
  5
8CA
330
8C5
100
AcDbEntity
  8
DIM
 62
4
100
AcDbBlockReference
  2
_CLOSEDFILLED
 10
15.5
 20
23.75
 30
0.0
 41
0.625
 42
0.625
 50
180.0
  0
INSERT
  5
8CC
330
8C5
100
AcDbEntity
  8
DIM
 62
4
100
AcDbBlockReference
  2
_CLOSEDFILLED
 10
17.246
 20
23.75
 30
0.0
 41
0.625
 42
0.625
  0
LINE
  5
8CE
330
8C5
100
AcDbEntity
  8
0
 62
4
100
AcDbLine
 10
16.125
 20
23.75
 30
0.0
 11
16.621
 21
23.75
 31
0.0
  0
MTEXT
  5
8CF
330
8C5
100
AcDbEntity
  8
DIM
 62
4
100
AcDbMText
 10
16.372999999999998
 20
24.5875
 30
0.0
 40
0.625
 71
5
  1
1,75
  7
CJK
  0
POINT
  5
8D0
330
8C5
100
AcDbEntity
  8
Defpoints
100
AcDbPoint
 10
15.5
 20
23.75
 30
0.0
  0
POINT
  5
8D1
330
8C5
100
AcDbEntity
  8
Defpoints
100
AcDbPoint
 10
15.5
 20
26.25
 30
0.0
  0
POINT
  5
8D2
330
8C5
100
AcDbEntity
  8
Defpoints
100
AcDbPoint
 10
17.246
 20
36.025999999999996
 30
0.0
  0
ENDBLK
  5
8C7
330
8C5
100
AcDbEntity
  8
0
100
AcDbBlockEnd
  0
BLOCK
  5
8D5
330
8D4
100
AcDbEntity
  8
0
100
AcDbBlockBegin
  2
*D4
 70
1
 10
0.0
 20
0.0
 30
0.0
  3
*D4
  1

  0
LINE
  5
8D7
330
8D4
100
AcDbEntity
  8
0
 62
4
100
AcDbLine
 10
17.246
 20
35.775999999999996
 30
0.0
 11
17.246
 21
23.375
 31
0.0
  0
LINE
  5
8D8
330
8D4
100
AcDbEntity
  8
0
 62
4
100
AcDbLine
 10
34.236
 20
35.775999999999996
 30
0.0
 11
34.236
 21
23.375
 31
0.0
  0
INSERT
  5
8D9
330
8D4
100
AcDbEntity
  8
DIM
 62
4
100
AcDbBlockReference
  2
_CLOSEDFILLED
 10
17.246
 20
23.75
 30
0.0
 41
0.625
 42
0.625
 50
180.0
  0
INSERT
  5
8DB
330
8D4
100
AcDbEntity
  8
DIM
 62
4
100
AcDbBlockReference
  2
_CLOSEDFILLED
 10
34.236
 20
23.75
 30
0.0
 41
0.625
 42
0.625
  0
LINE
  5
8DD
330
8D4
100
AcDbEntity
  8
0
 62
4
100
AcDbLine
 10
17.871
 20
23.75
 30
0.0
 11
33.611
 21
23.75
 31
0.0
  0
MTEXT
  5
8DE
330
8D4
100
AcDbEntity
  8
DIM
 62
4
100
AcDbMText
 10
25.741
 20
24.2125
 30
0.0
 40
0.625
 71
5
  1
16,99
  7
CJK
  0
POINT
  5
8DF
330
8D4
100
AcDbEntity
  8
Defpoints
100
AcDbPoint
 10
17.246
 20
23.75
 30
0.0
  0
POINT
  5
8E0
330
8D4
100
AcDbEntity
  8
Defpoints
100
AcDbPoint
 10
17.246
 20
36.025999999999996
 30
0.0
  0
POINT
  5
8E1
330
8D4
100
AcDbEntity
  8
Defpoints
100
AcDbPoint
 10
34.236
 20
36.025999999999996
 30
0.0
  0
ENDBLK
  5
8D6
330
8D4
100
AcDbEntity
  8
0
100
AcDbBlockEnd
  0
BLOCK
  5
8E4
330
8E3
100
AcDbEntity
  8
0
100
AcDbBlockBegin
  2
*D5
 70
1
 10
0.0
 20
0.0
 30
0.0
  3
*D5
  1

  0
LINE
  5
8E6
330
8E3
100
AcDbEntity
  8
0
 62
4
100
AcDbLine
 10
34.236
 20
35.775999999999996
 30
0.0
 11
34.236
 21
23.375
 31
0.0
  0
LINE
  5
8E7
330
8E3
100
AcDbEntity
  8
0
 62
4
100
AcDbLine
 10
36.0
 20
26.0
 30
0.0
 11
36.0
 21
23.375
 31
0.0
  0
INSERT
  5
8E8
330
8E3
100
AcDbEntity
  8
DIM
 62
4
100
AcDbBlockReference
  2
_CLOSEDFILLED
 10
34.236
 20
23.75
 30
0.0
 41
0.625
 42
0.625
 50
180.0
  0
INSERT
  5
8EA
330
8E3
100
AcDbEntity
  8
DIM
 62
4
100
AcDbBlockReference
  2
_CLOSEDFILLED
 10
36.0
 20
23.75
 30
0.0
 41
0.625
 42
0.625
  0
LINE
  5
8EC
330
8E3
100
AcDbEntity
  8
0
 62
4
100
AcDbLine
 10
34.861
 20
23.75
 30
0.0
 11
35.375
 21
23.75
 31
0.0
  0
MTEXT
  5
8ED
330
8E3
100
AcDbEntity
  8
DIM
 62
4
100
AcDbMText
 10
35.117999999999995
 20
24.5875
 30
0.0
 40
0.625
 71
5
  1
1,76
  7
CJK
  0
POINT
  5
8EE
330
8E3
100
AcDbEntity
  8
Defpoints
100
AcDbPoint
 10
34.236
 20
23.75
 30
0.0
  0
POINT
  5
8EF
330
8E3
100
AcDbEntity
  8
Defpoints
100
AcDbPoint
 10
34.236
 20
36.025999999999996
 30
0.0
  0
POINT
  5
8F0
330
8E3
100
AcDbEntity
  8
Defpoints
100
AcDbPoint
 10
36.0
 20
26.25
 30
0.0
  0
ENDBLK
  5
8E5
330
8E3
100
AcDbEntity
  8
0
100
AcDbBlockEnd
  0
BLOCK
  5
8F3
330
8F2
100
AcDbEntity
  8
0
100
AcDbBlockBegin
  2
*D6
 70
1
 10
0.0
 20
0.0
 30
0.0
  3
*D6
  1

  0
LINE
  5
8F5
330
8F2
100
AcDbEntity
  8
0
 62
4
100
AcDbLine
 10
15.5
 20
50.5
 30
0.0
 11
15.5
 21
55.125
 31
0.0
  0
LINE
  5
8F6
330
8F2
100
AcDbEntity
  8
0
 62
4
100
AcDbLine
 10
17.674969926613
 20
50.5
 30
0.0
 11
17.674969926613
 21
55.125
 31
0.0
  0
INSERT
  5
8F7
330
8F2
100
AcDbEntity
  8
DIM
 62
4
100
AcDbBlockReference
  2
_CLOSEDFILLED
 10
15.5
 20
54.75
 30
0.0
 41
0.625
 42
0.625
 50
180.0
  0
INSERT
  5
8F9
330
8F2
100
AcDbEntity
  8
DIM
 62
4
100
AcDbBlockReference
  2
_CLOSEDFILLED
 10
17.674969926613
 20
54.75
 30
0.0
 41
0.625
 42
0.625
  0
LINE
  5
8FB
330
8F2
100
AcDbEntity
  8
0
 62
4
100
AcDbLine
 10
16.125
 20
54.75
 30
0.0
 11
17.049969926613
 21
54.75
 31
0.0
  0
MTEXT
  5
8FC
330
8F2
100
AcDbEntity
  8
DIM
 62
4
100
AcDbMText
 10
16.5874849633065
 20
55.5875
 30
0.0
 40
0.625
 71
5
  1
2,17
  7
CJK
  0
POINT
  5
8FD
330
8F2
100
AcDbEntity
  8
Defpoints
100
AcDbPoint
 10
15.5
 20
54.75
 30
0.0
  0
POINT
  5
8FE
330
8F2
100
AcDbEntity
  8
Defpoints
100
AcDbPoint
 10
15.5
 20
50.25
 30
0.0
  0
POINT
  5
8FF
330
8F2
100
AcDbEntity
  8
Defpoints
100
AcDbPoint
 10
17.674969926613
 20
50.25
 30
0.0
  0
ENDBLK
  5
8F4
330
8F2
100
AcDbEntity
  8
0
100
AcDbBlockEnd
  0
BLOCK
  5
902
330
901
100
AcDbEntity
  8
0
100
AcDbBlockBegin
  2
*D7
 70
1
 10
0.0
 20
0.0
 30
0.0
  3
*D7
  1

  0
LINE
  5
904
330
901
100
AcDbEntity
  8
0
 62
4
100
AcDbLine
 10
17.674969926613
 20
50.5
 30
0.0
 11
17.674969926613
 21
55.125
 31
0.0
  0
LINE
  5
905
330
901
100
AcDbEntity
  8
0
 62
4
100
AcDbLine
 10
33.824970129267996
 20
50.5
 30
0.0
 11
33.824970129267996
 21
55.125
 31
0.0
  0
INSERT
  5
906
330
901
100
AcDbEntity
  8
DIM
 62
4
100
AcDbBlockReference
  2
_CLOSEDFILLED
 10
17.674969926613
 20
54.75
 30
0.0
 41
0.625
 42
0.625
 50
180.0
  0
INSERT
  5
908
330
901
100
AcDbEntity
  8
DIM
 62
4
100
AcDbBlockReference
  2
_CLOSEDFILLED
 10
33.824970129267996
 20
54.75
 30
0.0
 41
0.625
 42
0.625
  0
LINE
  5
90A
330
901
100
AcDbEntity
  8
0
 62
4
100
AcDbLine
 10
18.299969926613
 20
54.75
 30
0.0
 11
33.199970129267996
 21
54.75
 31
0.0
  0
MTEXT
  5
90B
330
901
100
AcDbEntity
  8
DIM
 62
4
100
AcDbMText
 10
25.7499700279405
 20
55.2125
 30
0.0
 40
0.625
 71
5
  1
16,15
  7
CJK
  0
POINT
  5
90C
330
901
100
AcDbEntity
  8
Defpoints
100
AcDbPoint
 10
17.674969926613
 20
54.75
 30
0.0
  0
POINT
  5
90D
330
901
100
AcDbEntity
  8
Defpoints
100
AcDbPoint
 10
17.674969926613
 20
50.25
 30
0.0
  0
POINT
  5
90E
330
901
100
AcDbEntity
  8
Defpoints
100
AcDbPoint
 10
33.824970129267996
 20
50.25
 30
0.0
  0
ENDBLK
  5
903
330
901
100
AcDbEntity
  8
0
100
AcDbBlockEnd
  0
BLOCK
  5
911
330
910
100
AcDbEntity
  8
0
100
AcDbBlockBegin
  2
*D8
 70
1
 10
0.0
 20
0.0
 30
0.0
  3
*D8
  1

  0
LINE
  5
913
330
910
100
AcDbEntity
  8
0
 62
4
100
AcDbLine
 10
33.824970129267996
 20
50.5
 30
0.0
 11
33.824970129267996
 21
55.125
 31
0.0
  0
LINE
  5
914
330
910
100
AcDbEntity
  8
0
 62
4
100
AcDbLine
 10
36.0
 20
50.5
 30
0.0
 11
36.0
 21
55.125
 31
0.0
  0
INSERT
  5
915
330
910
100
AcDbEntity
  8
DIM
 62
4
100
AcDbBlockReference
  2
_CLOSEDFILLED
 10
33.824970129267996
 20
54.75
 30
0.0
 41
0.625
 42
0.625
 50
180.0
  0
INSERT
  5
917
330
910
100
AcDbEntity
  8
DIM
 62
4
100
AcDbBlockReference
  2
_CLOSEDFILLED
 10
36.0
 20
54.75
 30
0.0
 41
0.625
 42
0.625
  0
LINE
  5
919
330
910
100
AcDbEntity
  8
0
 62
4
100
AcDbLine
 10
34.449970129267996
 20
54.75
 30
0.0
 11
35.375
 21
54.75
 31
0.0
  0
MTEXT
  5
91A
330
910
100
AcDbEntity
  8
DIM
 62
4
100
AcDbMText
 10
34.912485064634
 20
55.5875
 30
0.0
 40
0.625
 71
5
  1
2,18
  7
CJK
  0
POINT
  5
91B
330
910
100
AcDbEntity
  8
Defpoints
100
AcDbPoint
 10
33.824970129267996
 20
54.75
 30
0.0
  0
POINT
  5
91C
330
910
100
AcDbEntity
  8
Defpoints
100
AcDbPoint
 10
33.824970129267996
 20
50.25
 30
0.0
  0
POINT
  5
91D
330
910
100
AcDbEntity
  8
Defpoints
100
AcDbPoint
 10
36.0
 20
50.25
 30
0.0
  0
ENDBLK
  5
912
330
910
100
AcDbEntity
  8
0
100
AcDbBlockEnd
  0
BLOCK
  5
921
330
920
100
AcDbEntity
  8
0
100
AcDbBlockBegin
  2
*D9
 70
1
 10
0.0
 20
0.0
 30
0.0
  3
*D9
  1

  0
LINE
  5
923
330
920
100
AcDbEntity
  8
0
 62
4
100
AcDbLine
 10
36.25
 20
50.25
 30
0.0
 11
38.875
 21
50.25
 31
0.0
  0
LINE
  5
924
330
920
100
AcDbEntity
  8
0
 62
4
100
AcDbLine
 10
34.074970129267996
 20
52.323986283972005
 30
0.0
 11
38.875
 21
52.323986283972005
 31
0.0
  0
INSERT
  5
925
330
920
100
AcDbEntity
  8
DIM
 62
4
100
AcDbBlockReference
  2
_CLOSEDFILLED
 10
38.5
 20
50.25
 30
0.0
 41
0.625
 42
0.625
 50
270.0
  0
INSERT
  5
927
330
920
100
AcDbEntity
  8
DIM
 62
4
100
AcDbBlockReference
  2
_CLOSEDFILLED
 10
38.5
 20
52.323986283972005
 30
0.0
 41
0.625
 42
0.625
 50
90.0
  0
LINE
  5
929
330
920
100
AcDbEntity
  8
0
 62
4
100
AcDbLine
 10
38.5
 20
50.875
 30
0.0
 11
38.5
 21
51.698986283972005
 31
0.0
  0
MTEXT
  5
92A
330
920
100
AcDbEntity
  8
DIM
 62
4
100
AcDbMText
 10
37.6625
 20
51.286993141986
 30
0.0
 40
0.625
 71
5
  1
2,07
  7
CJK
 50
90.0
  0
POINT
  5
92B
330
920
100
AcDbEntity
  8
Defpoints
100
AcDbPoint
 10
38.5
 20
50.25
 30
0.0
  0
POINT
  5
92C
330
920
100
AcDbEntity
  8
Defpoints
100
AcDbPoint
 10
36.0
 20
50.25
 30
0.0
  0
POINT
  5
92D
330
920
100
AcDbEntity
  8
Defpoints
100
AcDbPoint
 10
33.824970129267996
 20
52.323986283972005
 30
0.0
  0
ENDBLK
  5
922
330
920
100
AcDbEntity
  8
0
100
AcDbBlockEnd
  0
BLOCK
  5
930
330
92F
100
AcDbEntity
  8
0
100
AcDbBlockBegin
  2
*D10
 70
1
 10
0.0
 20
0.0
 30
0.0
  3
*D10
  1

  0
LINE
  5
932
330
92F
100
AcDbEntity
  8
0
 62
4
100
AcDbLine
 10
15.25
 20
26.25
 30
0.0
 11
12.375
 21
26.25
 31
0.0
  0
LINE
  5
933
330
92F
100
AcDbEntity
  8
0
 62
4
100
AcDbLine
 10
16.996
 20
36.025999999999996
 30
0.0
 11
12.375
 21
36.025999999999996
 31
0.0
  0
INSERT
  5
934
330
92F
100
AcDbEntity
  8
DIM
 62
4
100
AcDbBlockReference
  2
_CLOSEDFILLED
 10
12.75
 20
26.25
 30
0.0
 41
0.625
 42
0.625
 50
270.0
  0
INSERT
  5
936
330
92F
100
AcDbEntity
  8
DIM
 62
4
100
AcDbBlockReference
  2
_CLOSEDFILLED
 10
12.75
 20
36.025999999999996
 30
0.0
 41
0.625
 42
0.625
 50
90.0
  0
LINE
  5
938
330
92F
100
AcDbEntity
  8
0
 62
4
100
AcDbLine
 10
12.75
 20
26.875
 30
0.0
 11
12.75
 21
35.400999999999996
 31
0.0
  0
MTEXT
  5
939
330
92F
100
AcDbEntity
  8
DIM
 62
4
100
AcDbMText
 10
12.2875
 20
31.137999999999998
 30
0.0
 40
0.625
 71
5
  1
9,78
  7
CJK
 50
90.0
  0
POINT
  5
93A
330
92F
100
AcDbEntity
  8
Defpoints
100
AcDbPoint
 10
12.75
 20
26.25
 30
0.0
  0
POINT
  5
93B
330
92F
100
AcDbEntity
  8
Defpoints
100
AcDbPoint
 10
15.5
 20
26.25
 30
0.0
  0
POINT
  5
93C
330
92F
100
AcDbEntity
  8
Defpoints
100
AcDbPoint
 10
17.246
 20
36.025999999999996
 30
0.0
  0
ENDBLK
  5
931
330
92F
100
AcDbEntity
  8
0
100
AcDbBlockEnd
  0
BLOCK
  5
93F
330
93E
100
AcDbEntity
  8
0
100
AcDbBlockBegin
  2
*D11
 70
1
 10
0.0
 20
0.0
 30
0.0
  3
*D11
  1

  0
LINE
  5
941
330
93E
100
AcDbEntity
  8
0
 62
4
100
AcDbLine
 10
16.996
 20
36.025999999999996
 30
0.0
 11
12.375
 21
36.025999999999996
 31
0.0
  0
LINE
  5
942
330
93E
100
AcDbEntity
  8
0
 62
4
100
AcDbLine
 10
15.25
 20
50.25
 30
0.0
 11
12.375
 21
50.25
 31
0.0
  0
INSERT
  5
943
330
93E
100
AcDbEntity
  8
DIM
 62
4
100
AcDbBlockReference
  2
_CLOSEDFILLED
 10
12.75
 20
36.025999999999996
 30
0.0
 41
0.625
 42
0.625
 50
270.0
  0
INSERT
  5
945
330
93E
100
AcDbEntity
  8
DIM
 62
4
100
AcDbBlockReference
  2
_CLOSEDFILLED
 10
12.75
 20
50.25
 30
0.0
 41
0.625
 42
0.625
 50
90.0
  0
LINE
  5
947
330
93E
100
AcDbEntity
  8
0
 62
4
100
AcDbLine
 10
12.75
 20
36.650999999999996
 30
0.0
 11
12.75
 21
49.625
 31
0.0
  0
MTEXT
  5
948
330
93E
100
AcDbEntity
  8
DIM
 62
4
100
AcDbMText
 10
12.2875
 20
43.138
 30
0.0
 40
0.625
 71
5
  1
14,22
  7
CJK
 50
90.0
  0
POINT
  5
949
330
93E
100
AcDbEntity
  8
Defpoints
100
AcDbPoint
 10
12.75
 20
36.025999999999996
 30
0.0
  0
POINT
  5
94A
330
93E
100
AcDbEntity
  8
Defpoints
100
AcDbPoint
 10
17.246
 20
36.025999999999996
 30
0.0
  0
POINT
  5
94B
330
93E
100
AcDbEntity
  8
Defpoints
100
AcDbPoint
 10
15.5
 20
50.25
 30
0.0
  0
ENDBLK
  5
940
330
93E
100
AcDbEntity
  8
0
100
AcDbBlockEnd
  0
BLOCK
  5
94E
330
94D
100
AcDbEntity
  8
0
100
AcDbBlockBegin
  2
*D12
 70
1
 10
0.0
 20
0.0
 30
0.0
  3
*D12
  1

  0
LINE
  5
950
330
94D
100
AcDbEntity
  8
0
 62
4
100
AcDbLine
 10
15.5
 20
26.0
 30
0.0
 11
15.5
 21
20.875
 31
0.0
  0
LINE
  5
951
330
94D
100
AcDbEntity
  8
0
 62
4
100
AcDbLine
 10
16.86
 20
27.267
 30
0.0
 11
16.86
 21
20.875
 31
0.0
  0
INSERT
  5
952
330
94D
100
AcDbEntity
  8
DIM
 62
4
100
AcDbBlockReference
  2
_CLOSEDFILLED
 10
15.5
 20
21.25
 30
0.0
 41
0.625
 42
0.625
  0
INSERT
  5
954
330
94D
100
AcDbEntity
  8
DIM
 62
4
100
AcDbBlockReference
  2
_CLOSEDFILLED
 10
16.86
 20
21.25
 30
0.0
 41
0.625
 42
0.625
 50
180.0
  0
LINE
  5
956
330
94D
100
AcDbEntity
  8
0
 62
4
100
AcDbLine
 10
14.875
 20
21.25
 30
0.0
 11
14.25
 21
21.25
 31
0.0
  0
LINE
  5
957
330
94D
100
AcDbEntity
  8
0
 62
4
100
AcDbLine
 10
17.485
 20
21.25
 30
0.0
 11
18.11
 21
21.25
 31
0.0
  0
LINE
  5
958
330
94D
100
AcDbEntity
  8
0
 62
4
100
AcDbLine
 10
15.5
 20
21.25
 30
0.0
 11
16.86
 21
21.25
 31
0.0
  0
MTEXT
  5
959
330
94D
100
AcDbEntity
  8
DIM
 62
4
100
AcDbMText
 10
16.18
 20
22.0875
 30
0.0
 40
0.625
 71
5
  1
1,36
  7
CJK
  0
POINT
  5
95A
330
94D
100
AcDbEntity
  8
Defpoints
100
AcDbPoint
 10
15.5
 20
21.25
 30
0.0
  0
POINT
  5
95B
330
94D
100
AcDbEntity
  8
Defpoints
100
AcDbPoint
 10
15.5
 20
26.25
 30
0.0
  0
POINT
  5
95C
330
94D
100
AcDbEntity
  8
Defpoints
100
AcDbPoint
 10
16.86
 20
27.517
 30
0.0
  0
ENDBLK
  5
94F
330
94D
100
AcDbEntity
  8
0
100
AcDbBlockEnd
  0
BLOCK
  5
95F
330
95E
100
AcDbEntity
  8
0
100
AcDbBlockBegin
  2
*D13
 70
1
 10
0.0
 20
0.0
 30
0.0
  3
*D13
  1

  0
LINE
  5
961
330
95E
100
AcDbEntity
  8
0
 62
4
100
AcDbLine
 10
16.86
 20
27.267
 30
0.0
 11
16.86
 21
20.875
 31
0.0
  0
LINE
  5
962
330
95E
100
AcDbEntity
  8
0
 62
4
100
AcDbLine
 10
34.64
 20
27.267
 30
0.0
 11
34.64
 21
20.875
 31
0.0
  0
INSERT
  5
963
330
95E
100
AcDbEntity
  8
DIM
 62
4
100
AcDbBlockReference
  2
_CLOSEDFILLED
 10
16.86
 20
21.25
 30
0.0
 41
0.625
 42
0.625
 50
180.0
  0
INSERT
  5
965
330
95E
100
AcDbEntity
  8
DIM
 62
4
100
AcDbBlockReference
  2
_CLOSEDFILLED
 10
34.64
 20
21.25
 30
0.0
 41
0.625
 42
0.625
  0
LINE
  5
967
330
95E
100
AcDbEntity
  8
0
 62
4
100
AcDbLine
 10
17.485
 20
21.25
 30
0.0
 11
34.015
 21
21.25
 31
0.0
  0
MTEXT
  5
968
330
95E
100
AcDbEntity
  8
DIM
 62
4
100
AcDbMText
 10
25.75
 20
21.7125
 30
0.0
 40
0.625
 71
5
  1
7x2.54=17.78
  7
CJK
  0
POINT
  5
969
330
95E
100
AcDbEntity
  8
Defpoints
100
AcDbPoint
 10
16.86
 20
21.25
 30
0.0
  0
POINT
  5
96A
330
95E
100
AcDbEntity
  8
Defpoints
100
AcDbPoint
 10
16.86
 20
27.517
 30
0.0
  0
POINT
  5
96B
330
95E
100
AcDbEntity
  8
Defpoints
100
AcDbPoint
 10
34.64
 20
27.517
 30
0.0
  0
ENDBLK
  5
960
330
95E
100
AcDbEntity
  8
0
100
AcDbBlockEnd
  0
BLOCK
  5
96E
330
96D
100
AcDbEntity
  8
0
100
AcDbBlockBegin
  2
*D14
 70
1
 10
0.0
 20
0.0
 30
0.0
  3
*D14
  1

  0
LINE
  5
970
330
96D
100
AcDbEntity
  8
0
 62
4
100
AcDbLine
 10
34.64
 20
27.267
 30
0.0
 11
34.64
 21
20.875
 31
0.0
  0
LINE
  5
971
330
96D
100
AcDbEntity
  8
0
 62
4
100
AcDbLine
 10
36.0
 20
26.0
 30
0.0
 11
36.0
 21
20.875
 31
0.0
  0
INSERT
  5
972
330
96D
100
AcDbEntity
  8
DIM
 62
4
100
AcDbBlockReference
  2
_CLOSEDFILLED
 10
34.64
 20
21.25
 30
0.0
 41
0.625
 42
0.625
  0
INSERT
  5
974
330
96D
100
AcDbEntity
  8
DIM
 62
4
100
AcDbBlockReference
  2
_CLOSEDFILLED
 10
36.0
 20
21.25
 30
0.0
 41
0.625
 42
0.625
 50
180.0
  0
LINE
  5
976
330
96D
100
AcDbEntity
  8
0
 62
4
100
AcDbLine
 10
34.015
 20
21.25
 30
0.0
 11
33.39
 21
21.25
 31
0.0
  0
LINE
  5
977
330
96D
100
AcDbEntity
  8
0
 62
4
100
AcDbLine
 10
36.625
 20
21.25
 30
0.0
 11
37.25
 21
21.25
 31
0.0
  0
LINE
  5
978
330
96D
100
AcDbEntity
  8
0
 62
4
100
AcDbLine
 10
34.64
 20
21.25
 30
0.0
 11
36.0
 21
21.25
 31
0.0
  0
MTEXT
  5
979
330
96D
100
AcDbEntity
  8
DIM
 62
4
100
AcDbMText
 10
35.32
 20
22.0875
 30
0.0
 40
0.625
 71
5
  1
1,36
  7
CJK
  0
POINT
  5
97A
330
96D
100
AcDbEntity
  8
Defpoints
100
AcDbPoint
 10
34.64
 20
21.25
 30
0.0
  0
POINT
  5
97B
330
96D
100
AcDbEntity
  8
Defpoints
100
AcDbPoint
 10
34.64
 20
27.517
 30
0.0
  0
POINT
  5
97C
330
96D
100
AcDbEntity
  8
Defpoints
100
AcDbPoint
 10
36.0
 20
26.25
 30
0.0
  0
ENDBLK
  5
96F
330
96D
100
AcDbEntity
  8
0
100
AcDbBlockEnd
  0
BLOCK
  5
97F
330
97E
100
AcDbEntity
  8
0
100
AcDbBlockBegin
  2
*D15
 70
1
 10
0.0
 20
0.0
 30
0.0
  3
*D15
  1

  0
LINE
  5
981
330
97E
100
AcDbEntity
  8
0
 62
4
100
AcDbLine
 10
16.86
 20
27.267
 30
0.0
 11
16.86
 21
18.625
 31
0.0
  0
LINE
  5
982
330
97E
100
AcDbEntity
  8
0
 62
4
100
AcDbLine
 10
19.4
 20
27.267
 30
0.0
 11
19.4
 21
18.625
 31
0.0
  0
INSERT
  5
983
330
97E
100
AcDbEntity
  8
DIM
 62
4
100
AcDbBlockReference
  2
_CLOSEDFILLED
 10
16.86
 20
19.0
 30
0.0
 41
0.625
 42
0.625
 50
180.0
  0
INSERT
  5
985
330
97E
100
AcDbEntity
  8
DIM
 62
4
100
AcDbBlockReference
  2
_CLOSEDFILLED
 10
19.4
 20
19.0
 30
0.0
 41
0.625
 42
0.625
  0
LINE
  5
987
330
97E
100
AcDbEntity
  8
0
 62
4
100
AcDbLine
 10
17.485
 20
19.0
 30
0.0
 11
18.775
 21
19.0
 31
0.0
  0
MTEXT
  5
988
330
97E
100
AcDbEntity
  8
DIM
 62
4
100
AcDbMText
 10
18.13
 20
19.4625
 30
0.0
 40
0.625
 71
5
  1
2,54
  7
CJK
  0
POINT
  5
989
330
97E
100
AcDbEntity
  8
Defpoints
100
AcDbPoint
 10
16.86
 20
19.0
 30
0.0
  0
POINT
  5
98A
330
97E
100
AcDbEntity
  8
Defpoints
100
AcDbPoint
 10
16.86
 20
27.517
 30
0.0
  0
POINT
  5
98B
330
97E
100
AcDbEntity
  8
Defpoints
100
AcDbPoint
 10
19.4
 20
27.517
 30
0.0
  0
ENDBLK
  5
980
330
97E
100
AcDbEntity
  8
0
100
AcDbBlockEnd
  0
BLOCK
  5
98E
330
98D
100
AcDbEntity
  8
0
100
AcDbBlockBegin
  2
*D16
 70
1
 10
0.0
 20
0.0
 30
0.0
  3
*D16
  1

  0
LINE
  5
990
330
98D
100
AcDbEntity
  8
0
 62
4
100
AcDbLine
 10
36.25
 20
26.25
 30
0.0
 11
38.875
 21
26.25
 31
0.0
  0
LINE
  5
991
330
98D
100
AcDbEntity
  8
0
 62
4
100
AcDbLine
 10
34.89
 20
27.517
 30
0.0
 11
38.875
 21
27.517
 31
0.0
  0
INSERT
  5
992
330
98D
100
AcDbEntity
  8
DIM
 62
4
100
AcDbBlockReference
  2
_CLOSEDFILLED
 10
38.5
 20
26.25
 30
0.0
 41
0.625
 42
0.625
 50
90.0
  0
INSERT
  5
994
330
98D
100
AcDbEntity
  8
DIM
 62
4
100
AcDbBlockReference
  2
_CLOSEDFILLED
 10
38.5
 20
27.517
 30
0.0
 41
0.625
 42
0.625
 50
270.0
  0
LINE
  5
996
330
98D
100
AcDbEntity
  8
0
 62
4
100
AcDbLine
 10
38.5
 20
25.625
 30
0.0
 11
38.5
 21
25.0
 31
0.0
  0
LINE
  5
997
330
98D
100
AcDbEntity
  8
0
 62
4
100
AcDbLine
 10
38.5
 20
28.142
 30
0.0
 11
38.5
 21
28.767
 31
0.0
  0
LINE
  5
998
330
98D
100
AcDbEntity
  8
0
 62
4
100
AcDbLine
 10
38.5
 20
26.25
 30
0.0
 11
38.5
 21
27.517
 31
0.0
  0
MTEXT
  5
999
330
98D
100
AcDbEntity
  8
DIM
 62
4
100
AcDbMText
 10
37.6625
 20
26.883499999999998
 30
0.0
 40
0.625
 71
5
  1
1,27
  7
CJK
 50
90.0
  0
POINT
  5
99A
330
98D
100
AcDbEntity
  8
Defpoints
100
AcDbPoint
 10
38.5
 20
26.25
 30
0.0
  0
POINT
  5
99B
330
98D
100
AcDbEntity
  8
Defpoints
100
AcDbPoint
 10
36.0
 20
26.25
 30
0.0
  0
POINT
  5
99C
330
98D
100
AcDbEntity
  8
Defpoints
100
AcDbPoint
 10
34.64
 20
27.517
 30
0.0
  0
ENDBLK
  5
98F
330
98D
100
AcDbEntity
  8
0
100
AcDbBlockEnd
  0
BLOCK
  5
C54
330
C53
100
AcDbEntity
  8
0
100
AcDbBlockBegin
  2
*D17
 70
1
 10
0.0
 20
0.0
 30
0.0
  3
*D17
  1

  0
LINE
  5
C56
330
C53
100
AcDbEntity
  8
0
 62
4
100
AcDbLine
 10
36.25
 20
10.598949142790001
 30
0.0
 11
38.875
 21
10.598949142790001
 31
0.0
  0
LINE
  5
C57
330
C53
100
AcDbEntity
  8
0
 62
4
100
AcDbLine
 10
36.25
 20
12.198999942892002
 30
0.0
 11
38.875
 21
12.198999942892002
 31
0.0
  0
INSERT
  5
C58
330
C53
100
AcDbEntity
  8
DIM
 62
4
100
AcDbBlockReference
  2
_CLOSEDFILLED
 10
38.5
 20
10.598949142790001
 30
0.0
 41
0.625
 42
0.625
 50
270.0
  0
INSERT
  5
C5A
330
C53
100
AcDbEntity
  8
DIM
 62
4
100
AcDbBlockReference
  2
_CLOSEDFILLED
 10
38.5
 20
12.198999942892002
 30
0.0
 41
0.625
 42
0.625
 50
90.0
  0
LINE
  5
C5C
330
C53
100
AcDbEntity
  8
0
 62
4
100
AcDbLine
 10
38.5
 20
11.223949142790001
 30
0.0
 11
38.5
 21
11.573999942892002
 31
0.0
  0
MTEXT
  5
C5D
330
C53
100
AcDbEntity
  8
DIM
 62
4
100
AcDbMText
 10
37.6625
 20
11.398974542841001
 30
0.0
 40
0.625
 71
5
  1
1,60
  7
CJK
 50
90.0
  0
POINT
  5
C5E
330
C53
100
AcDbEntity
  8
Defpoints
100
AcDbPoint
 10
38.5
 20
10.598949142790001
 30
0.0
  0
POINT
  5
C5F
330
C53
100
AcDbEntity
  8
Defpoints
100
AcDbPoint
 10
36.0
 20
10.598949142790001
 30
0.0
  0
POINT
  5
C60
330
C53
100
AcDbEntity
  8
Defpoints
100
AcDbPoint
 10
36.0
 20
12.198999942892002
 30
0.0
  0
ENDBLK
  5
C55
330
C53
100
AcDbEntity
  8
0
100
AcDbBlockEnd
  0
BLOCK
  5
C63
330
C62
100
AcDbEntity
  8
0
100
AcDbBlockBegin
  2
*D18
 70
1
 10
0.0
 20
0.0
 30
0.0
  3
*D18
  1

  0
LINE
  5
C65
330
C62
100
AcDbEntity
  8
0
 62
4
100
AcDbLine
 10
36.25
 20
10.598949142790001
 30
0.0
 11
41.875
 21
10.598949142790001
 31
0.0
  0
LINE
  5
C66
330
C62
100
AcDbEntity
  8
0
 62
4
100
AcDbLine
 10
36.25
 20
14.25
 30
0.0
 11
41.875
 21
14.25
 31
0.0
  0
INSERT
  5
C67
330
C62
100
AcDbEntity
  8
DIM
 62
4
100
AcDbBlockReference
  2
_CLOSEDFILLED
 10
41.5
 20
10.598949142790001
 30
0.0
 41
0.625
 42
0.625
 50
270.0
  0
INSERT
  5
C69
330
C62
100
AcDbEntity
  8
DIM
 62
4
100
AcDbBlockReference
  2
_CLOSEDFILLED
 10
41.5
 20
14.25
 30
0.0
 41
0.625
 42
0.625
 50
90.0
  0
LINE
  5
C6B
330
C62
100
AcDbEntity
  8
0
 62
4
100
AcDbLine
 10
41.5
 20
11.223949142790001
 30
0.0
 11
41.5
 21
13.625
 31
0.0
  0
MTEXT
  5
C6C
330
C62
100
AcDbEntity
  8
DIM
 62
4
100
AcDbMText
 10
41.0375
 20
12.424474571395
 30
0.0
 40
0.625
 71
5
  1
3,65
  7
CJK
 50
90.0
  0
POINT
  5
C6D
330
C62
100
AcDbEntity
  8
Defpoints
100
AcDbPoint
 10
41.5
 20
10.598949142790001
 30
0.0
  0
POINT
  5
C6E
330
C62
100
AcDbEntity
  8
Defpoints
100
AcDbPoint
 10
36.0
 20
10.598949142790001
 30
0.0
  0
POINT
  5
C6F
330
C62
100
AcDbEntity
  8
Defpoints
100
AcDbPoint
 10
36.0
 20
14.25
 30
0.0
  0
ENDBLK
  5
C64
330
C62
100
AcDbEntity
  8
0
100
AcDbBlockEnd
  0
BLOCK
  5
C72
330
C71
100
AcDbEntity
  8
0
100
AcDbBlockBegin
  2
*D19
 70
1
 10
0.0
 20
0.0
 30
0.0
  3
*D19
  1

  0
LINE
  5
C74
330
C71
100
AcDbEntity
  8
0
 62
4
100
AcDbLine
 10
17.424969926613
 20
12.198999942892002
 30
0.0
 11
12.625
 21
12.198999942892002
 31
0.0
  0
LINE
  5
C75
330
C71
100
AcDbEntity
  8
0
 62
4
100
AcDbLine
 10
17.424969926613
 20
14.25
 30
0.0
 11
12.625
 21
14.25
 31
0.0
  0
INSERT
  5
C76
330
C71
100
AcDbEntity
  8
DIM
 62
4
100
AcDbBlockReference
  2
_CLOSEDFILLED
 10
13.0
 20
12.198999942892002
 30
0.0
 41
0.625
 42
0.625
 50
270.0
  0
INSERT
  5
C78
330
C71
100
AcDbEntity
  8
DIM
 62
4
100
AcDbBlockReference
  2
_CLOSEDFILLED
 10
13.0
 20
14.25
 30
0.0
 41
0.625
 42
0.625
 50
90.0
  0
LINE
  5
C7A
330
C71
100
AcDbEntity
  8
0
 62
4
100
AcDbLine
 10
13.0
 20
12.823999942892002
 30
0.0
 11
13.0
 21
13.625
 31
0.0
  0
MTEXT
  5
C7B
330
C71
100
AcDbEntity
  8
DIM
 62
4
100
AcDbMText
 10
12.1625
 20
13.224499971446
 30
0.0
 40
0.625
 71
5
  1
2,05
  7
CJK
 50
90.0
  0
POINT
  5
C7C
330
C71
100
AcDbEntity
  8
Defpoints
100
AcDbPoint
 10
13.0
 20
12.198999942892002
 30
0.0
  0
POINT
  5
C7D
330
C71
100
AcDbEntity
  8
Defpoints
100
AcDbPoint
 10
17.674969926613
 20
12.198999942892002
 30
0.0
  0
POINT
  5
C7E
330
C71
100
AcDbEntity
  8
Defpoints
100
AcDbPoint
 10
17.674969926613
 20
14.25
 30
0.0
  0
ENDBLK
  5
C73
330
C71
100
AcDbEntity
  8
0
100
AcDbBlockEnd
  0
BLOCK
  5
D74
330
D73
100
AcDbEntity
  8
0
100
AcDbBlockBegin
  2
*D20
 70
1
 10
0.0
 20
0.0
 30
0.0
  3
*D20
  1

  0
LINE
  5
D76
330
D73
100
AcDbEntity
  8
0
 62
4
100
AcDbLine
 10
47.65105085721
 20
26.0
 30
0.0
 11
47.65105085721
 21
23.375
 31
0.0
  0
LINE
  5
D77
330
D73
100
AcDbEntity
  8
0
 62
4
100
AcDbLine
 10
46.051000057108006
 20
26.0
 30
0.0
 11
46.051000057108006
 21
23.375
 31
0.0
  0
INSERT
  5
D78
330
D73
100
AcDbEntity
  8
DIM
 62
4
100
AcDbBlockReference
  2
_CLOSEDFILLED
 10
47.65105085721
 20
23.75
 30
0.0
 41
0.625
 42
0.625
 50
180.0
  0
INSERT
  5
D7A
330
D73
100
AcDbEntity
  8
DIM
 62
4
100
AcDbBlockReference
  2
_CLOSEDFILLED
 10
46.051000057108006
 20
23.75
 30
0.0
 41
0.625
 42
0.625
  0
LINE
  5
D7C
330
D73
100
AcDbEntity
  8
0
 62
4
100
AcDbLine
 10
48.27605085721
 20
23.75
 30
0.0
 11
45.426000057108006
 21
23.75
 31
0.0
  0
MTEXT
  5
D7D
330
D73
100
AcDbEntity
  8
DIM
 62
4
100
AcDbMText
 10
46.851025457159004
 20
22.9125
 30
0.0
 40
0.625
 71
5
  1
1,60
  7
CJK
  0
POINT
  5
D7E
330
D73
100
AcDbEntity
  8
Defpoints
100
AcDbPoint
 10
47.65105085721
 20
23.75
 30
0.0
  0
POINT
  5
D7F
330
D73
100
AcDbEntity
  8
Defpoints
100
AcDbPoint
 10
47.65105085721
 20
26.25
 30
0.0
  0
POINT
  5
D80
330
D73
100
AcDbEntity
  8
Defpoints
100
AcDbPoint
 10
46.051000057108006
 20
26.25
 30
0.0
  0
ENDBLK
  5
D75
330
D73
100
AcDbEntity
  8
0
100
AcDbBlockEnd
  0
BLOCK
  5
D83
330
D82
100
AcDbEntity
  8
0
100
AcDbBlockBegin
  2
*D21
 70
1
 10
0.0
 20
0.0
 30
0.0
  3
*D21
  1

  0
LINE
  5
D85
330
D82
100
AcDbEntity
  8
0
 62
4
100
AcDbLine
 10
47.65105085721
 20
26.0
 30
0.0
 11
47.65105085721
 21
20.875
 31
0.0
  0
LINE
  5
D86
330
D82
100
AcDbEntity
  8
0
 62
4
100
AcDbLine
 10
44.0
 20
26.0
 30
0.0
 11
44.0
 21
20.875
 31
0.0
  0
INSERT
  5
D87
330
D82
100
AcDbEntity
  8
DIM
 62
4
100
AcDbBlockReference
  2
_CLOSEDFILLED
 10
47.65105085721
 20
21.25
 30
0.0
 41
0.625
 42
0.625
 50
180.0
  0
INSERT
  5
D89
330
D82
100
AcDbEntity
  8
DIM
 62
4
100
AcDbBlockReference
  2
_CLOSEDFILLED
 10
44.0
 20
21.25
 30
0.0
 41
0.625
 42
0.625
  0
LINE
  5
D8B
330
D82
100
AcDbEntity
  8
0
 62
4
100
AcDbLine
 10
48.27605085721
 20
21.25
 30
0.0
 11
43.375
 21
21.25
 31
0.0
  0
MTEXT
  5
D8C
330
D82
100
AcDbEntity
  8
DIM
 62
4
100
AcDbMText
 10
45.825525428605005
 20
20.7875
 30
0.0
 40
0.625
 71
5
  1
3,65
  7
CJK
  0
POINT
  5
D8D
330
D82
100
AcDbEntity
  8
Defpoints
100
AcDbPoint
 10
47.65105085721
 20
21.25
 30
0.0
  0
POINT
  5
D8E
330
D82
100
AcDbEntity
  8
Defpoints
100
AcDbPoint
 10
47.65105085721
 20
26.25
 30
0.0
  0
POINT
  5
D8F
330
D82
100
AcDbEntity
  8
Defpoints
100
AcDbPoint
 10
44.0
 20
26.25
 30
0.0
  0
ENDBLK
  5
D84
330
D82
100
AcDbEntity
  8
0
100
AcDbBlockEnd
  0
ENDSEC
  0
SECTION
  2
ENTITIES
  0
LWPOLYLINE
  5
93
330
17
100
AcDbEntity
  8
SHEET
100
AcDbPolyline
 90
5
 70
0
 10
2.5
 20
2.5
 10
102.5
 20
2.5
 10
102.5
 20
71.75
 10
2.5
 20
71.75
 10
2.5
 20
2.5
  0
LWPOLYLINE
  5
94
330
17
100
AcDbEntity
  8
SHEET
100
AcDbPolyline
 90
5
 70
0
 10
57.5
 20
2.5
 10
102.5
 20
2.5
 10
102.5
 20
11.5
 10
57.5
 20
11.5
 10
57.5
 20
2.5
  0
LWPOLYLINE
  5
95
330
17
100
AcDbEntity
  8
SHEET
100
AcDbPolyline
 90
2
 70
0
 10
57.5
 20
5.5
 10
95.0
 20
5.5
  0
LWPOLYLINE
  5
96
330
17
100
AcDbEntity
  8
SHEET
100
AcDbPolyline
 90
2
 70
0
 10
57.5
 20
8.5
 10
95.0
 20
8.5
  0
LWPOLYLINE
  5
97
330
17
100
AcDbEntity
  8
SHEET
100
AcDbPolyline
 90
2
 70
0
 10
63.0
 20
2.5
 10
63.0
 20
11.5
  0
LWPOLYLINE
  5
98
330
17
100
AcDbEntity
  8
SHEET
100
AcDbPolyline
 90
2
 70
0
 10
82.5
 20
2.5
 10
82.5
 20
11.5
  0
LWPOLYLINE
  5
99
330
17
100
AcDbEntity
  8
SHEET
100
AcDbPolyline
 90
2
 70
0
 10
87.0
 20
2.5
 10
87.0
 20
11.5
  0
LWPOLYLINE
  5
9A
330
17
100
AcDbEntity
  8
SHEET
100
AcDbPolyline
 90
2
 70
0
 10
95.0
 20
2.5
 10
95.0
 20
11.5
  0
TEXT
  5
9B
330
17
100
AcDbEntity
  8
TEXT
100
AcDbText
 10
58.0
 20
9.55
 30
0.0
 40
0.5
  1
PRODUCT
  7
CJK
 11
58.0
 21
9.55
 31
0.0
100
AcDbText
  0
TEXT
  5
9C
330
17
100
AcDbEntity
  8
TEXT
100
AcDbText
 10
63.5
 20
9.55
 30
0.0
 40
0.85
  1
TK104 MicroSD Card Reader
  7
CJK
 11
63.5
 21
9.55
 31
0.0
100
AcDbText
  0
TEXT
  5
9D
330
17
100
AcDbEntity
  8
TEXT
100
AcDbText
 10
83.0
 20
9.55
 30
0.0
 40
0.5
  1
SCALE
  7
CJK
 11
83.0
 21
9.55
 31
0.0
100
AcDbText
  0
TEXT
  5
9E
330
17
100
AcDbEntity
  8
TEXT
100
AcDbText
 10
87.5
 20
9.55
 30
0.0
 40
0.675
  1
4:1
  7
CJK
 11
87.5
 21
9.55
 31
0.0
100
AcDbText
  0
TEXT
  5
9F
330
17
100
AcDbEntity
  8
TEXT
100
AcDbText
 10
58.0
 20
6.55
 30
0.0
 40
0.5
  1
TITLE
  7
CJK
 11
58.0
 21
6.55
 31
0.0
100
AcDbText
  0
TEXT
  5
A0
330
17
100
AcDbEntity
  8
TEXT
100
AcDbText
 10
63.5
 20
6.55
 30
0.0
 40
0.675
  1
PCB MECHANICAL DRAWING
  7
CJK
 11
63.5
 21
6.55
 31
0.0
100
AcDbText
  0
TEXT
  5
A1
330
17
100
AcDbEntity
  8
TEXT
100
AcDbText
 10
83.0
 20
6.55
 30
0.0
 40
0.5
  1
UNIT
  7
CJK
 11
83.0
 21
6.55
 31
0.0
100
AcDbText
  0
TEXT
  5
A2
330
17
100
AcDbEntity
  8
TEXT
100
AcDbText
 10
87.5
 20
6.55
 30
0.0
 40
0.675
  1
mm
  7
CJK
 11
87.5
 21
6.55
 31
0.0
100
AcDbText
  0
TEXT
  5
A3
330
17
100
AcDbEntity
  8
TEXT
100
AcDbText
 10
58.0
 20
3.55
 30
0.0
 40
0.5
  1
COMPANY
  7
CJK
 11
58.0
 21
3.55
 31
0.0
100
AcDbText
  0
TEXT
  5
A4
330
17
100
AcDbEntity
  8
TEXT
100
AcDbText
 10
63.5
 20
3.55
 30
0.0
 40
0.675
  1
Lonely Binary
  7
CJK
 11
63.5
 21
3.55
 31
0.0
100
AcDbText
  0
TEXT
  5
A5
330
17
100
AcDbEntity
  8
TEXT
100
AcDbText
 10
83.0
 20
3.55
 30
0.0
 40
0.5
  1
DATE
  7
CJK
 11
83.0
 21
3.55
 31
0.0
100
AcDbText
  0
TEXT
  5
A6
330
17
100
AcDbEntity
  8
TEXT
100
AcDbText
 10
87.5
 20
3.55
 30
0.0
 40
0.675
  1
2026-09-16
  7
CJK
 11
87.5
 21
3.55
 31
0.0
100
AcDbText
  0
CIRCLE
  5
A7
330
17
100
AcDbEntity
  8
SHEET
100
AcDbCircle
 10
96.75
 20
7.5
 30
0.0
 40
1.25
  0
CIRCLE
  5
A8
330
17
100
AcDbEntity
  8
SHEET
100
AcDbCircle
 10
96.75
 20
7.5
 30
0.0
 40
0.65
  0
LWPOLYLINE
  5
A9
330
17
100
AcDbEntity
  8
SHEET
100
AcDbPolyline
 90
5
 70
0
 10
98.5
 20
6.85
 10
101.5
 20
6.25
 10
101.5
 20
8.75
 10
98.5
 20
8.15
 10
98.5
 20
6.85
  0
LWPOLYLINE
  5
AA
330
17
100
AcDbEntity
  8
CENTER
100
AcDbPolyline
 90
2
 70
0
 10
95.0
 20
7.5
 10
102.0
 20
7.5
  0
TEXT
  5
AB
330
17
100
AcDbEntity
  8
TEXT
100
AcDbText
 10
98.75
 20
4.0
 30
0.0
 40
0.5
  1
THIRD ANGLE
  7
CJK
 72
1
 11
98.75
 21
4.0
 31
0.0
100
AcDbText
  0
TEXT
  5
AC
330
17
100
AcDbEntity
  8
TEXT
100
AcDbText
 10
98.75
 20
3.125
 30
0.0
 40
0.5
  1
PROJECTION
  7
CJK
 72
1
 11
98.75
 21
3.125
 31
0.0
100
AcDbText
  0
LWPOLYLINE
  5
AD
330
17
100
AcDbEntity
  8
PARTS
100
AcDbPolyline
 90
2
 70
0
 10
15.5127
 20
50.237300000000005
 10
18.375
 20
50.237300000000005
  0
LWPOLYLINE
  5
AE
330
17
100
AcDbEntity
  8
PARTS
100
AcDbPolyline
 90
2
 70
0
 10
33.125
 20
50.237300000000005
 10
35.9873
 20
50.237300000000005
  0
LWPOLYLINE
  5
AF
330
17
100
AcDbEntity
  8
PARTS
100
AcDbPolyline
 90
2
 70
0
 10
35.9873
 20
50.237300000000005
 10
35.9873
 20
26.2626
  0
LWPOLYLINE
  5
B0
330
17
100
AcDbEntity
  8
PARTS
100
AcDbPolyline
 90
2
 70
0
 10
35.9873
 20
26.2626
 10
15.5127
 20
26.2626
  0
LWPOLYLINE
  5
B1
330
17
100
AcDbEntity
  8
PARTS
100
AcDbPolyline
 90
2
 70
0
 10
15.5127
 20
26.2626
 10
15.5127
 20
50.237300000000005
  0
LWPOLYLINE
  5
B2
330
17
100
AcDbEntity
  8
PARTS
100
AcDbPolyline
 90
40
 70
0
 10
18.496
 20
36.025999999999996
 10
18.492
 20
36.126599999999996
 10
18.4798
 20
36.2265
 10
18.459699999999998
 20
36.3251
 10
18.4317
 20
36.4218
 10
18.396
 20
36.5159
 10
18.3528
 20
36.606899999999996
 10
18.302500000000002
 20
36.6941
 10
18.2453
 20
36.7769
 10
18.1816
 20
36.8549
 10
18.1119
 20
36.9275
 10
18.0366
 20
36.9942
 10
17.9561
 20
37.0547
 10
17.871
 20
37.1085
 10
17.7819
 20
37.1553
 10
17.6893
 20
37.1947
 10
17.5938
 20
37.2266
 10
17.496
 20
37.2507
 10
17.3967
 20
37.2669
 10
17.2963
 20
37.275
 10
17.1957
 20
37.275
 10
17.0953
 20
37.2669
 10
16.996
 20
37.2507
 10
16.8982
 20
37.2266
 10
16.8027
 20
37.1947
 10
16.7101
 20
37.1553
 10
16.621
 20
37.1085
 10
16.5359
 20
37.0547
 10
16.4554
 20
36.9942
 10
16.3801
 20
36.9275
 10
16.3104
 20
36.8549
 10
16.2467
 20
36.7769
 10
16.1895
 20
36.6941
 10
16.1392
 20
36.606899999999996
 10
16.096
 20
36.5159
 10
16.0603
 20
36.4218
 10
16.0323
 20
36.3251
 10
16.0122
 20
36.2265
 10
16.0001
 20
36.126599999999996
 10
15.996
 20
36.025999999999996
  0
LWPOLYLINE
  5
B3
330
17
100
AcDbEntity
  8
PARTS
100
AcDbPolyline
 90
40
 70
0
 10
15.996
 20
36.025999999999996
 10
16.0001
 20
35.925399999999996
 10
16.0122
 20
35.825500000000005
 10
16.0323
 20
35.7268
 10
16.0603
 20
35.6301
 10
16.096
 20
35.536
 10
16.1392
 20
35.4451
 10
16.1895
 20
35.3579
 10
16.2467
 20
35.275
 10
16.3104
 20
35.1971
 10
16.3801
 20
35.1245
 10
16.4554
 20
35.0577
 10
16.5359
 20
34.9972
 10
16.621
 20
34.9434
 10
16.7101
 20
34.896699999999996
 10
16.8027
 20
34.8572
 10
16.8982
 20
34.8253
 10
16.996
 20
34.8012
 10
17.0953
 20
34.7851
 10
17.1957
 20
34.777
 10
17.2963
 20
34.777
 10
17.3967
 20
34.7851
 10
17.496
 20
34.8012
 10
17.5938
 20
34.8253
 10
17.6893
 20
34.8572
 10
17.7819
 20
34.896699999999996
 10
17.871
 20
34.9434
 10
17.9561
 20
34.9972
 10
18.0366
 20
35.0577
 10
18.1119
 20
35.1245
 10
18.1816
 20
35.1971
 10
18.2453
 20
35.275
 10
18.302500000000002
 20
35.3579
 10
18.3528
 20
35.4451
 10
18.396
 20
35.536
 10
18.4317
 20
35.6301
 10
18.459699999999998
 20
35.7268
 10
18.4798
 20
35.825500000000005
 10
18.492
 20
35.925399999999996
 10
18.496
 20
36.025999999999996
  0
LWPOLYLINE
  5
B4
330
17
100
AcDbEntity
  8
PARTS
100
AcDbPolyline
 90
15
 70
0
 10
17.31
 20
27.517
 10
17.2987
 20
27.6171
 10
17.2654
 20
27.7122
 10
17.2118
 20
27.7975
 10
17.1406
 20
27.8688
 10
17.0553
 20
27.9224
 10
16.9601
 20
27.9557
 10
16.86
 20
27.967
 10
16.759900000000002
 20
27.9557
 10
16.6648
 20
27.9224
 10
16.5794
 20
27.8688
 10
16.5082
 20
27.7975
 10
16.4546
 20
27.7122
 10
16.4213
 20
27.6171
 10
16.41
 20
27.517
  0
LWPOLYLINE
  5
B5
330
17
100
AcDbEntity
  8
PARTS
100
AcDbPolyline
 90
15
 70
0
 10
16.41
 20
27.517
 10
16.4213
 20
27.4168
 10
16.4546
 20
27.3217
 10
16.5082
 20
27.2364
 10
16.5794
 20
27.1651
 10
16.6648
 20
27.1115
 10
16.759900000000002
 20
27.0782
 10
16.86
 20
27.0669
 10
16.9601
 20
27.0782
 10
17.0553
 20
27.1115
 10
17.1406
 20
27.1651
 10
17.2118
 20
27.2364
 10
17.2654
 20
27.3217
 10
17.2987
 20
27.4168
 10
17.31
 20
27.517
  0
LWPOLYLINE
  5
B6
330
17
100
AcDbEntity
  8
PARTS
100
AcDbPolyline
 90
15
 70
0
 10
19.85
 20
27.517
 10
19.8387
 20
27.6171
 10
19.8054
 20
27.7122
 10
19.7518
 20
27.7975
 10
19.6806
 20
27.8688
 10
19.5953
 20
27.9224
 10
19.5001
 20
27.9557
 10
19.4
 20
27.967
 10
19.2999
 20
27.9557
 10
19.2048
 20
27.9224
 10
19.1194
 20
27.8688
 10
19.0482
 20
27.7975
 10
18.9946
 20
27.7122
 10
18.9613
 20
27.6171
 10
18.95
 20
27.517
  0
LWPOLYLINE
  5
B7
330
17
100
AcDbEntity
  8
PARTS
100
AcDbPolyline
 90
15
 70
0
 10
18.95
 20
27.517
 10
18.9613
 20
27.4168
 10
18.9946
 20
27.3217
 10
19.0482
 20
27.2364
 10
19.1194
 20
27.1651
 10
19.2048
 20
27.1115
 10
19.2999
 20
27.0782
 10
19.4
 20
27.0669
 10
19.5001
 20
27.0782
 10
19.5953
 20
27.1115
 10
19.6806
 20
27.1651
 10
19.7518
 20
27.2364
 10
19.8054
 20
27.3217
 10
19.8387
 20
27.4168
 10
19.85
 20
27.517
  0
LWPOLYLINE
  5
B8
330
17
100
AcDbEntity
  8
PARTS
100
AcDbPolyline
 90
15
 70
0
 10
22.39
 20
27.517
 10
22.378700000000002
 20
27.6171
 10
22.3455
 20
27.7122
 10
22.291800000000002
 20
27.7975
 10
22.220599999999997
 20
27.8688
 10
22.1353
 20
27.9224
 10
22.040100000000002
 20
27.9557
 10
21.939999999999998
 20
27.967
 10
21.8399
 20
27.9557
 10
21.744799999999998
 20
27.9224
 10
21.659399999999998
 20
27.8688
 10
21.5882
 20
27.7975
 10
21.534599999999998
 20
27.7122
 10
21.5013
 20
27.6171
 10
21.490000000000002
 20
27.517
  0
LWPOLYLINE
  5
B9
330
17
100
AcDbEntity
  8
PARTS
100
AcDbPolyline
 90
15
 70
0
 10
21.490000000000002
 20
27.517
 10
21.5013
 20
27.4168
 10
21.534599999999998
 20
27.3217
 10
21.5882
 20
27.2364
 10
21.659399999999998
 20
27.1651
 10
21.744799999999998
 20
27.1115
 10
21.8399
 20
27.0782
 10
21.939999999999998
 20
27.0669
 10
22.040100000000002
 20
27.0782
 10
22.1353
 20
27.1115
 10
22.220599999999997
 20
27.1651
 10
22.291800000000002
 20
27.2364
 10
22.3455
 20
27.3217
 10
22.378700000000002
 20
27.4168
 10
22.39
 20
27.517
  0
LWPOLYLINE
  5
BA
330
17
100
AcDbEntity
  8
PARTS
100
AcDbPolyline
 90
15
 70
0
 10
24.93
 20
27.517
 10
24.9187
 20
27.6171
 10
24.8855
 20
27.7122
 10
24.8318
 20
27.7975
 10
24.7606
 20
27.8688
 10
24.6753
 20
27.9224
 10
24.580199999999998
 20
27.9557
 10
24.48
 20
27.967
 10
24.3799
 20
27.9557
 10
24.2848
 20
27.9224
 10
24.1994
 20
27.8688
 10
24.1282
 20
27.7975
 10
24.0746
 20
27.7122
 10
24.0413
 20
27.6171
 10
24.03
 20
27.517
  0
LWPOLYLINE
  5
BB
330
17
100
AcDbEntity
  8
PARTS
100
AcDbPolyline
 90
15
 70
0
 10
24.03
 20
27.517
 10
24.0413
 20
27.4168
 10
24.0746
 20
27.3217
 10
24.1282
 20
27.2364
 10
24.1994
 20
27.1651
 10
24.2848
 20
27.1115
 10
24.3799
 20
27.0782
 10
24.48
 20
27.0669
 10
24.580199999999998
 20
27.0782
 10
24.6753
 20
27.1115
 10
24.7606
 20
27.1651
 10
24.8318
 20
27.2364
 10
24.8855
 20
27.3217
 10
24.9187
 20
27.4168
 10
24.93
 20
27.517
  0
LWPOLYLINE
  5
BC
330
17
100
AcDbEntity
  8
PARTS
100
AcDbPolyline
 90
15
 70
0
 10
27.47
 20
27.517
 10
27.4587
 20
27.6171
 10
27.4255
 20
27.7122
 10
27.3718
 20
27.7975
 10
27.300600000000003
 20
27.8688
 10
27.2153
 20
27.9224
 10
27.1202
 20
27.9557
 10
27.02
 20
27.967
 10
26.9199
 20
27.9557
 10
26.8248
 20
27.9224
 10
26.7395
 20
27.8688
 10
26.6682
 20
27.7975
 10
26.614600000000003
 20
27.7122
 10
26.5813
 20
27.6171
 10
26.57
 20
27.517
  0
LWPOLYLINE
  5
BD
330
17
100
AcDbEntity
  8
PARTS
100
AcDbPolyline
 90
15
 70
0
 10
26.57
 20
27.517
 10
26.5813
 20
27.4168
 10
26.614600000000003
 20
27.3217
 10
26.6682
 20
27.2364
 10
26.7395
 20
27.1651
 10
26.8248
 20
27.1115
 10
26.9199
 20
27.0782
 10
27.02
 20
27.0669
 10
27.1202
 20
27.0782
 10
27.2153
 20
27.1115
 10
27.300600000000003
 20
27.1651
 10
27.3718
 20
27.2364
 10
27.4255
 20
27.3217
 10
27.4587
 20
27.4168
 10
27.47
 20
27.517
  0
LWPOLYLINE
  5
BE
330
17
100
AcDbEntity
  8
PARTS
100
AcDbPolyline
 90
15
 70
0
 10
30.009999999999998
 20
27.517
 10
29.9987
 20
27.6171
 10
29.9655
 20
27.7122
 10
29.911900000000003
 20
27.7975
 10
29.840600000000002
 20
27.8688
 10
29.7553
 20
27.9224
 10
29.6602
 20
27.9557
 10
29.560000000000002
 20
27.967
 10
29.4599
 20
27.9557
 10
29.364800000000002
 20
27.9224
 10
29.2795
 20
27.8688
 10
29.208199999999998
 20
27.7975
 10
29.154600000000002
 20
27.7122
 10
29.121299999999998
 20
27.6171
 10
29.11
 20
27.517
  0
LWPOLYLINE
  5
BF
330
17
100
AcDbEntity
  8
PARTS
100
AcDbPolyline
 90
15
 70
0
 10
29.11
 20
27.517
 10
29.121299999999998
 20
27.4168
 10
29.154600000000002
 20
27.3217
 10
29.208199999999998
 20
27.2364
 10
29.2795
 20
27.1651
 10
29.364800000000002
 20
27.1115
 10
29.4599
 20
27.0782
 10
29.560000000000002
 20
27.0669
 10
29.6602
 20
27.0782
 10
29.7553
 20
27.1115
 10
29.840600000000002
 20
27.1651
 10
29.911900000000003
 20
27.2364
 10
29.9655
 20
27.3217
 10
29.9987
 20
27.4168
 10
30.009999999999998
 20
27.517
  0
LWPOLYLINE
  5
C0
330
17
100
AcDbEntity
  8
PARTS
100
AcDbPolyline
 90
15
 70
0
 10
32.55
 20
27.517
 10
32.538799999999995
 20
27.6171
 10
32.5055
 20
27.7122
 10
32.451899999999995
 20
27.7975
 10
32.3806
 20
27.8688
 10
32.2953
 20
27.9224
 10
32.200199999999995
 20
27.9557
 10
32.099999999999994
 20
27.967
 10
31.9999
 20
27.9557
 10
31.904799999999998
 20
27.9224
 10
31.819499999999998
 20
27.8688
 10
31.748199999999997
 20
27.7975
 10
31.694599999999998
 20
27.7122
 10
31.661299999999997
 20
27.6171
 10
31.65
 20
27.517
  0
LWPOLYLINE
  5
C1
330
17
100
AcDbEntity
  8
PARTS
100
AcDbPolyline
 90
15
 70
0
 10
31.65
 20
27.517
 10
31.661299999999997
 20
27.4168
 10
31.694599999999998
 20
27.3217
 10
31.748199999999997
 20
27.2364
 10
31.819499999999998
 20
27.1651
 10
31.904799999999998
 20
27.1115
 10
31.9999
 20
27.0782
 10
32.099999999999994
 20
27.0669
 10
32.200199999999995
 20
27.0782
 10
32.2953
 20
27.1115
 10
32.3806
 20
27.1651
 10
32.451899999999995
 20
27.2364
 10
32.5055
 20
27.3217
 10
32.538799999999995
 20
27.4168
 10
32.55
 20
27.517
  0
LWPOLYLINE
  5
C2
330
17
100
AcDbEntity
  8
PARTS
100
AcDbPolyline
 90
40
 70
0
 10
35.486
 20
36.025999999999996
 10
35.482
 20
36.126599999999996
 10
35.469899999999996
 20
36.2265
 10
35.4497
 20
36.3251
 10
35.4217
 20
36.4218
 10
35.385999999999996
 20
36.5159
 10
35.3429
 20
36.606899999999996
 10
35.292500000000004
 20
36.6941
 10
35.235299999999995
 20
36.7769
 10
35.1717
 20
36.8549
 10
35.1019
 20
36.9275
 10
35.0266
 20
36.9942
 10
34.9461
 20
37.0547
 10
34.861
 20
37.1085
 10
34.7719
 20
37.1553
 10
34.6793
 20
37.1947
 10
34.5838
 20
37.2266
 10
34.4861
 20
37.2507
 10
34.3867
 20
37.2669
 10
34.2864
 20
37.275
 10
34.1857
 20
37.275
 10
34.0854
 20
37.2669
 10
33.986
 20
37.2507
 10
33.8883
 20
37.2266
 10
33.7928
 20
37.1947
 10
33.700199999999995
 20
37.1553
 10
33.611
 20
37.1085
 10
33.525999999999996
 20
37.0547
 10
33.445499999999996
 20
36.9942
 10
33.370099999999994
 20
36.9275
 10
33.300399999999996
 20
36.8549
 10
33.2367
 20
36.7769
 10
33.1795
 20
36.6941
 10
33.1292
 20
36.606899999999996
 10
33.0861
 20
36.5159
 10
33.050399999999996
 20
36.4218
 10
33.0224
 20
36.3251
 10
33.0022
 20
36.2265
 10
32.9901
 20
36.126599999999996
 10
32.986
 20
36.025999999999996
  0
LWPOLYLINE
  5
C3
330
17
100
AcDbEntity
  8
PARTS
100
AcDbPolyline
 90
40
 70
0
 10
32.986
 20
36.025999999999996
 10
32.9901
 20
35.925399999999996
 10
33.0022
 20
35.825500000000005
 10
33.0224
 20
35.7268
 10
33.050399999999996
 20
35.6301
 10
33.0861
 20
35.536
 10
33.1292
 20
35.4451
 10
33.1795
 20
35.3579
 10
33.2367
 20
35.275
 10
33.300399999999996
 20
35.1971
 10
33.370099999999994
 20
35.1245
 10
33.445499999999996
 20
35.0577
 10
33.525999999999996
 20
34.9972
 10
33.611
 20
34.9434
 10
33.700199999999995
 20
34.896699999999996
 10
33.7928
 20
34.8572
 10
33.8883
 20
34.8253
 10
33.986
 20
34.8012
 10
34.0854
 20
34.7851
 10
34.1857
 20
34.777
 10
34.2864
 20
34.777
 10
34.3867
 20
34.7851
 10
34.4861
 20
34.8012
 10
34.5838
 20
34.8253
 10
34.6793
 20
34.8572
 10
34.7719
 20
34.896699999999996
 10
34.861
 20
34.9434
 10
34.9461
 20
34.9972
 10
35.0266
 20
35.0577
 10
35.1019
 20
35.1245
 10
35.1717
 20
35.1971
 10
35.235299999999995
 20
35.275
 10
35.292500000000004
 20
35.3579
 10
35.3429
 20
35.4451
 10
35.385999999999996
 20
35.536
 10
35.4217
 20
35.6301
 10
35.4497
 20
35.7268
 10
35.469899999999996
 20
35.825500000000005
 10
35.482
 20
35.925399999999996
 10
35.486
 20
36.025999999999996
  0
LWPOLYLINE
  5
C4
330
17
100
AcDbEntity
  8
PARTS
100
AcDbPolyline
 90
15
 70
0
 10
35.09
 20
27.517
 10
35.0788
 20
27.6171
 10
35.0455
 20
27.7122
 10
34.9919
 20
27.7975
 10
34.9206
 20
27.8688
 10
34.835300000000004
 20
27.9224
 10
34.7402
 20
27.9557
 10
34.64
 20
27.967
 10
34.5399
 20
27.9557
 10
34.4448
 20
27.9224
 10
34.3595
 20
27.8688
 10
34.2882
 20
27.7975
 10
34.2346
 20
27.7122
 10
34.2013
 20
27.6171
 10
34.19
 20
27.517
  0
LWPOLYLINE
  5
C5
330
17
100
AcDbEntity
  8
PARTS
100
AcDbPolyline
 90
15
 70
0
 10
34.19
 20
27.517
 10
34.2013
 20
27.4168
 10
34.2346
 20
27.3217
 10
34.2882
 20
27.2364
 10
34.3595
 20
27.1651
 10
34.4448
 20
27.1115
 10
34.5399
 20
27.0782
 10
34.64
 20
27.0669
 10
34.7402
 20
27.0782
 10
34.835300000000004
 20
27.1115
 10
34.9206
 20
27.1651
 10
34.9919
 20
27.2364
 10
35.0455
 20
27.3217
 10
35.0788
 20
27.4168
 10
35.09
 20
27.517
  0
LWPOLYLINE
  5
C6
330
17
100
AcDbEntity
  8
PARTS
100
AcDbPolyline
 90
2
 70
0
 10
26.8626
 20
33.481
 10
26.871000000000002
 20
33.481
  0
LWPOLYLINE
  5
C7
330
17
100
AcDbEntity
  8
PARTS
100
AcDbPolyline
 90
2
 70
0
 10
26.8393
 20
33.481
 10
26.8626
 20
33.481
  0
LWPOLYLINE
  5
C8
330
17
100
AcDbEntity
  8
PARTS
100
AcDbPolyline
 90
2
 70
0
 10
26.871000000000002
 20
33.481
 10
26.894199999999998
 20
33.481
  0
LWPOLYLINE
  5
C9
330
17
100
AcDbEntity
  8
PARTS
100
AcDbPolyline
 90
2
 70
0
 10
26.9706
 20
33.481
 10
26.974
 20
33.481
  0
LWPOLYLINE
  5
CA
330
17
100
AcDbEntity
  8
PARTS
100
AcDbPolyline
 90
2
 70
0
 10
27.0331
 20
33.481
 10
27.0352
 20
33.481
  0
LWPOLYLINE
  5
CB
330
17
100
AcDbEntity
  8
PARTS
100
AcDbPolyline
 90
2
 70
0
 10
27.023699999999998
 20
33.481
 10
27.0331
 20
33.481
  0
LWPOLYLINE
  5
CC
330
17
100
AcDbEntity
  8
PARTS
100
AcDbPolyline
 90
2
 70
0
 10
27.075000000000003
 20
33.481
 10
27.0751
 20
33.481
  0
LWPOLYLINE
  5
CD
330
17
100
AcDbEntity
  8
PARTS
100
AcDbPolyline
 90
2
 70
0
 10
27.0702
 20
33.481
 10
27.075000000000003
 20
33.481
  0
LWPOLYLINE
  5
CE
330
17
100
AcDbEntity
  8
PARTS
100
AcDbPolyline
 90
2
 70
0
 10
27.067999999999998
 20
33.481
 10
27.0702
 20
33.481
  0
LWPOLYLINE
  5
CF
330
17
100
AcDbEntity
  8
PARTS
100
AcDbPolyline
 90
2
 70
0
 10
27.006300000000003
 20
33.481
 10
27.023699999999998
 20
33.481
  0
LWPOLYLINE
  5
D0
330
17
100
AcDbEntity
  8
PARTS
100
AcDbPolyline
 90
2
 70
0
 10
26.9832
 20
33.481
 10
27.006300000000003
 20
33.481
  0
LWPOLYLINE
  5
D1
330
17
100
AcDbEntity
  8
PARTS
100
AcDbPolyline
 90
2
 70
0
 10
26.974
 20
33.481
 10
26.9832
 20
33.481
  0
LWPOLYLINE
  5
D2
330
17
100
AcDbEntity
  8
PARTS
100
AcDbPolyline
 90
2
 70
0
 10
27.7605
 20
33.481
 10
27.684
 20
33.481
  0
LWPOLYLINE
  5
D3
330
17
100
AcDbEntity
  8
PARTS
100
AcDbPolyline
 90
2
 70
0
 10
27.684
 20
33.481
 10
27.4873
 20
33.481
  0
LWPOLYLINE
  5
D4
330
17
100
AcDbEntity
  8
PARTS
100
AcDbPolyline
 90
2
 70
0
 10
27.2106
 20
33.481
 10
27.160600000000002
 20
33.481
  0
LWPOLYLINE
  5
D5
330
17
100
AcDbEntity
  8
PARTS
100
AcDbPolyline
 90
2
 70
0
 10
27.1278
 20
33.481
 10
27.1259
 20
33.481
  0
LWPOLYLINE
  5
D6
330
17
100
AcDbEntity
  8
PARTS
100
AcDbPolyline
 90
2
 70
0
 10
27.080199999999998
 20
33.481
 10
27.0751
 20
33.481
  0
LWPOLYLINE
  5
D7
330
17
100
AcDbEntity
  8
PARTS
100
AcDbPolyline
 90
2
 70
0
 10
26.8976
 20
33.481
 10
26.894199999999998
 20
33.481
  0
LWPOLYLINE
  5
D8
330
17
100
AcDbEntity
  8
PARTS
100
AcDbPolyline
 90
2
 70
0
 10
26.8393
 20
33.481
 10
26.684
 20
33.481
  0
LWPOLYLINE
  5
D9
330
17
100
AcDbEntity
  8
PARTS
100
AcDbPolyline
 90
2
 70
0
 10
26.6075
 20
33.481
 10
26.684
 20
33.481
  0
LWPOLYLINE
  5
DA
330
17
100
AcDbEntity
  8
PARTS
100
AcDbPolyline
 90
2
 70
0
 10
26.6075
 20
33.481
 10
27.7605
 20
33.481
  0
LWPOLYLINE
  5
DB
330
17
100
AcDbEntity
  8
PARTS
100
AcDbPolyline
 90
2
 70
0
 10
27.1284
 20
33.481
 10
27.152700000000003
 20
33.481
  0
LWPOLYLINE
  5
DC
330
17
100
AcDbEntity
  8
PARTS
100
AcDbPolyline
 90
2
 70
0
 10
27.152700000000003
 20
33.481
 10
27.160600000000002
 20
33.481
  0
LWPOLYLINE
  5
DD
330
17
100
AcDbEntity
  8
PARTS
100
AcDbPolyline
 90
2
 70
0
 10
27.1171
 20
33.481
 10
27.1259
 20
33.481
  0
LWPOLYLINE
  5
DE
330
17
100
AcDbEntity
  8
PARTS
100
AcDbPolyline
 90
2
 70
0
 10
27.0947
 20
33.481
 10
27.1171
 20
33.481
  0
LWPOLYLINE
  5
DF
330
17
100
AcDbEntity
  8
PARTS
100
AcDbPolyline
 90
2
 70
0
 10
27.080199999999998
 20
33.481
 10
27.0947
 20
33.481
  0
LWPOLYLINE
  5
E0
330
17
100
AcDbEntity
  8
PARTS
100
AcDbPolyline
 90
2
 70
0
 10
27.0352
 20
33.481
 10
27.0366
 20
33.481
  0
LWPOLYLINE
  5
E1
330
17
100
AcDbEntity
  8
PARTS
100
AcDbPolyline
 90
2
 70
0
 10
27.0366
 20
33.481
 10
27.067999999999998
 20
33.481
  0
LWPOLYLINE
  5
E2
330
17
100
AcDbEntity
  8
PARTS
100
AcDbPolyline
 90
2
 70
0
 10
26.939
 20
33.481
 10
26.947400000000002
 20
33.481
  0
LWPOLYLINE
  5
E3
330
17
100
AcDbEntity
  8
PARTS
100
AcDbPolyline
 90
2
 70
0
 10
26.9157
 20
33.481
 10
26.939
 20
33.481
  0
LWPOLYLINE
  5
E4
330
17
100
AcDbEntity
  8
PARTS
100
AcDbPolyline
 90
2
 70
0
 10
26.947400000000002
 20
33.481
 10
26.9706
 20
33.481
  0
LWPOLYLINE
  5
E5
330
17
100
AcDbEntity
  8
PARTS
100
AcDbPolyline
 90
2
 70
0
 10
27.1278
 20
33.481
 10
27.1284
 20
33.481
  0
LWPOLYLINE
  5
E6
330
17
100
AcDbEntity
  8
PARTS
100
AcDbPolyline
 90
2
 70
0
 10
26.9068
 20
33.481
 10
26.9157
 20
33.481
  0
LWPOLYLINE
  5
E7
330
17
100
AcDbEntity
  8
PARTS
100
AcDbPolyline
 90
2
 70
0
 10
26.8976
 20
33.481
 10
26.9068
 20
33.481
  0
LWPOLYLINE
  5
E8
330
17
100
AcDbEntity
  8
PARTS
100
AcDbPolyline
 90
2
 70
0
 10
27.253500000000003
 20
33.481
 10
27.2769
 20
33.481
  0
LWPOLYLINE
  5
E9
330
17
100
AcDbEntity
  8
PARTS
100
AcDbPolyline
 90
2
 70
0
 10
27.2106
 20
33.481
 10
27.253500000000003
 20
33.481
  0
LWPOLYLINE
  5
EA
330
17
100
AcDbEntity
  8
PARTS
100
AcDbPolyline
 90
2
 70
0
 10
27.466900000000003
 20
33.481
 10
27.4873
 20
33.481
  0
LWPOLYLINE
  5
EB
330
17
100
AcDbEntity
  8
PARTS
100
AcDbPolyline
 90
2
 70
0
 10
27.417099999999998
 20
33.481
 10
27.466900000000003
 20
33.481
  0
LWPOLYLINE
  5
EC
330
17
100
AcDbEntity
  8
PARTS
100
AcDbPolyline
 90
2
 70
0
 10
27.4071
 20
33.481
 10
27.417099999999998
 20
33.481
  0
LWPOLYLINE
  5
ED
330
17
100
AcDbEntity
  8
PARTS
100
AcDbPolyline
 90
2
 70
0
 10
27.387999999999998
 20
33.481
 10
27.4071
 20
33.481
  0
LWPOLYLINE
  5
EE
330
17
100
AcDbEntity
  8
PARTS
100
AcDbPolyline
 90
2
 70
0
 10
27.335900000000002
 20
33.481
 10
27.387999999999998
 20
33.481
  0
LWPOLYLINE
  5
EF
330
17
100
AcDbEntity
  8
PARTS
100
AcDbPolyline
 90
2
 70
0
 10
27.2769
 20
33.481
 10
27.335900000000002
 20
33.481
  0
LWPOLYLINE
  5
F0
330
17
100
AcDbEntity
  8
PARTS
100
AcDbPolyline
 90
2
 70
0
 10
26.5905
 20
32.221000000000004
 10
26.591900000000003
 20
32.215599999999995
  0
LWPOLYLINE
  5
F1
330
17
100
AcDbEntity
  8
PARTS
100
AcDbPolyline
 90
2
 70
0
 10
26.5935
 20
32.211
 10
26.5973
 20
32.203900000000004
  0
LWPOLYLINE
  5
F2
330
17
100
AcDbEntity
  8
PARTS
100
AcDbPolyline
 90
2
 70
0
 10
26.6002
 20
32.2014
 10
26.6021
 20
32.201
  0
LWPOLYLINE
  5
F3
330
17
100
AcDbEntity
  8
PARTS
100
AcDbPolyline
 90
2
 70
0
 10
26.591900000000003
 20
33.4863
 10
26.5914
 20
33.484700000000004
  0
LWPOLYLINE
  5
F4
330
17
100
AcDbEntity
  8
PARTS
100
AcDbPolyline
 90
2
 70
0
 10
26.5978
 20
33.466
 10
26.6021
 20
33.451
  0
LWPOLYLINE
  5
F5
330
17
100
AcDbEntity
  8
PARTS
100
AcDbPolyline
 90
2
 70
0
 10
26.6021
 20
33.501000000000005
 10
26.6
 20
33.5004
  0
LWPOLYLINE
  5
F6
330
17
100
AcDbEntity
  8
PARTS
100
AcDbPolyline
 90
2
 70
0
 10
26.6021
 20
33.501000000000005
 10
26.684
 20
33.501000000000005
  0
LWPOLYLINE
  5
F7
330
17
100
AcDbEntity
  8
PARTS
100
AcDbPolyline
 90
2
 70
0
 10
26.684
 20
33.501000000000005
 10
26.6021
 20
33.501000000000005
  0
LWPOLYLINE
  5
F8
330
17
100
AcDbEntity
  8
PARTS
100
AcDbPolyline
 90
2
 70
0
 10
26.234
 20
33.501000000000005
 10
26.6021
 20
33.501000000000005
  0
LWPOLYLINE
  5
F9
330
17
100
AcDbEntity
  8
PARTS
100
AcDbPolyline
 90
13
 70
0
 10
26.6021
 20
32.251000000000005
 10
26.627000000000002
 20
32.3491
 10
26.6475
 20
32.4482
 10
26.663400000000003
 20
32.5482
 10
26.6749
 20
32.6488
 10
26.6817
 20
32.7498
 10
26.684
 20
32.851
 10
26.6817
 20
32.952200000000005
 10
26.6749
 20
33.053200000000004
 10
26.663400000000003
 20
33.153800000000004
 10
26.6475
 20
33.253699999999995
 10
26.627000000000002
 20
33.352900000000005
 10
26.6021
 20
33.451
  0
LWPOLYLINE
  5
FA
330
17
100
AcDbEntity
  8
PARTS
100
AcDbPolyline
 90
2
 70
0
 10
26.6021
 20
32.201
 10
26.684
 20
32.201
  0
LWPOLYLINE
  5
FB
330
17
100
AcDbEntity
  8
PARTS
100
AcDbPolyline
 90
2
 70
0
 10
26.684
 20
32.201
 10
26.6021
 20
32.201
  0
LWPOLYLINE
  5
FC
330
17
100
AcDbEntity
  8
PARTS
100
AcDbPolyline
 90
2
 70
0
 10
26.6021
 20
32.201
 10
26.234
 20
32.201
  0
LWPOLYLINE
  5
FD
330
17
100
AcDbEntity
  8
PARTS
100
AcDbPolyline
 90
2
 70
0
 10
26.5905
 20
32.221000000000004
 10
26.5935
 20
32.221000000000004
  0
LWPOLYLINE
  5
FE
330
17
100
AcDbEntity
  8
PARTS
100
AcDbPolyline
 90
2
 70
0
 10
26.5935
 20
32.221000000000004
 10
26.6021
 20
32.251000000000005
  0
LWPOLYLINE
  5
FF
330
17
100
AcDbEntity
  8
PARTS
100
AcDbPolyline
 90
2
 70
0
 10
26.6021
 20
32.201
 10
26.5935
 20
32.211
  0
LWPOLYLINE
  5
100
330
17
100
AcDbEntity
  8
PARTS
100
AcDbPolyline
 90
2
 70
0
 10
26.5935
 20
32.211
 10
26.5905
 20
32.211
  0
LWPOLYLINE
  5
101
330
17
100
AcDbEntity
  8
PARTS
100
AcDbPolyline
 90
2
 70
0
 10
26.5905
 20
32.211
 10
26.591900000000003
 20
32.215599999999995
  0
LWPOLYLINE
  5
102
330
17
100
AcDbEntity
  8
PARTS
100
AcDbPolyline
 90
2
 70
0
 10
26.591900000000003
 20
32.215599999999995
 10
26.5905
 20
32.221000000000004
  0
LWPOLYLINE
  5
103
330
17
100
AcDbEntity
  8
PARTS
100
AcDbPolyline
 90
2
 70
0
 10
26.5905
 20
33.491
 10
26.5935
 20
33.491
  0
LWPOLYLINE
  5
104
330
17
100
AcDbEntity
  8
PARTS
100
AcDbPolyline
 90
2
 70
0
 10
26.5935
 20
33.491
 10
26.6021
 20
33.501000000000005
  0
LWPOLYLINE
  5
105
330
17
100
AcDbEntity
  8
PARTS
100
AcDbPolyline
 90
2
 70
0
 10
26.6021
 20
33.451
 10
26.5935
 20
33.481
  0
LWPOLYLINE
  5
106
330
17
100
AcDbEntity
  8
PARTS
100
AcDbPolyline
 90
2
 70
0
 10
26.5935
 20
33.481
 10
26.5905
 20
33.481
  0
LWPOLYLINE
  5
107
330
17
100
AcDbEntity
  8
PARTS
100
AcDbPolyline
 90
2
 70
0
 10
26.5905
 20
33.481
 10
26.591900000000003
 20
33.4863
  0
LWPOLYLINE
  5
108
330
17
100
AcDbEntity
  8
PARTS
100
AcDbPolyline
 90
2
 70
0
 10
26.591900000000003
 20
33.4863
 10
26.5905
 20
33.491
  0
LWPOLYLINE
  5
109
330
17
100
AcDbEntity
  8
PARTS
100
AcDbPolyline
 90
2
 70
0
 10
27.7605
 20
32.221000000000004
 10
26.6075
 20
32.221000000000004
  0
LWPOLYLINE
  5
10A
330
17
100
AcDbEntity
  8
PARTS
100
AcDbPolyline
 90
2
 70
0
 10
26.684
 20
32.221000000000004
 10
27.684
 20
32.221000000000004
  0
LWPOLYLINE
  5
10B
330
17
100
AcDbEntity
  8
PARTS
100
AcDbPolyline
 90
2
 70
0
 10
27.766
 20
32.201
 10
27.684
 20
32.201
  0
LWPOLYLINE
  5
10C
330
17
100
AcDbEntity
  8
PARTS
100
AcDbPolyline
 90
2
 70
0
 10
27.684
 20
32.201
 10
27.766
 20
32.201
  0
LWPOLYLINE
  5
10D
330
17
100
AcDbEntity
  8
PARTS
100
AcDbPolyline
 90
2
 70
0
 10
28.134
 20
32.201
 10
27.766
 20
32.201
  0
LWPOLYLINE
  5
10E
330
17
100
AcDbEntity
  8
PARTS
100
AcDbPolyline
 90
13
 70
0
 10
27.766
 20
32.251000000000005
 10
27.741100000000003
 20
32.3491
 10
27.7206
 20
32.4482
 10
27.7046
 20
32.5482
 10
27.6932
 20
32.6488
 10
27.686300000000003
 20
32.7498
 10
27.684
 20
32.851
 10
27.686300000000003
 20
32.952200000000005
 10
27.6932
 20
33.053200000000004
 10
27.7046
 20
33.153800000000004
 10
27.7206
 20
33.253699999999995
 10
27.741100000000003
 20
33.352900000000005
 10
27.766
 20
33.451
  0
LWPOLYLINE
  5
10F
330
17
100
AcDbEntity
  8
PARTS
100
AcDbPolyline
 90
2
 70
0
 10
27.766
 20
33.501000000000005
 10
27.684
 20
33.501000000000005
  0
LWPOLYLINE
  5
110
330
17
100
AcDbEntity
  8
PARTS
100
AcDbPolyline
 90
2
 70
0
 10
27.684
 20
33.501000000000005
 10
27.766
 20
33.501000000000005
  0
LWPOLYLINE
  5
111
330
17
100
AcDbEntity
  8
PARTS
100
AcDbPolyline
 90
2
 70
0
 10
27.766
 20
33.501000000000005
 10
28.134
 20
33.501000000000005
  0
LWPOLYLINE
  5
112
330
17
100
AcDbEntity
  8
PARTS
100
AcDbPolyline
 90
2
 70
0
 10
27.770200000000003
 20
33.466
 10
27.766
 20
33.451
  0
LWPOLYLINE
  5
113
330
17
100
AcDbEntity
  8
PARTS
100
AcDbPolyline
 90
2
 70
0
 10
28.184
 20
33.451
 10
28.184
 20
32.251000000000005
  0
LWPOLYLINE
  5
114
330
17
100
AcDbEntity
  8
PARTS
100
AcDbPolyline
 90
2
 70
0
 10
27.766
 20
33.451
 10
27.7746
 20
33.481
  0
LWPOLYLINE
  5
115
330
17
100
AcDbEntity
  8
PARTS
100
AcDbPolyline
 90
2
 70
0
 10
27.7746
 20
33.491
 10
27.766
 20
33.501000000000005
  0
LWPOLYLINE
  5
116
330
17
100
AcDbEntity
  8
PARTS
100
AcDbPolyline
 90
2
 70
0
 10
27.7746
 20
33.491
 10
27.7775
 20
33.491
  0
LWPOLYLINE
  5
117
330
17
100
AcDbEntity
  8
PARTS
100
AcDbPolyline
 90
2
 70
0
 10
27.7761
 20
33.4863
 10
27.7775
 20
33.491
  0
LWPOLYLINE
  5
118
330
17
100
AcDbEntity
  8
PARTS
100
AcDbPolyline
 90
2
 70
0
 10
27.7775
 20
33.481
 10
27.7761
 20
33.4863
  0
LWPOLYLINE
  5
119
330
17
100
AcDbEntity
  8
PARTS
100
AcDbPolyline
 90
2
 70
0
 10
27.7775
 20
33.481
 10
27.7746
 20
33.481
  0
LWPOLYLINE
  5
11A
330
17
100
AcDbEntity
  8
PARTS
100
AcDbPolyline
 90
2
 70
0
 10
27.7701
 20
33.4988
 10
27.7725
 20
33.495400000000004
  0
LWPOLYLINE
  5
11B
330
17
100
AcDbEntity
  8
PARTS
100
AcDbPolyline
 90
2
 70
0
 10
28.184
 20
33.451
 10
28.134
 20
33.501000000000005
  0
LWPOLYLINE
  5
11C
330
17
100
AcDbEntity
  8
PARTS
100
AcDbPolyline
 90
2
 70
0
 10
27.766
 20
32.201
 10
27.7746
 20
32.211
  0
LWPOLYLINE
  5
11D
330
17
100
AcDbEntity
  8
PARTS
100
AcDbPolyline
 90
2
 70
0
 10
27.7746
 20
32.221000000000004
 10
27.766
 20
32.251000000000005
  0
LWPOLYLINE
  5
11E
330
17
100
AcDbEntity
  8
PARTS
100
AcDbPolyline
 90
2
 70
0
 10
27.7746
 20
32.221000000000004
 10
27.7775
 20
32.221000000000004
  0
LWPOLYLINE
  5
11F
330
17
100
AcDbEntity
  8
PARTS
100
AcDbPolyline
 90
2
 70
0
 10
27.7761
 20
32.215599999999995
 10
27.7775
 20
32.221000000000004
  0
LWPOLYLINE
  5
120
330
17
100
AcDbEntity
  8
PARTS
100
AcDbPolyline
 90
2
 70
0
 10
27.7775
 20
32.211
 10
27.7761
 20
32.215599999999995
  0
LWPOLYLINE
  5
121
330
17
100
AcDbEntity
  8
PARTS
100
AcDbPolyline
 90
2
 70
0
 10
27.7775
 20
32.211
 10
27.7746
 20
32.211
  0
LWPOLYLINE
  5
122
330
17
100
AcDbEntity
  8
PARTS
100
AcDbPolyline
 90
2
 70
0
 10
27.770200000000003
 20
32.2033
 10
27.766
 20
32.201
  0
LWPOLYLINE
  5
123
330
17
100
AcDbEntity
  8
PARTS
100
AcDbPolyline
 90
2
 70
0
 10
27.7775
 20
32.221000000000004
 10
27.7761
 20
32.215599999999995
  0
LWPOLYLINE
  5
124
330
17
100
AcDbEntity
  8
PARTS
100
AcDbPolyline
 90
2
 70
0
 10
28.184
 20
32.251000000000005
 10
28.134
 20
32.201
  0
LWPOLYLINE
  5
125
330
17
100
AcDbEntity
  8
PARTS
100
AcDbPolyline
 90
2
 70
0
 10
27.7708
 20
33.468
 10
27.7703
 20
33.466300000000004
  0
LWPOLYLINE
  5
126
330
17
100
AcDbEntity
  8
PARTS
100
AcDbPolyline
 90
2
 70
0
 10
27.7746
 20
32.221000000000004
 10
27.7746
 20
32.211
  0
LWPOLYLINE
  5
127
330
17
100
AcDbEntity
  8
PARTS
100
AcDbPolyline
 90
2
 70
0
 10
27.7703
 20
32.235600000000005
 10
27.7605
 20
32.221000000000004
  0
LWPOLYLINE
  5
128
330
17
100
AcDbEntity
  8
PARTS
100
AcDbPolyline
 90
2
 70
0
 10
27.7605
 20
33.481
 10
27.7703
 20
33.466300000000004
  0
LWPOLYLINE
  5
129
330
17
100
AcDbEntity
  8
PARTS
100
AcDbPolyline
 90
2
 70
0
 10
27.7746
 20
33.481
 10
27.7746
 20
33.491
  0
LWPOLYLINE
  5
12A
330
17
100
AcDbEntity
  8
PARTS
100
AcDbPolyline
 90
2
 70
0
 10
27.7746
 20
32.221000000000004
 10
27.7761
 20
32.215599999999995
  0
LWPOLYLINE
  5
12B
330
17
100
AcDbEntity
  8
PARTS
100
AcDbPolyline
 90
2
 70
0
 10
27.7775
 20
32.211
 10
27.7768
 20
32.2134
  0
LWPOLYLINE
  5
12C
330
17
100
AcDbEntity
  8
PARTS
100
AcDbPolyline
 90
2
 70
0
 10
27.7761
 20
32.215599999999995
 10
27.7746
 20
32.221000000000004
  0
LWPOLYLINE
  5
12D
330
17
100
AcDbEntity
  8
PARTS
100
AcDbPolyline
 90
2
 70
0
 10
27.7746
 20
33.481
 10
27.7761
 20
33.4863
  0
LWPOLYLINE
  5
12E
330
17
100
AcDbEntity
  8
PARTS
100
AcDbPolyline
 90
2
 70
0
 10
27.7768
 20
33.4885
 10
27.7775
 20
33.491
  0
LWPOLYLINE
  5
12F
330
17
100
AcDbEntity
  8
PARTS
100
AcDbPolyline
 90
2
 70
0
 10
27.7746
 20
33.481
 10
27.7761
 20
33.4863
  0
LWPOLYLINE
  5
130
330
17
100
AcDbEntity
  8
PARTS
100
AcDbPolyline
 90
2
 70
0
 10
26.184
 20
32.251000000000005
 10
26.184
 20
33.451
  0
LWPOLYLINE
  5
131
330
17
100
AcDbEntity
  8
PARTS
100
AcDbPolyline
 90
2
 70
0
 10
26.184
 20
33.451
 10
26.184
 20
32.251000000000005
  0
LWPOLYLINE
  5
132
330
17
100
AcDbEntity
  8
PARTS
100
AcDbPolyline
 90
2
 70
0
 10
26.184
 20
32.251000000000005
 10
26.234
 20
32.201
  0
LWPOLYLINE
  5
133
330
17
100
AcDbEntity
  8
PARTS
100
AcDbPolyline
 90
2
 70
0
 10
26.234
 20
33.501000000000005
 10
26.184
 20
33.451
  0
LWPOLYLINE
  5
134
330
17
100
AcDbEntity
  8
PARTS
100
AcDbPolyline
 90
2
 70
0
 10
26.184
 20
33.451
 10
26.234
 20
33.501000000000005
  0
LWPOLYLINE
  5
135
330
17
100
AcDbEntity
  8
PARTS
100
AcDbPolyline
 90
2
 70
0
 10
26.595
 20
32.2261
 10
26.5977
 20
32.235600000000005
  0
LWPOLYLINE
  5
136
330
17
100
AcDbEntity
  8
PARTS
100
AcDbPolyline
 90
2
 70
0
 10
26.5972
 20
33.468
 10
26.5977
 20
33.466300000000004
  0
LWPOLYLINE
  5
137
330
17
100
AcDbEntity
  8
PARTS
100
AcDbPolyline
 90
2
 70
0
 10
26.6075
 20
32.221000000000004
 10
26.5977
 20
32.235600000000005
  0
LWPOLYLINE
  5
138
330
17
100
AcDbEntity
  8
PARTS
100
AcDbPolyline
 90
2
 70
0
 10
26.5935
 20
32.221000000000004
 10
26.5935
 20
32.211
  0
LWPOLYLINE
  5
139
330
17
100
AcDbEntity
  8
PARTS
100
AcDbPolyline
 90
2
 70
0
 10
26.5935
 20
33.481
 10
26.5935
 20
33.491
  0
LWPOLYLINE
  5
13A
330
17
100
AcDbEntity
  8
PARTS
100
AcDbPolyline
 90
2
 70
0
 10
26.5977
 20
33.466300000000004
 10
26.6075
 20
33.481
  0
LWPOLYLINE
  5
13B
330
17
100
AcDbEntity
  8
PARTS
100
AcDbPolyline
 90
2
 70
0
 10
26.591900000000003
 20
33.4863
 10
26.5935
 20
33.481
  0
LWPOLYLINE
  5
13C
330
17
100
AcDbEntity
  8
PARTS
100
AcDbPolyline
 90
2
 70
0
 10
26.5935
 20
33.481
 10
26.591900000000003
 20
33.4863
  0
LWPOLYLINE
  5
13D
330
17
100
AcDbEntity
  8
PARTS
100
AcDbPolyline
 90
2
 70
0
 10
26.5913
 20
33.4885
 10
26.5905
 20
33.491
  0
LWPOLYLINE
  5
13E
330
17
100
AcDbEntity
  8
PARTS
100
AcDbPolyline
 90
2
 70
0
 10
26.591900000000003
 20
32.215599999999995
 10
26.5935
 20
32.221000000000004
  0
LWPOLYLINE
  5
13F
330
17
100
AcDbEntity
  8
PARTS
100
AcDbPolyline
 90
2
 70
0
 10
26.591900000000003
 20
32.215599999999995
 10
26.5935
 20
32.221000000000004
  0
LWPOLYLINE
  5
140
330
17
100
AcDbEntity
  8
PARTS
100
AcDbPolyline
 90
2
 70
0
 10
27.1284
 20
33.491
 10
27.1284
 20
33.481
  0
LWPOLYLINE
  5
141
330
17
100
AcDbEntity
  8
PARTS
100
AcDbPolyline
 90
2
 70
0
 10
27.1284
 20
33.491
 10
27.152700000000003
 20
33.491
  0
LWPOLYLINE
  5
142
330
17
100
AcDbEntity
  8
PARTS
100
AcDbPolyline
 90
2
 70
0
 10
27.152700000000003
 20
33.491
 10
27.152700000000003
 20
33.481
  0
LWPOLYLINE
  5
143
330
17
100
AcDbEntity
  8
PARTS
100
AcDbPolyline
 90
2
 70
0
 10
27.160600000000002
 20
33.491
 10
27.160600000000002
 20
33.481
  0
LWPOLYLINE
  5
144
330
17
100
AcDbEntity
  8
PARTS
100
AcDbPolyline
 90
2
 70
0
 10
27.152700000000003
 20
33.491
 10
27.160600000000002
 20
33.491
  0
LWPOLYLINE
  5
145
330
17
100
AcDbEntity
  8
PARTS
100
AcDbPolyline
 90
2
 70
0
 10
27.080199999999998
 20
33.491
 10
27.080199999999998
 20
33.481
  0
LWPOLYLINE
  5
146
330
17
100
AcDbEntity
  8
PARTS
100
AcDbPolyline
 90
2
 70
0
 10
27.080199999999998
 20
33.491
 10
27.0947
 20
33.491
  0
LWPOLYLINE
  5
147
330
17
100
AcDbEntity
  8
PARTS
100
AcDbPolyline
 90
2
 70
0
 10
27.0947
 20
33.491
 10
27.1171
 20
33.491
  0
LWPOLYLINE
  5
148
330
17
100
AcDbEntity
  8
PARTS
100
AcDbPolyline
 90
2
 70
0
 10
27.1171
 20
33.491
 10
27.1259
 20
33.491
  0
LWPOLYLINE
  5
149
330
17
100
AcDbEntity
  8
PARTS
100
AcDbPolyline
 90
2
 70
0
 10
27.1259
 20
33.491
 10
27.1259
 20
33.481
  0
LWPOLYLINE
  5
14A
330
17
100
AcDbEntity
  8
PARTS
100
AcDbPolyline
 90
2
 70
0
 10
27.0352
 20
33.491
 10
27.0352
 20
33.481
  0
LWPOLYLINE
  5
14B
330
17
100
AcDbEntity
  8
PARTS
100
AcDbPolyline
 90
2
 70
0
 10
27.0352
 20
33.491
 10
27.0366
 20
33.491
  0
LWPOLYLINE
  5
14C
330
17
100
AcDbEntity
  8
PARTS
100
AcDbPolyline
 90
2
 70
0
 10
27.0366
 20
33.491
 10
27.0366
 20
33.481
  0
LWPOLYLINE
  5
14D
330
17
100
AcDbEntity
  8
PARTS
100
AcDbPolyline
 90
2
 70
0
 10
27.067999999999998
 20
33.491
 10
27.067999999999998
 20
33.481
  0
LWPOLYLINE
  5
14E
330
17
100
AcDbEntity
  8
PARTS
100
AcDbPolyline
 90
2
 70
0
 10
27.0366
 20
33.491
 10
27.067999999999998
 20
33.491
  0
LWPOLYLINE
  5
14F
330
17
100
AcDbEntity
  8
PARTS
100
AcDbPolyline
 90
2
 70
0
 10
26.974
 20
33.491
 10
26.9832
 20
33.491
  0
LWPOLYLINE
  5
150
330
17
100
AcDbEntity
  8
PARTS
100
AcDbPolyline
 90
2
 70
0
 10
26.9832
 20
33.491
 10
27.006300000000003
 20
33.491
  0
LWPOLYLINE
  5
151
330
17
100
AcDbEntity
  8
PARTS
100
AcDbPolyline
 90
2
 70
0
 10
27.006300000000003
 20
33.491
 10
27.023699999999998
 20
33.491
  0
LWPOLYLINE
  5
152
330
17
100
AcDbEntity
  8
PARTS
100
AcDbPolyline
 90
2
 70
0
 10
26.974
 20
33.491
 10
26.974
 20
33.481
  0
LWPOLYLINE
  5
153
330
17
100
AcDbEntity
  8
PARTS
100
AcDbPolyline
 90
2
 70
0
 10
27.023699999999998
 20
33.491
 10
27.023699999999998
 20
33.481
  0
LWPOLYLINE
  5
154
330
17
100
AcDbEntity
  8
PARTS
100
AcDbPolyline
 90
2
 70
0
 10
26.9157
 20
33.491
 10
26.939
 20
33.491
  0
LWPOLYLINE
  5
155
330
17
100
AcDbEntity
  8
PARTS
100
AcDbPolyline
 90
2
 70
0
 10
26.939
 20
33.491
 10
26.947400000000002
 20
33.491
  0
LWPOLYLINE
  5
156
330
17
100
AcDbEntity
  8
PARTS
100
AcDbPolyline
 90
2
 70
0
 10
26.947400000000002
 20
33.491
 10
26.9706
 20
33.491
  0
LWPOLYLINE
  5
157
330
17
100
AcDbEntity
  8
PARTS
100
AcDbPolyline
 90
2
 70
0
 10
26.939
 20
33.491
 10
26.939
 20
33.481
  0
LWPOLYLINE
  5
158
330
17
100
AcDbEntity
  8
PARTS
100
AcDbPolyline
 90
2
 70
0
 10
26.9157
 20
33.491
 10
26.9157
 20
33.481
  0
LWPOLYLINE
  5
159
330
17
100
AcDbEntity
  8
PARTS
100
AcDbPolyline
 90
2
 70
0
 10
26.947400000000002
 20
33.491
 10
26.947400000000002
 20
33.481
  0
LWPOLYLINE
  5
15A
330
17
100
AcDbEntity
  8
PARTS
100
AcDbPolyline
 90
2
 70
0
 10
26.9706
 20
33.491
 10
26.9706
 20
33.481
  0
LWPOLYLINE
  5
15B
330
17
100
AcDbEntity
  8
PARTS
100
AcDbPolyline
 90
2
 70
0
 10
27.1278
 20
33.491
 10
27.1278
 20
33.481
  0
LWPOLYLINE
  5
15C
330
17
100
AcDbEntity
  8
PARTS
100
AcDbPolyline
 90
2
 70
0
 10
27.1278
 20
33.491
 10
27.1284
 20
33.491
  0
LWPOLYLINE
  5
15D
330
17
100
AcDbEntity
  8
PARTS
100
AcDbPolyline
 90
2
 70
0
 10
27.075000000000003
 20
33.491
 10
27.0751
 20
33.491
  0
LWPOLYLINE
  5
15E
330
17
100
AcDbEntity
  8
PARTS
100
AcDbPolyline
 90
2
 70
0
 10
27.0751
 20
33.491
 10
27.0751
 20
33.481
  0
LWPOLYLINE
  5
15F
330
17
100
AcDbEntity
  8
PARTS
100
AcDbPolyline
 90
2
 70
0
 10
27.067999999999998
 20
33.491
 10
27.0702
 20
33.491
  0
LWPOLYLINE
  5
160
330
17
100
AcDbEntity
  8
PARTS
100
AcDbPolyline
 90
2
 70
0
 10
27.0702
 20
33.491
 10
27.075000000000003
 20
33.491
  0
LWPOLYLINE
  5
161
330
17
100
AcDbEntity
  8
PARTS
100
AcDbPolyline
 90
2
 70
0
 10
27.075000000000003
 20
33.491
 10
27.075000000000003
 20
33.481
  0
LWPOLYLINE
  5
162
330
17
100
AcDbEntity
  8
PARTS
100
AcDbPolyline
 90
2
 70
0
 10
27.0331
 20
33.491
 10
27.0331
 20
33.481
  0
LWPOLYLINE
  5
163
330
17
100
AcDbEntity
  8
PARTS
100
AcDbPolyline
 90
2
 70
0
 10
27.023699999999998
 20
33.491
 10
27.0331
 20
33.491
  0
LWPOLYLINE
  5
164
330
17
100
AcDbEntity
  8
PARTS
100
AcDbPolyline
 90
2
 70
0
 10
27.0331
 20
33.491
 10
27.0352
 20
33.491
  0
LWPOLYLINE
  5
165
330
17
100
AcDbEntity
  8
PARTS
100
AcDbPolyline
 90
2
 70
0
 10
26.9706
 20
33.491
 10
26.974
 20
33.491
  0
LWPOLYLINE
  5
166
330
17
100
AcDbEntity
  8
PARTS
100
AcDbPolyline
 90
2
 70
0
 10
26.8976
 20
33.491
 10
26.9068
 20
33.491
  0
LWPOLYLINE
  5
167
330
17
100
AcDbEntity
  8
PARTS
100
AcDbPolyline
 90
2
 70
0
 10
26.9068
 20
33.491
 10
26.9157
 20
33.491
  0
LWPOLYLINE
  5
168
330
17
100
AcDbEntity
  8
PARTS
100
AcDbPolyline
 90
2
 70
0
 10
26.8976
 20
33.491
 10
26.8976
 20
33.481
  0
LWPOLYLINE
  5
169
330
17
100
AcDbEntity
  8
PARTS
100
AcDbPolyline
 90
2
 70
0
 10
26.8393
 20
33.491
 10
26.8626
 20
33.491
  0
LWPOLYLINE
  5
16A
330
17
100
AcDbEntity
  8
PARTS
100
AcDbPolyline
 90
2
 70
0
 10
26.8626
 20
33.491
 10
26.871000000000002
 20
33.491
  0
LWPOLYLINE
  5
16B
330
17
100
AcDbEntity
  8
PARTS
100
AcDbPolyline
 90
2
 70
0
 10
26.871000000000002
 20
33.491
 10
26.894199999999998
 20
33.491
  0
LWPOLYLINE
  5
16C
330
17
100
AcDbEntity
  8
PARTS
100
AcDbPolyline
 90
2
 70
0
 10
26.8626
 20
33.491
 10
26.8626
 20
33.481
  0
LWPOLYLINE
  5
16D
330
17
100
AcDbEntity
  8
PARTS
100
AcDbPolyline
 90
2
 70
0
 10
26.8393
 20
33.491
 10
26.8393
 20
33.481
  0
LWPOLYLINE
  5
16E
330
17
100
AcDbEntity
  8
PARTS
100
AcDbPolyline
 90
2
 70
0
 10
26.871000000000002
 20
33.491
 10
26.871000000000002
 20
33.481
  0
LWPOLYLINE
  5
16F
330
17
100
AcDbEntity
  8
PARTS
100
AcDbPolyline
 90
2
 70
0
 10
26.894199999999998
 20
33.491
 10
26.894199999999998
 20
33.481
  0
LWPOLYLINE
  5
170
330
17
100
AcDbEntity
  8
PARTS
100
AcDbPolyline
 90
2
 70
0
 10
27.2106
 20
33.491
 10
27.253500000000003
 20
33.491
  0
LWPOLYLINE
  5
171
330
17
100
AcDbEntity
  8
PARTS
100
AcDbPolyline
 90
2
 70
0
 10
27.253500000000003
 20
33.491
 10
27.2769
 20
33.491
  0
LWPOLYLINE
  5
172
330
17
100
AcDbEntity
  8
PARTS
100
AcDbPolyline
 90
2
 70
0
 10
27.2769
 20
33.491
 10
27.335900000000002
 20
33.491
  0
LWPOLYLINE
  5
173
330
17
100
AcDbEntity
  8
PARTS
100
AcDbPolyline
 90
2
 70
0
 10
27.335900000000002
 20
33.491
 10
27.387999999999998
 20
33.491
  0
LWPOLYLINE
  5
174
330
17
100
AcDbEntity
  8
PARTS
100
AcDbPolyline
 90
2
 70
0
 10
27.387999999999998
 20
33.491
 10
27.4071
 20
33.491
  0
LWPOLYLINE
  5
175
330
17
100
AcDbEntity
  8
PARTS
100
AcDbPolyline
 90
2
 70
0
 10
27.4071
 20
33.491
 10
27.417099999999998
 20
33.491
  0
LWPOLYLINE
  5
176
330
17
100
AcDbEntity
  8
PARTS
100
AcDbPolyline
 90
2
 70
0
 10
27.417099999999998
 20
33.491
 10
27.466900000000003
 20
33.491
  0
LWPOLYLINE
  5
177
330
17
100
AcDbEntity
  8
PARTS
100
AcDbPolyline
 90
2
 70
0
 10
27.466900000000003
 20
33.491
 10
27.4873
 20
33.491
  0
LWPOLYLINE
  5
178
330
17
100
AcDbEntity
  8
PARTS
100
AcDbPolyline
 90
2
 70
0
 10
27.2106
 20
33.491
 10
27.2106
 20
33.481
  0
LWPOLYLINE
  5
179
330
17
100
AcDbEntity
  8
PARTS
100
AcDbPolyline
 90
2
 70
0
 10
27.253500000000003
 20
33.491
 10
27.253500000000003
 20
33.481
  0
LWPOLYLINE
  5
17A
330
17
100
AcDbEntity
  8
PARTS
100
AcDbPolyline
 90
2
 70
0
 10
27.2769
 20
33.491
 10
27.2769
 20
33.481
  0
LWPOLYLINE
  5
17B
330
17
100
AcDbEntity
  8
PARTS
100
AcDbPolyline
 90
2
 70
0
 10
27.4071
 20
33.491
 10
27.4071
 20
33.481
  0
LWPOLYLINE
  5
17C
330
17
100
AcDbEntity
  8
PARTS
100
AcDbPolyline
 90
2
 70
0
 10
27.4873
 20
33.491
 10
27.4873
 20
33.481
  0
LWPOLYLINE
  5
17D
330
17
100
AcDbEntity
  8
PARTS
100
AcDbPolyline
 90
2
 70
0
 10
27.684
 20
35.146
 10
27.5286
 20
35.146
  0
LWPOLYLINE
  5
17E
330
17
100
AcDbEntity
  8
PARTS
100
AcDbPolyline
 90
2
 70
0
 10
27.251800000000003
 20
35.146
 10
27.201900000000002
 20
35.146
  0
LWPOLYLINE
  5
17F
330
17
100
AcDbEntity
  8
PARTS
100
AcDbPolyline
 90
2
 70
0
 10
27.1691
 20
35.146
 10
27.1672
 20
35.146
  0
LWPOLYLINE
  5
180
330
17
100
AcDbEntity
  8
PARTS
100
AcDbPolyline
 90
2
 70
0
 10
27.1215
 20
35.146
 10
27.1164
 20
35.146
  0
LWPOLYLINE
  5
181
330
17
100
AcDbEntity
  8
PARTS
100
AcDbPolyline
 90
2
 70
0
 10
26.9389
 20
35.146
 10
26.9355
 20
35.146
  0
LWPOLYLINE
  5
182
330
17
100
AcDbEntity
  8
PARTS
100
AcDbPolyline
 90
2
 70
0
 10
26.8806
 20
35.146
 10
26.684
 20
35.146
  0
LWPOLYLINE
  5
183
330
17
100
AcDbEntity
  8
PARTS
100
AcDbPolyline
 90
2
 70
0
 10
26.6358
 20
35.146
 10
27.7322
 20
35.146
  0
LWPOLYLINE
  5
184
330
17
100
AcDbEntity
  8
PARTS
100
AcDbPolyline
 90
2
 70
0
 10
27.7348
 20
34.366
 10
27.7384
 20
34.366
  0
LWPOLYLINE
  5
185
330
17
100
AcDbEntity
  8
PARTS
100
AcDbPolyline
 90
2
 70
0
 10
27.7337
 20
34.366
 10
26.6343
 20
34.366
  0
LWPOLYLINE
  5
186
330
17
100
AcDbEntity
  8
PARTS
100
AcDbPolyline
 90
2
 70
0
 10
27.7348
 20
35.1402
 10
27.7348
 20
35.1533
  0
LWPOLYLINE
  5
187
330
17
100
AcDbEntity
  8
PARTS
100
AcDbPolyline
 90
2
 70
0
 10
27.7364
 20
35.146
 10
27.7367
 20
35.147
  0
LWPOLYLINE
  5
188
330
17
100
AcDbEntity
  8
PARTS
100
AcDbPolyline
 90
2
 70
0
 10
27.7348
 20
35.1533
 10
27.7384
 20
35.1533
  0
LWPOLYLINE
  5
189
330
17
100
AcDbEntity
  8
PARTS
100
AcDbPolyline
 90
2
 70
0
 10
26.6358
 20
35.156
 10
26.684
 20
35.156
  0
LWPOLYLINE
  5
18A
330
17
100
AcDbEntity
  8
PARTS
100
AcDbPolyline
 90
2
 70
0
 10
26.404
 20
35.156
 10
26.6358
 20
35.156
  0
LWPOLYLINE
  5
18B
330
17
100
AcDbEntity
  8
PARTS
100
AcDbPolyline
 90
8
 70
0
 10
26.6358
 20
34.376000000000005
 10
26.6595
 20
34.4831
 10
26.6753
 20
34.5917
 10
26.6831
 20
34.7012
 10
26.6829
 20
34.810900000000004
 10
26.6747
 20
34.9204
 10
26.6585
 20
35.0289
 10
26.6343
 20
35.135999999999996
  0
LWPOLYLINE
  5
18C
330
17
100
AcDbEntity
  8
PARTS
100
AcDbPolyline
 90
2
 70
0
 10
26.684
 20
34.356
 10
26.6343
 20
34.356
  0
LWPOLYLINE
  5
18D
330
17
100
AcDbEntity
  8
PARTS
100
AcDbPolyline
 90
2
 70
0
 10
26.6343
 20
34.356
 10
26.404
 20
34.356
  0
LWPOLYLINE
  5
18E
330
17
100
AcDbEntity
  8
PARTS
100
AcDbPolyline
 90
2
 70
0
 10
26.6343
 20
34.356
 10
26.631700000000002
 20
34.358599999999996
  0
LWPOLYLINE
  5
18F
330
17
100
AcDbEntity
  8
PARTS
100
AcDbPolyline
 90
2
 70
0
 10
26.631700000000002
 20
34.358599999999996
 10
26.6312
 20
34.358599999999996
  0
LWPOLYLINE
  5
190
330
17
100
AcDbEntity
  8
PARTS
100
AcDbPolyline
 90
2
 70
0
 10
26.6312
 20
34.358599999999996
 10
26.6314
 20
34.359300000000005
  0
LWPOLYLINE
  5
191
330
17
100
AcDbEntity
  8
PARTS
100
AcDbPolyline
 90
2
 70
0
 10
26.6314
 20
34.359300000000005
 10
26.6297
 20
34.366
  0
LWPOLYLINE
  5
192
330
17
100
AcDbEntity
  8
PARTS
100
AcDbPolyline
 90
2
 70
0
 10
26.6297
 20
34.366
 10
26.633200000000002
 20
34.366
  0
LWPOLYLINE
  5
193
330
17
100
AcDbEntity
  8
PARTS
100
AcDbPolyline
 90
2
 70
0
 10
26.633200000000002
 20
34.366
 10
26.6358
 20
34.376000000000005
  0
LWPOLYLINE
  5
194
330
17
100
AcDbEntity
  8
PARTS
100
AcDbPolyline
 90
2
 70
0
 10
26.6343
 20
35.135999999999996
 10
26.631700000000002
 20
35.146
  0
LWPOLYLINE
  5
195
330
17
100
AcDbEntity
  8
PARTS
100
AcDbPolyline
 90
2
 70
0
 10
26.631700000000002
 20
35.146
 10
26.6312
 20
35.146
  0
LWPOLYLINE
  5
196
330
17
100
AcDbEntity
  8
PARTS
100
AcDbPolyline
 90
2
 70
0
 10
26.6312
 20
35.146
 10
26.6314
 20
35.147
  0
LWPOLYLINE
  5
197
330
17
100
AcDbEntity
  8
PARTS
100
AcDbPolyline
 90
2
 70
0
 10
26.6314
 20
35.147
 10
26.6297
 20
35.1533
  0
LWPOLYLINE
  5
198
330
17
100
AcDbEntity
  8
PARTS
100
AcDbPolyline
 90
2
 70
0
 10
26.6297
 20
35.1533
 10
26.633200000000002
 20
35.1533
  0
LWPOLYLINE
  5
199
330
17
100
AcDbEntity
  8
PARTS
100
AcDbPolyline
 90
2
 70
0
 10
26.633200000000002
 20
35.1533
 10
26.6358
 20
35.156
  0
LWPOLYLINE
  5
19A
330
17
100
AcDbEntity
  8
PARTS
100
AcDbPolyline
 90
2
 70
0
 10
26.631700000000002
 20
35.146
 10
26.6314
 20
35.147
  0
LWPOLYLINE
  5
19B
330
17
100
AcDbEntity
  8
PARTS
100
AcDbPolyline
 90
2
 70
0
 10
26.633200000000002
 20
35.1402
 10
26.633200000000002
 20
35.1533
  0
LWPOLYLINE
  5
19C
330
17
100
AcDbEntity
  8
PARTS
100
AcDbPolyline
 90
2
 70
0
 10
27.684
 20
34.356
 10
27.7337
 20
34.356
  0
LWPOLYLINE
  5
19D
330
17
100
AcDbEntity
  8
PARTS
100
AcDbPolyline
 90
2
 70
0
 10
27.964
 20
34.356
 10
27.7337
 20
34.356
  0
LWPOLYLINE
  5
19E
330
17
100
AcDbEntity
  8
PARTS
100
AcDbPolyline
 90
8
 70
0
 10
27.7322
 20
34.376000000000005
 10
27.7085
 20
34.4831
 10
27.692700000000002
 20
34.5917
 10
27.6849
 20
34.7012
 10
27.6851
 20
34.810900000000004
 10
27.6934
 20
34.9204
 10
27.709600000000002
 20
35.0289
 10
27.7337
 20
35.135999999999996
  0
LWPOLYLINE
  5
19F
330
17
100
AcDbEntity
  8
PARTS
100
AcDbPolyline
 90
2
 70
0
 10
27.7322
 20
35.156
 10
27.684
 20
35.156
  0
LWPOLYLINE
  5
1A0
330
17
100
AcDbEntity
  8
PARTS
100
AcDbPolyline
 90
2
 70
0
 10
27.7322
 20
35.156
 10
27.964
 20
35.156
  0
LWPOLYLINE
  5
1A1
330
17
100
AcDbEntity
  8
PARTS
100
AcDbPolyline
 90
2
 70
0
 10
27.984
 20
35.135999999999996
 10
27.984
 20
34.376000000000005
  0
LWPOLYLINE
  5
1A2
330
17
100
AcDbEntity
  8
PARTS
100
AcDbPolyline
 90
2
 70
0
 10
27.7337
 20
35.135999999999996
 10
27.7364
 20
35.146
  0
LWPOLYLINE
  5
1A3
330
17
100
AcDbEntity
  8
PARTS
100
AcDbPolyline
 90
2
 70
0
 10
27.7348
 20
35.1533
 10
27.7322
 20
35.156
  0
LWPOLYLINE
  5
1A4
330
17
100
AcDbEntity
  8
PARTS
100
AcDbPolyline
 90
2
 70
0
 10
27.7367
 20
35.147
 10
27.7384
 20
35.1533
  0
LWPOLYLINE
  5
1A5
330
17
100
AcDbEntity
  8
PARTS
100
AcDbPolyline
 90
2
 70
0
 10
27.736800000000002
 20
35.146
 10
27.7367
 20
35.147
  0
LWPOLYLINE
  5
1A6
330
17
100
AcDbEntity
  8
PARTS
100
AcDbPolyline
 90
2
 70
0
 10
27.736800000000002
 20
35.146
 10
27.7364
 20
35.146
  0
LWPOLYLINE
  5
1A7
330
17
100
AcDbEntity
  8
PARTS
100
AcDbPolyline
 90
2
 70
0
 10
27.984
 20
35.135999999999996
 10
27.964
 20
35.156
  0
LWPOLYLINE
  5
1A8
330
17
100
AcDbEntity
  8
PARTS
100
AcDbPolyline
 90
2
 70
0
 10
27.7337
 20
34.356
 10
27.7364
 20
34.358599999999996
  0
LWPOLYLINE
  5
1A9
330
17
100
AcDbEntity
  8
PARTS
100
AcDbPolyline
 90
2
 70
0
 10
27.7348
 20
34.366
 10
27.7322
 20
34.376000000000005
  0
LWPOLYLINE
  5
1AA
330
17
100
AcDbEntity
  8
PARTS
100
AcDbPolyline
 90
2
 70
0
 10
27.7367
 20
34.359300000000005
 10
27.7384
 20
34.366
  0
LWPOLYLINE
  5
1AB
330
17
100
AcDbEntity
  8
PARTS
100
AcDbPolyline
 90
2
 70
0
 10
27.736800000000002
 20
34.358599999999996
 10
27.7367
 20
34.359300000000005
  0
LWPOLYLINE
  5
1AC
330
17
100
AcDbEntity
  8
PARTS
100
AcDbPolyline
 90
2
 70
0
 10
27.736800000000002
 20
34.358599999999996
 10
27.7364
 20
34.358599999999996
  0
LWPOLYLINE
  5
1AD
330
17
100
AcDbEntity
  8
PARTS
100
AcDbPolyline
 90
2
 70
0
 10
27.984
 20
34.376000000000005
 10
27.964
 20
34.356
  0
LWPOLYLINE
  5
1AE
330
17
100
AcDbEntity
  8
PARTS
100
AcDbPolyline
 90
2
 70
0
 10
27.7364
 20
35.146
 10
27.7367
 20
35.147
  0
LWPOLYLINE
  5
1AF
330
17
100
AcDbEntity
  8
PARTS
100
AcDbPolyline
 90
2
 70
0
 10
27.736800000000002
 20
34.358599999999996
 10
27.7364
 20
34.3602
  0
LWPOLYLINE
  5
1B0
330
17
100
AcDbEntity
  8
PARTS
100
AcDbPolyline
 90
2
 70
0
 10
27.7364
 20
34.3602
 10
27.7364
 20
34.358599999999996
  0
LWPOLYLINE
  5
1B1
330
17
100
AcDbEntity
  8
PARTS
100
AcDbPolyline
 90
2
 70
0
 10
27.7364
 20
34.3602
 10
27.7367
 20
34.359300000000005
  0
LWPOLYLINE
  5
1B2
330
17
100
AcDbEntity
  8
PARTS
100
AcDbPolyline
 90
2
 70
0
 10
27.7347
 20
34.3665
 10
27.7347
 20
34.3666
  0
LWPOLYLINE
  5
1B3
330
17
100
AcDbEntity
  8
PARTS
100
AcDbPolyline
 90
2
 70
0
 10
27.7347
 20
34.3666
 10
27.7337
 20
34.366
  0
LWPOLYLINE
  5
1B4
330
17
100
AcDbEntity
  8
PARTS
100
AcDbPolyline
 90
2
 70
0
 10
27.7347
 20
35.1396
 10
27.7347
 20
35.1396
  0
LWPOLYLINE
  5
1B5
330
17
100
AcDbEntity
  8
PARTS
100
AcDbPolyline
 90
2
 70
0
 10
27.7322
 20
35.146
 10
27.7347
 20
35.1396
  0
LWPOLYLINE
  5
1B6
330
17
100
AcDbEntity
  8
PARTS
100
AcDbPolyline
 90
2
 70
0
 10
26.384
 20
34.376000000000005
 10
26.384
 20
35.135999999999996
  0
LWPOLYLINE
  5
1B7
330
17
100
AcDbEntity
  8
PARTS
100
AcDbPolyline
 90
2
 70
0
 10
26.404
 20
34.356
 10
26.384
 20
34.376000000000005
  0
LWPOLYLINE
  5
1B8
330
17
100
AcDbEntity
  8
PARTS
100
AcDbPolyline
 90
2
 70
0
 10
26.384
 20
34.376000000000005
 10
26.404
 20
34.356
  0
LWPOLYLINE
  5
1B9
330
17
100
AcDbEntity
  8
PARTS
100
AcDbPolyline
 90
2
 70
0
 10
26.384
 20
35.135999999999996
 10
26.404
 20
35.156
  0
LWPOLYLINE
  5
1BA
330
17
100
AcDbEntity
  8
PARTS
100
AcDbPolyline
 90
2
 70
0
 10
26.6343
 20
34.366
 10
26.6334
 20
34.3666
  0
LWPOLYLINE
  5
1BB
330
17
100
AcDbEntity
  8
PARTS
100
AcDbPolyline
 90
2
 70
0
 10
26.6333
 20
34.3665
 10
26.6334
 20
34.3666
  0
LWPOLYLINE
  5
1BC
330
17
100
AcDbEntity
  8
PARTS
100
AcDbPolyline
 90
2
 70
0
 10
26.6314
 20
34.359300000000005
 10
26.631700000000002
 20
34.3602
  0
LWPOLYLINE
  5
1BD
330
17
100
AcDbEntity
  8
PARTS
100
AcDbPolyline
 90
2
 70
0
 10
26.631700000000002
 20
34.3602
 10
26.631700000000002
 20
34.358599999999996
  0
LWPOLYLINE
  5
1BE
330
17
100
AcDbEntity
  8
PARTS
100
AcDbPolyline
 90
2
 70
0
 10
26.6334
 20
35.1396
 10
26.6334
 20
35.1396
  0
LWPOLYLINE
  5
1BF
330
17
100
AcDbEntity
  8
PARTS
100
AcDbPolyline
 90
2
 70
0
 10
26.6314
 20
35.147
 10
26.631700000000002
 20
35.146
  0
LWPOLYLINE
  5
1C0
330
17
100
AcDbEntity
  8
PARTS
100
AcDbPolyline
 90
2
 70
0
 10
26.6334
 20
35.1396
 10
26.6358
 20
35.146
  0
LWPOLYLINE
  5
1C1
330
17
100
AcDbEntity
  8
PARTS
100
AcDbPolyline
 90
2
 70
0
 10
26.6312
 20
34.358599999999996
 10
26.631700000000002
 20
34.3602
  0
LWPOLYLINE
  5
1C2
330
17
100
AcDbEntity
  8
PARTS
100
AcDbPolyline
 90
2
 70
0
 10
27.1697
 20
35.156
 10
27.1697
 20
35.146
  0
LWPOLYLINE
  5
1C3
330
17
100
AcDbEntity
  8
PARTS
100
AcDbPolyline
 90
2
 70
0
 10
27.1697
 20
35.156
 10
27.194000000000003
 20
35.156
  0
LWPOLYLINE
  5
1C4
330
17
100
AcDbEntity
  8
PARTS
100
AcDbPolyline
 90
2
 70
0
 10
27.194000000000003
 20
35.156
 10
27.194000000000003
 20
35.146
  0
LWPOLYLINE
  5
1C5
330
17
100
AcDbEntity
  8
PARTS
100
AcDbPolyline
 90
2
 70
0
 10
27.201900000000002
 20
35.156
 10
27.201900000000002
 20
35.146
  0
LWPOLYLINE
  5
1C6
330
17
100
AcDbEntity
  8
PARTS
100
AcDbPolyline
 90
2
 70
0
 10
27.194000000000003
 20
35.156
 10
27.201900000000002
 20
35.156
  0
LWPOLYLINE
  5
1C7
330
17
100
AcDbEntity
  8
PARTS
100
AcDbPolyline
 90
2
 70
0
 10
27.1215
 20
35.156
 10
27.1215
 20
35.146
  0
LWPOLYLINE
  5
1C8
330
17
100
AcDbEntity
  8
PARTS
100
AcDbPolyline
 90
2
 70
0
 10
27.1215
 20
35.156
 10
27.136000000000003
 20
35.156
  0
LWPOLYLINE
  5
1C9
330
17
100
AcDbEntity
  8
PARTS
100
AcDbPolyline
 90
2
 70
0
 10
27.136000000000003
 20
35.156
 10
27.1584
 20
35.156
  0
LWPOLYLINE
  5
1CA
330
17
100
AcDbEntity
  8
PARTS
100
AcDbPolyline
 90
2
 70
0
 10
27.1584
 20
35.156
 10
27.1672
 20
35.156
  0
LWPOLYLINE
  5
1CB
330
17
100
AcDbEntity
  8
PARTS
100
AcDbPolyline
 90
2
 70
0
 10
27.1672
 20
35.156
 10
27.1672
 20
35.146
  0
LWPOLYLINE
  5
1CC
330
17
100
AcDbEntity
  8
PARTS
100
AcDbPolyline
 90
2
 70
0
 10
27.076500000000003
 20
35.156
 10
27.076500000000003
 20
35.146
  0
LWPOLYLINE
  5
1CD
330
17
100
AcDbEntity
  8
PARTS
100
AcDbPolyline
 90
2
 70
0
 10
27.076500000000003
 20
35.156
 10
27.0779
 20
35.156
  0
LWPOLYLINE
  5
1CE
330
17
100
AcDbEntity
  8
PARTS
100
AcDbPolyline
 90
2
 70
0
 10
27.0779
 20
35.156
 10
27.0779
 20
35.146
  0
LWPOLYLINE
  5
1CF
330
17
100
AcDbEntity
  8
PARTS
100
AcDbPolyline
 90
2
 70
0
 10
27.1093
 20
35.156
 10
27.1093
 20
35.146
  0
LWPOLYLINE
  5
1D0
330
17
100
AcDbEntity
  8
PARTS
100
AcDbPolyline
 90
2
 70
0
 10
27.0779
 20
35.156
 10
27.1093
 20
35.156
  0
LWPOLYLINE
  5
1D1
330
17
100
AcDbEntity
  8
PARTS
100
AcDbPolyline
 90
2
 70
0
 10
27.0153
 20
35.156
 10
27.0245
 20
35.156
  0
LWPOLYLINE
  5
1D2
330
17
100
AcDbEntity
  8
PARTS
100
AcDbPolyline
 90
2
 70
0
 10
27.0245
 20
35.156
 10
27.047600000000003
 20
35.156
  0
LWPOLYLINE
  5
1D3
330
17
100
AcDbEntity
  8
PARTS
100
AcDbPolyline
 90
2
 70
0
 10
27.047600000000003
 20
35.156
 10
27.065
 20
35.156
  0
LWPOLYLINE
  5
1D4
330
17
100
AcDbEntity
  8
PARTS
100
AcDbPolyline
 90
2
 70
0
 10
27.0153
 20
35.156
 10
27.0153
 20
35.146
  0
LWPOLYLINE
  5
1D5
330
17
100
AcDbEntity
  8
PARTS
100
AcDbPolyline
 90
2
 70
0
 10
27.065
 20
35.156
 10
27.065
 20
35.146
  0
LWPOLYLINE
  5
1D6
330
17
100
AcDbEntity
  8
PARTS
100
AcDbPolyline
 90
2
 70
0
 10
26.957
 20
35.156
 10
26.9803
 20
35.156
  0
LWPOLYLINE
  5
1D7
330
17
100
AcDbEntity
  8
PARTS
100
AcDbPolyline
 90
2
 70
0
 10
26.9803
 20
35.156
 10
26.9887
 20
35.156
  0
LWPOLYLINE
  5
1D8
330
17
100
AcDbEntity
  8
PARTS
100
AcDbPolyline
 90
2
 70
0
 10
26.9887
 20
35.156
 10
27.0119
 20
35.156
  0
LWPOLYLINE
  5
1D9
330
17
100
AcDbEntity
  8
PARTS
100
AcDbPolyline
 90
2
 70
0
 10
26.9803
 20
35.156
 10
26.9803
 20
35.146
  0
LWPOLYLINE
  5
1DA
330
17
100
AcDbEntity
  8
PARTS
100
AcDbPolyline
 90
2
 70
0
 10
26.957
 20
35.156
 10
26.957
 20
35.146
  0
LWPOLYLINE
  5
1DB
330
17
100
AcDbEntity
  8
PARTS
100
AcDbPolyline
 90
2
 70
0
 10
26.9887
 20
35.156
 10
26.9887
 20
35.146
  0
LWPOLYLINE
  5
1DC
330
17
100
AcDbEntity
  8
PARTS
100
AcDbPolyline
 90
2
 70
0
 10
27.0119
 20
35.156
 10
27.0119
 20
35.146
  0
LWPOLYLINE
  5
1DD
330
17
100
AcDbEntity
  8
PARTS
100
AcDbPolyline
 90
2
 70
0
 10
27.1691
 20
35.156
 10
27.1691
 20
35.146
  0
LWPOLYLINE
  5
1DE
330
17
100
AcDbEntity
  8
PARTS
100
AcDbPolyline
 90
2
 70
0
 10
27.1691
 20
35.156
 10
27.1697
 20
35.156
  0
LWPOLYLINE
  5
1DF
330
17
100
AcDbEntity
  8
PARTS
100
AcDbPolyline
 90
2
 70
0
 10
27.116300000000003
 20
35.156
 10
27.1164
 20
35.156
  0
LWPOLYLINE
  5
1E0
330
17
100
AcDbEntity
  8
PARTS
100
AcDbPolyline
 90
2
 70
0
 10
27.1164
 20
35.156
 10
27.1164
 20
35.146
  0
LWPOLYLINE
  5
1E1
330
17
100
AcDbEntity
  8
PARTS
100
AcDbPolyline
 90
2
 70
0
 10
27.1093
 20
35.156
 10
27.1114
 20
35.156
  0
LWPOLYLINE
  5
1E2
330
17
100
AcDbEntity
  8
PARTS
100
AcDbPolyline
 90
2
 70
0
 10
27.1114
 20
35.156
 10
27.116300000000003
 20
35.156
  0
LWPOLYLINE
  5
1E3
330
17
100
AcDbEntity
  8
PARTS
100
AcDbPolyline
 90
2
 70
0
 10
27.116300000000003
 20
35.156
 10
27.116300000000003
 20
35.146
  0
LWPOLYLINE
  5
1E4
330
17
100
AcDbEntity
  8
PARTS
100
AcDbPolyline
 90
2
 70
0
 10
27.0744
 20
35.156
 10
27.0744
 20
35.146
  0
LWPOLYLINE
  5
1E5
330
17
100
AcDbEntity
  8
PARTS
100
AcDbPolyline
 90
2
 70
0
 10
27.065
 20
35.156
 10
27.0744
 20
35.156
  0
LWPOLYLINE
  5
1E6
330
17
100
AcDbEntity
  8
PARTS
100
AcDbPolyline
 90
2
 70
0
 10
27.0744
 20
35.156
 10
27.076500000000003
 20
35.156
  0
LWPOLYLINE
  5
1E7
330
17
100
AcDbEntity
  8
PARTS
100
AcDbPolyline
 90
2
 70
0
 10
27.0119
 20
35.156
 10
27.0153
 20
35.156
  0
LWPOLYLINE
  5
1E8
330
17
100
AcDbEntity
  8
PARTS
100
AcDbPolyline
 90
2
 70
0
 10
26.9389
 20
35.156
 10
26.9481
 20
35.156
  0
LWPOLYLINE
  5
1E9
330
17
100
AcDbEntity
  8
PARTS
100
AcDbPolyline
 90
2
 70
0
 10
26.9481
 20
35.156
 10
26.957
 20
35.156
  0
LWPOLYLINE
  5
1EA
330
17
100
AcDbEntity
  8
PARTS
100
AcDbPolyline
 90
2
 70
0
 10
26.9389
 20
35.156
 10
26.9389
 20
35.146
  0
LWPOLYLINE
  5
1EB
330
17
100
AcDbEntity
  8
PARTS
100
AcDbPolyline
 90
2
 70
0
 10
26.8806
 20
35.156
 10
26.9038
 20
35.156
  0
LWPOLYLINE
  5
1EC
330
17
100
AcDbEntity
  8
PARTS
100
AcDbPolyline
 90
2
 70
0
 10
26.9038
 20
35.156
 10
26.912300000000002
 20
35.156
  0
LWPOLYLINE
  5
1ED
330
17
100
AcDbEntity
  8
PARTS
100
AcDbPolyline
 90
2
 70
0
 10
26.912300000000002
 20
35.156
 10
26.9355
 20
35.156
  0
LWPOLYLINE
  5
1EE
330
17
100
AcDbEntity
  8
PARTS
100
AcDbPolyline
 90
2
 70
0
 10
26.9038
 20
35.156
 10
26.9038
 20
35.146
  0
LWPOLYLINE
  5
1EF
330
17
100
AcDbEntity
  8
PARTS
100
AcDbPolyline
 90
2
 70
0
 10
26.8806
 20
35.156
 10
26.8806
 20
35.146
  0
LWPOLYLINE
  5
1F0
330
17
100
AcDbEntity
  8
PARTS
100
AcDbPolyline
 90
2
 70
0
 10
26.912300000000002
 20
35.156
 10
26.912300000000002
 20
35.146
  0
LWPOLYLINE
  5
1F1
330
17
100
AcDbEntity
  8
PARTS
100
AcDbPolyline
 90
2
 70
0
 10
26.9355
 20
35.156
 10
26.9355
 20
35.146
  0
LWPOLYLINE
  5
1F2
330
17
100
AcDbEntity
  8
PARTS
100
AcDbPolyline
 90
2
 70
0
 10
27.251800000000003
 20
35.156
 10
27.294800000000002
 20
35.156
  0
LWPOLYLINE
  5
1F3
330
17
100
AcDbEntity
  8
PARTS
100
AcDbPolyline
 90
2
 70
0
 10
27.294800000000002
 20
35.156
 10
27.3182
 20
35.156
  0
LWPOLYLINE
  5
1F4
330
17
100
AcDbEntity
  8
PARTS
100
AcDbPolyline
 90
2
 70
0
 10
27.3182
 20
35.156
 10
27.377200000000002
 20
35.156
  0
LWPOLYLINE
  5
1F5
330
17
100
AcDbEntity
  8
PARTS
100
AcDbPolyline
 90
2
 70
0
 10
27.377200000000002
 20
35.156
 10
27.429299999999998
 20
35.156
  0
LWPOLYLINE
  5
1F6
330
17
100
AcDbEntity
  8
PARTS
100
AcDbPolyline
 90
2
 70
0
 10
27.429299999999998
 20
35.156
 10
27.4484
 20
35.156
  0
LWPOLYLINE
  5
1F7
330
17
100
AcDbEntity
  8
PARTS
100
AcDbPolyline
 90
2
 70
0
 10
27.4484
 20
35.156
 10
27.4583
 20
35.156
  0
LWPOLYLINE
  5
1F8
330
17
100
AcDbEntity
  8
PARTS
100
AcDbPolyline
 90
2
 70
0
 10
27.4583
 20
35.156
 10
27.508200000000002
 20
35.156
  0
LWPOLYLINE
  5
1F9
330
17
100
AcDbEntity
  8
PARTS
100
AcDbPolyline
 90
2
 70
0
 10
27.508200000000002
 20
35.156
 10
27.5286
 20
35.156
  0
LWPOLYLINE
  5
1FA
330
17
100
AcDbEntity
  8
PARTS
100
AcDbPolyline
 90
2
 70
0
 10
27.251800000000003
 20
35.156
 10
27.251800000000003
 20
35.146
  0
LWPOLYLINE
  5
1FB
330
17
100
AcDbEntity
  8
PARTS
100
AcDbPolyline
 90
2
 70
0
 10
27.294800000000002
 20
35.156
 10
27.294800000000002
 20
35.146
  0
LWPOLYLINE
  5
1FC
330
17
100
AcDbEntity
  8
PARTS
100
AcDbPolyline
 90
2
 70
0
 10
27.3182
 20
35.156
 10
27.3182
 20
35.146
  0
LWPOLYLINE
  5
1FD
330
17
100
AcDbEntity
  8
PARTS
100
AcDbPolyline
 90
2
 70
0
 10
27.4484
 20
35.156
 10
27.4484
 20
35.146
  0
LWPOLYLINE
  5
1FE
330
17
100
AcDbEntity
  8
PARTS
100
AcDbPolyline
 90
2
 70
0
 10
27.5286
 20
35.156
 10
27.5286
 20
35.146
  0
LWPOLYLINE
  5
1FF
330
17
100
AcDbEntity
  8
PARTS
100
AcDbPolyline
 90
2
 70
0
 10
20.247
 20
36.376
 10
20.284
 20
36.413
  0
LWPOLYLINE
  5
200
330
17
100
AcDbEntity
  8
PARTS
100
AcDbPolyline
 90
2
 70
0
 10
20.284
 20
36.426
 10
20.234
 20
36.376
  0
LWPOLYLINE
  5
201
330
17
100
AcDbEntity
  8
PARTS
100
AcDbPolyline
 90
2
 70
0
 10
20.284
 20
35.638999999999996
 10
20.247
 20
35.676
  0
LWPOLYLINE
  5
202
330
17
100
AcDbEntity
  8
PARTS
100
AcDbPolyline
 90
2
 70
0
 10
20.234
 20
35.676
 10
20.284
 20
35.626000000000005
  0
LWPOLYLINE
  5
203
330
17
100
AcDbEntity
  8
PARTS
100
AcDbPolyline
 90
2
 70
0
 10
20.284
 20
35.626000000000005
 10
21.384
 20
35.626000000000005
  0
LWPOLYLINE
  5
204
330
17
100
AcDbEntity
  8
PARTS
100
AcDbPolyline
 90
2
 70
0
 10
21.421
 20
35.676
 10
21.384
 20
35.638999999999996
  0
LWPOLYLINE
  5
205
330
17
100
AcDbEntity
  8
PARTS
100
AcDbPolyline
 90
2
 70
0
 10
21.384
 20
35.626000000000005
 10
21.433999999999997
 20
35.676
  0
LWPOLYLINE
  5
206
330
17
100
AcDbEntity
  8
PARTS
100
AcDbPolyline
 90
2
 70
0
 10
21.384
 20
36.413
 10
21.421
 20
36.376
  0
LWPOLYLINE
  5
207
330
17
100
AcDbEntity
  8
PARTS
100
AcDbPolyline
 90
2
 70
0
 10
21.433999999999997
 20
36.376
 10
21.384
 20
36.426
  0
LWPOLYLINE
  5
208
330
17
100
AcDbEntity
  8
PARTS
100
AcDbPolyline
 90
2
 70
0
 10
21.384
 20
36.426
 10
20.284
 20
36.426
  0
LWPOLYLINE
  5
209
330
17
100
AcDbEntity
  8
PARTS
100
AcDbPolyline
 90
2
 70
0
 10
20.247
 20
35.676
 10
20.346600000000002
 20
35.738600000000005
  0
LWPOLYLINE
  5
20A
330
17
100
AcDbEntity
  8
PARTS
100
AcDbPolyline
 90
2
 70
0
 10
20.346600000000002
 20
35.738600000000005
 10
20.284
 20
35.638999999999996
  0
LWPOLYLINE
  5
20B
330
17
100
AcDbEntity
  8
PARTS
100
AcDbPolyline
 90
2
 70
0
 10
21.3214
 20
35.738600000000005
 10
21.384
 20
35.638999999999996
  0
LWPOLYLINE
  5
20C
330
17
100
AcDbEntity
  8
PARTS
100
AcDbPolyline
 90
2
 70
0
 10
20.247
 20
36.376
 10
20.346600000000002
 20
36.3133
  0
LWPOLYLINE
  5
20D
330
17
100
AcDbEntity
  8
PARTS
100
AcDbPolyline
 90
2
 70
0
 10
21.3214
 20
35.738600000000005
 10
21.421
 20
35.676
  0
LWPOLYLINE
  5
20E
330
17
100
AcDbEntity
  8
PARTS
100
AcDbPolyline
 90
2
 70
0
 10
20.284
 20
36.413
 10
20.346600000000002
 20
36.3133
  0
LWPOLYLINE
  5
20F
330
17
100
AcDbEntity
  8
PARTS
100
AcDbPolyline
 90
2
 70
0
 10
21.3214
 20
36.3133
 10
21.421
 20
36.376
  0
LWPOLYLINE
  5
210
330
17
100
AcDbEntity
  8
PARTS
100
AcDbPolyline
 90
2
 70
0
 10
21.384
 20
36.413
 10
21.3214
 20
36.3133
  0
LWPOLYLINE
  5
211
330
17
100
AcDbEntity
  8
PARTS
100
AcDbPolyline
 90
2
 70
0
 10
20.024
 20
36.426
 10
20.234
 20
36.426
  0
LWPOLYLINE
  5
212
330
17
100
AcDbEntity
  8
PARTS
100
AcDbPolyline
 90
2
 70
0
 10
20.024
 20
35.626000000000005
 10
20.024
 20
36.426
  0
LWPOLYLINE
  5
213
330
17
100
AcDbEntity
  8
PARTS
100
AcDbPolyline
 90
2
 70
0
 10
20.024
 20
35.626000000000005
 10
20.234
 20
35.626000000000005
  0
LWPOLYLINE
  5
214
330
17
100
AcDbEntity
  8
PARTS
100
AcDbPolyline
 90
2
 70
0
 10
20.234
 20
35.626000000000005
 10
20.234
 20
36.426
  0
LWPOLYLINE
  5
215
330
17
100
AcDbEntity
  8
PARTS
100
AcDbPolyline
 90
2
 70
0
 10
21.6034
 20
35.7688
 10
21.448900000000002
 20
35.7688
  0
LWPOLYLINE
  5
216
330
17
100
AcDbEntity
  8
PARTS
100
AcDbPolyline
 90
2
 70
0
 10
21.6034
 20
35.6503
 10
21.6034
 20
35.7688
  0
LWPOLYLINE
  5
217
330
17
100
AcDbEntity
  8
PARTS
100
AcDbPolyline
 90
2
 70
0
 10
21.448900000000002
 20
35.6503
 10
21.6034
 20
35.6503
  0
LWPOLYLINE
  5
218
330
17
100
AcDbEntity
  8
PARTS
100
AcDbPolyline
 90
2
 70
0
 10
21.448900000000002
 20
35.7688
 10
21.448900000000002
 20
35.6503
  0
LWPOLYLINE
  5
219
330
17
100
AcDbEntity
  8
PARTS
100
AcDbPolyline
 90
2
 70
0
 10
21.644
 20
36.426
 10
21.433999999999997
 20
36.426
  0
LWPOLYLINE
  5
21A
330
17
100
AcDbEntity
  8
PARTS
100
AcDbPolyline
 90
2
 70
0
 10
21.433999999999997
 20
35.626000000000005
 10
21.433999999999997
 20
36.426
  0
LWPOLYLINE
  5
21B
330
17
100
AcDbEntity
  8
PARTS
100
AcDbPolyline
 90
2
 70
0
 10
21.644
 20
35.626000000000005
 10
21.433999999999997
 20
35.626000000000005
  0
LWPOLYLINE
  5
21C
330
17
100
AcDbEntity
  8
PARTS
100
AcDbPolyline
 90
2
 70
0
 10
21.644
 20
35.626000000000005
 10
21.644
 20
36.426
  0
LWPOLYLINE
  5
21D
330
17
100
AcDbEntity
  8
PARTS
100
AcDbPolyline
 90
2
 70
0
 10
20.234
 20
35.626000000000005
 10
21.433999999999997
 20
35.626000000000005
  0
LWPOLYLINE
  5
21E
330
17
100
AcDbEntity
  8
PARTS
100
AcDbPolyline
 90
2
 70
0
 10
21.433999999999997
 20
36.426
 10
20.234
 20
36.426
  0
LWPOLYLINE
  5
21F
330
17
100
AcDbEntity
  8
PARTS
100
AcDbPolyline
 90
2
 70
0
 10
20.847099999999998
 20
35.616
 10
20.847099999999998
 20
35.626000000000005
  0
LWPOLYLINE
  5
220
330
17
100
AcDbEntity
  8
PARTS
100
AcDbPolyline
 90
2
 70
0
 10
20.847099999999998
 20
35.616
 10
20.8309
 20
35.616
  0
LWPOLYLINE
  5
221
330
17
100
AcDbEntity
  8
PARTS
100
AcDbPolyline
 90
2
 70
0
 10
20.8309
 20
35.616
 10
20.8309
 20
35.626000000000005
  0
LWPOLYLINE
  5
222
330
17
100
AcDbEntity
  8
PARTS
100
AcDbPolyline
 90
2
 70
0
 10
20.825699999999998
 20
35.616
 10
20.825699999999998
 20
35.626000000000005
  0
LWPOLYLINE
  5
223
330
17
100
AcDbEntity
  8
PARTS
100
AcDbPolyline
 90
2
 70
0
 10
20.8309
 20
35.616
 10
20.825699999999998
 20
35.616
  0
LWPOLYLINE
  5
224
330
17
100
AcDbEntity
  8
PARTS
100
AcDbPolyline
 90
2
 70
0
 10
20.8792
 20
35.616
 10
20.8792
 20
35.626000000000005
  0
LWPOLYLINE
  5
225
330
17
100
AcDbEntity
  8
PARTS
100
AcDbPolyline
 90
2
 70
0
 10
20.8792
 20
35.616
 10
20.8696
 20
35.616
  0
LWPOLYLINE
  5
226
330
17
100
AcDbEntity
  8
PARTS
100
AcDbPolyline
 90
2
 70
0
 10
20.8696
 20
35.616
 10
20.8547
 20
35.616
  0
LWPOLYLINE
  5
227
330
17
100
AcDbEntity
  8
PARTS
100
AcDbPolyline
 90
2
 70
0
 10
20.8547
 20
35.616
 10
20.8488
 20
35.616
  0
LWPOLYLINE
  5
228
330
17
100
AcDbEntity
  8
PARTS
100
AcDbPolyline
 90
2
 70
0
 10
20.8488
 20
35.616
 10
20.8488
 20
35.626000000000005
  0
LWPOLYLINE
  5
229
330
17
100
AcDbEntity
  8
PARTS
100
AcDbPolyline
 90
2
 70
0
 10
20.9093
 20
35.616
 10
20.9093
 20
35.626000000000005
  0
LWPOLYLINE
  5
22A
330
17
100
AcDbEntity
  8
PARTS
100
AcDbPolyline
 90
2
 70
0
 10
20.9093
 20
35.616
 10
20.9083
 20
35.616
  0
LWPOLYLINE
  5
22B
330
17
100
AcDbEntity
  8
PARTS
100
AcDbPolyline
 90
2
 70
0
 10
20.9083
 20
35.616
 10
20.9083
 20
35.626000000000005
  0
LWPOLYLINE
  5
22C
330
17
100
AcDbEntity
  8
PARTS
100
AcDbPolyline
 90
2
 70
0
 10
20.8874
 20
35.616
 10
20.8874
 20
35.626000000000005
  0
LWPOLYLINE
  5
22D
330
17
100
AcDbEntity
  8
PARTS
100
AcDbPolyline
 90
2
 70
0
 10
20.9083
 20
35.616
 10
20.8874
 20
35.616
  0
LWPOLYLINE
  5
22E
330
17
100
AcDbEntity
  8
PARTS
100
AcDbPolyline
 90
2
 70
0
 10
20.9501
 20
35.616
 10
20.9439
 20
35.616
  0
LWPOLYLINE
  5
22F
330
17
100
AcDbEntity
  8
PARTS
100
AcDbPolyline
 90
2
 70
0
 10
20.9439
 20
35.616
 10
20.9285
 20
35.616
  0
LWPOLYLINE
  5
230
330
17
100
AcDbEntity
  8
PARTS
100
AcDbPolyline
 90
2
 70
0
 10
20.9285
 20
35.616
 10
20.9169
 20
35.616
  0
LWPOLYLINE
  5
231
330
17
100
AcDbEntity
  8
PARTS
100
AcDbPolyline
 90
2
 70
0
 10
20.9501
 20
35.616
 10
20.9501
 20
35.626000000000005
  0
LWPOLYLINE
  5
232
330
17
100
AcDbEntity
  8
PARTS
100
AcDbPolyline
 90
2
 70
0
 10
20.9169
 20
35.616
 10
20.9169
 20
35.626000000000005
  0
LWPOLYLINE
  5
233
330
17
100
AcDbEntity
  8
PARTS
100
AcDbPolyline
 90
2
 70
0
 10
20.9889
 20
35.616
 10
20.973399999999998
 20
35.616
  0
LWPOLYLINE
  5
234
330
17
100
AcDbEntity
  8
PARTS
100
AcDbPolyline
 90
2
 70
0
 10
20.973399999999998
 20
35.616
 10
20.9678
 20
35.616
  0
LWPOLYLINE
  5
235
330
17
100
AcDbEntity
  8
PARTS
100
AcDbPolyline
 90
2
 70
0
 10
20.9678
 20
35.616
 10
20.9523
 20
35.616
  0
LWPOLYLINE
  5
236
330
17
100
AcDbEntity
  8
PARTS
100
AcDbPolyline
 90
2
 70
0
 10
20.973399999999998
 20
35.616
 10
20.973399999999998
 20
35.626000000000005
  0
LWPOLYLINE
  5
237
330
17
100
AcDbEntity
  8
PARTS
100
AcDbPolyline
 90
2
 70
0
 10
20.9889
 20
35.616
 10
20.9889
 20
35.626000000000005
  0
LWPOLYLINE
  5
238
330
17
100
AcDbEntity
  8
PARTS
100
AcDbPolyline
 90
2
 70
0
 10
20.9678
 20
35.616
 10
20.9678
 20
35.626000000000005
  0
LWPOLYLINE
  5
239
330
17
100
AcDbEntity
  8
PARTS
100
AcDbPolyline
 90
2
 70
0
 10
20.9523
 20
35.616
 10
20.9523
 20
35.626000000000005
  0
LWPOLYLINE
  5
23A
330
17
100
AcDbEntity
  8
PARTS
100
AcDbPolyline
 90
2
 70
0
 10
20.8475
 20
35.616
 10
20.8475
 20
35.626000000000005
  0
LWPOLYLINE
  5
23B
330
17
100
AcDbEntity
  8
PARTS
100
AcDbPolyline
 90
2
 70
0
 10
20.8475
 20
35.616
 10
20.847099999999998
 20
35.616
  0
LWPOLYLINE
  5
23C
330
17
100
AcDbEntity
  8
PARTS
100
AcDbPolyline
 90
2
 70
0
 10
20.8827
 20
35.616
 10
20.8827
 20
35.616
  0
LWPOLYLINE
  5
23D
330
17
100
AcDbEntity
  8
PARTS
100
AcDbPolyline
 90
2
 70
0
 10
20.8827
 20
35.616
 10
20.8827
 20
35.626000000000005
  0
LWPOLYLINE
  5
23E
330
17
100
AcDbEntity
  8
PARTS
100
AcDbPolyline
 90
2
 70
0
 10
20.8874
 20
35.616
 10
20.886
 20
35.616
  0
LWPOLYLINE
  5
23F
330
17
100
AcDbEntity
  8
PARTS
100
AcDbPolyline
 90
2
 70
0
 10
20.886
 20
35.616
 10
20.8827
 20
35.616
  0
LWPOLYLINE
  5
240
330
17
100
AcDbEntity
  8
PARTS
100
AcDbPolyline
 90
2
 70
0
 10
20.8827
 20
35.616
 10
20.8827
 20
35.626000000000005
  0
LWPOLYLINE
  5
241
330
17
100
AcDbEntity
  8
PARTS
100
AcDbPolyline
 90
2
 70
0
 10
20.910600000000002
 20
35.616
 10
20.910600000000002
 20
35.626000000000005
  0
LWPOLYLINE
  5
242
330
17
100
AcDbEntity
  8
PARTS
100
AcDbPolyline
 90
2
 70
0
 10
20.9169
 20
35.616
 10
20.910600000000002
 20
35.616
  0
LWPOLYLINE
  5
243
330
17
100
AcDbEntity
  8
PARTS
100
AcDbPolyline
 90
2
 70
0
 10
20.910600000000002
 20
35.616
 10
20.9093
 20
35.616
  0
LWPOLYLINE
  5
244
330
17
100
AcDbEntity
  8
PARTS
100
AcDbPolyline
 90
2
 70
0
 10
20.9523
 20
35.616
 10
20.9501
 20
35.616
  0
LWPOLYLINE
  5
245
330
17
100
AcDbEntity
  8
PARTS
100
AcDbPolyline
 90
2
 70
0
 10
21.000999999999998
 20
35.616
 10
20.9949
 20
35.616
  0
LWPOLYLINE
  5
246
330
17
100
AcDbEntity
  8
PARTS
100
AcDbPolyline
 90
2
 70
0
 10
20.9949
 20
35.616
 10
20.9889
 20
35.616
  0
LWPOLYLINE
  5
247
330
17
100
AcDbEntity
  8
PARTS
100
AcDbPolyline
 90
2
 70
0
 10
21.000999999999998
 20
35.616
 10
21.000999999999998
 20
35.626000000000005
  0
LWPOLYLINE
  5
248
330
17
100
AcDbEntity
  8
PARTS
100
AcDbPolyline
 90
2
 70
0
 10
21.0399
 20
35.616
 10
21.0244
 20
35.616
  0
LWPOLYLINE
  5
249
330
17
100
AcDbEntity
  8
PARTS
100
AcDbPolyline
 90
2
 70
0
 10
21.0244
 20
35.616
 10
21.018700000000003
 20
35.616
  0
LWPOLYLINE
  5
24A
330
17
100
AcDbEntity
  8
PARTS
100
AcDbPolyline
 90
2
 70
0
 10
21.018700000000003
 20
35.616
 10
21.0033
 20
35.616
  0
LWPOLYLINE
  5
24B
330
17
100
AcDbEntity
  8
PARTS
100
AcDbPolyline
 90
2
 70
0
 10
21.0244
 20
35.616
 10
21.0244
 20
35.626000000000005
  0
LWPOLYLINE
  5
24C
330
17
100
AcDbEntity
  8
PARTS
100
AcDbPolyline
 90
2
 70
0
 10
21.0399
 20
35.616
 10
21.0399
 20
35.626000000000005
  0
LWPOLYLINE
  5
24D
330
17
100
AcDbEntity
  8
PARTS
100
AcDbPolyline
 90
2
 70
0
 10
21.018700000000003
 20
35.616
 10
21.018700000000003
 20
35.626000000000005
  0
LWPOLYLINE
  5
24E
330
17
100
AcDbEntity
  8
PARTS
100
AcDbPolyline
 90
2
 70
0
 10
21.0033
 20
35.616
 10
21.0033
 20
35.626000000000005
  0
LWPOLYLINE
  5
24F
330
17
100
AcDbEntity
  8
PARTS
100
AcDbPolyline
 90
2
 70
0
 10
20.7924
 20
35.616
 10
20.7637
 20
35.616
  0
LWPOLYLINE
  5
250
330
17
100
AcDbEntity
  8
PARTS
100
AcDbPolyline
 90
2
 70
0
 10
20.7637
 20
35.616
 10
20.7481
 20
35.616
  0
LWPOLYLINE
  5
251
330
17
100
AcDbEntity
  8
PARTS
100
AcDbPolyline
 90
2
 70
0
 10
20.7481
 20
35.616
 10
20.7088
 20
35.616
  0
LWPOLYLINE
  5
252
330
17
100
AcDbEntity
  8
PARTS
100
AcDbPolyline
 90
2
 70
0
 10
20.7088
 20
35.616
 10
20.6741
 20
35.616
  0
LWPOLYLINE
  5
253
330
17
100
AcDbEntity
  8
PARTS
100
AcDbPolyline
 90
2
 70
0
 10
20.6741
 20
35.616
 10
20.6614
 20
35.616
  0
LWPOLYLINE
  5
254
330
17
100
AcDbEntity
  8
PARTS
100
AcDbPolyline
 90
2
 70
0
 10
20.6614
 20
35.616
 10
20.6547
 20
35.616
  0
LWPOLYLINE
  5
255
330
17
100
AcDbEntity
  8
PARTS
100
AcDbPolyline
 90
2
 70
0
 10
20.6547
 20
35.616
 10
20.6214
 20
35.616
  0
LWPOLYLINE
  5
256
330
17
100
AcDbEntity
  8
PARTS
100
AcDbPolyline
 90
2
 70
0
 10
20.6214
 20
35.616
 10
20.6079
 20
35.616
  0
LWPOLYLINE
  5
257
330
17
100
AcDbEntity
  8
PARTS
100
AcDbPolyline
 90
2
 70
0
 10
20.7924
 20
35.616
 10
20.7924
 20
35.626000000000005
  0
LWPOLYLINE
  5
258
330
17
100
AcDbEntity
  8
PARTS
100
AcDbPolyline
 90
2
 70
0
 10
20.7637
 20
35.616
 10
20.7637
 20
35.626000000000005
  0
LWPOLYLINE
  5
259
330
17
100
AcDbEntity
  8
PARTS
100
AcDbPolyline
 90
2
 70
0
 10
20.7481
 20
35.616
 10
20.7481
 20
35.626000000000005
  0
LWPOLYLINE
  5
25A
330
17
100
AcDbEntity
  8
PARTS
100
AcDbPolyline
 90
2
 70
0
 10
20.6614
 20
35.616
 10
20.6614
 20
35.626000000000005
  0
LWPOLYLINE
  5
25B
330
17
100
AcDbEntity
  8
PARTS
100
AcDbPolyline
 90
2
 70
0
 10
20.6079
 20
35.616
 10
20.6079
 20
35.626000000000005
  0
LWPOLYLINE
  5
25C
330
17
100
AcDbEntity
  8
PARTS
100
AcDbPolyline
 90
2
 70
0
 10
21.973
 20
32.351
 10
21.973
 20
32.551
  0
LWPOLYLINE
  5
25D
330
17
100
AcDbEntity
  8
PARTS
100
AcDbPolyline
 90
2
 70
0
 10
21.973
 20
33.150999999999996
 10
21.973
 20
33.351
  0
LWPOLYLINE
  5
25E
330
17
100
AcDbEntity
  8
PARTS
100
AcDbPolyline
 90
2
 70
0
 10
21.923000000000002
 20
32.551
 10
21.973
 20
32.551
  0
LWPOLYLINE
  5
25F
330
17
100
AcDbEntity
  8
PARTS
100
AcDbPolyline
 90
2
 70
0
 10
21.923000000000002
 20
33.150999999999996
 10
21.923000000000002
 20
33.141000000000005
  0
LWPOLYLINE
  5
260
330
17
100
AcDbEntity
  8
PARTS
100
AcDbPolyline
 90
2
 70
0
 10
21.923000000000002
 20
32.561
 10
21.923000000000002
 20
32.551
  0
LWPOLYLINE
  5
261
330
17
100
AcDbEntity
  8
PARTS
100
AcDbPolyline
 90
2
 70
0
 10
21.973
 20
33.150999999999996
 10
21.923000000000002
 20
33.150999999999996
  0
LWPOLYLINE
  5
262
330
17
100
AcDbEntity
  8
PARTS
100
AcDbPolyline
 90
2
 70
0
 10
21.973
 20
33.351
 10
21.473
 20
33.351
  0
LWPOLYLINE
  5
263
330
17
100
AcDbEntity
  8
PARTS
100
AcDbPolyline
 90
2
 70
0
 10
21.473
 20
33.351
 10
21.473
 20
33.150999999999996
  0
LWPOLYLINE
  5
264
330
17
100
AcDbEntity
  8
PARTS
100
AcDbPolyline
 90
2
 70
0
 10
21.473
 20
33.150999999999996
 10
21.523
 20
33.150999999999996
  0
LWPOLYLINE
  5
265
330
17
100
AcDbEntity
  8
PARTS
100
AcDbPolyline
 90
2
 70
0
 10
21.523
 20
32.551
 10
21.523
 20
32.561
  0
LWPOLYLINE
  5
266
330
17
100
AcDbEntity
  8
PARTS
100
AcDbPolyline
 90
2
 70
0
 10
21.523
 20
33.141000000000005
 10
21.523
 20
33.150999999999996
  0
LWPOLYLINE
  5
267
330
17
100
AcDbEntity
  8
PARTS
100
AcDbPolyline
 90
2
 70
0
 10
21.523
 20
32.551
 10
21.473
 20
32.551
  0
LWPOLYLINE
  5
268
330
17
100
AcDbEntity
  8
PARTS
100
AcDbPolyline
 90
2
 70
0
 10
21.473
 20
32.551
 10
21.473
 20
32.351
  0
LWPOLYLINE
  5
269
330
17
100
AcDbEntity
  8
PARTS
100
AcDbPolyline
 90
2
 70
0
 10
21.473
 20
32.351
 10
21.973
 20
32.351
  0
LWPOLYLINE
  5
26A
330
17
100
AcDbEntity
  8
PARTS
100
AcDbPolyline
 90
2
 70
0
 10
21.473
 20
32.551
 10
21.473
 20
33.150999999999996
  0
LWPOLYLINE
  5
26B
330
17
100
AcDbEntity
  8
PARTS
100
AcDbPolyline
 90
2
 70
0
 10
21.973
 20
33.150999999999996
 10
21.973
 20
32.551
  0
LWPOLYLINE
  5
26C
330
17
100
AcDbEntity
  8
PARTS
100
AcDbPolyline
 90
2
 70
0
 10
21.963
 20
33.141000000000005
 10
21.483
 20
33.141000000000005
  0
LWPOLYLINE
  5
26D
330
17
100
AcDbEntity
  8
PARTS
100
AcDbPolyline
 90
2
 70
0
 10
21.483
 20
33.141000000000005
 10
21.483
 20
32.561
  0
LWPOLYLINE
  5
26E
330
17
100
AcDbEntity
  8
PARTS
100
AcDbPolyline
 90
2
 70
0
 10
21.483
 20
32.561
 10
21.963
 20
32.561
  0
LWPOLYLINE
  5
26F
330
17
100
AcDbEntity
  8
PARTS
100
AcDbPolyline
 90
2
 70
0
 10
21.963
 20
32.561
 10
21.963
 20
33.141000000000005
  0
LWPOLYLINE
  5
270
330
17
100
AcDbEntity
  8
PARTS
100
AcDbPolyline
 90
2
 70
0
 10
21.973
 20
32.551
 10
21.963
 20
32.561
  0
LWPOLYLINE
  5
271
330
17
100
AcDbEntity
  8
PARTS
100
AcDbPolyline
 90
2
 70
0
 10
21.963
 20
33.141000000000005
 10
21.973
 20
33.150999999999996
  0
LWPOLYLINE
  5
272
330
17
100
AcDbEntity
  8
PARTS
100
AcDbPolyline
 90
2
 70
0
 10
21.483
 20
33.141000000000005
 10
21.473
 20
33.150999999999996
  0
LWPOLYLINE
  5
273
330
17
100
AcDbEntity
  8
PARTS
100
AcDbPolyline
 90
2
 70
0
 10
21.473
 20
32.551
 10
21.483
 20
32.561
  0
LWPOLYLINE
  5
274
330
17
100
AcDbEntity
  8
PARTS
100
AcDbPolyline
 90
2
 70
0
 10
21.974
 20
32.8985
 10
21.973
 20
32.8985
  0
LWPOLYLINE
  5
275
330
17
100
AcDbEntity
  8
PARTS
100
AcDbPolyline
 90
2
 70
0
 10
21.974
 20
32.8985
 10
21.974
 20
32.8825
  0
LWPOLYLINE
  5
276
330
17
100
AcDbEntity
  8
PARTS
100
AcDbPolyline
 90
2
 70
0
 10
21.974
 20
32.8825
 10
21.973
 20
32.8825
  0
LWPOLYLINE
  5
277
330
17
100
AcDbEntity
  8
PARTS
100
AcDbPolyline
 90
2
 70
0
 10
21.974
 20
32.877300000000005
 10
21.973
 20
32.877300000000005
  0
LWPOLYLINE
  5
278
330
17
100
AcDbEntity
  8
PARTS
100
AcDbPolyline
 90
2
 70
0
 10
21.974
 20
32.8825
 10
21.974
 20
32.877300000000005
  0
LWPOLYLINE
  5
279
330
17
100
AcDbEntity
  8
PARTS
100
AcDbPolyline
 90
2
 70
0
 10
21.974
 20
32.876999999999995
 10
21.973
 20
32.876999999999995
  0
LWPOLYLINE
  5
27A
330
17
100
AcDbEntity
  8
PARTS
100
AcDbPolyline
 90
2
 70
0
 10
21.974
 20
32.877300000000005
 10
21.974
 20
32.876999999999995
  0
LWPOLYLINE
  5
27B
330
17
100
AcDbEntity
  8
PARTS
100
AcDbPolyline
 90
2
 70
0
 10
21.974
 20
32.9309
 10
21.973
 20
32.9309
  0
LWPOLYLINE
  5
27C
330
17
100
AcDbEntity
  8
PARTS
100
AcDbPolyline
 90
2
 70
0
 10
21.974
 20
32.9309
 10
21.974
 20
32.9212
  0
LWPOLYLINE
  5
27D
330
17
100
AcDbEntity
  8
PARTS
100
AcDbPolyline
 90
2
 70
0
 10
21.974
 20
32.9212
 10
21.974
 20
32.9062
  0
LWPOLYLINE
  5
27E
330
17
100
AcDbEntity
  8
PARTS
100
AcDbPolyline
 90
2
 70
0
 10
21.974
 20
32.9062
 10
21.974
 20
32.9003
  0
LWPOLYLINE
  5
27F
330
17
100
AcDbEntity
  8
PARTS
100
AcDbPolyline
 90
2
 70
0
 10
21.974
 20
32.9003
 10
21.974
 20
32.9003
  0
LWPOLYLINE
  5
280
330
17
100
AcDbEntity
  8
PARTS
100
AcDbPolyline
 90
2
 70
0
 10
21.974
 20
32.9003
 10
21.974
 20
32.9003
  0
LWPOLYLINE
  5
281
330
17
100
AcDbEntity
  8
PARTS
100
AcDbPolyline
 90
2
 70
0
 10
21.974
 20
32.9606
 10
21.973
 20
32.9606
  0
LWPOLYLINE
  5
282
330
17
100
AcDbEntity
  8
PARTS
100
AcDbPolyline
 90
2
 70
0
 10
21.974
 20
32.9606
 10
21.974
 20
32.959900000000005
  0
LWPOLYLINE
  5
283
330
17
100
AcDbEntity
  8
PARTS
100
AcDbPolyline
 90
2
 70
0
 10
21.974
 20
32.959900000000005
 10
21.973
 20
32.959900000000005
  0
LWPOLYLINE
  5
284
330
17
100
AcDbEntity
  8
PARTS
100
AcDbPolyline
 90
2
 70
0
 10
21.974
 20
32.939
 10
21.973
 20
32.939
  0
LWPOLYLINE
  5
285
330
17
100
AcDbEntity
  8
PARTS
100
AcDbPolyline
 90
2
 70
0
 10
21.974
 20
32.959900000000005
 10
21.974
 20
32.939
  0
LWPOLYLINE
  5
286
330
17
100
AcDbEntity
  8
PARTS
100
AcDbPolyline
 90
2
 70
0
 10
21.974
 20
32.9387
 10
21.973
 20
32.9387
  0
LWPOLYLINE
  5
287
330
17
100
AcDbEntity
  8
PARTS
100
AcDbPolyline
 90
2
 70
0
 10
21.974
 20
32.939
 10
21.974
 20
32.9387
  0
LWPOLYLINE
  5
288
330
17
100
AcDbEntity
  8
PARTS
100
AcDbPolyline
 90
2
 70
0
 10
21.974
 20
33.0015
 10
21.974
 20
33.0015
  0
LWPOLYLINE
  5
289
330
17
100
AcDbEntity
  8
PARTS
100
AcDbPolyline
 90
2
 70
0
 10
21.974
 20
33.0015
 10
21.974
 20
32.9955
  0
LWPOLYLINE
  5
28A
330
17
100
AcDbEntity
  8
PARTS
100
AcDbPolyline
 90
2
 70
0
 10
21.974
 20
32.9955
 10
21.974
 20
32.980199999999996
  0
LWPOLYLINE
  5
28B
330
17
100
AcDbEntity
  8
PARTS
100
AcDbPolyline
 90
2
 70
0
 10
21.974
 20
32.980199999999996
 10
21.974
 20
32.968599999999995
  0
LWPOLYLINE
  5
28C
330
17
100
AcDbEntity
  8
PARTS
100
AcDbPolyline
 90
2
 70
0
 10
21.974
 20
32.968599999999995
 10
21.974
 20
32.9683
  0
LWPOLYLINE
  5
28D
330
17
100
AcDbEntity
  8
PARTS
100
AcDbPolyline
 90
2
 70
0
 10
21.974
 20
32.9683
 10
21.973
 20
32.9683
  0
LWPOLYLINE
  5
28E
330
17
100
AcDbEntity
  8
PARTS
100
AcDbPolyline
 90
2
 70
0
 10
21.974
 20
32.968599999999995
 10
21.973
 20
32.968599999999995
  0
LWPOLYLINE
  5
28F
330
17
100
AcDbEntity
  8
PARTS
100
AcDbPolyline
 90
2
 70
0
 10
21.974
 20
33.0402
 10
21.974
 20
33.025
  0
LWPOLYLINE
  5
290
330
17
100
AcDbEntity
  8
PARTS
100
AcDbPolyline
 90
2
 70
0
 10
21.974
 20
33.025
 10
21.974
 20
33.019400000000005
  0
LWPOLYLINE
  5
291
330
17
100
AcDbEntity
  8
PARTS
100
AcDbPolyline
 90
2
 70
0
 10
21.974
 20
33.019400000000005
 10
21.974
 20
33.0036
  0
LWPOLYLINE
  5
292
330
17
100
AcDbEntity
  8
PARTS
100
AcDbPolyline
 90
2
 70
0
 10
21.974
 20
33.025
 10
21.973
 20
33.025
  0
LWPOLYLINE
  5
293
330
17
100
AcDbEntity
  8
PARTS
100
AcDbPolyline
 90
2
 70
0
 10
21.974
 20
33.0402
 10
21.973
 20
33.0402
  0
LWPOLYLINE
  5
294
330
17
100
AcDbEntity
  8
PARTS
100
AcDbPolyline
 90
2
 70
0
 10
21.974
 20
33.019400000000005
 10
21.973
 20
33.019400000000005
  0
LWPOLYLINE
  5
295
330
17
100
AcDbEntity
  8
PARTS
100
AcDbPolyline
 90
2
 70
0
 10
21.974
 20
33.0036
 10
21.973
 20
33.0036
  0
LWPOLYLINE
  5
296
330
17
100
AcDbEntity
  8
PARTS
100
AcDbPolyline
 90
2
 70
0
 10
21.974
 20
32.8768
 10
21.973
 20
32.8768
  0
LWPOLYLINE
  5
297
330
17
100
AcDbEntity
  8
PARTS
100
AcDbPolyline
 90
2
 70
0
 10
21.974
 20
32.876999999999995
 10
21.974
 20
32.8768
  0
LWPOLYLINE
  5
298
330
17
100
AcDbEntity
  8
PARTS
100
AcDbPolyline
 90
2
 70
0
 10
21.974
 20
32.8765
 10
21.973
 20
32.8765
  0
LWPOLYLINE
  5
299
330
17
100
AcDbEntity
  8
PARTS
100
AcDbPolyline
 90
2
 70
0
 10
21.974
 20
32.8768
 10
21.974
 20
32.8765
  0
LWPOLYLINE
  5
29A
330
17
100
AcDbEntity
  8
PARTS
100
AcDbPolyline
 90
2
 70
0
 10
21.974
 20
32.9337
 10
21.974
 20
32.9336
  0
LWPOLYLINE
  5
29B
330
17
100
AcDbEntity
  8
PARTS
100
AcDbPolyline
 90
2
 70
0
 10
21.974
 20
32.9336
 10
21.973
 20
32.9336
  0
LWPOLYLINE
  5
29C
330
17
100
AcDbEntity
  8
PARTS
100
AcDbPolyline
 90
2
 70
0
 10
21.974
 20
32.9336
 10
21.973
 20
32.9336
  0
LWPOLYLINE
  5
29D
330
17
100
AcDbEntity
  8
PARTS
100
AcDbPolyline
 90
2
 70
0
 10
21.974
 20
32.9336
 10
21.974
 20
32.9336
  0
LWPOLYLINE
  5
29E
330
17
100
AcDbEntity
  8
PARTS
100
AcDbPolyline
 90
2
 70
0
 10
21.974
 20
32.9387
 10
21.974
 20
32.937
  0
LWPOLYLINE
  5
29F
330
17
100
AcDbEntity
  8
PARTS
100
AcDbPolyline
 90
2
 70
0
 10
21.974
 20
32.937
 10
21.974
 20
32.9337
  0
LWPOLYLINE
  5
2A0
330
17
100
AcDbEntity
  8
PARTS
100
AcDbPolyline
 90
2
 70
0
 10
21.974
 20
32.9337
 10
21.974
 20
32.9337
  0
LWPOLYLINE
  5
2A1
330
17
100
AcDbEntity
  8
PARTS
100
AcDbPolyline
 90
2
 70
0
 10
21.974
 20
32.9337
 10
21.974
 20
32.9337
  0
LWPOLYLINE
  5
2A2
330
17
100
AcDbEntity
  8
PARTS
100
AcDbPolyline
 90
2
 70
0
 10
21.974
 20
32.9617
 10
21.973
 20
32.9617
  0
LWPOLYLINE
  5
2A3
330
17
100
AcDbEntity
  8
PARTS
100
AcDbPolyline
 90
2
 70
0
 10
21.974
 20
32.9683
 10
21.974
 20
32.9617
  0
LWPOLYLINE
  5
2A4
330
17
100
AcDbEntity
  8
PARTS
100
AcDbPolyline
 90
2
 70
0
 10
21.974
 20
32.9617
 10
21.974
 20
32.9606
  0
LWPOLYLINE
  5
2A5
330
17
100
AcDbEntity
  8
PARTS
100
AcDbPolyline
 90
2
 70
0
 10
21.974
 20
33.0036
 10
21.974
 20
33.0015
  0
LWPOLYLINE
  5
2A6
330
17
100
AcDbEntity
  8
PARTS
100
AcDbPolyline
 90
2
 70
0
 10
21.974
 20
33.052
 10
21.974
 20
33.052
  0
LWPOLYLINE
  5
2A7
330
17
100
AcDbEntity
  8
PARTS
100
AcDbPolyline
 90
2
 70
0
 10
21.974
 20
33.052
 10
21.974
 20
33.046
  0
LWPOLYLINE
  5
2A8
330
17
100
AcDbEntity
  8
PARTS
100
AcDbPolyline
 90
2
 70
0
 10
21.974
 20
33.046
 10
21.974
 20
33.0402
  0
LWPOLYLINE
  5
2A9
330
17
100
AcDbEntity
  8
PARTS
100
AcDbPolyline
 90
2
 70
0
 10
21.974
 20
33.0907
 10
21.974
 20
33.075500000000005
  0
LWPOLYLINE
  5
2AA
330
17
100
AcDbEntity
  8
PARTS
100
AcDbPolyline
 90
2
 70
0
 10
21.974
 20
33.075500000000005
 10
21.974
 20
33.069900000000004
  0
LWPOLYLINE
  5
2AB
330
17
100
AcDbEntity
  8
PARTS
100
AcDbPolyline
 90
2
 70
0
 10
21.974
 20
33.069900000000004
 10
21.974
 20
33.0541
  0
LWPOLYLINE
  5
2AC
330
17
100
AcDbEntity
  8
PARTS
100
AcDbPolyline
 90
2
 70
0
 10
21.974
 20
33.075500000000005
 10
21.973
 20
33.075500000000005
  0
LWPOLYLINE
  5
2AD
330
17
100
AcDbEntity
  8
PARTS
100
AcDbPolyline
 90
2
 70
0
 10
21.974
 20
33.0907
 10
21.973
 20
33.0907
  0
LWPOLYLINE
  5
2AE
330
17
100
AcDbEntity
  8
PARTS
100
AcDbPolyline
 90
2
 70
0
 10
21.974
 20
33.069900000000004
 10
21.973
 20
33.069900000000004
  0
LWPOLYLINE
  5
2AF
330
17
100
AcDbEntity
  8
PARTS
100
AcDbPolyline
 90
2
 70
0
 10
21.974
 20
33.0541
 10
21.973
 20
33.0541
  0
LWPOLYLINE
  5
2B0
330
17
100
AcDbEntity
  8
PARTS
100
AcDbPolyline
 90
2
 70
0
 10
21.974
 20
32.8435
 10
21.974
 20
32.815200000000004
  0
LWPOLYLINE
  5
2B1
330
17
100
AcDbEntity
  8
PARTS
100
AcDbPolyline
 90
2
 70
0
 10
21.974
 20
32.815200000000004
 10
21.974
 20
32.7997
  0
LWPOLYLINE
  5
2B2
330
17
100
AcDbEntity
  8
PARTS
100
AcDbPolyline
 90
2
 70
0
 10
21.974
 20
32.7997
 10
21.974
 20
32.7605
  0
LWPOLYLINE
  5
2B3
330
17
100
AcDbEntity
  8
PARTS
100
AcDbPolyline
 90
2
 70
0
 10
21.974
 20
32.7605
 10
21.974
 20
32.7257
  0
LWPOLYLINE
  5
2B4
330
17
100
AcDbEntity
  8
PARTS
100
AcDbPolyline
 90
2
 70
0
 10
21.974
 20
32.7257
 10
21.974
 20
32.712900000000005
  0
LWPOLYLINE
  5
2B5
330
17
100
AcDbEntity
  8
PARTS
100
AcDbPolyline
 90
2
 70
0
 10
21.974
 20
32.712900000000005
 10
21.974
 20
32.706199999999995
  0
LWPOLYLINE
  5
2B6
330
17
100
AcDbEntity
  8
PARTS
100
AcDbPolyline
 90
2
 70
0
 10
21.974
 20
32.706199999999995
 10
21.974
 20
32.6729
  0
LWPOLYLINE
  5
2B7
330
17
100
AcDbEntity
  8
PARTS
100
AcDbPolyline
 90
2
 70
0
 10
21.974
 20
32.6729
 10
21.974
 20
32.659099999999995
  0
LWPOLYLINE
  5
2B8
330
17
100
AcDbEntity
  8
PARTS
100
AcDbPolyline
 90
2
 70
0
 10
21.974
 20
32.659099999999995
 10
21.974
 20
32.659099999999995
  0
LWPOLYLINE
  5
2B9
330
17
100
AcDbEntity
  8
PARTS
100
AcDbPolyline
 90
2
 70
0
 10
21.974
 20
32.659099999999995
 10
21.974
 20
32.659099999999995
  0
LWPOLYLINE
  5
2BA
330
17
100
AcDbEntity
  8
PARTS
100
AcDbPolyline
 90
2
 70
0
 10
21.974
 20
32.8435
 10
21.973
 20
32.8435
  0
LWPOLYLINE
  5
2BB
330
17
100
AcDbEntity
  8
PARTS
100
AcDbPolyline
 90
2
 70
0
 10
21.974
 20
32.815200000000004
 10
21.973
 20
32.815200000000004
  0
LWPOLYLINE
  5
2BC
330
17
100
AcDbEntity
  8
PARTS
100
AcDbPolyline
 90
2
 70
0
 10
21.974
 20
32.7997
 10
21.973
 20
32.7997
  0
LWPOLYLINE
  5
2BD
330
17
100
AcDbEntity
  8
PARTS
100
AcDbPolyline
 90
2
 70
0
 10
21.974
 20
32.712900000000005
 10
21.973
 20
32.712900000000005
  0
LWPOLYLINE
  5
2BE
330
17
100
AcDbEntity
  8
PARTS
100
AcDbPolyline
 90
2
 70
0
 10
23.3065
 20
32.351
 10
23.3065
 20
32.551
  0
LWPOLYLINE
  5
2BF
330
17
100
AcDbEntity
  8
PARTS
100
AcDbPolyline
 90
2
 70
0
 10
23.3065
 20
33.150999999999996
 10
23.3065
 20
33.351
  0
LWPOLYLINE
  5
2C0
330
17
100
AcDbEntity
  8
PARTS
100
AcDbPolyline
 90
2
 70
0
 10
23.256500000000003
 20
32.551
 10
23.3065
 20
32.551
  0
LWPOLYLINE
  5
2C1
330
17
100
AcDbEntity
  8
PARTS
100
AcDbPolyline
 90
2
 70
0
 10
23.256500000000003
 20
33.150999999999996
 10
23.256500000000003
 20
33.141000000000005
  0
LWPOLYLINE
  5
2C2
330
17
100
AcDbEntity
  8
PARTS
100
AcDbPolyline
 90
2
 70
0
 10
23.256500000000003
 20
32.561
 10
23.256500000000003
 20
32.551
  0
LWPOLYLINE
  5
2C3
330
17
100
AcDbEntity
  8
PARTS
100
AcDbPolyline
 90
2
 70
0
 10
23.3065
 20
33.150999999999996
 10
23.256500000000003
 20
33.150999999999996
  0
LWPOLYLINE
  5
2C4
330
17
100
AcDbEntity
  8
PARTS
100
AcDbPolyline
 90
2
 70
0
 10
23.3065
 20
33.351
 10
22.8065
 20
33.351
  0
LWPOLYLINE
  5
2C5
330
17
100
AcDbEntity
  8
PARTS
100
AcDbPolyline
 90
2
 70
0
 10
22.8065
 20
33.351
 10
22.8065
 20
33.150999999999996
  0
LWPOLYLINE
  5
2C6
330
17
100
AcDbEntity
  8
PARTS
100
AcDbPolyline
 90
2
 70
0
 10
22.8065
 20
33.150999999999996
 10
22.8565
 20
33.150999999999996
  0
LWPOLYLINE
  5
2C7
330
17
100
AcDbEntity
  8
PARTS
100
AcDbPolyline
 90
2
 70
0
 10
22.8565
 20
32.551
 10
22.8565
 20
32.561
  0
LWPOLYLINE
  5
2C8
330
17
100
AcDbEntity
  8
PARTS
100
AcDbPolyline
 90
2
 70
0
 10
22.8565
 20
33.141000000000005
 10
22.8565
 20
33.150999999999996
  0
LWPOLYLINE
  5
2C9
330
17
100
AcDbEntity
  8
PARTS
100
AcDbPolyline
 90
2
 70
0
 10
22.8565
 20
32.551
 10
22.8065
 20
32.551
  0
LWPOLYLINE
  5
2CA
330
17
100
AcDbEntity
  8
PARTS
100
AcDbPolyline
 90
2
 70
0
 10
22.8065
 20
32.551
 10
22.8065
 20
32.351
  0
LWPOLYLINE
  5
2CB
330
17
100
AcDbEntity
  8
PARTS
100
AcDbPolyline
 90
2
 70
0
 10
22.8065
 20
32.351
 10
23.3065
 20
32.351
  0
LWPOLYLINE
  5
2CC
330
17
100
AcDbEntity
  8
PARTS
100
AcDbPolyline
 90
2
 70
0
 10
22.8065
 20
32.551
 10
22.8065
 20
33.150999999999996
  0
LWPOLYLINE
  5
2CD
330
17
100
AcDbEntity
  8
PARTS
100
AcDbPolyline
 90
2
 70
0
 10
23.3065
 20
33.150999999999996
 10
23.3065
 20
32.551
  0
LWPOLYLINE
  5
2CE
330
17
100
AcDbEntity
  8
PARTS
100
AcDbPolyline
 90
2
 70
0
 10
23.2965
 20
33.141000000000005
 10
22.816499999999998
 20
33.141000000000005
  0
LWPOLYLINE
  5
2CF
330
17
100
AcDbEntity
  8
PARTS
100
AcDbPolyline
 90
2
 70
0
 10
22.816499999999998
 20
33.141000000000005
 10
22.816499999999998
 20
32.561
  0
LWPOLYLINE
  5
2D0
330
17
100
AcDbEntity
  8
PARTS
100
AcDbPolyline
 90
2
 70
0
 10
22.816499999999998
 20
32.561
 10
23.2965
 20
32.561
  0
LWPOLYLINE
  5
2D1
330
17
100
AcDbEntity
  8
PARTS
100
AcDbPolyline
 90
2
 70
0
 10
23.2965
 20
32.561
 10
23.2965
 20
33.141000000000005
  0
LWPOLYLINE
  5
2D2
330
17
100
AcDbEntity
  8
PARTS
100
AcDbPolyline
 90
2
 70
0
 10
23.3065
 20
32.551
 10
23.2965
 20
32.561
  0
LWPOLYLINE
  5
2D3
330
17
100
AcDbEntity
  8
PARTS
100
AcDbPolyline
 90
2
 70
0
 10
23.2965
 20
33.141000000000005
 10
23.3065
 20
33.150999999999996
  0
LWPOLYLINE
  5
2D4
330
17
100
AcDbEntity
  8
PARTS
100
AcDbPolyline
 90
2
 70
0
 10
22.816499999999998
 20
33.141000000000005
 10
22.8065
 20
33.150999999999996
  0
LWPOLYLINE
  5
2D5
330
17
100
AcDbEntity
  8
PARTS
100
AcDbPolyline
 90
2
 70
0
 10
22.8065
 20
32.551
 10
22.816499999999998
 20
32.561
  0
LWPOLYLINE
  5
2D6
330
17
100
AcDbEntity
  8
PARTS
100
AcDbPolyline
 90
2
 70
0
 10
23.3075
 20
32.8985
 10
23.3065
 20
32.8985
  0
LWPOLYLINE
  5
2D7
330
17
100
AcDbEntity
  8
PARTS
100
AcDbPolyline
 90
2
 70
0
 10
23.3075
 20
32.8985
 10
23.3075
 20
32.8825
  0
LWPOLYLINE
  5
2D8
330
17
100
AcDbEntity
  8
PARTS
100
AcDbPolyline
 90
2
 70
0
 10
23.3075
 20
32.8825
 10
23.3065
 20
32.8825
  0
LWPOLYLINE
  5
2D9
330
17
100
AcDbEntity
  8
PARTS
100
AcDbPolyline
 90
2
 70
0
 10
23.3075
 20
32.877300000000005
 10
23.3065
 20
32.877300000000005
  0
LWPOLYLINE
  5
2DA
330
17
100
AcDbEntity
  8
PARTS
100
AcDbPolyline
 90
2
 70
0
 10
23.3075
 20
32.8825
 10
23.3075
 20
32.877300000000005
  0
LWPOLYLINE
  5
2DB
330
17
100
AcDbEntity
  8
PARTS
100
AcDbPolyline
 90
2
 70
0
 10
23.3075
 20
32.876999999999995
 10
23.3065
 20
32.876999999999995
  0
LWPOLYLINE
  5
2DC
330
17
100
AcDbEntity
  8
PARTS
100
AcDbPolyline
 90
2
 70
0
 10
23.3075
 20
32.877300000000005
 10
23.3075
 20
32.876999999999995
  0
LWPOLYLINE
  5
2DD
330
17
100
AcDbEntity
  8
PARTS
100
AcDbPolyline
 90
2
 70
0
 10
23.3075
 20
32.9309
 10
23.3065
 20
32.9309
  0
LWPOLYLINE
  5
2DE
330
17
100
AcDbEntity
  8
PARTS
100
AcDbPolyline
 90
2
 70
0
 10
23.3075
 20
32.9309
 10
23.3075
 20
32.9212
  0
LWPOLYLINE
  5
2DF
330
17
100
AcDbEntity
  8
PARTS
100
AcDbPolyline
 90
2
 70
0
 10
23.3075
 20
32.9212
 10
23.3075
 20
32.9062
  0
LWPOLYLINE
  5
2E0
330
17
100
AcDbEntity
  8
PARTS
100
AcDbPolyline
 90
2
 70
0
 10
23.3075
 20
32.9062
 10
23.3075
 20
32.9003
  0
LWPOLYLINE
  5
2E1
330
17
100
AcDbEntity
  8
PARTS
100
AcDbPolyline
 90
2
 70
0
 10
23.3075
 20
32.9003
 10
23.3075
 20
32.9003
  0
LWPOLYLINE
  5
2E2
330
17
100
AcDbEntity
  8
PARTS
100
AcDbPolyline
 90
2
 70
0
 10
23.3075
 20
32.9003
 10
23.3075
 20
32.9003
  0
LWPOLYLINE
  5
2E3
330
17
100
AcDbEntity
  8
PARTS
100
AcDbPolyline
 90
2
 70
0
 10
23.3075
 20
32.9606
 10
23.3065
 20
32.9606
  0
LWPOLYLINE
  5
2E4
330
17
100
AcDbEntity
  8
PARTS
100
AcDbPolyline
 90
2
 70
0
 10
23.3075
 20
32.9606
 10
23.3075
 20
32.959900000000005
  0
LWPOLYLINE
  5
2E5
330
17
100
AcDbEntity
  8
PARTS
100
AcDbPolyline
 90
2
 70
0
 10
23.3075
 20
32.959900000000005
 10
23.3065
 20
32.959900000000005
  0
LWPOLYLINE
  5
2E6
330
17
100
AcDbEntity
  8
PARTS
100
AcDbPolyline
 90
2
 70
0
 10
23.3075
 20
32.939
 10
23.3065
 20
32.939
  0
LWPOLYLINE
  5
2E7
330
17
100
AcDbEntity
  8
PARTS
100
AcDbPolyline
 90
2
 70
0
 10
23.3075
 20
32.959900000000005
 10
23.3075
 20
32.939
  0
LWPOLYLINE
  5
2E8
330
17
100
AcDbEntity
  8
PARTS
100
AcDbPolyline
 90
2
 70
0
 10
23.3075
 20
32.9387
 10
23.3065
 20
32.9387
  0
LWPOLYLINE
  5
2E9
330
17
100
AcDbEntity
  8
PARTS
100
AcDbPolyline
 90
2
 70
0
 10
23.3075
 20
32.939
 10
23.3075
 20
32.9387
  0
LWPOLYLINE
  5
2EA
330
17
100
AcDbEntity
  8
PARTS
100
AcDbPolyline
 90
2
 70
0
 10
23.3075
 20
33.0015
 10
23.3075
 20
33.0015
  0
LWPOLYLINE
  5
2EB
330
17
100
AcDbEntity
  8
PARTS
100
AcDbPolyline
 90
2
 70
0
 10
23.3075
 20
33.0015
 10
23.3075
 20
32.9955
  0
LWPOLYLINE
  5
2EC
330
17
100
AcDbEntity
  8
PARTS
100
AcDbPolyline
 90
2
 70
0
 10
23.3075
 20
32.9955
 10
23.3075
 20
32.980199999999996
  0
LWPOLYLINE
  5
2ED
330
17
100
AcDbEntity
  8
PARTS
100
AcDbPolyline
 90
2
 70
0
 10
23.3075
 20
32.980199999999996
 10
23.3075
 20
32.968599999999995
  0
LWPOLYLINE
  5
2EE
330
17
100
AcDbEntity
  8
PARTS
100
AcDbPolyline
 90
2
 70
0
 10
23.3075
 20
32.968599999999995
 10
23.3075
 20
32.9683
  0
LWPOLYLINE
  5
2EF
330
17
100
AcDbEntity
  8
PARTS
100
AcDbPolyline
 90
2
 70
0
 10
23.3075
 20
32.9683
 10
23.3065
 20
32.9683
  0
LWPOLYLINE
  5
2F0
330
17
100
AcDbEntity
  8
PARTS
100
AcDbPolyline
 90
2
 70
0
 10
23.3075
 20
32.968599999999995
 10
23.3065
 20
32.968599999999995
  0
LWPOLYLINE
  5
2F1
330
17
100
AcDbEntity
  8
PARTS
100
AcDbPolyline
 90
2
 70
0
 10
23.3075
 20
33.0402
 10
23.3075
 20
33.025
  0
LWPOLYLINE
  5
2F2
330
17
100
AcDbEntity
  8
PARTS
100
AcDbPolyline
 90
2
 70
0
 10
23.3075
 20
33.025
 10
23.3075
 20
33.019400000000005
  0
LWPOLYLINE
  5
2F3
330
17
100
AcDbEntity
  8
PARTS
100
AcDbPolyline
 90
2
 70
0
 10
23.3075
 20
33.019400000000005
 10
23.3075
 20
33.0036
  0
LWPOLYLINE
  5
2F4
330
17
100
AcDbEntity
  8
PARTS
100
AcDbPolyline
 90
2
 70
0
 10
23.3075
 20
33.025
 10
23.3065
 20
33.025
  0
LWPOLYLINE
  5
2F5
330
17
100
AcDbEntity
  8
PARTS
100
AcDbPolyline
 90
2
 70
0
 10
23.3075
 20
33.0402
 10
23.3065
 20
33.0402
  0
LWPOLYLINE
  5
2F6
330
17
100
AcDbEntity
  8
PARTS
100
AcDbPolyline
 90
2
 70
0
 10
23.3075
 20
33.019400000000005
 10
23.3065
 20
33.019400000000005
  0
LWPOLYLINE
  5
2F7
330
17
100
AcDbEntity
  8
PARTS
100
AcDbPolyline
 90
2
 70
0
 10
23.3075
 20
33.0036
 10
23.3065
 20
33.0036
  0
LWPOLYLINE
  5
2F8
330
17
100
AcDbEntity
  8
PARTS
100
AcDbPolyline
 90
2
 70
0
 10
23.3075
 20
32.8768
 10
23.3065
 20
32.8768
  0
LWPOLYLINE
  5
2F9
330
17
100
AcDbEntity
  8
PARTS
100
AcDbPolyline
 90
2
 70
0
 10
23.3075
 20
32.876999999999995
 10
23.3075
 20
32.8768
  0
LWPOLYLINE
  5
2FA
330
17
100
AcDbEntity
  8
PARTS
100
AcDbPolyline
 90
2
 70
0
 10
23.3075
 20
32.8765
 10
23.3065
 20
32.8765
  0
LWPOLYLINE
  5
2FB
330
17
100
AcDbEntity
  8
PARTS
100
AcDbPolyline
 90
2
 70
0
 10
23.3075
 20
32.8768
 10
23.3075
 20
32.8765
  0
LWPOLYLINE
  5
2FC
330
17
100
AcDbEntity
  8
PARTS
100
AcDbPolyline
 90
2
 70
0
 10
23.3075
 20
32.9337
 10
23.3075
 20
32.9336
  0
LWPOLYLINE
  5
2FD
330
17
100
AcDbEntity
  8
PARTS
100
AcDbPolyline
 90
2
 70
0
 10
23.3075
 20
32.9336
 10
23.3065
 20
32.9336
  0
LWPOLYLINE
  5
2FE
330
17
100
AcDbEntity
  8
PARTS
100
AcDbPolyline
 90
2
 70
0
 10
23.3075
 20
32.9336
 10
23.3065
 20
32.9336
  0
LWPOLYLINE
  5
2FF
330
17
100
AcDbEntity
  8
PARTS
100
AcDbPolyline
 90
2
 70
0
 10
23.3075
 20
32.9336
 10
23.3075
 20
32.9336
  0
LWPOLYLINE
  5
300
330
17
100
AcDbEntity
  8
PARTS
100
AcDbPolyline
 90
2
 70
0
 10
23.3075
 20
32.9387
 10
23.3075
 20
32.937
  0
LWPOLYLINE
  5
301
330
17
100
AcDbEntity
  8
PARTS
100
AcDbPolyline
 90
2
 70
0
 10
23.3075
 20
32.937
 10
23.3075
 20
32.9337
  0
LWPOLYLINE
  5
302
330
17
100
AcDbEntity
  8
PARTS
100
AcDbPolyline
 90
2
 70
0
 10
23.3075
 20
32.9337
 10
23.3075
 20
32.9337
  0
LWPOLYLINE
  5
303
330
17
100
AcDbEntity
  8
PARTS
100
AcDbPolyline
 90
2
 70
0
 10
23.3075
 20
32.9337
 10
23.3075
 20
32.9337
  0
LWPOLYLINE
  5
304
330
17
100
AcDbEntity
  8
PARTS
100
AcDbPolyline
 90
2
 70
0
 10
23.3075
 20
32.9617
 10
23.3065
 20
32.9617
  0
LWPOLYLINE
  5
305
330
17
100
AcDbEntity
  8
PARTS
100
AcDbPolyline
 90
2
 70
0
 10
23.3075
 20
32.9683
 10
23.3075
 20
32.9617
  0
LWPOLYLINE
  5
306
330
17
100
AcDbEntity
  8
PARTS
100
AcDbPolyline
 90
2
 70
0
 10
23.3075
 20
32.9617
 10
23.3075
 20
32.9606
  0
LWPOLYLINE
  5
307
330
17
100
AcDbEntity
  8
PARTS
100
AcDbPolyline
 90
2
 70
0
 10
23.3075
 20
33.0036
 10
23.3075
 20
33.0015
  0
LWPOLYLINE
  5
308
330
17
100
AcDbEntity
  8
PARTS
100
AcDbPolyline
 90
2
 70
0
 10
23.3075
 20
33.052
 10
23.3075
 20
33.052
  0
LWPOLYLINE
  5
309
330
17
100
AcDbEntity
  8
PARTS
100
AcDbPolyline
 90
2
 70
0
 10
23.3075
 20
33.052
 10
23.3075
 20
33.046
  0
LWPOLYLINE
  5
30A
330
17
100
AcDbEntity
  8
PARTS
100
AcDbPolyline
 90
2
 70
0
 10
23.3075
 20
33.046
 10
23.3075
 20
33.0402
  0
LWPOLYLINE
  5
30B
330
17
100
AcDbEntity
  8
PARTS
100
AcDbPolyline
 90
2
 70
0
 10
23.3075
 20
33.0907
 10
23.3075
 20
33.075500000000005
  0
LWPOLYLINE
  5
30C
330
17
100
AcDbEntity
  8
PARTS
100
AcDbPolyline
 90
2
 70
0
 10
23.3075
 20
33.075500000000005
 10
23.3075
 20
33.069900000000004
  0
LWPOLYLINE
  5
30D
330
17
100
AcDbEntity
  8
PARTS
100
AcDbPolyline
 90
2
 70
0
 10
23.3075
 20
33.069900000000004
 10
23.3075
 20
33.0541
  0
LWPOLYLINE
  5
30E
330
17
100
AcDbEntity
  8
PARTS
100
AcDbPolyline
 90
2
 70
0
 10
23.3075
 20
33.075500000000005
 10
23.3065
 20
33.075500000000005
  0
LWPOLYLINE
  5
30F
330
17
100
AcDbEntity
  8
PARTS
100
AcDbPolyline
 90
2
 70
0
 10
23.3075
 20
33.0907
 10
23.3065
 20
33.0907
  0
LWPOLYLINE
  5
310
330
17
100
AcDbEntity
  8
PARTS
100
AcDbPolyline
 90
2
 70
0
 10
23.3075
 20
33.069900000000004
 10
23.3065
 20
33.069900000000004
  0
LWPOLYLINE
  5
311
330
17
100
AcDbEntity
  8
PARTS
100
AcDbPolyline
 90
2
 70
0
 10
23.3075
 20
33.0541
 10
23.3065
 20
33.0541
  0
LWPOLYLINE
  5
312
330
17
100
AcDbEntity
  8
PARTS
100
AcDbPolyline
 90
2
 70
0
 10
23.3075
 20
32.8435
 10
23.3075
 20
32.815200000000004
  0
LWPOLYLINE
  5
313
330
17
100
AcDbEntity
  8
PARTS
100
AcDbPolyline
 90
2
 70
0
 10
23.3075
 20
32.815200000000004
 10
23.3075
 20
32.7997
  0
LWPOLYLINE
  5
314
330
17
100
AcDbEntity
  8
PARTS
100
AcDbPolyline
 90
2
 70
0
 10
23.3075
 20
32.7997
 10
23.3075
 20
32.7605
  0
LWPOLYLINE
  5
315
330
17
100
AcDbEntity
  8
PARTS
100
AcDbPolyline
 90
2
 70
0
 10
23.3075
 20
32.7605
 10
23.3075
 20
32.7257
  0
LWPOLYLINE
  5
316
330
17
100
AcDbEntity
  8
PARTS
100
AcDbPolyline
 90
2
 70
0
 10
23.3075
 20
32.7257
 10
23.3075
 20
32.712900000000005
  0
LWPOLYLINE
  5
317
330
17
100
AcDbEntity
  8
PARTS
100
AcDbPolyline
 90
2
 70
0
 10
23.3075
 20
32.712900000000005
 10
23.3075
 20
32.706199999999995
  0
LWPOLYLINE
  5
318
330
17
100
AcDbEntity
  8
PARTS
100
AcDbPolyline
 90
2
 70
0
 10
23.3075
 20
32.706199999999995
 10
23.3075
 20
32.6729
  0
LWPOLYLINE
  5
319
330
17
100
AcDbEntity
  8
PARTS
100
AcDbPolyline
 90
2
 70
0
 10
23.3075
 20
32.6729
 10
23.3075
 20
32.659099999999995
  0
LWPOLYLINE
  5
31A
330
17
100
AcDbEntity
  8
PARTS
100
AcDbPolyline
 90
2
 70
0
 10
23.3075
 20
32.659099999999995
 10
23.3075
 20
32.659099999999995
  0
LWPOLYLINE
  5
31B
330
17
100
AcDbEntity
  8
PARTS
100
AcDbPolyline
 90
2
 70
0
 10
23.3075
 20
32.659099999999995
 10
23.3075
 20
32.659099999999995
  0
LWPOLYLINE
  5
31C
330
17
100
AcDbEntity
  8
PARTS
100
AcDbPolyline
 90
2
 70
0
 10
23.3075
 20
32.8435
 10
23.3065
 20
32.8435
  0
LWPOLYLINE
  5
31D
330
17
100
AcDbEntity
  8
PARTS
100
AcDbPolyline
 90
2
 70
0
 10
23.3075
 20
32.815200000000004
 10
23.3065
 20
32.815200000000004
  0
LWPOLYLINE
  5
31E
330
17
100
AcDbEntity
  8
PARTS
100
AcDbPolyline
 90
2
 70
0
 10
23.3075
 20
32.7997
 10
23.3065
 20
32.7997
  0
LWPOLYLINE
  5
31F
330
17
100
AcDbEntity
  8
PARTS
100
AcDbPolyline
 90
2
 70
0
 10
23.3075
 20
32.712900000000005
 10
23.3065
 20
32.712900000000005
  0
LWPOLYLINE
  5
320
330
17
100
AcDbEntity
  8
PARTS
100
AcDbPolyline
 90
2
 70
0
 10
19.306
 20
32.351
 10
19.306
 20
32.551
  0
LWPOLYLINE
  5
321
330
17
100
AcDbEntity
  8
PARTS
100
AcDbPolyline
 90
2
 70
0
 10
19.306
 20
33.150999999999996
 10
19.306
 20
33.351
  0
LWPOLYLINE
  5
322
330
17
100
AcDbEntity
  8
PARTS
100
AcDbPolyline
 90
2
 70
0
 10
19.256
 20
32.551
 10
19.306
 20
32.551
  0
LWPOLYLINE
  5
323
330
17
100
AcDbEntity
  8
PARTS
100
AcDbPolyline
 90
2
 70
0
 10
19.256
 20
33.150999999999996
 10
19.256
 20
33.141000000000005
  0
LWPOLYLINE
  5
324
330
17
100
AcDbEntity
  8
PARTS
100
AcDbPolyline
 90
2
 70
0
 10
19.256
 20
32.561
 10
19.256
 20
32.551
  0
LWPOLYLINE
  5
325
330
17
100
AcDbEntity
  8
PARTS
100
AcDbPolyline
 90
2
 70
0
 10
19.306
 20
33.150999999999996
 10
19.256
 20
33.150999999999996
  0
LWPOLYLINE
  5
326
330
17
100
AcDbEntity
  8
PARTS
100
AcDbPolyline
 90
2
 70
0
 10
19.306
 20
33.351
 10
18.806
 20
33.351
  0
LWPOLYLINE
  5
327
330
17
100
AcDbEntity
  8
PARTS
100
AcDbPolyline
 90
2
 70
0
 10
18.806
 20
33.351
 10
18.806
 20
33.150999999999996
  0
LWPOLYLINE
  5
328
330
17
100
AcDbEntity
  8
PARTS
100
AcDbPolyline
 90
2
 70
0
 10
18.806
 20
33.150999999999996
 10
18.856
 20
33.150999999999996
  0
LWPOLYLINE
  5
329
330
17
100
AcDbEntity
  8
PARTS
100
AcDbPolyline
 90
2
 70
0
 10
18.856
 20
32.551
 10
18.856
 20
32.561
  0
LWPOLYLINE
  5
32A
330
17
100
AcDbEntity
  8
PARTS
100
AcDbPolyline
 90
2
 70
0
 10
18.856
 20
33.141000000000005
 10
18.856
 20
33.150999999999996
  0
LWPOLYLINE
  5
32B
330
17
100
AcDbEntity
  8
PARTS
100
AcDbPolyline
 90
2
 70
0
 10
18.856
 20
32.551
 10
18.806
 20
32.551
  0
LWPOLYLINE
  5
32C
330
17
100
AcDbEntity
  8
PARTS
100
AcDbPolyline
 90
2
 70
0
 10
18.806
 20
32.551
 10
18.806
 20
32.351
  0
LWPOLYLINE
  5
32D
330
17
100
AcDbEntity
  8
PARTS
100
AcDbPolyline
 90
2
 70
0
 10
18.806
 20
32.351
 10
19.306
 20
32.351
  0
LWPOLYLINE
  5
32E
330
17
100
AcDbEntity
  8
PARTS
100
AcDbPolyline
 90
2
 70
0
 10
18.806
 20
32.551
 10
18.806
 20
33.150999999999996
  0
LWPOLYLINE
  5
32F
330
17
100
AcDbEntity
  8
PARTS
100
AcDbPolyline
 90
2
 70
0
 10
19.306
 20
33.150999999999996
 10
19.306
 20
32.551
  0
LWPOLYLINE
  5
330
330
17
100
AcDbEntity
  8
PARTS
100
AcDbPolyline
 90
2
 70
0
 10
19.296
 20
33.141000000000005
 10
18.816
 20
33.141000000000005
  0
LWPOLYLINE
  5
331
330
17
100
AcDbEntity
  8
PARTS
100
AcDbPolyline
 90
2
 70
0
 10
18.816
 20
33.141000000000005
 10
18.816
 20
32.561
  0
LWPOLYLINE
  5
332
330
17
100
AcDbEntity
  8
PARTS
100
AcDbPolyline
 90
2
 70
0
 10
18.816
 20
32.561
 10
19.296
 20
32.561
  0
LWPOLYLINE
  5
333
330
17
100
AcDbEntity
  8
PARTS
100
AcDbPolyline
 90
2
 70
0
 10
19.296
 20
32.561
 10
19.296
 20
33.141000000000005
  0
LWPOLYLINE
  5
334
330
17
100
AcDbEntity
  8
PARTS
100
AcDbPolyline
 90
2
 70
0
 10
19.306
 20
32.551
 10
19.296
 20
32.561
  0
LWPOLYLINE
  5
335
330
17
100
AcDbEntity
  8
PARTS
100
AcDbPolyline
 90
2
 70
0
 10
19.296
 20
33.141000000000005
 10
19.306
 20
33.150999999999996
  0
LWPOLYLINE
  5
336
330
17
100
AcDbEntity
  8
PARTS
100
AcDbPolyline
 90
2
 70
0
 10
18.816
 20
33.141000000000005
 10
18.806
 20
33.150999999999996
  0
LWPOLYLINE
  5
337
330
17
100
AcDbEntity
  8
PARTS
100
AcDbPolyline
 90
2
 70
0
 10
18.806
 20
32.551
 10
18.816
 20
32.561
  0
LWPOLYLINE
  5
338
330
17
100
AcDbEntity
  8
PARTS
100
AcDbPolyline
 90
2
 70
0
 10
19.307
 20
32.8985
 10
19.306
 20
32.8985
  0
LWPOLYLINE
  5
339
330
17
100
AcDbEntity
  8
PARTS
100
AcDbPolyline
 90
2
 70
0
 10
19.307
 20
32.8985
 10
19.307
 20
32.8825
  0
LWPOLYLINE
  5
33A
330
17
100
AcDbEntity
  8
PARTS
100
AcDbPolyline
 90
2
 70
0
 10
19.307
 20
32.8825
 10
19.306
 20
32.8825
  0
LWPOLYLINE
  5
33B
330
17
100
AcDbEntity
  8
PARTS
100
AcDbPolyline
 90
2
 70
0
 10
19.307
 20
32.877300000000005
 10
19.306
 20
32.877300000000005
  0
LWPOLYLINE
  5
33C
330
17
100
AcDbEntity
  8
PARTS
100
AcDbPolyline
 90
2
 70
0
 10
19.307
 20
32.8825
 10
19.307
 20
32.877300000000005
  0
LWPOLYLINE
  5
33D
330
17
100
AcDbEntity
  8
PARTS
100
AcDbPolyline
 90
2
 70
0
 10
19.307
 20
32.876999999999995
 10
19.306
 20
32.876999999999995
  0
LWPOLYLINE
  5
33E
330
17
100
AcDbEntity
  8
PARTS
100
AcDbPolyline
 90
2
 70
0
 10
19.307
 20
32.877300000000005
 10
19.307
 20
32.876999999999995
  0
LWPOLYLINE
  5
33F
330
17
100
AcDbEntity
  8
PARTS
100
AcDbPolyline
 90
2
 70
0
 10
19.307
 20
32.9309
 10
19.306
 20
32.9309
  0
LWPOLYLINE
  5
340
330
17
100
AcDbEntity
  8
PARTS
100
AcDbPolyline
 90
2
 70
0
 10
19.307
 20
32.9309
 10
19.307
 20
32.9212
  0
LWPOLYLINE
  5
341
330
17
100
AcDbEntity
  8
PARTS
100
AcDbPolyline
 90
2
 70
0
 10
19.307
 20
32.9212
 10
19.307
 20
32.9062
  0
LWPOLYLINE
  5
342
330
17
100
AcDbEntity
  8
PARTS
100
AcDbPolyline
 90
2
 70
0
 10
19.307
 20
32.9062
 10
19.307
 20
32.9003
  0
LWPOLYLINE
  5
343
330
17
100
AcDbEntity
  8
PARTS
100
AcDbPolyline
 90
2
 70
0
 10
19.307
 20
32.9003
 10
19.307
 20
32.9003
  0
LWPOLYLINE
  5
344
330
17
100
AcDbEntity
  8
PARTS
100
AcDbPolyline
 90
2
 70
0
 10
19.307
 20
32.9003
 10
19.307
 20
32.9003
  0
LWPOLYLINE
  5
345
330
17
100
AcDbEntity
  8
PARTS
100
AcDbPolyline
 90
2
 70
0
 10
19.307
 20
32.9606
 10
19.306
 20
32.9606
  0
LWPOLYLINE
  5
346
330
17
100
AcDbEntity
  8
PARTS
100
AcDbPolyline
 90
2
 70
0
 10
19.307
 20
32.9606
 10
19.307
 20
32.959900000000005
  0
LWPOLYLINE
  5
347
330
17
100
AcDbEntity
  8
PARTS
100
AcDbPolyline
 90
2
 70
0
 10
19.307
 20
32.959900000000005
 10
19.306
 20
32.959900000000005
  0
LWPOLYLINE
  5
348
330
17
100
AcDbEntity
  8
PARTS
100
AcDbPolyline
 90
2
 70
0
 10
19.307
 20
32.939
 10
19.306
 20
32.939
  0
LWPOLYLINE
  5
349
330
17
100
AcDbEntity
  8
PARTS
100
AcDbPolyline
 90
2
 70
0
 10
19.307
 20
32.959900000000005
 10
19.307
 20
32.939
  0
LWPOLYLINE
  5
34A
330
17
100
AcDbEntity
  8
PARTS
100
AcDbPolyline
 90
2
 70
0
 10
19.307
 20
32.9387
 10
19.306
 20
32.9387
  0
LWPOLYLINE
  5
34B
330
17
100
AcDbEntity
  8
PARTS
100
AcDbPolyline
 90
2
 70
0
 10
19.307
 20
32.939
 10
19.307
 20
32.9387
  0
LWPOLYLINE
  5
34C
330
17
100
AcDbEntity
  8
PARTS
100
AcDbPolyline
 90
2
 70
0
 10
19.307
 20
33.0015
 10
19.307
 20
33.0015
  0
LWPOLYLINE
  5
34D
330
17
100
AcDbEntity
  8
PARTS
100
AcDbPolyline
 90
2
 70
0
 10
19.307
 20
33.0015
 10
19.307
 20
32.9955
  0
LWPOLYLINE
  5
34E
330
17
100
AcDbEntity
  8
PARTS
100
AcDbPolyline
 90
2
 70
0
 10
19.307
 20
32.9955
 10
19.307
 20
32.980199999999996
  0
LWPOLYLINE
  5
34F
330
17
100
AcDbEntity
  8
PARTS
100
AcDbPolyline
 90
2
 70
0
 10
19.307
 20
32.980199999999996
 10
19.307
 20
32.968599999999995
  0
LWPOLYLINE
  5
350
330
17
100
AcDbEntity
  8
PARTS
100
AcDbPolyline
 90
2
 70
0
 10
19.307
 20
32.968599999999995
 10
19.307
 20
32.9683
  0
LWPOLYLINE
  5
351
330
17
100
AcDbEntity
  8
PARTS
100
AcDbPolyline
 90
2
 70
0
 10
19.307
 20
32.9683
 10
19.306
 20
32.9683
  0
LWPOLYLINE
  5
352
330
17
100
AcDbEntity
  8
PARTS
100
AcDbPolyline
 90
2
 70
0
 10
19.307
 20
32.968599999999995
 10
19.306
 20
32.968599999999995
  0
LWPOLYLINE
  5
353
330
17
100
AcDbEntity
  8
PARTS
100
AcDbPolyline
 90
2
 70
0
 10
19.307
 20
33.0402
 10
19.307
 20
33.025
  0
LWPOLYLINE
  5
354
330
17
100
AcDbEntity
  8
PARTS
100
AcDbPolyline
 90
2
 70
0
 10
19.307
 20
33.025
 10
19.307
 20
33.019400000000005
  0
LWPOLYLINE
  5
355
330
17
100
AcDbEntity
  8
PARTS
100
AcDbPolyline
 90
2
 70
0
 10
19.307
 20
33.019400000000005
 10
19.307
 20
33.0036
  0
LWPOLYLINE
  5
356
330
17
100
AcDbEntity
  8
PARTS
100
AcDbPolyline
 90
2
 70
0
 10
19.307
 20
33.025
 10
19.306
 20
33.025
  0
LWPOLYLINE
  5
357
330
17
100
AcDbEntity
  8
PARTS
100
AcDbPolyline
 90
2
 70
0
 10
19.307
 20
33.0402
 10
19.306
 20
33.0402
  0
LWPOLYLINE
  5
358
330
17
100
AcDbEntity
  8
PARTS
100
AcDbPolyline
 90
2
 70
0
 10
19.307
 20
33.019400000000005
 10
19.306
 20
33.019400000000005
  0
LWPOLYLINE
  5
359
330
17
100
AcDbEntity
  8
PARTS
100
AcDbPolyline
 90
2
 70
0
 10
19.307
 20
33.0036
 10
19.306
 20
33.0036
  0
LWPOLYLINE
  5
35A
330
17
100
AcDbEntity
  8
PARTS
100
AcDbPolyline
 90
2
 70
0
 10
19.307
 20
32.8768
 10
19.306
 20
32.8768
  0
LWPOLYLINE
  5
35B
330
17
100
AcDbEntity
  8
PARTS
100
AcDbPolyline
 90
2
 70
0
 10
19.307
 20
32.876999999999995
 10
19.307
 20
32.8768
  0
LWPOLYLINE
  5
35C
330
17
100
AcDbEntity
  8
PARTS
100
AcDbPolyline
 90
2
 70
0
 10
19.307
 20
32.8765
 10
19.306
 20
32.8765
  0
LWPOLYLINE
  5
35D
330
17
100
AcDbEntity
  8
PARTS
100
AcDbPolyline
 90
2
 70
0
 10
19.307
 20
32.8768
 10
19.307
 20
32.8765
  0
LWPOLYLINE
  5
35E
330
17
100
AcDbEntity
  8
PARTS
100
AcDbPolyline
 90
2
 70
0
 10
19.307
 20
32.9337
 10
19.307
 20
32.9336
  0
LWPOLYLINE
  5
35F
330
17
100
AcDbEntity
  8
PARTS
100
AcDbPolyline
 90
2
 70
0
 10
19.307
 20
32.9336
 10
19.306
 20
32.9336
  0
LWPOLYLINE
  5
360
330
17
100
AcDbEntity
  8
PARTS
100
AcDbPolyline
 90
2
 70
0
 10
19.307
 20
32.9336
 10
19.306
 20
32.9336
  0
LWPOLYLINE
  5
361
330
17
100
AcDbEntity
  8
PARTS
100
AcDbPolyline
 90
2
 70
0
 10
19.307
 20
32.9336
 10
19.307
 20
32.9336
  0
LWPOLYLINE
  5
362
330
17
100
AcDbEntity
  8
PARTS
100
AcDbPolyline
 90
2
 70
0
 10
19.307
 20
32.9387
 10
19.307
 20
32.937
  0
LWPOLYLINE
  5
363
330
17
100
AcDbEntity
  8
PARTS
100
AcDbPolyline
 90
2
 70
0
 10
19.307
 20
32.937
 10
19.307
 20
32.9337
  0
LWPOLYLINE
  5
364
330
17
100
AcDbEntity
  8
PARTS
100
AcDbPolyline
 90
2
 70
0
 10
19.307
 20
32.9337
 10
19.307
 20
32.9337
  0
LWPOLYLINE
  5
365
330
17
100
AcDbEntity
  8
PARTS
100
AcDbPolyline
 90
2
 70
0
 10
19.307
 20
32.9337
 10
19.307
 20
32.9337
  0
LWPOLYLINE
  5
366
330
17
100
AcDbEntity
  8
PARTS
100
AcDbPolyline
 90
2
 70
0
 10
19.307
 20
32.9617
 10
19.306
 20
32.9617
  0
LWPOLYLINE
  5
367
330
17
100
AcDbEntity
  8
PARTS
100
AcDbPolyline
 90
2
 70
0
 10
19.307
 20
32.9683
 10
19.307
 20
32.9617
  0
LWPOLYLINE
  5
368
330
17
100
AcDbEntity
  8
PARTS
100
AcDbPolyline
 90
2
 70
0
 10
19.307
 20
32.9617
 10
19.307
 20
32.9606
  0
LWPOLYLINE
  5
369
330
17
100
AcDbEntity
  8
PARTS
100
AcDbPolyline
 90
2
 70
0
 10
19.307
 20
33.0036
 10
19.307
 20
33.0015
  0
LWPOLYLINE
  5
36A
330
17
100
AcDbEntity
  8
PARTS
100
AcDbPolyline
 90
2
 70
0
 10
19.307
 20
33.052
 10
19.307
 20
33.052
  0
LWPOLYLINE
  5
36B
330
17
100
AcDbEntity
  8
PARTS
100
AcDbPolyline
 90
2
 70
0
 10
19.307
 20
33.052
 10
19.307
 20
33.046
  0
LWPOLYLINE
  5
36C
330
17
100
AcDbEntity
  8
PARTS
100
AcDbPolyline
 90
2
 70
0
 10
19.307
 20
33.046
 10
19.307
 20
33.0402
  0
LWPOLYLINE
  5
36D
330
17
100
AcDbEntity
  8
PARTS
100
AcDbPolyline
 90
2
 70
0
 10
19.307
 20
33.0907
 10
19.307
 20
33.075500000000005
  0
LWPOLYLINE
  5
36E
330
17
100
AcDbEntity
  8
PARTS
100
AcDbPolyline
 90
2
 70
0
 10
19.307
 20
33.075500000000005
 10
19.307
 20
33.069900000000004
  0
LWPOLYLINE
  5
36F
330
17
100
AcDbEntity
  8
PARTS
100
AcDbPolyline
 90
2
 70
0
 10
19.307
 20
33.069900000000004
 10
19.307
 20
33.0541
  0
LWPOLYLINE
  5
370
330
17
100
AcDbEntity
  8
PARTS
100
AcDbPolyline
 90
2
 70
0
 10
19.307
 20
33.075500000000005
 10
19.306
 20
33.075500000000005
  0
LWPOLYLINE
  5
371
330
17
100
AcDbEntity
  8
PARTS
100
AcDbPolyline
 90
2
 70
0
 10
19.307
 20
33.0907
 10
19.306
 20
33.0907
  0
LWPOLYLINE
  5
372
330
17
100
AcDbEntity
  8
PARTS
100
AcDbPolyline
 90
2
 70
0
 10
19.307
 20
33.069900000000004
 10
19.306
 20
33.069900000000004
  0
LWPOLYLINE
  5
373
330
17
100
AcDbEntity
  8
PARTS
100
AcDbPolyline
 90
2
 70
0
 10
19.307
 20
33.0541
 10
19.306
 20
33.0541
  0
LWPOLYLINE
  5
374
330
17
100
AcDbEntity
  8
PARTS
100
AcDbPolyline
 90
2
 70
0
 10
19.307
 20
32.8435
 10
19.307
 20
32.815200000000004
  0
LWPOLYLINE
  5
375
330
17
100
AcDbEntity
  8
PARTS
100
AcDbPolyline
 90
2
 70
0
 10
19.307
 20
32.815200000000004
 10
19.307
 20
32.7997
  0
LWPOLYLINE
  5
376
330
17
100
AcDbEntity
  8
PARTS
100
AcDbPolyline
 90
2
 70
0
 10
19.307
 20
32.7997
 10
19.307
 20
32.7605
  0
LWPOLYLINE
  5
377
330
17
100
AcDbEntity
  8
PARTS
100
AcDbPolyline
 90
2
 70
0
 10
19.307
 20
32.7605
 10
19.307
 20
32.7257
  0
LWPOLYLINE
  5
378
330
17
100
AcDbEntity
  8
PARTS
100
AcDbPolyline
 90
2
 70
0
 10
19.307
 20
32.7257
 10
19.307
 20
32.712900000000005
  0
LWPOLYLINE
  5
379
330
17
100
AcDbEntity
  8
PARTS
100
AcDbPolyline
 90
2
 70
0
 10
19.307
 20
32.712900000000005
 10
19.307
 20
32.706199999999995
  0
LWPOLYLINE
  5
37A
330
17
100
AcDbEntity
  8
PARTS
100
AcDbPolyline
 90
2
 70
0
 10
19.307
 20
32.706199999999995
 10
19.307
 20
32.6729
  0
LWPOLYLINE
  5
37B
330
17
100
AcDbEntity
  8
PARTS
100
AcDbPolyline
 90
2
 70
0
 10
19.307
 20
32.6729
 10
19.307
 20
32.659099999999995
  0
LWPOLYLINE
  5
37C
330
17
100
AcDbEntity
  8
PARTS
100
AcDbPolyline
 90
2
 70
0
 10
19.307
 20
32.659099999999995
 10
19.307
 20
32.659099999999995
  0
LWPOLYLINE
  5
37D
330
17
100
AcDbEntity
  8
PARTS
100
AcDbPolyline
 90
2
 70
0
 10
19.307
 20
32.659099999999995
 10
19.307
 20
32.659099999999995
  0
LWPOLYLINE
  5
37E
330
17
100
AcDbEntity
  8
PARTS
100
AcDbPolyline
 90
2
 70
0
 10
19.307
 20
32.8435
 10
19.306
 20
32.8435
  0
LWPOLYLINE
  5
37F
330
17
100
AcDbEntity
  8
PARTS
100
AcDbPolyline
 90
2
 70
0
 10
19.307
 20
32.815200000000004
 10
19.306
 20
32.815200000000004
  0
LWPOLYLINE
  5
380
330
17
100
AcDbEntity
  8
PARTS
100
AcDbPolyline
 90
2
 70
0
 10
19.307
 20
32.7997
 10
19.306
 20
32.7997
  0
LWPOLYLINE
  5
381
330
17
100
AcDbEntity
  8
PARTS
100
AcDbPolyline
 90
2
 70
0
 10
19.307
 20
32.712900000000005
 10
19.306
 20
32.712900000000005
  0
LWPOLYLINE
  5
382
330
17
100
AcDbEntity
  8
PARTS
100
AcDbPolyline
 90
2
 70
0
 10
20.639499999999998
 20
32.351
 10
20.639499999999998
 20
32.551
  0
LWPOLYLINE
  5
383
330
17
100
AcDbEntity
  8
PARTS
100
AcDbPolyline
 90
2
 70
0
 10
20.639499999999998
 20
33.150999999999996
 10
20.639499999999998
 20
33.351
  0
LWPOLYLINE
  5
384
330
17
100
AcDbEntity
  8
PARTS
100
AcDbPolyline
 90
2
 70
0
 10
20.5895
 20
32.551
 10
20.639499999999998
 20
32.551
  0
LWPOLYLINE
  5
385
330
17
100
AcDbEntity
  8
PARTS
100
AcDbPolyline
 90
2
 70
0
 10
20.5895
 20
33.150999999999996
 10
20.5895
 20
33.141000000000005
  0
LWPOLYLINE
  5
386
330
17
100
AcDbEntity
  8
PARTS
100
AcDbPolyline
 90
2
 70
0
 10
20.5895
 20
32.561
 10
20.5895
 20
32.551
  0
LWPOLYLINE
  5
387
330
17
100
AcDbEntity
  8
PARTS
100
AcDbPolyline
 90
2
 70
0
 10
20.639499999999998
 20
33.150999999999996
 10
20.5895
 20
33.150999999999996
  0
LWPOLYLINE
  5
388
330
17
100
AcDbEntity
  8
PARTS
100
AcDbPolyline
 90
2
 70
0
 10
20.639499999999998
 20
33.351
 10
20.139499999999998
 20
33.351
  0
LWPOLYLINE
  5
389
330
17
100
AcDbEntity
  8
PARTS
100
AcDbPolyline
 90
2
 70
0
 10
20.139499999999998
 20
33.351
 10
20.139499999999998
 20
33.150999999999996
  0
LWPOLYLINE
  5
38A
330
17
100
AcDbEntity
  8
PARTS
100
AcDbPolyline
 90
2
 70
0
 10
20.139499999999998
 20
33.150999999999996
 10
20.189500000000002
 20
33.150999999999996
  0
LWPOLYLINE
  5
38B
330
17
100
AcDbEntity
  8
PARTS
100
AcDbPolyline
 90
2
 70
0
 10
20.189500000000002
 20
32.551
 10
20.189500000000002
 20
32.561
  0
LWPOLYLINE
  5
38C
330
17
100
AcDbEntity
  8
PARTS
100
AcDbPolyline
 90
2
 70
0
 10
20.189500000000002
 20
33.141000000000005
 10
20.189500000000002
 20
33.150999999999996
  0
LWPOLYLINE
  5
38D
330
17
100
AcDbEntity
  8
PARTS
100
AcDbPolyline
 90
2
 70
0
 10
20.189500000000002
 20
32.551
 10
20.139499999999998
 20
32.551
  0
LWPOLYLINE
  5
38E
330
17
100
AcDbEntity
  8
PARTS
100
AcDbPolyline
 90
2
 70
0
 10
20.139499999999998
 20
32.551
 10
20.139499999999998
 20
32.351
  0
LWPOLYLINE
  5
38F
330
17
100
AcDbEntity
  8
PARTS
100
AcDbPolyline
 90
2
 70
0
 10
20.139499999999998
 20
32.351
 10
20.639499999999998
 20
32.351
  0
LWPOLYLINE
  5
390
330
17
100
AcDbEntity
  8
PARTS
100
AcDbPolyline
 90
2
 70
0
 10
20.139499999999998
 20
32.551
 10
20.139499999999998
 20
33.150999999999996
  0
LWPOLYLINE
  5
391
330
17
100
AcDbEntity
  8
PARTS
100
AcDbPolyline
 90
2
 70
0
 10
20.639499999999998
 20
33.150999999999996
 10
20.639499999999998
 20
32.551
  0
LWPOLYLINE
  5
392
330
17
100
AcDbEntity
  8
PARTS
100
AcDbPolyline
 90
2
 70
0
 10
20.6295
 20
33.141000000000005
 10
20.1495
 20
33.141000000000005
  0
LWPOLYLINE
  5
393
330
17
100
AcDbEntity
  8
PARTS
100
AcDbPolyline
 90
2
 70
0
 10
20.1495
 20
33.141000000000005
 10
20.1495
 20
32.561
  0
LWPOLYLINE
  5
394
330
17
100
AcDbEntity
  8
PARTS
100
AcDbPolyline
 90
2
 70
0
 10
20.1495
 20
32.561
 10
20.6295
 20
32.561
  0
LWPOLYLINE
  5
395
330
17
100
AcDbEntity
  8
PARTS
100
AcDbPolyline
 90
2
 70
0
 10
20.6295
 20
32.561
 10
20.6295
 20
33.141000000000005
  0
LWPOLYLINE
  5
396
330
17
100
AcDbEntity
  8
PARTS
100
AcDbPolyline
 90
2
 70
0
 10
20.639499999999998
 20
32.551
 10
20.6295
 20
32.561
  0
LWPOLYLINE
  5
397
330
17
100
AcDbEntity
  8
PARTS
100
AcDbPolyline
 90
2
 70
0
 10
20.6295
 20
33.141000000000005
 10
20.639499999999998
 20
33.150999999999996
  0
LWPOLYLINE
  5
398
330
17
100
AcDbEntity
  8
PARTS
100
AcDbPolyline
 90
2
 70
0
 10
20.1495
 20
33.141000000000005
 10
20.139499999999998
 20
33.150999999999996
  0
LWPOLYLINE
  5
399
330
17
100
AcDbEntity
  8
PARTS
100
AcDbPolyline
 90
2
 70
0
 10
20.139499999999998
 20
32.551
 10
20.1495
 20
32.561
  0
LWPOLYLINE
  5
39A
330
17
100
AcDbEntity
  8
PARTS
100
AcDbPolyline
 90
2
 70
0
 10
20.6405
 20
32.8985
 10
20.639499999999998
 20
32.8985
  0
LWPOLYLINE
  5
39B
330
17
100
AcDbEntity
  8
PARTS
100
AcDbPolyline
 90
2
 70
0
 10
20.6405
 20
32.8985
 10
20.6405
 20
32.8825
  0
LWPOLYLINE
  5
39C
330
17
100
AcDbEntity
  8
PARTS
100
AcDbPolyline
 90
2
 70
0
 10
20.6405
 20
32.8825
 10
20.639499999999998
 20
32.8825
  0
LWPOLYLINE
  5
39D
330
17
100
AcDbEntity
  8
PARTS
100
AcDbPolyline
 90
2
 70
0
 10
20.6405
 20
32.877300000000005
 10
20.639499999999998
 20
32.877300000000005
  0
LWPOLYLINE
  5
39E
330
17
100
AcDbEntity
  8
PARTS
100
AcDbPolyline
 90
2
 70
0
 10
20.6405
 20
32.8825
 10
20.6405
 20
32.877300000000005
  0
LWPOLYLINE
  5
39F
330
17
100
AcDbEntity
  8
PARTS
100
AcDbPolyline
 90
2
 70
0
 10
20.6405
 20
32.876999999999995
 10
20.639499999999998
 20
32.876999999999995
  0
LWPOLYLINE
  5
3A0
330
17
100
AcDbEntity
  8
PARTS
100
AcDbPolyline
 90
2
 70
0
 10
20.6405
 20
32.877300000000005
 10
20.6405
 20
32.876999999999995
  0
LWPOLYLINE
  5
3A1
330
17
100
AcDbEntity
  8
PARTS
100
AcDbPolyline
 90
2
 70
0
 10
20.6405
 20
32.9309
 10
20.639499999999998
 20
32.9309
  0
LWPOLYLINE
  5
3A2
330
17
100
AcDbEntity
  8
PARTS
100
AcDbPolyline
 90
2
 70
0
 10
20.6405
 20
32.9309
 10
20.6405
 20
32.9212
  0
LWPOLYLINE
  5
3A3
330
17
100
AcDbEntity
  8
PARTS
100
AcDbPolyline
 90
2
 70
0
 10
20.6405
 20
32.9212
 10
20.6405
 20
32.9062
  0
LWPOLYLINE
  5
3A4
330
17
100
AcDbEntity
  8
PARTS
100
AcDbPolyline
 90
2
 70
0
 10
20.6405
 20
32.9062
 10
20.6405
 20
32.9003
  0
LWPOLYLINE
  5
3A5
330
17
100
AcDbEntity
  8
PARTS
100
AcDbPolyline
 90
2
 70
0
 10
20.6405
 20
32.9003
 10
20.6405
 20
32.9003
  0
LWPOLYLINE
  5
3A6
330
17
100
AcDbEntity
  8
PARTS
100
AcDbPolyline
 90
2
 70
0
 10
20.6405
 20
32.9003
 10
20.6405
 20
32.9003
  0
LWPOLYLINE
  5
3A7
330
17
100
AcDbEntity
  8
PARTS
100
AcDbPolyline
 90
2
 70
0
 10
20.6405
 20
32.9606
 10
20.639499999999998
 20
32.9606
  0
LWPOLYLINE
  5
3A8
330
17
100
AcDbEntity
  8
PARTS
100
AcDbPolyline
 90
2
 70
0
 10
20.6405
 20
32.9606
 10
20.6405
 20
32.959900000000005
  0
LWPOLYLINE
  5
3A9
330
17
100
AcDbEntity
  8
PARTS
100
AcDbPolyline
 90
2
 70
0
 10
20.6405
 20
32.959900000000005
 10
20.639499999999998
 20
32.959900000000005
  0
LWPOLYLINE
  5
3AA
330
17
100
AcDbEntity
  8
PARTS
100
AcDbPolyline
 90
2
 70
0
 10
20.6405
 20
32.939
 10
20.639499999999998
 20
32.939
  0
LWPOLYLINE
  5
3AB
330
17
100
AcDbEntity
  8
PARTS
100
AcDbPolyline
 90
2
 70
0
 10
20.6405
 20
32.959900000000005
 10
20.6405
 20
32.939
  0
LWPOLYLINE
  5
3AC
330
17
100
AcDbEntity
  8
PARTS
100
AcDbPolyline
 90
2
 70
0
 10
20.6405
 20
32.9387
 10
20.639499999999998
 20
32.9387
  0
LWPOLYLINE
  5
3AD
330
17
100
AcDbEntity
  8
PARTS
100
AcDbPolyline
 90
2
 70
0
 10
20.6405
 20
32.939
 10
20.6405
 20
32.9387
  0
LWPOLYLINE
  5
3AE
330
17
100
AcDbEntity
  8
PARTS
100
AcDbPolyline
 90
2
 70
0
 10
20.6405
 20
33.0015
 10
20.6405
 20
33.0015
  0
LWPOLYLINE
  5
3AF
330
17
100
AcDbEntity
  8
PARTS
100
AcDbPolyline
 90
2
 70
0
 10
20.6405
 20
33.0015
 10
20.6405
 20
32.9955
  0
LWPOLYLINE
  5
3B0
330
17
100
AcDbEntity
  8
PARTS
100
AcDbPolyline
 90
2
 70
0
 10
20.6405
 20
32.9955
 10
20.6405
 20
32.980199999999996
  0
LWPOLYLINE
  5
3B1
330
17
100
AcDbEntity
  8
PARTS
100
AcDbPolyline
 90
2
 70
0
 10
20.6405
 20
32.980199999999996
 10
20.6405
 20
32.968599999999995
  0
LWPOLYLINE
  5
3B2
330
17
100
AcDbEntity
  8
PARTS
100
AcDbPolyline
 90
2
 70
0
 10
20.6405
 20
32.968599999999995
 10
20.6405
 20
32.9683
  0
LWPOLYLINE
  5
3B3
330
17
100
AcDbEntity
  8
PARTS
100
AcDbPolyline
 90
2
 70
0
 10
20.6405
 20
32.9683
 10
20.639499999999998
 20
32.9683
  0
LWPOLYLINE
  5
3B4
330
17
100
AcDbEntity
  8
PARTS
100
AcDbPolyline
 90
2
 70
0
 10
20.6405
 20
32.968599999999995
 10
20.639499999999998
 20
32.968599999999995
  0
LWPOLYLINE
  5
3B5
330
17
100
AcDbEntity
  8
PARTS
100
AcDbPolyline
 90
2
 70
0
 10
20.6405
 20
33.0402
 10
20.6405
 20
33.025
  0
LWPOLYLINE
  5
3B6
330
17
100
AcDbEntity
  8
PARTS
100
AcDbPolyline
 90
2
 70
0
 10
20.6405
 20
33.025
 10
20.6405
 20
33.019400000000005
  0
LWPOLYLINE
  5
3B7
330
17
100
AcDbEntity
  8
PARTS
100
AcDbPolyline
 90
2
 70
0
 10
20.6405
 20
33.019400000000005
 10
20.6405
 20
33.0036
  0
LWPOLYLINE
  5
3B8
330
17
100
AcDbEntity
  8
PARTS
100
AcDbPolyline
 90
2
 70
0
 10
20.6405
 20
33.025
 10
20.639499999999998
 20
33.025
  0
LWPOLYLINE
  5
3B9
330
17
100
AcDbEntity
  8
PARTS
100
AcDbPolyline
 90
2
 70
0
 10
20.6405
 20
33.0402
 10
20.639499999999998
 20
33.0402
  0
LWPOLYLINE
  5
3BA
330
17
100
AcDbEntity
  8
PARTS
100
AcDbPolyline
 90
2
 70
0
 10
20.6405
 20
33.019400000000005
 10
20.639499999999998
 20
33.019400000000005
  0
LWPOLYLINE
  5
3BB
330
17
100
AcDbEntity
  8
PARTS
100
AcDbPolyline
 90
2
 70
0
 10
20.6405
 20
33.0036
 10
20.639499999999998
 20
33.0036
  0
LWPOLYLINE
  5
3BC
330
17
100
AcDbEntity
  8
PARTS
100
AcDbPolyline
 90
2
 70
0
 10
20.6405
 20
32.8768
 10
20.639499999999998
 20
32.8768
  0
LWPOLYLINE
  5
3BD
330
17
100
AcDbEntity
  8
PARTS
100
AcDbPolyline
 90
2
 70
0
 10
20.6405
 20
32.876999999999995
 10
20.6405
 20
32.8768
  0
LWPOLYLINE
  5
3BE
330
17
100
AcDbEntity
  8
PARTS
100
AcDbPolyline
 90
2
 70
0
 10
20.6405
 20
32.8765
 10
20.639499999999998
 20
32.8765
  0
LWPOLYLINE
  5
3BF
330
17
100
AcDbEntity
  8
PARTS
100
AcDbPolyline
 90
2
 70
0
 10
20.6405
 20
32.8768
 10
20.6405
 20
32.8765
  0
LWPOLYLINE
  5
3C0
330
17
100
AcDbEntity
  8
PARTS
100
AcDbPolyline
 90
2
 70
0
 10
20.6405
 20
32.9337
 10
20.6405
 20
32.9336
  0
LWPOLYLINE
  5
3C1
330
17
100
AcDbEntity
  8
PARTS
100
AcDbPolyline
 90
2
 70
0
 10
20.6405
 20
32.9336
 10
20.639499999999998
 20
32.9336
  0
LWPOLYLINE
  5
3C2
330
17
100
AcDbEntity
  8
PARTS
100
AcDbPolyline
 90
2
 70
0
 10
20.6405
 20
32.9336
 10
20.639499999999998
 20
32.9336
  0
LWPOLYLINE
  5
3C3
330
17
100
AcDbEntity
  8
PARTS
100
AcDbPolyline
 90
2
 70
0
 10
20.6405
 20
32.9336
 10
20.6405
 20
32.9336
  0
LWPOLYLINE
  5
3C4
330
17
100
AcDbEntity
  8
PARTS
100
AcDbPolyline
 90
2
 70
0
 10
20.6405
 20
32.9387
 10
20.6405
 20
32.937
  0
LWPOLYLINE
  5
3C5
330
17
100
AcDbEntity
  8
PARTS
100
AcDbPolyline
 90
2
 70
0
 10
20.6405
 20
32.937
 10
20.6405
 20
32.9337
  0
LWPOLYLINE
  5
3C6
330
17
100
AcDbEntity
  8
PARTS
100
AcDbPolyline
 90
2
 70
0
 10
20.6405
 20
32.9337
 10
20.6405
 20
32.9337
  0
LWPOLYLINE
  5
3C7
330
17
100
AcDbEntity
  8
PARTS
100
AcDbPolyline
 90
2
 70
0
 10
20.6405
 20
32.9337
 10
20.6405
 20
32.9337
  0
LWPOLYLINE
  5
3C8
330
17
100
AcDbEntity
  8
PARTS
100
AcDbPolyline
 90
2
 70
0
 10
20.6405
 20
32.9617
 10
20.639499999999998
 20
32.9617
  0
LWPOLYLINE
  5
3C9
330
17
100
AcDbEntity
  8
PARTS
100
AcDbPolyline
 90
2
 70
0
 10
20.6405
 20
32.9683
 10
20.6405
 20
32.9617
  0
LWPOLYLINE
  5
3CA
330
17
100
AcDbEntity
  8
PARTS
100
AcDbPolyline
 90
2
 70
0
 10
20.6405
 20
32.9617
 10
20.6405
 20
32.9606
  0
LWPOLYLINE
  5
3CB
330
17
100
AcDbEntity
  8
PARTS
100
AcDbPolyline
 90
2
 70
0
 10
20.6405
 20
33.0036
 10
20.6405
 20
33.0015
  0
LWPOLYLINE
  5
3CC
330
17
100
AcDbEntity
  8
PARTS
100
AcDbPolyline
 90
2
 70
0
 10
20.6405
 20
33.052
 10
20.6405
 20
33.052
  0
LWPOLYLINE
  5
3CD
330
17
100
AcDbEntity
  8
PARTS
100
AcDbPolyline
 90
2
 70
0
 10
20.6405
 20
33.052
 10
20.6405
 20
33.046
  0
LWPOLYLINE
  5
3CE
330
17
100
AcDbEntity
  8
PARTS
100
AcDbPolyline
 90
2
 70
0
 10
20.6405
 20
33.046
 10
20.6405
 20
33.0402
  0
LWPOLYLINE
  5
3CF
330
17
100
AcDbEntity
  8
PARTS
100
AcDbPolyline
 90
2
 70
0
 10
20.6405
 20
33.0907
 10
20.6405
 20
33.075500000000005
  0
LWPOLYLINE
  5
3D0
330
17
100
AcDbEntity
  8
PARTS
100
AcDbPolyline
 90
2
 70
0
 10
20.6405
 20
33.075500000000005
 10
20.6405
 20
33.069900000000004
  0
LWPOLYLINE
  5
3D1
330
17
100
AcDbEntity
  8
PARTS
100
AcDbPolyline
 90
2
 70
0
 10
20.6405
 20
33.069900000000004
 10
20.6405
 20
33.0541
  0
LWPOLYLINE
  5
3D2
330
17
100
AcDbEntity
  8
PARTS
100
AcDbPolyline
 90
2
 70
0
 10
20.6405
 20
33.075500000000005
 10
20.639499999999998
 20
33.075500000000005
  0
LWPOLYLINE
  5
3D3
330
17
100
AcDbEntity
  8
PARTS
100
AcDbPolyline
 90
2
 70
0
 10
20.6405
 20
33.0907
 10
20.639499999999998
 20
33.0907
  0
LWPOLYLINE
  5
3D4
330
17
100
AcDbEntity
  8
PARTS
100
AcDbPolyline
 90
2
 70
0
 10
20.6405
 20
33.069900000000004
 10
20.639499999999998
 20
33.069900000000004
  0
LWPOLYLINE
  5
3D5
330
17
100
AcDbEntity
  8
PARTS
100
AcDbPolyline
 90
2
 70
0
 10
20.6405
 20
33.0541
 10
20.639499999999998
 20
33.0541
  0
LWPOLYLINE
  5
3D6
330
17
100
AcDbEntity
  8
PARTS
100
AcDbPolyline
 90
2
 70
0
 10
20.6405
 20
32.8435
 10
20.6405
 20
32.815200000000004
  0
LWPOLYLINE
  5
3D7
330
17
100
AcDbEntity
  8
PARTS
100
AcDbPolyline
 90
2
 70
0
 10
20.6405
 20
32.815200000000004
 10
20.6405
 20
32.7997
  0
LWPOLYLINE
  5
3D8
330
17
100
AcDbEntity
  8
PARTS
100
AcDbPolyline
 90
2
 70
0
 10
20.6405
 20
32.7997
 10
20.6405
 20
32.7605
  0
LWPOLYLINE
  5
3D9
330
17
100
AcDbEntity
  8
PARTS
100
AcDbPolyline
 90
2
 70
0
 10
20.6405
 20
32.7605
 10
20.6405
 20
32.7257
  0
LWPOLYLINE
  5
3DA
330
17
100
AcDbEntity
  8
PARTS
100
AcDbPolyline
 90
2
 70
0
 10
20.6405
 20
32.7257
 10
20.6405
 20
32.712900000000005
  0
LWPOLYLINE
  5
3DB
330
17
100
AcDbEntity
  8
PARTS
100
AcDbPolyline
 90
2
 70
0
 10
20.6405
 20
32.712900000000005
 10
20.6405
 20
32.706199999999995
  0
LWPOLYLINE
  5
3DC
330
17
100
AcDbEntity
  8
PARTS
100
AcDbPolyline
 90
2
 70
0
 10
20.6405
 20
32.706199999999995
 10
20.6405
 20
32.6729
  0
LWPOLYLINE
  5
3DD
330
17
100
AcDbEntity
  8
PARTS
100
AcDbPolyline
 90
2
 70
0
 10
20.6405
 20
32.6729
 10
20.6405
 20
32.659099999999995
  0
LWPOLYLINE
  5
3DE
330
17
100
AcDbEntity
  8
PARTS
100
AcDbPolyline
 90
2
 70
0
 10
20.6405
 20
32.659099999999995
 10
20.6405
 20
32.659099999999995
  0
LWPOLYLINE
  5
3DF
330
17
100
AcDbEntity
  8
PARTS
100
AcDbPolyline
 90
2
 70
0
 10
20.6405
 20
32.659099999999995
 10
20.6405
 20
32.659099999999995
  0
LWPOLYLINE
  5
3E0
330
17
100
AcDbEntity
  8
PARTS
100
AcDbPolyline
 90
2
 70
0
 10
20.6405
 20
32.8435
 10
20.639499999999998
 20
32.8435
  0
LWPOLYLINE
  5
3E1
330
17
100
AcDbEntity
  8
PARTS
100
AcDbPolyline
 90
2
 70
0
 10
20.6405
 20
32.815200000000004
 10
20.639499999999998
 20
32.815200000000004
  0
LWPOLYLINE
  5
3E2
330
17
100
AcDbEntity
  8
PARTS
100
AcDbPolyline
 90
2
 70
0
 10
20.6405
 20
32.7997
 10
20.639499999999998
 20
32.7997
  0
LWPOLYLINE
  5
3E3
330
17
100
AcDbEntity
  8
PARTS
100
AcDbPolyline
 90
2
 70
0
 10
20.6405
 20
32.712900000000005
 10
20.639499999999998
 20
32.712900000000005
  0
LWPOLYLINE
  5
3E4
330
17
100
AcDbEntity
  8
PARTS
100
AcDbPolyline
 90
2
 70
0
 10
24.64
 20
32.351
 10
24.64
 20
32.551
  0
LWPOLYLINE
  5
3E5
330
17
100
AcDbEntity
  8
PARTS
100
AcDbPolyline
 90
2
 70
0
 10
24.64
 20
33.150999999999996
 10
24.64
 20
33.351
  0
LWPOLYLINE
  5
3E6
330
17
100
AcDbEntity
  8
PARTS
100
AcDbPolyline
 90
2
 70
0
 10
24.59
 20
32.551
 10
24.64
 20
32.551
  0
LWPOLYLINE
  5
3E7
330
17
100
AcDbEntity
  8
PARTS
100
AcDbPolyline
 90
2
 70
0
 10
24.59
 20
33.150999999999996
 10
24.59
 20
33.141000000000005
  0
LWPOLYLINE
  5
3E8
330
17
100
AcDbEntity
  8
PARTS
100
AcDbPolyline
 90
2
 70
0
 10
24.59
 20
32.561
 10
24.59
 20
32.551
  0
LWPOLYLINE
  5
3E9
330
17
100
AcDbEntity
  8
PARTS
100
AcDbPolyline
 90
2
 70
0
 10
24.64
 20
33.150999999999996
 10
24.59
 20
33.150999999999996
  0
LWPOLYLINE
  5
3EA
330
17
100
AcDbEntity
  8
PARTS
100
AcDbPolyline
 90
2
 70
0
 10
24.64
 20
33.351
 10
24.14
 20
33.351
  0
LWPOLYLINE
  5
3EB
330
17
100
AcDbEntity
  8
PARTS
100
AcDbPolyline
 90
2
 70
0
 10
24.14
 20
33.351
 10
24.14
 20
33.150999999999996
  0
LWPOLYLINE
  5
3EC
330
17
100
AcDbEntity
  8
PARTS
100
AcDbPolyline
 90
2
 70
0
 10
24.14
 20
33.150999999999996
 10
24.19
 20
33.150999999999996
  0
LWPOLYLINE
  5
3ED
330
17
100
AcDbEntity
  8
PARTS
100
AcDbPolyline
 90
2
 70
0
 10
24.19
 20
32.551
 10
24.19
 20
32.561
  0
LWPOLYLINE
  5
3EE
330
17
100
AcDbEntity
  8
PARTS
100
AcDbPolyline
 90
2
 70
0
 10
24.19
 20
33.141000000000005
 10
24.19
 20
33.150999999999996
  0
LWPOLYLINE
  5
3EF
330
17
100
AcDbEntity
  8
PARTS
100
AcDbPolyline
 90
2
 70
0
 10
24.19
 20
32.551
 10
24.14
 20
32.551
  0
LWPOLYLINE
  5
3F0
330
17
100
AcDbEntity
  8
PARTS
100
AcDbPolyline
 90
2
 70
0
 10
24.14
 20
32.551
 10
24.14
 20
32.351
  0
LWPOLYLINE
  5
3F1
330
17
100
AcDbEntity
  8
PARTS
100
AcDbPolyline
 90
2
 70
0
 10
24.14
 20
32.351
 10
24.64
 20
32.351
  0
LWPOLYLINE
  5
3F2
330
17
100
AcDbEntity
  8
PARTS
100
AcDbPolyline
 90
2
 70
0
 10
24.14
 20
32.551
 10
24.14
 20
33.150999999999996
  0
LWPOLYLINE
  5
3F3
330
17
100
AcDbEntity
  8
PARTS
100
AcDbPolyline
 90
2
 70
0
 10
24.64
 20
33.150999999999996
 10
24.64
 20
32.551
  0
LWPOLYLINE
  5
3F4
330
17
100
AcDbEntity
  8
PARTS
100
AcDbPolyline
 90
2
 70
0
 10
24.630000000000003
 20
33.141000000000005
 10
24.15
 20
33.141000000000005
  0
LWPOLYLINE
  5
3F5
330
17
100
AcDbEntity
  8
PARTS
100
AcDbPolyline
 90
2
 70
0
 10
24.15
 20
33.141000000000005
 10
24.15
 20
32.561
  0
LWPOLYLINE
  5
3F6
330
17
100
AcDbEntity
  8
PARTS
100
AcDbPolyline
 90
2
 70
0
 10
24.15
 20
32.561
 10
24.630000000000003
 20
32.561
  0
LWPOLYLINE
  5
3F7
330
17
100
AcDbEntity
  8
PARTS
100
AcDbPolyline
 90
2
 70
0
 10
24.630000000000003
 20
32.561
 10
24.630000000000003
 20
33.141000000000005
  0
LWPOLYLINE
  5
3F8
330
17
100
AcDbEntity
  8
PARTS
100
AcDbPolyline
 90
2
 70
0
 10
24.64
 20
32.551
 10
24.630000000000003
 20
32.561
  0
LWPOLYLINE
  5
3F9
330
17
100
AcDbEntity
  8
PARTS
100
AcDbPolyline
 90
2
 70
0
 10
24.630000000000003
 20
33.141000000000005
 10
24.64
 20
33.150999999999996
  0
LWPOLYLINE
  5
3FA
330
17
100
AcDbEntity
  8
PARTS
100
AcDbPolyline
 90
2
 70
0
 10
24.15
 20
33.141000000000005
 10
24.14
 20
33.150999999999996
  0
LWPOLYLINE
  5
3FB
330
17
100
AcDbEntity
  8
PARTS
100
AcDbPolyline
 90
2
 70
0
 10
24.14
 20
32.551
 10
24.15
 20
32.561
  0
LWPOLYLINE
  5
3FC
330
17
100
AcDbEntity
  8
PARTS
100
AcDbPolyline
 90
2
 70
0
 10
24.641
 20
32.8985
 10
24.64
 20
32.8985
  0
LWPOLYLINE
  5
3FD
330
17
100
AcDbEntity
  8
PARTS
100
AcDbPolyline
 90
2
 70
0
 10
24.641
 20
32.8985
 10
24.641
 20
32.8825
  0
LWPOLYLINE
  5
3FE
330
17
100
AcDbEntity
  8
PARTS
100
AcDbPolyline
 90
2
 70
0
 10
24.641
 20
32.8825
 10
24.64
 20
32.8825
  0
LWPOLYLINE
  5
3FF
330
17
100
AcDbEntity
  8
PARTS
100
AcDbPolyline
 90
2
 70
0
 10
24.641
 20
32.877300000000005
 10
24.64
 20
32.877300000000005
  0
LWPOLYLINE
  5
400
330
17
100
AcDbEntity
  8
PARTS
100
AcDbPolyline
 90
2
 70
0
 10
24.641
 20
32.8825
 10
24.641
 20
32.877300000000005
  0
LWPOLYLINE
  5
401
330
17
100
AcDbEntity
  8
PARTS
100
AcDbPolyline
 90
2
 70
0
 10
24.641
 20
32.876999999999995
 10
24.64
 20
32.876999999999995
  0
LWPOLYLINE
  5
402
330
17
100
AcDbEntity
  8
PARTS
100
AcDbPolyline
 90
2
 70
0
 10
24.641
 20
32.877300000000005
 10
24.641
 20
32.876999999999995
  0
LWPOLYLINE
  5
403
330
17
100
AcDbEntity
  8
PARTS
100
AcDbPolyline
 90
2
 70
0
 10
24.641
 20
32.9309
 10
24.64
 20
32.9309
  0
LWPOLYLINE
  5
404
330
17
100
AcDbEntity
  8
PARTS
100
AcDbPolyline
 90
2
 70
0
 10
24.641
 20
32.9309
 10
24.641
 20
32.9212
  0
LWPOLYLINE
  5
405
330
17
100
AcDbEntity
  8
PARTS
100
AcDbPolyline
 90
2
 70
0
 10
24.641
 20
32.9212
 10
24.641
 20
32.9062
  0
LWPOLYLINE
  5
406
330
17
100
AcDbEntity
  8
PARTS
100
AcDbPolyline
 90
2
 70
0
 10
24.641
 20
32.9062
 10
24.641
 20
32.9003
  0
LWPOLYLINE
  5
407
330
17
100
AcDbEntity
  8
PARTS
100
AcDbPolyline
 90
2
 70
0
 10
24.641
 20
32.9003
 10
24.641
 20
32.9003
  0
LWPOLYLINE
  5
408
330
17
100
AcDbEntity
  8
PARTS
100
AcDbPolyline
 90
2
 70
0
 10
24.641
 20
32.9003
 10
24.641
 20
32.9003
  0
LWPOLYLINE
  5
409
330
17
100
AcDbEntity
  8
PARTS
100
AcDbPolyline
 90
2
 70
0
 10
24.641
 20
32.9606
 10
24.64
 20
32.9606
  0
LWPOLYLINE
  5
40A
330
17
100
AcDbEntity
  8
PARTS
100
AcDbPolyline
 90
2
 70
0
 10
24.641
 20
32.9606
 10
24.641
 20
32.959900000000005
  0
LWPOLYLINE
  5
40B
330
17
100
AcDbEntity
  8
PARTS
100
AcDbPolyline
 90
2
 70
0
 10
24.641
 20
32.959900000000005
 10
24.64
 20
32.959900000000005
  0
LWPOLYLINE
  5
40C
330
17
100
AcDbEntity
  8
PARTS
100
AcDbPolyline
 90
2
 70
0
 10
24.641
 20
32.939
 10
24.64
 20
32.939
  0
LWPOLYLINE
  5
40D
330
17
100
AcDbEntity
  8
PARTS
100
AcDbPolyline
 90
2
 70
0
 10
24.641
 20
32.959900000000005
 10
24.641
 20
32.939
  0
LWPOLYLINE
  5
40E
330
17
100
AcDbEntity
  8
PARTS
100
AcDbPolyline
 90
2
 70
0
 10
24.641
 20
32.9387
 10
24.64
 20
32.9387
  0
LWPOLYLINE
  5
40F
330
17
100
AcDbEntity
  8
PARTS
100
AcDbPolyline
 90
2
 70
0
 10
24.641
 20
32.939
 10
24.641
 20
32.9387
  0
LWPOLYLINE
  5
410
330
17
100
AcDbEntity
  8
PARTS
100
AcDbPolyline
 90
2
 70
0
 10
24.641
 20
33.0015
 10
24.641
 20
33.0015
  0
LWPOLYLINE
  5
411
330
17
100
AcDbEntity
  8
PARTS
100
AcDbPolyline
 90
2
 70
0
 10
24.641
 20
33.0015
 10
24.641
 20
32.9955
  0
LWPOLYLINE
  5
412
330
17
100
AcDbEntity
  8
PARTS
100
AcDbPolyline
 90
2
 70
0
 10
24.641
 20
32.9955
 10
24.641
 20
32.980199999999996
  0
LWPOLYLINE
  5
413
330
17
100
AcDbEntity
  8
PARTS
100
AcDbPolyline
 90
2
 70
0
 10
24.641
 20
32.980199999999996
 10
24.641
 20
32.968599999999995
  0
LWPOLYLINE
  5
414
330
17
100
AcDbEntity
  8
PARTS
100
AcDbPolyline
 90
2
 70
0
 10
24.641
 20
32.968599999999995
 10
24.641
 20
32.9683
  0
LWPOLYLINE
  5
415
330
17
100
AcDbEntity
  8
PARTS
100
AcDbPolyline
 90
2
 70
0
 10
24.641
 20
32.9683
 10
24.64
 20
32.9683
  0
LWPOLYLINE
  5
416
330
17
100
AcDbEntity
  8
PARTS
100
AcDbPolyline
 90
2
 70
0
 10
24.641
 20
32.968599999999995
 10
24.64
 20
32.968599999999995
  0
LWPOLYLINE
  5
417
330
17
100
AcDbEntity
  8
PARTS
100
AcDbPolyline
 90
2
 70
0
 10
24.641
 20
33.0402
 10
24.641
 20
33.025
  0
LWPOLYLINE
  5
418
330
17
100
AcDbEntity
  8
PARTS
100
AcDbPolyline
 90
2
 70
0
 10
24.641
 20
33.025
 10
24.641
 20
33.019400000000005
  0
LWPOLYLINE
  5
419
330
17
100
AcDbEntity
  8
PARTS
100
AcDbPolyline
 90
2
 70
0
 10
24.641
 20
33.019400000000005
 10
24.641
 20
33.0036
  0
LWPOLYLINE
  5
41A
330
17
100
AcDbEntity
  8
PARTS
100
AcDbPolyline
 90
2
 70
0
 10
24.641
 20
33.025
 10
24.64
 20
33.025
  0
LWPOLYLINE
  5
41B
330
17
100
AcDbEntity
  8
PARTS
100
AcDbPolyline
 90
2
 70
0
 10
24.641
 20
33.0402
 10
24.64
 20
33.0402
  0
LWPOLYLINE
  5
41C
330
17
100
AcDbEntity
  8
PARTS
100
AcDbPolyline
 90
2
 70
0
 10
24.641
 20
33.019400000000005
 10
24.64
 20
33.019400000000005
  0
LWPOLYLINE
  5
41D
330
17
100
AcDbEntity
  8
PARTS
100
AcDbPolyline
 90
2
 70
0
 10
24.641
 20
33.0036
 10
24.64
 20
33.0036
  0
LWPOLYLINE
  5
41E
330
17
100
AcDbEntity
  8
PARTS
100
AcDbPolyline
 90
2
 70
0
 10
24.641
 20
32.8768
 10
24.64
 20
32.8768
  0
LWPOLYLINE
  5
41F
330
17
100
AcDbEntity
  8
PARTS
100
AcDbPolyline
 90
2
 70
0
 10
24.641
 20
32.876999999999995
 10
24.641
 20
32.8768
  0
LWPOLYLINE
  5
420
330
17
100
AcDbEntity
  8
PARTS
100
AcDbPolyline
 90
2
 70
0
 10
24.641
 20
32.8765
 10
24.64
 20
32.8765
  0
LWPOLYLINE
  5
421
330
17
100
AcDbEntity
  8
PARTS
100
AcDbPolyline
 90
2
 70
0
 10
24.641
 20
32.8768
 10
24.641
 20
32.8765
  0
LWPOLYLINE
  5
422
330
17
100
AcDbEntity
  8
PARTS
100
AcDbPolyline
 90
2
 70
0
 10
24.641
 20
32.9337
 10
24.641
 20
32.9336
  0
LWPOLYLINE
  5
423
330
17
100
AcDbEntity
  8
PARTS
100
AcDbPolyline
 90
2
 70
0
 10
24.641
 20
32.9336
 10
24.64
 20
32.9336
  0
LWPOLYLINE
  5
424
330
17
100
AcDbEntity
  8
PARTS
100
AcDbPolyline
 90
2
 70
0
 10
24.641
 20
32.9336
 10
24.64
 20
32.9336
  0
LWPOLYLINE
  5
425
330
17
100
AcDbEntity
  8
PARTS
100
AcDbPolyline
 90
2
 70
0
 10
24.641
 20
32.9336
 10
24.641
 20
32.9336
  0
LWPOLYLINE
  5
426
330
17
100
AcDbEntity
  8
PARTS
100
AcDbPolyline
 90
2
 70
0
 10
24.641
 20
32.9387
 10
24.641
 20
32.937
  0
LWPOLYLINE
  5
427
330
17
100
AcDbEntity
  8
PARTS
100
AcDbPolyline
 90
2
 70
0
 10
24.641
 20
32.937
 10
24.641
 20
32.9337
  0
LWPOLYLINE
  5
428
330
17
100
AcDbEntity
  8
PARTS
100
AcDbPolyline
 90
2
 70
0
 10
24.641
 20
32.9337
 10
24.641
 20
32.9337
  0
LWPOLYLINE
  5
429
330
17
100
AcDbEntity
  8
PARTS
100
AcDbPolyline
 90
2
 70
0
 10
24.641
 20
32.9337
 10
24.641
 20
32.9337
  0
LWPOLYLINE
  5
42A
330
17
100
AcDbEntity
  8
PARTS
100
AcDbPolyline
 90
2
 70
0
 10
24.641
 20
32.9617
 10
24.64
 20
32.9617
  0
LWPOLYLINE
  5
42B
330
17
100
AcDbEntity
  8
PARTS
100
AcDbPolyline
 90
2
 70
0
 10
24.641
 20
32.9683
 10
24.641
 20
32.9617
  0
LWPOLYLINE
  5
42C
330
17
100
AcDbEntity
  8
PARTS
100
AcDbPolyline
 90
2
 70
0
 10
24.641
 20
32.9617
 10
24.641
 20
32.9606
  0
LWPOLYLINE
  5
42D
330
17
100
AcDbEntity
  8
PARTS
100
AcDbPolyline
 90
2
 70
0
 10
24.641
 20
33.0036
 10
24.641
 20
33.0015
  0
LWPOLYLINE
  5
42E
330
17
100
AcDbEntity
  8
PARTS
100
AcDbPolyline
 90
2
 70
0
 10
24.641
 20
33.052
 10
24.641
 20
33.052
  0
LWPOLYLINE
  5
42F
330
17
100
AcDbEntity
  8
PARTS
100
AcDbPolyline
 90
2
 70
0
 10
24.641
 20
33.052
 10
24.641
 20
33.046
  0
LWPOLYLINE
  5
430
330
17
100
AcDbEntity
  8
PARTS
100
AcDbPolyline
 90
2
 70
0
 10
24.641
 20
33.046
 10
24.641
 20
33.0402
  0
LWPOLYLINE
  5
431
330
17
100
AcDbEntity
  8
PARTS
100
AcDbPolyline
 90
2
 70
0
 10
24.641
 20
33.0907
 10
24.641
 20
33.075500000000005
  0
LWPOLYLINE
  5
432
330
17
100
AcDbEntity
  8
PARTS
100
AcDbPolyline
 90
2
 70
0
 10
24.641
 20
33.075500000000005
 10
24.641
 20
33.069900000000004
  0
LWPOLYLINE
  5
433
330
17
100
AcDbEntity
  8
PARTS
100
AcDbPolyline
 90
2
 70
0
 10
24.641
 20
33.069900000000004
 10
24.641
 20
33.0541
  0
LWPOLYLINE
  5
434
330
17
100
AcDbEntity
  8
PARTS
100
AcDbPolyline
 90
2
 70
0
 10
24.641
 20
33.075500000000005
 10
24.64
 20
33.075500000000005
  0
LWPOLYLINE
  5
435
330
17
100
AcDbEntity
  8
PARTS
100
AcDbPolyline
 90
2
 70
0
 10
24.641
 20
33.0907
 10
24.64
 20
33.0907
  0
LWPOLYLINE
  5
436
330
17
100
AcDbEntity
  8
PARTS
100
AcDbPolyline
 90
2
 70
0
 10
24.641
 20
33.069900000000004
 10
24.64
 20
33.069900000000004
  0
LWPOLYLINE
  5
437
330
17
100
AcDbEntity
  8
PARTS
100
AcDbPolyline
 90
2
 70
0
 10
24.641
 20
33.0541
 10
24.64
 20
33.0541
  0
LWPOLYLINE
  5
438
330
17
100
AcDbEntity
  8
PARTS
100
AcDbPolyline
 90
2
 70
0
 10
24.641
 20
32.8435
 10
24.641
 20
32.815200000000004
  0
LWPOLYLINE
  5
439
330
17
100
AcDbEntity
  8
PARTS
100
AcDbPolyline
 90
2
 70
0
 10
24.641
 20
32.815200000000004
 10
24.641
 20
32.7997
  0
LWPOLYLINE
  5
43A
330
17
100
AcDbEntity
  8
PARTS
100
AcDbPolyline
 90
2
 70
0
 10
24.641
 20
32.7997
 10
24.641
 20
32.7605
  0
LWPOLYLINE
  5
43B
330
17
100
AcDbEntity
  8
PARTS
100
AcDbPolyline
 90
2
 70
0
 10
24.641
 20
32.7605
 10
24.641
 20
32.7257
  0
LWPOLYLINE
  5
43C
330
17
100
AcDbEntity
  8
PARTS
100
AcDbPolyline
 90
2
 70
0
 10
24.641
 20
32.7257
 10
24.641
 20
32.712900000000005
  0
LWPOLYLINE
  5
43D
330
17
100
AcDbEntity
  8
PARTS
100
AcDbPolyline
 90
2
 70
0
 10
24.641
 20
32.712900000000005
 10
24.641
 20
32.706199999999995
  0
LWPOLYLINE
  5
43E
330
17
100
AcDbEntity
  8
PARTS
100
AcDbPolyline
 90
2
 70
0
 10
24.641
 20
32.706199999999995
 10
24.641
 20
32.6729
  0
LWPOLYLINE
  5
43F
330
17
100
AcDbEntity
  8
PARTS
100
AcDbPolyline
 90
2
 70
0
 10
24.641
 20
32.6729
 10
24.641
 20
32.659099999999995
  0
LWPOLYLINE
  5
440
330
17
100
AcDbEntity
  8
PARTS
100
AcDbPolyline
 90
2
 70
0
 10
24.641
 20
32.659099999999995
 10
24.641
 20
32.659099999999995
  0
LWPOLYLINE
  5
441
330
17
100
AcDbEntity
  8
PARTS
100
AcDbPolyline
 90
2
 70
0
 10
24.641
 20
32.659099999999995
 10
24.641
 20
32.659099999999995
  0
LWPOLYLINE
  5
442
330
17
100
AcDbEntity
  8
PARTS
100
AcDbPolyline
 90
2
 70
0
 10
24.641
 20
32.8435
 10
24.64
 20
32.8435
  0
LWPOLYLINE
  5
443
330
17
100
AcDbEntity
  8
PARTS
100
AcDbPolyline
 90
2
 70
0
 10
24.641
 20
32.815200000000004
 10
24.64
 20
32.815200000000004
  0
LWPOLYLINE
  5
444
330
17
100
AcDbEntity
  8
PARTS
100
AcDbPolyline
 90
2
 70
0
 10
24.641
 20
32.7997
 10
24.64
 20
32.7997
  0
LWPOLYLINE
  5
445
330
17
100
AcDbEntity
  8
PARTS
100
AcDbPolyline
 90
2
 70
0
 10
24.641
 20
32.712900000000005
 10
24.64
 20
32.712900000000005
  0
LWPOLYLINE
  5
446
330
17
100
AcDbEntity
  8
PARTS
100
AcDbPolyline
 90
2
 70
0
 10
30.355
 20
32.351
 10
30.355
 20
32.551
  0
LWPOLYLINE
  5
447
330
17
100
AcDbEntity
  8
PARTS
100
AcDbPolyline
 90
2
 70
0
 10
30.355
 20
33.150999999999996
 10
30.355
 20
33.351
  0
LWPOLYLINE
  5
448
330
17
100
AcDbEntity
  8
PARTS
100
AcDbPolyline
 90
2
 70
0
 10
30.305
 20
32.551
 10
30.355
 20
32.551
  0
LWPOLYLINE
  5
449
330
17
100
AcDbEntity
  8
PARTS
100
AcDbPolyline
 90
2
 70
0
 10
30.305
 20
33.150999999999996
 10
30.305
 20
33.141000000000005
  0
LWPOLYLINE
  5
44A
330
17
100
AcDbEntity
  8
PARTS
100
AcDbPolyline
 90
2
 70
0
 10
30.305
 20
32.561
 10
30.305
 20
32.551
  0
LWPOLYLINE
  5
44B
330
17
100
AcDbEntity
  8
PARTS
100
AcDbPolyline
 90
2
 70
0
 10
30.355
 20
33.150999999999996
 10
30.305
 20
33.150999999999996
  0
LWPOLYLINE
  5
44C
330
17
100
AcDbEntity
  8
PARTS
100
AcDbPolyline
 90
2
 70
0
 10
30.355
 20
33.351
 10
29.855
 20
33.351
  0
LWPOLYLINE
  5
44D
330
17
100
AcDbEntity
  8
PARTS
100
AcDbPolyline
 90
2
 70
0
 10
29.855
 20
33.351
 10
29.855
 20
33.150999999999996
  0
LWPOLYLINE
  5
44E
330
17
100
AcDbEntity
  8
PARTS
100
AcDbPolyline
 90
2
 70
0
 10
29.855
 20
33.150999999999996
 10
29.905
 20
33.150999999999996
  0
LWPOLYLINE
  5
44F
330
17
100
AcDbEntity
  8
PARTS
100
AcDbPolyline
 90
2
 70
0
 10
29.905
 20
32.551
 10
29.905
 20
32.561
  0
LWPOLYLINE
  5
450
330
17
100
AcDbEntity
  8
PARTS
100
AcDbPolyline
 90
2
 70
0
 10
29.905
 20
33.141000000000005
 10
29.905
 20
33.150999999999996
  0
LWPOLYLINE
  5
451
330
17
100
AcDbEntity
  8
PARTS
100
AcDbPolyline
 90
2
 70
0
 10
29.905
 20
32.551
 10
29.855
 20
32.551
  0
LWPOLYLINE
  5
452
330
17
100
AcDbEntity
  8
PARTS
100
AcDbPolyline
 90
2
 70
0
 10
29.855
 20
32.551
 10
29.855
 20
32.351
  0
LWPOLYLINE
  5
453
330
17
100
AcDbEntity
  8
PARTS
100
AcDbPolyline
 90
2
 70
0
 10
29.855
 20
32.351
 10
30.355
 20
32.351
  0
LWPOLYLINE
  5
454
330
17
100
AcDbEntity
  8
PARTS
100
AcDbPolyline
 90
2
 70
0
 10
29.855
 20
32.551
 10
29.855
 20
33.150999999999996
  0
LWPOLYLINE
  5
455
330
17
100
AcDbEntity
  8
PARTS
100
AcDbPolyline
 90
2
 70
0
 10
30.355
 20
33.150999999999996
 10
30.355
 20
32.551
  0
LWPOLYLINE
  5
456
330
17
100
AcDbEntity
  8
PARTS
100
AcDbPolyline
 90
2
 70
0
 10
30.345
 20
33.141000000000005
 10
29.865000000000002
 20
33.141000000000005
  0
LWPOLYLINE
  5
457
330
17
100
AcDbEntity
  8
PARTS
100
AcDbPolyline
 90
2
 70
0
 10
29.865000000000002
 20
33.141000000000005
 10
29.865000000000002
 20
32.561
  0
LWPOLYLINE
  5
458
330
17
100
AcDbEntity
  8
PARTS
100
AcDbPolyline
 90
2
 70
0
 10
29.865000000000002
 20
32.561
 10
30.345
 20
32.561
  0
LWPOLYLINE
  5
459
330
17
100
AcDbEntity
  8
PARTS
100
AcDbPolyline
 90
2
 70
0
 10
30.345
 20
32.561
 10
30.345
 20
33.141000000000005
  0
LWPOLYLINE
  5
45A
330
17
100
AcDbEntity
  8
PARTS
100
AcDbPolyline
 90
2
 70
0
 10
30.355
 20
32.551
 10
30.345
 20
32.561
  0
LWPOLYLINE
  5
45B
330
17
100
AcDbEntity
  8
PARTS
100
AcDbPolyline
 90
2
 70
0
 10
30.345
 20
33.141000000000005
 10
30.355
 20
33.150999999999996
  0
LWPOLYLINE
  5
45C
330
17
100
AcDbEntity
  8
PARTS
100
AcDbPolyline
 90
2
 70
0
 10
29.865000000000002
 20
33.141000000000005
 10
29.855
 20
33.150999999999996
  0
LWPOLYLINE
  5
45D
330
17
100
AcDbEntity
  8
PARTS
100
AcDbPolyline
 90
2
 70
0
 10
29.855
 20
32.551
 10
29.865000000000002
 20
32.561
  0
LWPOLYLINE
  5
45E
330
17
100
AcDbEntity
  8
PARTS
100
AcDbPolyline
 90
2
 70
0
 10
30.356
 20
32.8985
 10
30.355
 20
32.8985
  0
LWPOLYLINE
  5
45F
330
17
100
AcDbEntity
  8
PARTS
100
AcDbPolyline
 90
2
 70
0
 10
30.356
 20
32.8985
 10
30.356
 20
32.8825
  0
LWPOLYLINE
  5
460
330
17
100
AcDbEntity
  8
PARTS
100
AcDbPolyline
 90
2
 70
0
 10
30.356
 20
32.8825
 10
30.355
 20
32.8825
  0
LWPOLYLINE
  5
461
330
17
100
AcDbEntity
  8
PARTS
100
AcDbPolyline
 90
2
 70
0
 10
30.356
 20
32.877300000000005
 10
30.355
 20
32.877300000000005
  0
LWPOLYLINE
  5
462
330
17
100
AcDbEntity
  8
PARTS
100
AcDbPolyline
 90
2
 70
0
 10
30.356
 20
32.8825
 10
30.356
 20
32.877300000000005
  0
LWPOLYLINE
  5
463
330
17
100
AcDbEntity
  8
PARTS
100
AcDbPolyline
 90
2
 70
0
 10
30.356
 20
32.876999999999995
 10
30.355
 20
32.876999999999995
  0
LWPOLYLINE
  5
464
330
17
100
AcDbEntity
  8
PARTS
100
AcDbPolyline
 90
2
 70
0
 10
30.356
 20
32.877300000000005
 10
30.356
 20
32.876999999999995
  0
LWPOLYLINE
  5
465
330
17
100
AcDbEntity
  8
PARTS
100
AcDbPolyline
 90
2
 70
0
 10
30.356
 20
32.9309
 10
30.355
 20
32.9309
  0
LWPOLYLINE
  5
466
330
17
100
AcDbEntity
  8
PARTS
100
AcDbPolyline
 90
2
 70
0
 10
30.356
 20
32.9309
 10
30.356
 20
32.9212
  0
LWPOLYLINE
  5
467
330
17
100
AcDbEntity
  8
PARTS
100
AcDbPolyline
 90
2
 70
0
 10
30.356
 20
32.9212
 10
30.356
 20
32.9062
  0
LWPOLYLINE
  5
468
330
17
100
AcDbEntity
  8
PARTS
100
AcDbPolyline
 90
2
 70
0
 10
30.356
 20
32.9062
 10
30.356
 20
32.9003
  0
LWPOLYLINE
  5
469
330
17
100
AcDbEntity
  8
PARTS
100
AcDbPolyline
 90
2
 70
0
 10
30.356
 20
32.9003
 10
30.356
 20
32.9003
  0
LWPOLYLINE
  5
46A
330
17
100
AcDbEntity
  8
PARTS
100
AcDbPolyline
 90
2
 70
0
 10
30.356
 20
32.9003
 10
30.356
 20
32.9003
  0
LWPOLYLINE
  5
46B
330
17
100
AcDbEntity
  8
PARTS
100
AcDbPolyline
 90
2
 70
0
 10
30.356
 20
32.9606
 10
30.355
 20
32.9606
  0
LWPOLYLINE
  5
46C
330
17
100
AcDbEntity
  8
PARTS
100
AcDbPolyline
 90
2
 70
0
 10
30.356
 20
32.9606
 10
30.356
 20
32.959900000000005
  0
LWPOLYLINE
  5
46D
330
17
100
AcDbEntity
  8
PARTS
100
AcDbPolyline
 90
2
 70
0
 10
30.356
 20
32.959900000000005
 10
30.355
 20
32.959900000000005
  0
LWPOLYLINE
  5
46E
330
17
100
AcDbEntity
  8
PARTS
100
AcDbPolyline
 90
2
 70
0
 10
30.356
 20
32.939
 10
30.355
 20
32.939
  0
LWPOLYLINE
  5
46F
330
17
100
AcDbEntity
  8
PARTS
100
AcDbPolyline
 90
2
 70
0
 10
30.356
 20
32.959900000000005
 10
30.356
 20
32.939
  0
LWPOLYLINE
  5
470
330
17
100
AcDbEntity
  8
PARTS
100
AcDbPolyline
 90
2
 70
0
 10
30.356
 20
32.9387
 10
30.355
 20
32.9387
  0
LWPOLYLINE
  5
471
330
17
100
AcDbEntity
  8
PARTS
100
AcDbPolyline
 90
2
 70
0
 10
30.356
 20
32.939
 10
30.356
 20
32.9387
  0
LWPOLYLINE
  5
472
330
17
100
AcDbEntity
  8
PARTS
100
AcDbPolyline
 90
2
 70
0
 10
30.356
 20
33.0015
 10
30.356
 20
33.0015
  0
LWPOLYLINE
  5
473
330
17
100
AcDbEntity
  8
PARTS
100
AcDbPolyline
 90
2
 70
0
 10
30.356
 20
33.0015
 10
30.356
 20
32.9955
  0
LWPOLYLINE
  5
474
330
17
100
AcDbEntity
  8
PARTS
100
AcDbPolyline
 90
2
 70
0
 10
30.356
 20
32.9955
 10
30.356
 20
32.980199999999996
  0
LWPOLYLINE
  5
475
330
17
100
AcDbEntity
  8
PARTS
100
AcDbPolyline
 90
2
 70
0
 10
30.356
 20
32.980199999999996
 10
30.356
 20
32.968599999999995
  0
LWPOLYLINE
  5
476
330
17
100
AcDbEntity
  8
PARTS
100
AcDbPolyline
 90
2
 70
0
 10
30.356
 20
32.968599999999995
 10
30.356
 20
32.9683
  0
LWPOLYLINE
  5
477
330
17
100
AcDbEntity
  8
PARTS
100
AcDbPolyline
 90
2
 70
0
 10
30.356
 20
32.9683
 10
30.355
 20
32.9683
  0
LWPOLYLINE
  5
478
330
17
100
AcDbEntity
  8
PARTS
100
AcDbPolyline
 90
2
 70
0
 10
30.356
 20
32.968599999999995
 10
30.355
 20
32.968599999999995
  0
LWPOLYLINE
  5
479
330
17
100
AcDbEntity
  8
PARTS
100
AcDbPolyline
 90
2
 70
0
 10
30.356
 20
33.0402
 10
30.356
 20
33.025
  0
LWPOLYLINE
  5
47A
330
17
100
AcDbEntity
  8
PARTS
100
AcDbPolyline
 90
2
 70
0
 10
30.356
 20
33.025
 10
30.356
 20
33.019400000000005
  0
LWPOLYLINE
  5
47B
330
17
100
AcDbEntity
  8
PARTS
100
AcDbPolyline
 90
2
 70
0
 10
30.356
 20
33.019400000000005
 10
30.356
 20
33.0036
  0
LWPOLYLINE
  5
47C
330
17
100
AcDbEntity
  8
PARTS
100
AcDbPolyline
 90
2
 70
0
 10
30.356
 20
33.025
 10
30.355
 20
33.025
  0
LWPOLYLINE
  5
47D
330
17
100
AcDbEntity
  8
PARTS
100
AcDbPolyline
 90
2
 70
0
 10
30.356
 20
33.0402
 10
30.355
 20
33.0402
  0
LWPOLYLINE
  5
47E
330
17
100
AcDbEntity
  8
PARTS
100
AcDbPolyline
 90
2
 70
0
 10
30.356
 20
33.019400000000005
 10
30.355
 20
33.019400000000005
  0
LWPOLYLINE
  5
47F
330
17
100
AcDbEntity
  8
PARTS
100
AcDbPolyline
 90
2
 70
0
 10
30.356
 20
33.0036
 10
30.355
 20
33.0036
  0
LWPOLYLINE
  5
480
330
17
100
AcDbEntity
  8
PARTS
100
AcDbPolyline
 90
2
 70
0
 10
30.356
 20
32.8768
 10
30.355
 20
32.8768
  0
LWPOLYLINE
  5
481
330
17
100
AcDbEntity
  8
PARTS
100
AcDbPolyline
 90
2
 70
0
 10
30.356
 20
32.876999999999995
 10
30.356
 20
32.8768
  0
LWPOLYLINE
  5
482
330
17
100
AcDbEntity
  8
PARTS
100
AcDbPolyline
 90
2
 70
0
 10
30.356
 20
32.8765
 10
30.355
 20
32.8765
  0
LWPOLYLINE
  5
483
330
17
100
AcDbEntity
  8
PARTS
100
AcDbPolyline
 90
2
 70
0
 10
30.356
 20
32.8768
 10
30.356
 20
32.8765
  0
LWPOLYLINE
  5
484
330
17
100
AcDbEntity
  8
PARTS
100
AcDbPolyline
 90
2
 70
0
 10
30.356
 20
32.9337
 10
30.356
 20
32.9336
  0
LWPOLYLINE
  5
485
330
17
100
AcDbEntity
  8
PARTS
100
AcDbPolyline
 90
2
 70
0
 10
30.356
 20
32.9336
 10
30.355
 20
32.9336
  0
LWPOLYLINE
  5
486
330
17
100
AcDbEntity
  8
PARTS
100
AcDbPolyline
 90
2
 70
0
 10
30.356
 20
32.9336
 10
30.355
 20
32.9336
  0
LWPOLYLINE
  5
487
330
17
100
AcDbEntity
  8
PARTS
100
AcDbPolyline
 90
2
 70
0
 10
30.356
 20
32.9336
 10
30.356
 20
32.9336
  0
LWPOLYLINE
  5
488
330
17
100
AcDbEntity
  8
PARTS
100
AcDbPolyline
 90
2
 70
0
 10
30.356
 20
32.9387
 10
30.356
 20
32.937
  0
LWPOLYLINE
  5
489
330
17
100
AcDbEntity
  8
PARTS
100
AcDbPolyline
 90
2
 70
0
 10
30.356
 20
32.937
 10
30.356
 20
32.9337
  0
LWPOLYLINE
  5
48A
330
17
100
AcDbEntity
  8
PARTS
100
AcDbPolyline
 90
2
 70
0
 10
30.356
 20
32.9337
 10
30.356
 20
32.9337
  0
LWPOLYLINE
  5
48B
330
17
100
AcDbEntity
  8
PARTS
100
AcDbPolyline
 90
2
 70
0
 10
30.356
 20
32.9337
 10
30.356
 20
32.9337
  0
LWPOLYLINE
  5
48C
330
17
100
AcDbEntity
  8
PARTS
100
AcDbPolyline
 90
2
 70
0
 10
30.356
 20
32.9617
 10
30.355
 20
32.9617
  0
LWPOLYLINE
  5
48D
330
17
100
AcDbEntity
  8
PARTS
100
AcDbPolyline
 90
2
 70
0
 10
30.356
 20
32.9683
 10
30.356
 20
32.9617
  0
LWPOLYLINE
  5
48E
330
17
100
AcDbEntity
  8
PARTS
100
AcDbPolyline
 90
2
 70
0
 10
30.356
 20
32.9617
 10
30.356
 20
32.9606
  0
LWPOLYLINE
  5
48F
330
17
100
AcDbEntity
  8
PARTS
100
AcDbPolyline
 90
2
 70
0
 10
30.356
 20
33.0036
 10
30.356
 20
33.0015
  0
LWPOLYLINE
  5
490
330
17
100
AcDbEntity
  8
PARTS
100
AcDbPolyline
 90
2
 70
0
 10
30.356
 20
33.052
 10
30.356
 20
33.052
  0
LWPOLYLINE
  5
491
330
17
100
AcDbEntity
  8
PARTS
100
AcDbPolyline
 90
2
 70
0
 10
30.356
 20
33.052
 10
30.356
 20
33.046
  0
LWPOLYLINE
  5
492
330
17
100
AcDbEntity
  8
PARTS
100
AcDbPolyline
 90
2
 70
0
 10
30.356
 20
33.046
 10
30.356
 20
33.0402
  0
LWPOLYLINE
  5
493
330
17
100
AcDbEntity
  8
PARTS
100
AcDbPolyline
 90
2
 70
0
 10
30.356
 20
33.0907
 10
30.356
 20
33.075500000000005
  0
LWPOLYLINE
  5
494
330
17
100
AcDbEntity
  8
PARTS
100
AcDbPolyline
 90
2
 70
0
 10
30.356
 20
33.075500000000005
 10
30.356
 20
33.069900000000004
  0
LWPOLYLINE
  5
495
330
17
100
AcDbEntity
  8
PARTS
100
AcDbPolyline
 90
2
 70
0
 10
30.356
 20
33.069900000000004
 10
30.356
 20
33.0541
  0
LWPOLYLINE
  5
496
330
17
100
AcDbEntity
  8
PARTS
100
AcDbPolyline
 90
2
 70
0
 10
30.356
 20
33.075500000000005
 10
30.355
 20
33.075500000000005
  0
LWPOLYLINE
  5
497
330
17
100
AcDbEntity
  8
PARTS
100
AcDbPolyline
 90
2
 70
0
 10
30.356
 20
33.0907
 10
30.355
 20
33.0907
  0
LWPOLYLINE
  5
498
330
17
100
AcDbEntity
  8
PARTS
100
AcDbPolyline
 90
2
 70
0
 10
30.356
 20
33.069900000000004
 10
30.355
 20
33.069900000000004
  0
LWPOLYLINE
  5
499
330
17
100
AcDbEntity
  8
PARTS
100
AcDbPolyline
 90
2
 70
0
 10
30.356
 20
33.0541
 10
30.355
 20
33.0541
  0
LWPOLYLINE
  5
49A
330
17
100
AcDbEntity
  8
PARTS
100
AcDbPolyline
 90
2
 70
0
 10
30.356
 20
32.8435
 10
30.356
 20
32.815200000000004
  0
LWPOLYLINE
  5
49B
330
17
100
AcDbEntity
  8
PARTS
100
AcDbPolyline
 90
2
 70
0
 10
30.356
 20
32.815200000000004
 10
30.356
 20
32.7997
  0
LWPOLYLINE
  5
49C
330
17
100
AcDbEntity
  8
PARTS
100
AcDbPolyline
 90
2
 70
0
 10
30.356
 20
32.7997
 10
30.356
 20
32.7605
  0
LWPOLYLINE
  5
49D
330
17
100
AcDbEntity
  8
PARTS
100
AcDbPolyline
 90
2
 70
0
 10
30.356
 20
32.7605
 10
30.356
 20
32.7257
  0
LWPOLYLINE
  5
49E
330
17
100
AcDbEntity
  8
PARTS
100
AcDbPolyline
 90
2
 70
0
 10
30.356
 20
32.7257
 10
30.356
 20
32.712900000000005
  0
LWPOLYLINE
  5
49F
330
17
100
AcDbEntity
  8
PARTS
100
AcDbPolyline
 90
2
 70
0
 10
30.356
 20
32.712900000000005
 10
30.356
 20
32.706199999999995
  0
LWPOLYLINE
  5
4A0
330
17
100
AcDbEntity
  8
PARTS
100
AcDbPolyline
 90
2
 70
0
 10
30.356
 20
32.706199999999995
 10
30.356
 20
32.6729
  0
LWPOLYLINE
  5
4A1
330
17
100
AcDbEntity
  8
PARTS
100
AcDbPolyline
 90
2
 70
0
 10
30.356
 20
32.6729
 10
30.356
 20
32.659099999999995
  0
LWPOLYLINE
  5
4A2
330
17
100
AcDbEntity
  8
PARTS
100
AcDbPolyline
 90
2
 70
0
 10
30.356
 20
32.659099999999995
 10
30.356
 20
32.659099999999995
  0
LWPOLYLINE
  5
4A3
330
17
100
AcDbEntity
  8
PARTS
100
AcDbPolyline
 90
2
 70
0
 10
30.356
 20
32.659099999999995
 10
30.356
 20
32.659099999999995
  0
LWPOLYLINE
  5
4A4
330
17
100
AcDbEntity
  8
PARTS
100
AcDbPolyline
 90
2
 70
0
 10
30.356
 20
32.8435
 10
30.355
 20
32.8435
  0
LWPOLYLINE
  5
4A5
330
17
100
AcDbEntity
  8
PARTS
100
AcDbPolyline
 90
2
 70
0
 10
30.356
 20
32.815200000000004
 10
30.355
 20
32.815200000000004
  0
LWPOLYLINE
  5
4A6
330
17
100
AcDbEntity
  8
PARTS
100
AcDbPolyline
 90
2
 70
0
 10
30.356
 20
32.7997
 10
30.355
 20
32.7997
  0
LWPOLYLINE
  5
4A7
330
17
100
AcDbEntity
  8
PARTS
100
AcDbPolyline
 90
2
 70
0
 10
30.356
 20
32.712900000000005
 10
30.355
 20
32.712900000000005
  0
LWPOLYLINE
  5
4A8
330
17
100
AcDbEntity
  8
PARTS
100
AcDbPolyline
 90
2
 70
0
 10
31.5933
 20
32.351
 10
31.5933
 20
32.551
  0
LWPOLYLINE
  5
4A9
330
17
100
AcDbEntity
  8
PARTS
100
AcDbPolyline
 90
2
 70
0
 10
31.5933
 20
33.150999999999996
 10
31.5933
 20
33.351
  0
LWPOLYLINE
  5
4AA
330
17
100
AcDbEntity
  8
PARTS
100
AcDbPolyline
 90
2
 70
0
 10
31.5433
 20
32.551
 10
31.5933
 20
32.551
  0
LWPOLYLINE
  5
4AB
330
17
100
AcDbEntity
  8
PARTS
100
AcDbPolyline
 90
2
 70
0
 10
31.5433
 20
33.150999999999996
 10
31.5433
 20
33.141000000000005
  0
LWPOLYLINE
  5
4AC
330
17
100
AcDbEntity
  8
PARTS
100
AcDbPolyline
 90
2
 70
0
 10
31.5433
 20
32.561
 10
31.5433
 20
32.551
  0
LWPOLYLINE
  5
4AD
330
17
100
AcDbEntity
  8
PARTS
100
AcDbPolyline
 90
2
 70
0
 10
31.5933
 20
33.150999999999996
 10
31.5433
 20
33.150999999999996
  0
LWPOLYLINE
  5
4AE
330
17
100
AcDbEntity
  8
PARTS
100
AcDbPolyline
 90
2
 70
0
 10
31.5933
 20
33.351
 10
31.0933
 20
33.351
  0
LWPOLYLINE
  5
4AF
330
17
100
AcDbEntity
  8
PARTS
100
AcDbPolyline
 90
2
 70
0
 10
31.0933
 20
33.351
 10
31.0933
 20
33.150999999999996
  0
LWPOLYLINE
  5
4B0
330
17
100
AcDbEntity
  8
PARTS
100
AcDbPolyline
 90
2
 70
0
 10
31.0933
 20
33.150999999999996
 10
31.1433
 20
33.150999999999996
  0
LWPOLYLINE
  5
4B1
330
17
100
AcDbEntity
  8
PARTS
100
AcDbPolyline
 90
2
 70
0
 10
31.1433
 20
32.551
 10
31.1433
 20
32.561
  0
LWPOLYLINE
  5
4B2
330
17
100
AcDbEntity
  8
PARTS
100
AcDbPolyline
 90
2
 70
0
 10
31.1433
 20
33.141000000000005
 10
31.1433
 20
33.150999999999996
  0
LWPOLYLINE
  5
4B3
330
17
100
AcDbEntity
  8
PARTS
100
AcDbPolyline
 90
2
 70
0
 10
31.1433
 20
32.551
 10
31.0933
 20
32.551
  0
LWPOLYLINE
  5
4B4
330
17
100
AcDbEntity
  8
PARTS
100
AcDbPolyline
 90
2
 70
0
 10
31.0933
 20
32.551
 10
31.0933
 20
32.351
  0
LWPOLYLINE
  5
4B5
330
17
100
AcDbEntity
  8
PARTS
100
AcDbPolyline
 90
2
 70
0
 10
31.0933
 20
32.351
 10
31.5933
 20
32.351
  0
LWPOLYLINE
  5
4B6
330
17
100
AcDbEntity
  8
PARTS
100
AcDbPolyline
 90
2
 70
0
 10
31.0933
 20
32.551
 10
31.0933
 20
33.150999999999996
  0
LWPOLYLINE
  5
4B7
330
17
100
AcDbEntity
  8
PARTS
100
AcDbPolyline
 90
2
 70
0
 10
31.5933
 20
33.150999999999996
 10
31.5933
 20
32.551
  0
LWPOLYLINE
  5
4B8
330
17
100
AcDbEntity
  8
PARTS
100
AcDbPolyline
 90
2
 70
0
 10
31.583299999999998
 20
33.141000000000005
 10
31.1033
 20
33.141000000000005
  0
LWPOLYLINE
  5
4B9
330
17
100
AcDbEntity
  8
PARTS
100
AcDbPolyline
 90
2
 70
0
 10
31.1033
 20
33.141000000000005
 10
31.1033
 20
32.561
  0
LWPOLYLINE
  5
4BA
330
17
100
AcDbEntity
  8
PARTS
100
AcDbPolyline
 90
2
 70
0
 10
31.1033
 20
32.561
 10
31.583299999999998
 20
32.561
  0
LWPOLYLINE
  5
4BB
330
17
100
AcDbEntity
  8
PARTS
100
AcDbPolyline
 90
2
 70
0
 10
31.583299999999998
 20
32.561
 10
31.583299999999998
 20
33.141000000000005
  0
LWPOLYLINE
  5
4BC
330
17
100
AcDbEntity
  8
PARTS
100
AcDbPolyline
 90
2
 70
0
 10
31.5933
 20
32.551
 10
31.583299999999998
 20
32.561
  0
LWPOLYLINE
  5
4BD
330
17
100
AcDbEntity
  8
PARTS
100
AcDbPolyline
 90
2
 70
0
 10
31.583299999999998
 20
33.141000000000005
 10
31.5933
 20
33.150999999999996
  0
LWPOLYLINE
  5
4BE
330
17
100
AcDbEntity
  8
PARTS
100
AcDbPolyline
 90
2
 70
0
 10
31.1033
 20
33.141000000000005
 10
31.0933
 20
33.150999999999996
  0
LWPOLYLINE
  5
4BF
330
17
100
AcDbEntity
  8
PARTS
100
AcDbPolyline
 90
2
 70
0
 10
31.0933
 20
32.551
 10
31.1033
 20
32.561
  0
LWPOLYLINE
  5
4C0
330
17
100
AcDbEntity
  8
PARTS
100
AcDbPolyline
 90
2
 70
0
 10
31.594299999999997
 20
32.8985
 10
31.5933
 20
32.8985
  0
LWPOLYLINE
  5
4C1
330
17
100
AcDbEntity
  8
PARTS
100
AcDbPolyline
 90
2
 70
0
 10
31.594299999999997
 20
32.8985
 10
31.594299999999997
 20
32.8825
  0
LWPOLYLINE
  5
4C2
330
17
100
AcDbEntity
  8
PARTS
100
AcDbPolyline
 90
2
 70
0
 10
31.594299999999997
 20
32.8825
 10
31.5933
 20
32.8825
  0
LWPOLYLINE
  5
4C3
330
17
100
AcDbEntity
  8
PARTS
100
AcDbPolyline
 90
2
 70
0
 10
31.594299999999997
 20
32.877300000000005
 10
31.5933
 20
32.877300000000005
  0
LWPOLYLINE
  5
4C4
330
17
100
AcDbEntity
  8
PARTS
100
AcDbPolyline
 90
2
 70
0
 10
31.594299999999997
 20
32.8825
 10
31.594299999999997
 20
32.877300000000005
  0
LWPOLYLINE
  5
4C5
330
17
100
AcDbEntity
  8
PARTS
100
AcDbPolyline
 90
2
 70
0
 10
31.594299999999997
 20
32.876999999999995
 10
31.5933
 20
32.876999999999995
  0
LWPOLYLINE
  5
4C6
330
17
100
AcDbEntity
  8
PARTS
100
AcDbPolyline
 90
2
 70
0
 10
31.594299999999997
 20
32.877300000000005
 10
31.594299999999997
 20
32.876999999999995
  0
LWPOLYLINE
  5
4C7
330
17
100
AcDbEntity
  8
PARTS
100
AcDbPolyline
 90
2
 70
0
 10
31.594299999999997
 20
32.9309
 10
31.5933
 20
32.9309
  0
LWPOLYLINE
  5
4C8
330
17
100
AcDbEntity
  8
PARTS
100
AcDbPolyline
 90
2
 70
0
 10
31.594299999999997
 20
32.9309
 10
31.594299999999997
 20
32.9212
  0
LWPOLYLINE
  5
4C9
330
17
100
AcDbEntity
  8
PARTS
100
AcDbPolyline
 90
2
 70
0
 10
31.594299999999997
 20
32.9212
 10
31.594299999999997
 20
32.9062
  0
LWPOLYLINE
  5
4CA
330
17
100
AcDbEntity
  8
PARTS
100
AcDbPolyline
 90
2
 70
0
 10
31.594299999999997
 20
32.9062
 10
31.594299999999997
 20
32.9003
  0
LWPOLYLINE
  5
4CB
330
17
100
AcDbEntity
  8
PARTS
100
AcDbPolyline
 90
2
 70
0
 10
31.594299999999997
 20
32.9003
 10
31.594299999999997
 20
32.9003
  0
LWPOLYLINE
  5
4CC
330
17
100
AcDbEntity
  8
PARTS
100
AcDbPolyline
 90
2
 70
0
 10
31.594299999999997
 20
32.9003
 10
31.594299999999997
 20
32.9003
  0
LWPOLYLINE
  5
4CD
330
17
100
AcDbEntity
  8
PARTS
100
AcDbPolyline
 90
2
 70
0
 10
31.594299999999997
 20
32.9606
 10
31.5933
 20
32.9606
  0
LWPOLYLINE
  5
4CE
330
17
100
AcDbEntity
  8
PARTS
100
AcDbPolyline
 90
2
 70
0
 10
31.594299999999997
 20
32.9606
 10
31.594299999999997
 20
32.959900000000005
  0
LWPOLYLINE
  5
4CF
330
17
100
AcDbEntity
  8
PARTS
100
AcDbPolyline
 90
2
 70
0
 10
31.594299999999997
 20
32.959900000000005
 10
31.5933
 20
32.959900000000005
  0
LWPOLYLINE
  5
4D0
330
17
100
AcDbEntity
  8
PARTS
100
AcDbPolyline
 90
2
 70
0
 10
31.594299999999997
 20
32.939
 10
31.5933
 20
32.939
  0
LWPOLYLINE
  5
4D1
330
17
100
AcDbEntity
  8
PARTS
100
AcDbPolyline
 90
2
 70
0
 10
31.594299999999997
 20
32.959900000000005
 10
31.594299999999997
 20
32.939
  0
LWPOLYLINE
  5
4D2
330
17
100
AcDbEntity
  8
PARTS
100
AcDbPolyline
 90
2
 70
0
 10
31.594299999999997
 20
32.9387
 10
31.5933
 20
32.9387
  0
LWPOLYLINE
  5
4D3
330
17
100
AcDbEntity
  8
PARTS
100
AcDbPolyline
 90
2
 70
0
 10
31.594299999999997
 20
32.939
 10
31.594299999999997
 20
32.9387
  0
LWPOLYLINE
  5
4D4
330
17
100
AcDbEntity
  8
PARTS
100
AcDbPolyline
 90
2
 70
0
 10
31.594299999999997
 20
33.0015
 10
31.594299999999997
 20
33.0015
  0
LWPOLYLINE
  5
4D5
330
17
100
AcDbEntity
  8
PARTS
100
AcDbPolyline
 90
2
 70
0
 10
31.594299999999997
 20
33.0015
 10
31.594299999999997
 20
32.9955
  0
LWPOLYLINE
  5
4D6
330
17
100
AcDbEntity
  8
PARTS
100
AcDbPolyline
 90
2
 70
0
 10
31.594299999999997
 20
32.9955
 10
31.594299999999997
 20
32.980199999999996
  0
LWPOLYLINE
  5
4D7
330
17
100
AcDbEntity
  8
PARTS
100
AcDbPolyline
 90
2
 70
0
 10
31.594299999999997
 20
32.980199999999996
 10
31.594299999999997
 20
32.968599999999995
  0
LWPOLYLINE
  5
4D8
330
17
100
AcDbEntity
  8
PARTS
100
AcDbPolyline
 90
2
 70
0
 10
31.594299999999997
 20
32.968599999999995
 10
31.594299999999997
 20
32.9683
  0
LWPOLYLINE
  5
4D9
330
17
100
AcDbEntity
  8
PARTS
100
AcDbPolyline
 90
2
 70
0
 10
31.594299999999997
 20
32.9683
 10
31.5933
 20
32.9683
  0
LWPOLYLINE
  5
4DA
330
17
100
AcDbEntity
  8
PARTS
100
AcDbPolyline
 90
2
 70
0
 10
31.594299999999997
 20
32.968599999999995
 10
31.5933
 20
32.968599999999995
  0
LWPOLYLINE
  5
4DB
330
17
100
AcDbEntity
  8
PARTS
100
AcDbPolyline
 90
2
 70
0
 10
31.594299999999997
 20
33.0402
 10
31.594299999999997
 20
33.025
  0
LWPOLYLINE
  5
4DC
330
17
100
AcDbEntity
  8
PARTS
100
AcDbPolyline
 90
2
 70
0
 10
31.594299999999997
 20
33.025
 10
31.594299999999997
 20
33.019400000000005
  0
LWPOLYLINE
  5
4DD
330
17
100
AcDbEntity
  8
PARTS
100
AcDbPolyline
 90
2
 70
0
 10
31.594299999999997
 20
33.019400000000005
 10
31.594299999999997
 20
33.0036
  0
LWPOLYLINE
  5
4DE
330
17
100
AcDbEntity
  8
PARTS
100
AcDbPolyline
 90
2
 70
0
 10
31.594299999999997
 20
33.025
 10
31.5933
 20
33.025
  0
LWPOLYLINE
  5
4DF
330
17
100
AcDbEntity
  8
PARTS
100
AcDbPolyline
 90
2
 70
0
 10
31.594299999999997
 20
33.0402
 10
31.5933
 20
33.0402
  0
LWPOLYLINE
  5
4E0
330
17
100
AcDbEntity
  8
PARTS
100
AcDbPolyline
 90
2
 70
0
 10
31.594299999999997
 20
33.019400000000005
 10
31.5933
 20
33.019400000000005
  0
LWPOLYLINE
  5
4E1
330
17
100
AcDbEntity
  8
PARTS
100
AcDbPolyline
 90
2
 70
0
 10
31.594299999999997
 20
33.0036
 10
31.5933
 20
33.0036
  0
LWPOLYLINE
  5
4E2
330
17
100
AcDbEntity
  8
PARTS
100
AcDbPolyline
 90
2
 70
0
 10
31.594299999999997
 20
32.8768
 10
31.5933
 20
32.8768
  0
LWPOLYLINE
  5
4E3
330
17
100
AcDbEntity
  8
PARTS
100
AcDbPolyline
 90
2
 70
0
 10
31.594299999999997
 20
32.876999999999995
 10
31.594299999999997
 20
32.8768
  0
LWPOLYLINE
  5
4E4
330
17
100
AcDbEntity
  8
PARTS
100
AcDbPolyline
 90
2
 70
0
 10
31.594299999999997
 20
32.8765
 10
31.5933
 20
32.8765
  0
LWPOLYLINE
  5
4E5
330
17
100
AcDbEntity
  8
PARTS
100
AcDbPolyline
 90
2
 70
0
 10
31.594299999999997
 20
32.8768
 10
31.594299999999997
 20
32.8765
  0
LWPOLYLINE
  5
4E6
330
17
100
AcDbEntity
  8
PARTS
100
AcDbPolyline
 90
2
 70
0
 10
31.594299999999997
 20
32.9337
 10
31.594299999999997
 20
32.9336
  0
LWPOLYLINE
  5
4E7
330
17
100
AcDbEntity
  8
PARTS
100
AcDbPolyline
 90
2
 70
0
 10
31.594299999999997
 20
32.9336
 10
31.5933
 20
32.9336
  0
LWPOLYLINE
  5
4E8
330
17
100
AcDbEntity
  8
PARTS
100
AcDbPolyline
 90
2
 70
0
 10
31.594299999999997
 20
32.9336
 10
31.5933
 20
32.9336
  0
LWPOLYLINE
  5
4E9
330
17
100
AcDbEntity
  8
PARTS
100
AcDbPolyline
 90
2
 70
0
 10
31.594299999999997
 20
32.9336
 10
31.594299999999997
 20
32.9336
  0
LWPOLYLINE
  5
4EA
330
17
100
AcDbEntity
  8
PARTS
100
AcDbPolyline
 90
2
 70
0
 10
31.594299999999997
 20
32.9387
 10
31.594299999999997
 20
32.937
  0
LWPOLYLINE
  5
4EB
330
17
100
AcDbEntity
  8
PARTS
100
AcDbPolyline
 90
2
 70
0
 10
31.594299999999997
 20
32.937
 10
31.594299999999997
 20
32.9337
  0
LWPOLYLINE
  5
4EC
330
17
100
AcDbEntity
  8
PARTS
100
AcDbPolyline
 90
2
 70
0
 10
31.594299999999997
 20
32.9337
 10
31.594299999999997
 20
32.9337
  0
LWPOLYLINE
  5
4ED
330
17
100
AcDbEntity
  8
PARTS
100
AcDbPolyline
 90
2
 70
0
 10
31.594299999999997
 20
32.9337
 10
31.594299999999997
 20
32.9337
  0
LWPOLYLINE
  5
4EE
330
17
100
AcDbEntity
  8
PARTS
100
AcDbPolyline
 90
2
 70
0
 10
31.594299999999997
 20
32.9617
 10
31.5933
 20
32.9617
  0
LWPOLYLINE
  5
4EF
330
17
100
AcDbEntity
  8
PARTS
100
AcDbPolyline
 90
2
 70
0
 10
31.594299999999997
 20
32.9683
 10
31.594299999999997
 20
32.9617
  0
LWPOLYLINE
  5
4F0
330
17
100
AcDbEntity
  8
PARTS
100
AcDbPolyline
 90
2
 70
0
 10
31.594299999999997
 20
32.9617
 10
31.594299999999997
 20
32.9606
  0
LWPOLYLINE
  5
4F1
330
17
100
AcDbEntity
  8
PARTS
100
AcDbPolyline
 90
2
 70
0
 10
31.594299999999997
 20
33.0036
 10
31.594299999999997
 20
33.0015
  0
LWPOLYLINE
  5
4F2
330
17
100
AcDbEntity
  8
PARTS
100
AcDbPolyline
 90
2
 70
0
 10
31.594299999999997
 20
33.052
 10
31.594299999999997
 20
33.052
  0
LWPOLYLINE
  5
4F3
330
17
100
AcDbEntity
  8
PARTS
100
AcDbPolyline
 90
2
 70
0
 10
31.594299999999997
 20
33.052
 10
31.594299999999997
 20
33.046
  0
LWPOLYLINE
  5
4F4
330
17
100
AcDbEntity
  8
PARTS
100
AcDbPolyline
 90
2
 70
0
 10
31.594299999999997
 20
33.046
 10
31.594299999999997
 20
33.0402
  0
LWPOLYLINE
  5
4F5
330
17
100
AcDbEntity
  8
PARTS
100
AcDbPolyline
 90
2
 70
0
 10
31.594299999999997
 20
33.0907
 10
31.594299999999997
 20
33.075500000000005
  0
LWPOLYLINE
  5
4F6
330
17
100
AcDbEntity
  8
PARTS
100
AcDbPolyline
 90
2
 70
0
 10
31.594299999999997
 20
33.075500000000005
 10
31.594299999999997
 20
33.069900000000004
  0
LWPOLYLINE
  5
4F7
330
17
100
AcDbEntity
  8
PARTS
100
AcDbPolyline
 90
2
 70
0
 10
31.594299999999997
 20
33.069900000000004
 10
31.594299999999997
 20
33.0541
  0
LWPOLYLINE
  5
4F8
330
17
100
AcDbEntity
  8
PARTS
100
AcDbPolyline
 90
2
 70
0
 10
31.594299999999997
 20
33.075500000000005
 10
31.5933
 20
33.075500000000005
  0
LWPOLYLINE
  5
4F9
330
17
100
AcDbEntity
  8
PARTS
100
AcDbPolyline
 90
2
 70
0
 10
31.594299999999997
 20
33.0907
 10
31.5933
 20
33.0907
  0
LWPOLYLINE
  5
4FA
330
17
100
AcDbEntity
  8
PARTS
100
AcDbPolyline
 90
2
 70
0
 10
31.594299999999997
 20
33.069900000000004
 10
31.5933
 20
33.069900000000004
  0
LWPOLYLINE
  5
4FB
330
17
100
AcDbEntity
  8
PARTS
100
AcDbPolyline
 90
2
 70
0
 10
31.594299999999997
 20
33.0541
 10
31.5933
 20
33.0541
  0
LWPOLYLINE
  5
4FC
330
17
100
AcDbEntity
  8
PARTS
100
AcDbPolyline
 90
2
 70
0
 10
31.594299999999997
 20
32.8435
 10
31.594299999999997
 20
32.815200000000004
  0
LWPOLYLINE
  5
4FD
330
17
100
AcDbEntity
  8
PARTS
100
AcDbPolyline
 90
2
 70
0
 10
31.594299999999997
 20
32.815200000000004
 10
31.594299999999997
 20
32.7997
  0
LWPOLYLINE
  5
4FE
330
17
100
AcDbEntity
  8
PARTS
100
AcDbPolyline
 90
2
 70
0
 10
31.594299999999997
 20
32.7997
 10
31.594299999999997
 20
32.7605
  0
LWPOLYLINE
  5
4FF
330
17
100
AcDbEntity
  8
PARTS
100
AcDbPolyline
 90
2
 70
0
 10
31.594299999999997
 20
32.7605
 10
31.594299999999997
 20
32.7257
  0
LWPOLYLINE
  5
500
330
17
100
AcDbEntity
  8
PARTS
100
AcDbPolyline
 90
2
 70
0
 10
31.594299999999997
 20
32.7257
 10
31.594299999999997
 20
32.712900000000005
  0
LWPOLYLINE
  5
501
330
17
100
AcDbEntity
  8
PARTS
100
AcDbPolyline
 90
2
 70
0
 10
31.594299999999997
 20
32.712900000000005
 10
31.594299999999997
 20
32.706199999999995
  0
LWPOLYLINE
  5
502
330
17
100
AcDbEntity
  8
PARTS
100
AcDbPolyline
 90
2
 70
0
 10
31.594299999999997
 20
32.706199999999995
 10
31.594299999999997
 20
32.6729
  0
LWPOLYLINE
  5
503
330
17
100
AcDbEntity
  8
PARTS
100
AcDbPolyline
 90
2
 70
0
 10
31.594299999999997
 20
32.6729
 10
31.594299999999997
 20
32.659099999999995
  0
LWPOLYLINE
  5
504
330
17
100
AcDbEntity
  8
PARTS
100
AcDbPolyline
 90
2
 70
0
 10
31.594299999999997
 20
32.659099999999995
 10
31.594299999999997
 20
32.659099999999995
  0
LWPOLYLINE
  5
505
330
17
100
AcDbEntity
  8
PARTS
100
AcDbPolyline
 90
2
 70
0
 10
31.594299999999997
 20
32.659099999999995
 10
31.594299999999997
 20
32.659099999999995
  0
LWPOLYLINE
  5
506
330
17
100
AcDbEntity
  8
PARTS
100
AcDbPolyline
 90
2
 70
0
 10
31.594299999999997
 20
32.8435
 10
31.5933
 20
32.8435
  0
LWPOLYLINE
  5
507
330
17
100
AcDbEntity
  8
PARTS
100
AcDbPolyline
 90
2
 70
0
 10
31.594299999999997
 20
32.815200000000004
 10
31.5933
 20
32.815200000000004
  0
LWPOLYLINE
  5
508
330
17
100
AcDbEntity
  8
PARTS
100
AcDbPolyline
 90
2
 70
0
 10
31.594299999999997
 20
32.7997
 10
31.5933
 20
32.7997
  0
LWPOLYLINE
  5
509
330
17
100
AcDbEntity
  8
PARTS
100
AcDbPolyline
 90
2
 70
0
 10
31.594299999999997
 20
32.712900000000005
 10
31.5933
 20
32.712900000000005
  0
LWPOLYLINE
  5
50A
330
17
100
AcDbEntity
  8
PARTS
100
AcDbPolyline
 90
2
 70
0
 10
32.3315
 20
33.351
 10
32.3315
 20
33.150999999999996
  0
LWPOLYLINE
  5
50B
330
17
100
AcDbEntity
  8
PARTS
100
AcDbPolyline
 90
2
 70
0
 10
32.3315
 20
32.551
 10
32.3315
 20
32.351
  0
LWPOLYLINE
  5
50C
330
17
100
AcDbEntity
  8
PARTS
100
AcDbPolyline
 90
2
 70
0
 10
32.3815
 20
33.150999999999996
 10
32.3315
 20
33.150999999999996
  0
LWPOLYLINE
  5
50D
330
17
100
AcDbEntity
  8
PARTS
100
AcDbPolyline
 90
2
 70
0
 10
32.3815
 20
32.551
 10
32.3815
 20
32.561
  0
LWPOLYLINE
  5
50E
330
17
100
AcDbEntity
  8
PARTS
100
AcDbPolyline
 90
2
 70
0
 10
32.3815
 20
33.141000000000005
 10
32.3815
 20
33.150999999999996
  0
LWPOLYLINE
  5
50F
330
17
100
AcDbEntity
  8
PARTS
100
AcDbPolyline
 90
2
 70
0
 10
32.3315
 20
32.551
 10
32.3815
 20
32.551
  0
LWPOLYLINE
  5
510
330
17
100
AcDbEntity
  8
PARTS
100
AcDbPolyline
 90
2
 70
0
 10
32.3315
 20
32.351
 10
32.8315
 20
32.351
  0
LWPOLYLINE
  5
511
330
17
100
AcDbEntity
  8
PARTS
100
AcDbPolyline
 90
2
 70
0
 10
32.8315
 20
32.351
 10
32.8315
 20
32.551
  0
LWPOLYLINE
  5
512
330
17
100
AcDbEntity
  8
PARTS
100
AcDbPolyline
 90
2
 70
0
 10
32.8315
 20
32.551
 10
32.781499999999994
 20
32.551
  0
LWPOLYLINE
  5
513
330
17
100
AcDbEntity
  8
PARTS
100
AcDbPolyline
 90
2
 70
0
 10
32.781499999999994
 20
33.150999999999996
 10
32.781499999999994
 20
33.141000000000005
  0
LWPOLYLINE
  5
514
330
17
100
AcDbEntity
  8
PARTS
100
AcDbPolyline
 90
2
 70
0
 10
32.781499999999994
 20
32.561
 10
32.781499999999994
 20
32.551
  0
LWPOLYLINE
  5
515
330
17
100
AcDbEntity
  8
PARTS
100
AcDbPolyline
 90
2
 70
0
 10
32.781499999999994
 20
33.150999999999996
 10
32.8315
 20
33.150999999999996
  0
LWPOLYLINE
  5
516
330
17
100
AcDbEntity
  8
PARTS
100
AcDbPolyline
 90
2
 70
0
 10
32.8315
 20
33.150999999999996
 10
32.8315
 20
33.351
  0
LWPOLYLINE
  5
517
330
17
100
AcDbEntity
  8
PARTS
100
AcDbPolyline
 90
2
 70
0
 10
32.8315
 20
33.351
 10
32.3315
 20
33.351
  0
LWPOLYLINE
  5
518
330
17
100
AcDbEntity
  8
PARTS
100
AcDbPolyline
 90
2
 70
0
 10
32.8315
 20
33.150999999999996
 10
32.8315
 20
32.551
  0
LWPOLYLINE
  5
519
330
17
100
AcDbEntity
  8
PARTS
100
AcDbPolyline
 90
2
 70
0
 10
32.3315
 20
32.551
 10
32.3315
 20
33.150999999999996
  0
LWPOLYLINE
  5
51A
330
17
100
AcDbEntity
  8
PARTS
100
AcDbPolyline
 90
2
 70
0
 10
32.341499999999996
 20
32.561
 10
32.8215
 20
32.561
  0
LWPOLYLINE
  5
51B
330
17
100
AcDbEntity
  8
PARTS
100
AcDbPolyline
 90
2
 70
0
 10
32.8215
 20
32.561
 10
32.8215
 20
33.141000000000005
  0
LWPOLYLINE
  5
51C
330
17
100
AcDbEntity
  8
PARTS
100
AcDbPolyline
 90
2
 70
0
 10
32.8215
 20
33.141000000000005
 10
32.341499999999996
 20
33.141000000000005
  0
LWPOLYLINE
  5
51D
330
17
100
AcDbEntity
  8
PARTS
100
AcDbPolyline
 90
2
 70
0
 10
32.341499999999996
 20
33.141000000000005
 10
32.341499999999996
 20
32.561
  0
LWPOLYLINE
  5
51E
330
17
100
AcDbEntity
  8
PARTS
100
AcDbPolyline
 90
2
 70
0
 10
32.3315
 20
33.150999999999996
 10
32.341499999999996
 20
33.141000000000005
  0
LWPOLYLINE
  5
51F
330
17
100
AcDbEntity
  8
PARTS
100
AcDbPolyline
 90
2
 70
0
 10
32.341499999999996
 20
32.561
 10
32.3315
 20
32.551
  0
LWPOLYLINE
  5
520
330
17
100
AcDbEntity
  8
PARTS
100
AcDbPolyline
 90
2
 70
0
 10
32.8215
 20
32.561
 10
32.8315
 20
32.551
  0
LWPOLYLINE
  5
521
330
17
100
AcDbEntity
  8
PARTS
100
AcDbPolyline
 90
2
 70
0
 10
32.8315
 20
33.150999999999996
 10
32.8215
 20
33.141000000000005
  0
LWPOLYLINE
  5
522
330
17
100
AcDbEntity
  8
PARTS
100
AcDbPolyline
 90
2
 70
0
 10
32.3305
 20
32.803399999999996
 10
32.3315
 20
32.803399999999996
  0
LWPOLYLINE
  5
523
330
17
100
AcDbEntity
  8
PARTS
100
AcDbPolyline
 90
2
 70
0
 10
32.3305
 20
32.803399999999996
 10
32.3305
 20
32.8194
  0
LWPOLYLINE
  5
524
330
17
100
AcDbEntity
  8
PARTS
100
AcDbPolyline
 90
2
 70
0
 10
32.3305
 20
32.8194
 10
32.3315
 20
32.8194
  0
LWPOLYLINE
  5
525
330
17
100
AcDbEntity
  8
PARTS
100
AcDbPolyline
 90
2
 70
0
 10
32.3305
 20
32.824600000000004
 10
32.3315
 20
32.824600000000004
  0
LWPOLYLINE
  5
526
330
17
100
AcDbEntity
  8
PARTS
100
AcDbPolyline
 90
2
 70
0
 10
32.3305
 20
32.8194
 10
32.3305
 20
32.824600000000004
  0
LWPOLYLINE
  5
527
330
17
100
AcDbEntity
  8
PARTS
100
AcDbPolyline
 90
2
 70
0
 10
32.3305
 20
32.8249
 10
32.3315
 20
32.8249
  0
LWPOLYLINE
  5
528
330
17
100
AcDbEntity
  8
PARTS
100
AcDbPolyline
 90
2
 70
0
 10
32.3305
 20
32.824600000000004
 10
32.3305
 20
32.8249
  0
LWPOLYLINE
  5
529
330
17
100
AcDbEntity
  8
PARTS
100
AcDbPolyline
 90
2
 70
0
 10
32.3305
 20
32.771100000000004
 10
32.3315
 20
32.771100000000004
  0
LWPOLYLINE
  5
52A
330
17
100
AcDbEntity
  8
PARTS
100
AcDbPolyline
 90
2
 70
0
 10
32.3305
 20
32.771100000000004
 10
32.3305
 20
32.780699999999996
  0
LWPOLYLINE
  5
52B
330
17
100
AcDbEntity
  8
PARTS
100
AcDbPolyline
 90
2
 70
0
 10
32.3305
 20
32.780699999999996
 10
32.3305
 20
32.7957
  0
LWPOLYLINE
  5
52C
330
17
100
AcDbEntity
  8
PARTS
100
AcDbPolyline
 90
2
 70
0
 10
32.3305
 20
32.7957
 10
32.3305
 20
32.8017
  0
LWPOLYLINE
  5
52D
330
17
100
AcDbEntity
  8
PARTS
100
AcDbPolyline
 90
2
 70
0
 10
32.3305
 20
32.8017
 10
32.3305
 20
32.8017
  0
LWPOLYLINE
  5
52E
330
17
100
AcDbEntity
  8
PARTS
100
AcDbPolyline
 90
2
 70
0
 10
32.3305
 20
32.8017
 10
32.3305
 20
32.8017
  0
LWPOLYLINE
  5
52F
330
17
100
AcDbEntity
  8
PARTS
100
AcDbPolyline
 90
2
 70
0
 10
32.3305
 20
32.741299999999995
 10
32.3315
 20
32.741299999999995
  0
LWPOLYLINE
  5
530
330
17
100
AcDbEntity
  8
PARTS
100
AcDbPolyline
 90
2
 70
0
 10
32.3305
 20
32.741299999999995
 10
32.3305
 20
32.742000000000004
  0
LWPOLYLINE
  5
531
330
17
100
AcDbEntity
  8
PARTS
100
AcDbPolyline
 90
2
 70
0
 10
32.3305
 20
32.742000000000004
 10
32.3315
 20
32.742000000000004
  0
LWPOLYLINE
  5
532
330
17
100
AcDbEntity
  8
PARTS
100
AcDbPolyline
 90
2
 70
0
 10
32.3305
 20
32.7629
 10
32.3315
 20
32.7629
  0
LWPOLYLINE
  5
533
330
17
100
AcDbEntity
  8
PARTS
100
AcDbPolyline
 90
2
 70
0
 10
32.3305
 20
32.742000000000004
 10
32.3305
 20
32.7629
  0
LWPOLYLINE
  5
534
330
17
100
AcDbEntity
  8
PARTS
100
AcDbPolyline
 90
2
 70
0
 10
32.3305
 20
32.7632
 10
32.3315
 20
32.7632
  0
LWPOLYLINE
  5
535
330
17
100
AcDbEntity
  8
PARTS
100
AcDbPolyline
 90
2
 70
0
 10
32.3305
 20
32.7629
 10
32.3305
 20
32.7632
  0
LWPOLYLINE
  5
536
330
17
100
AcDbEntity
  8
PARTS
100
AcDbPolyline
 90
2
 70
0
 10
32.3305
 20
32.7004
 10
32.3305
 20
32.7004
  0
LWPOLYLINE
  5
537
330
17
100
AcDbEntity
  8
PARTS
100
AcDbPolyline
 90
2
 70
0
 10
32.3305
 20
32.7004
 10
32.3305
 20
32.7064
  0
LWPOLYLINE
  5
538
330
17
100
AcDbEntity
  8
PARTS
100
AcDbPolyline
 90
2
 70
0
 10
32.3305
 20
32.7064
 10
32.3305
 20
32.7218
  0
LWPOLYLINE
  5
539
330
17
100
AcDbEntity
  8
PARTS
100
AcDbPolyline
 90
2
 70
0
 10
32.3305
 20
32.7218
 10
32.3305
 20
32.7334
  0
LWPOLYLINE
  5
53A
330
17
100
AcDbEntity
  8
PARTS
100
AcDbPolyline
 90
2
 70
0
 10
32.3305
 20
32.7334
 10
32.3305
 20
32.7337
  0
LWPOLYLINE
  5
53B
330
17
100
AcDbEntity
  8
PARTS
100
AcDbPolyline
 90
2
 70
0
 10
32.3305
 20
32.7337
 10
32.3315
 20
32.7337
  0
LWPOLYLINE
  5
53C
330
17
100
AcDbEntity
  8
PARTS
100
AcDbPolyline
 90
2
 70
0
 10
32.3305
 20
32.7334
 10
32.3315
 20
32.7334
  0
LWPOLYLINE
  5
53D
330
17
100
AcDbEntity
  8
PARTS
100
AcDbPolyline
 90
2
 70
0
 10
32.3305
 20
32.661699999999996
 10
32.3305
 20
32.6769
  0
LWPOLYLINE
  5
53E
330
17
100
AcDbEntity
  8
PARTS
100
AcDbPolyline
 90
2
 70
0
 10
32.3305
 20
32.6769
 10
32.3305
 20
32.682500000000005
  0
LWPOLYLINE
  5
53F
330
17
100
AcDbEntity
  8
PARTS
100
AcDbPolyline
 90
2
 70
0
 10
32.3305
 20
32.682500000000005
 10
32.3305
 20
32.6983
  0
LWPOLYLINE
  5
540
330
17
100
AcDbEntity
  8
PARTS
100
AcDbPolyline
 90
2
 70
0
 10
32.3305
 20
32.6769
 10
32.3315
 20
32.6769
  0
LWPOLYLINE
  5
541
330
17
100
AcDbEntity
  8
PARTS
100
AcDbPolyline
 90
2
 70
0
 10
32.3305
 20
32.661699999999996
 10
32.3315
 20
32.661699999999996
  0
LWPOLYLINE
  5
542
330
17
100
AcDbEntity
  8
PARTS
100
AcDbPolyline
 90
2
 70
0
 10
32.3305
 20
32.682500000000005
 10
32.3315
 20
32.682500000000005
  0
LWPOLYLINE
  5
543
330
17
100
AcDbEntity
  8
PARTS
100
AcDbPolyline
 90
2
 70
0
 10
32.3305
 20
32.6983
 10
32.3315
 20
32.6983
  0
LWPOLYLINE
  5
544
330
17
100
AcDbEntity
  8
PARTS
100
AcDbPolyline
 90
2
 70
0
 10
32.3305
 20
32.8251
 10
32.3315
 20
32.8251
  0
LWPOLYLINE
  5
545
330
17
100
AcDbEntity
  8
PARTS
100
AcDbPolyline
 90
2
 70
0
 10
32.3305
 20
32.8249
 10
32.3305
 20
32.8251
  0
LWPOLYLINE
  5
546
330
17
100
AcDbEntity
  8
PARTS
100
AcDbPolyline
 90
2
 70
0
 10
32.3305
 20
32.8254
 10
32.3315
 20
32.8254
  0
LWPOLYLINE
  5
547
330
17
100
AcDbEntity
  8
PARTS
100
AcDbPolyline
 90
2
 70
0
 10
32.3305
 20
32.8251
 10
32.3305
 20
32.8254
  0
LWPOLYLINE
  5
548
330
17
100
AcDbEntity
  8
PARTS
100
AcDbPolyline
 90
2
 70
0
 10
32.3305
 20
32.7682
 10
32.3305
 20
32.768299999999996
  0
LWPOLYLINE
  5
549
330
17
100
AcDbEntity
  8
PARTS
100
AcDbPolyline
 90
2
 70
0
 10
32.3305
 20
32.768299999999996
 10
32.3315
 20
32.768299999999996
  0
LWPOLYLINE
  5
54A
330
17
100
AcDbEntity
  8
PARTS
100
AcDbPolyline
 90
2
 70
0
 10
32.3305
 20
32.7684
 10
32.3315
 20
32.7684
  0
LWPOLYLINE
  5
54B
330
17
100
AcDbEntity
  8
PARTS
100
AcDbPolyline
 90
2
 70
0
 10
32.3305
 20
32.768299999999996
 10
32.3305
 20
32.7684
  0
LWPOLYLINE
  5
54C
330
17
100
AcDbEntity
  8
PARTS
100
AcDbPolyline
 90
2
 70
0
 10
32.3305
 20
32.7632
 10
32.3305
 20
32.7649
  0
LWPOLYLINE
  5
54D
330
17
100
AcDbEntity
  8
PARTS
100
AcDbPolyline
 90
2
 70
0
 10
32.3305
 20
32.7649
 10
32.3305
 20
32.7682
  0
LWPOLYLINE
  5
54E
330
17
100
AcDbEntity
  8
PARTS
100
AcDbPolyline
 90
2
 70
0
 10
32.3305
 20
32.7682
 10
32.3305
 20
32.7682
  0
LWPOLYLINE
  5
54F
330
17
100
AcDbEntity
  8
PARTS
100
AcDbPolyline
 90
2
 70
0
 10
32.3305
 20
32.7682
 10
32.3305
 20
32.7682
  0
LWPOLYLINE
  5
550
330
17
100
AcDbEntity
  8
PARTS
100
AcDbPolyline
 90
2
 70
0
 10
32.3305
 20
32.7402
 10
32.3315
 20
32.7402
  0
LWPOLYLINE
  5
551
330
17
100
AcDbEntity
  8
PARTS
100
AcDbPolyline
 90
2
 70
0
 10
32.3305
 20
32.7337
 10
32.3305
 20
32.7402
  0
LWPOLYLINE
  5
552
330
17
100
AcDbEntity
  8
PARTS
100
AcDbPolyline
 90
2
 70
0
 10
32.3305
 20
32.7402
 10
32.3305
 20
32.741299999999995
  0
LWPOLYLINE
  5
553
330
17
100
AcDbEntity
  8
PARTS
100
AcDbPolyline
 90
2
 70
0
 10
32.3305
 20
32.6983
 10
32.3305
 20
32.7004
  0
LWPOLYLINE
  5
554
330
17
100
AcDbEntity
  8
PARTS
100
AcDbPolyline
 90
2
 70
0
 10
32.3305
 20
32.6499
 10
32.3305
 20
32.6499
  0
LWPOLYLINE
  5
555
330
17
100
AcDbEntity
  8
PARTS
100
AcDbPolyline
 90
2
 70
0
 10
32.3305
 20
32.6499
 10
32.3305
 20
32.6559
  0
LWPOLYLINE
  5
556
330
17
100
AcDbEntity
  8
PARTS
100
AcDbPolyline
 90
2
 70
0
 10
32.3305
 20
32.6559
 10
32.3305
 20
32.661699999999996
  0
LWPOLYLINE
  5
557
330
17
100
AcDbEntity
  8
PARTS
100
AcDbPolyline
 90
2
 70
0
 10
32.3305
 20
32.6112
 10
32.3305
 20
32.626400000000004
  0
LWPOLYLINE
  5
558
330
17
100
AcDbEntity
  8
PARTS
100
AcDbPolyline
 90
2
 70
0
 10
32.3305
 20
32.626400000000004
 10
32.3305
 20
32.632000000000005
  0
LWPOLYLINE
  5
559
330
17
100
AcDbEntity
  8
PARTS
100
AcDbPolyline
 90
2
 70
0
 10
32.3305
 20
32.632000000000005
 10
32.3305
 20
32.647800000000004
  0
LWPOLYLINE
  5
55A
330
17
100
AcDbEntity
  8
PARTS
100
AcDbPolyline
 90
2
 70
0
 10
32.3305
 20
32.626400000000004
 10
32.3315
 20
32.626400000000004
  0
LWPOLYLINE
  5
55B
330
17
100
AcDbEntity
  8
PARTS
100
AcDbPolyline
 90
2
 70
0
 10
32.3305
 20
32.6112
 10
32.3315
 20
32.6112
  0
LWPOLYLINE
  5
55C
330
17
100
AcDbEntity
  8
PARTS
100
AcDbPolyline
 90
2
 70
0
 10
32.3305
 20
32.632000000000005
 10
32.3315
 20
32.632000000000005
  0
LWPOLYLINE
  5
55D
330
17
100
AcDbEntity
  8
PARTS
100
AcDbPolyline
 90
2
 70
0
 10
32.3305
 20
32.647800000000004
 10
32.3315
 20
32.647800000000004
  0
LWPOLYLINE
  5
55E
330
17
100
AcDbEntity
  8
PARTS
100
AcDbPolyline
 90
2
 70
0
 10
32.3305
 20
32.8584
 10
32.3305
 20
32.8868
  0
LWPOLYLINE
  5
55F
330
17
100
AcDbEntity
  8
PARTS
100
AcDbPolyline
 90
2
 70
0
 10
32.3305
 20
32.8868
 10
32.3305
 20
32.9022
  0
LWPOLYLINE
  5
560
330
17
100
AcDbEntity
  8
PARTS
100
AcDbPolyline
 90
2
 70
0
 10
32.3305
 20
32.9022
 10
32.3305
 20
32.9414
  0
LWPOLYLINE
  5
561
330
17
100
AcDbEntity
  8
PARTS
100
AcDbPolyline
 90
2
 70
0
 10
32.3305
 20
32.9414
 10
32.3305
 20
32.9762
  0
LWPOLYLINE
  5
562
330
17
100
AcDbEntity
  8
PARTS
100
AcDbPolyline
 90
2
 70
0
 10
32.3305
 20
32.9762
 10
32.3305
 20
32.989000000000004
  0
LWPOLYLINE
  5
563
330
17
100
AcDbEntity
  8
PARTS
100
AcDbPolyline
 90
2
 70
0
 10
32.3305
 20
32.989000000000004
 10
32.3305
 20
32.9957
  0
LWPOLYLINE
  5
564
330
17
100
AcDbEntity
  8
PARTS
100
AcDbPolyline
 90
2
 70
0
 10
32.3305
 20
32.9957
 10
32.3305
 20
33.028999999999996
  0
LWPOLYLINE
  5
565
330
17
100
AcDbEntity
  8
PARTS
100
AcDbPolyline
 90
2
 70
0
 10
32.3305
 20
33.028999999999996
 10
32.3305
 20
33.0429
  0
LWPOLYLINE
  5
566
330
17
100
AcDbEntity
  8
PARTS
100
AcDbPolyline
 90
2
 70
0
 10
32.3305
 20
33.0429
 10
32.3305
 20
33.0429
  0
LWPOLYLINE
  5
567
330
17
100
AcDbEntity
  8
PARTS
100
AcDbPolyline
 90
2
 70
0
 10
32.3305
 20
33.0429
 10
32.3305
 20
33.0429
  0
LWPOLYLINE
  5
568
330
17
100
AcDbEntity
  8
PARTS
100
AcDbPolyline
 90
2
 70
0
 10
32.3305
 20
32.8584
 10
32.3315
 20
32.8584
  0
LWPOLYLINE
  5
569
330
17
100
AcDbEntity
  8
PARTS
100
AcDbPolyline
 90
2
 70
0
 10
32.3305
 20
32.8868
 10
32.3315
 20
32.8868
  0
LWPOLYLINE
  5
56A
330
17
100
AcDbEntity
  8
PARTS
100
AcDbPolyline
 90
2
 70
0
 10
32.3305
 20
32.9022
 10
32.3315
 20
32.9022
  0
LWPOLYLINE
  5
56B
330
17
100
AcDbEntity
  8
PARTS
100
AcDbPolyline
 90
2
 70
0
 10
32.3305
 20
32.989000000000004
 10
32.3315
 20
32.989000000000004
  0
LWPOLYLINE
  5
56C
330
17
100
AcDbEntity
  8
PARTS
100
AcDbPolyline
 90
2
 70
0
 10
33.5698
 20
33.351
 10
33.5698
 20
33.150999999999996
  0
LWPOLYLINE
  5
56D
330
17
100
AcDbEntity
  8
PARTS
100
AcDbPolyline
 90
2
 70
0
 10
33.5698
 20
32.551
 10
33.5698
 20
32.351
  0
LWPOLYLINE
  5
56E
330
17
100
AcDbEntity
  8
PARTS
100
AcDbPolyline
 90
2
 70
0
 10
33.6198
 20
33.150999999999996
 10
33.5698
 20
33.150999999999996
  0
LWPOLYLINE
  5
56F
330
17
100
AcDbEntity
  8
PARTS
100
AcDbPolyline
 90
2
 70
0
 10
33.6198
 20
32.551
 10
33.6198
 20
32.561
  0
LWPOLYLINE
  5
570
330
17
100
AcDbEntity
  8
PARTS
100
AcDbPolyline
 90
2
 70
0
 10
33.6198
 20
33.141000000000005
 10
33.6198
 20
33.150999999999996
  0
LWPOLYLINE
  5
571
330
17
100
AcDbEntity
  8
PARTS
100
AcDbPolyline
 90
2
 70
0
 10
33.5698
 20
32.551
 10
33.6198
 20
32.551
  0
LWPOLYLINE
  5
572
330
17
100
AcDbEntity
  8
PARTS
100
AcDbPolyline
 90
2
 70
0
 10
33.5698
 20
32.351
 10
34.0698
 20
32.351
  0
LWPOLYLINE
  5
573
330
17
100
AcDbEntity
  8
PARTS
100
AcDbPolyline
 90
2
 70
0
 10
34.0698
 20
32.351
 10
34.0698
 20
32.551
  0
LWPOLYLINE
  5
574
330
17
100
AcDbEntity
  8
PARTS
100
AcDbPolyline
 90
2
 70
0
 10
34.0698
 20
32.551
 10
34.019800000000004
 20
32.551
  0
LWPOLYLINE
  5
575
330
17
100
AcDbEntity
  8
PARTS
100
AcDbPolyline
 90
2
 70
0
 10
34.019800000000004
 20
33.150999999999996
 10
34.019800000000004
 20
33.141000000000005
  0
LWPOLYLINE
  5
576
330
17
100
AcDbEntity
  8
PARTS
100
AcDbPolyline
 90
2
 70
0
 10
34.019800000000004
 20
32.561
 10
34.019800000000004
 20
32.551
  0
LWPOLYLINE
  5
577
330
17
100
AcDbEntity
  8
PARTS
100
AcDbPolyline
 90
2
 70
0
 10
34.019800000000004
 20
33.150999999999996
 10
34.0698
 20
33.150999999999996
  0
LWPOLYLINE
  5
578
330
17
100
AcDbEntity
  8
PARTS
100
AcDbPolyline
 90
2
 70
0
 10
34.0698
 20
33.150999999999996
 10
34.0698
 20
33.351
  0
LWPOLYLINE
  5
579
330
17
100
AcDbEntity
  8
PARTS
100
AcDbPolyline
 90
2
 70
0
 10
34.0698
 20
33.351
 10
33.5698
 20
33.351
  0
LWPOLYLINE
  5
57A
330
17
100
AcDbEntity
  8
PARTS
100
AcDbPolyline
 90
2
 70
0
 10
34.0698
 20
33.150999999999996
 10
34.0698
 20
32.551
  0
LWPOLYLINE
  5
57B
330
17
100
AcDbEntity
  8
PARTS
100
AcDbPolyline
 90
2
 70
0
 10
33.5698
 20
32.551
 10
33.5698
 20
33.150999999999996
  0
LWPOLYLINE
  5
57C
330
17
100
AcDbEntity
  8
PARTS
100
AcDbPolyline
 90
2
 70
0
 10
33.5798
 20
32.561
 10
34.059799999999996
 20
32.561
  0
LWPOLYLINE
  5
57D
330
17
100
AcDbEntity
  8
PARTS
100
AcDbPolyline
 90
2
 70
0
 10
34.059799999999996
 20
32.561
 10
34.059799999999996
 20
33.141000000000005
  0
LWPOLYLINE
  5
57E
330
17
100
AcDbEntity
  8
PARTS
100
AcDbPolyline
 90
2
 70
0
 10
34.059799999999996
 20
33.141000000000005
 10
33.5798
 20
33.141000000000005
  0
LWPOLYLINE
  5
57F
330
17
100
AcDbEntity
  8
PARTS
100
AcDbPolyline
 90
2
 70
0
 10
33.5798
 20
33.141000000000005
 10
33.5798
 20
32.561
  0
LWPOLYLINE
  5
580
330
17
100
AcDbEntity
  8
PARTS
100
AcDbPolyline
 90
2
 70
0
 10
33.5698
 20
33.150999999999996
 10
33.5798
 20
33.141000000000005
  0
LWPOLYLINE
  5
581
330
17
100
AcDbEntity
  8
PARTS
100
AcDbPolyline
 90
2
 70
0
 10
33.5798
 20
32.561
 10
33.5698
 20
32.551
  0
LWPOLYLINE
  5
582
330
17
100
AcDbEntity
  8
PARTS
100
AcDbPolyline
 90
2
 70
0
 10
34.059799999999996
 20
32.561
 10
34.0698
 20
32.551
  0
LWPOLYLINE
  5
583
330
17
100
AcDbEntity
  8
PARTS
100
AcDbPolyline
 90
2
 70
0
 10
34.0698
 20
33.150999999999996
 10
34.059799999999996
 20
33.141000000000005
  0
LWPOLYLINE
  5
584
330
17
100
AcDbEntity
  8
PARTS
100
AcDbPolyline
 90
2
 70
0
 10
33.568799999999996
 20
32.803399999999996
 10
33.5698
 20
32.803399999999996
  0
LWPOLYLINE
  5
585
330
17
100
AcDbEntity
  8
PARTS
100
AcDbPolyline
 90
2
 70
0
 10
33.568799999999996
 20
32.803399999999996
 10
33.568799999999996
 20
32.8194
  0
LWPOLYLINE
  5
586
330
17
100
AcDbEntity
  8
PARTS
100
AcDbPolyline
 90
2
 70
0
 10
33.568799999999996
 20
32.8194
 10
33.5698
 20
32.8194
  0
LWPOLYLINE
  5
587
330
17
100
AcDbEntity
  8
PARTS
100
AcDbPolyline
 90
2
 70
0
 10
33.568799999999996
 20
32.824600000000004
 10
33.5698
 20
32.824600000000004
  0
LWPOLYLINE
  5
588
330
17
100
AcDbEntity
  8
PARTS
100
AcDbPolyline
 90
2
 70
0
 10
33.568799999999996
 20
32.8194
 10
33.568799999999996
 20
32.824600000000004
  0
LWPOLYLINE
  5
589
330
17
100
AcDbEntity
  8
PARTS
100
AcDbPolyline
 90
2
 70
0
 10
33.568799999999996
 20
32.8249
 10
33.5698
 20
32.8249
  0
LWPOLYLINE
  5
58A
330
17
100
AcDbEntity
  8
PARTS
100
AcDbPolyline
 90
2
 70
0
 10
33.568799999999996
 20
32.824600000000004
 10
33.568799999999996
 20
32.8249
  0
LWPOLYLINE
  5
58B
330
17
100
AcDbEntity
  8
PARTS
100
AcDbPolyline
 90
2
 70
0
 10
33.568799999999996
 20
32.771100000000004
 10
33.5698
 20
32.771100000000004
  0
LWPOLYLINE
  5
58C
330
17
100
AcDbEntity
  8
PARTS
100
AcDbPolyline
 90
2
 70
0
 10
33.568799999999996
 20
32.771100000000004
 10
33.568799999999996
 20
32.780699999999996
  0
LWPOLYLINE
  5
58D
330
17
100
AcDbEntity
  8
PARTS
100
AcDbPolyline
 90
2
 70
0
 10
33.568799999999996
 20
32.780699999999996
 10
33.568799999999996
 20
32.7957
  0
LWPOLYLINE
  5
58E
330
17
100
AcDbEntity
  8
PARTS
100
AcDbPolyline
 90
2
 70
0
 10
33.568799999999996
 20
32.7957
 10
33.568799999999996
 20
32.8017
  0
LWPOLYLINE
  5
58F
330
17
100
AcDbEntity
  8
PARTS
100
AcDbPolyline
 90
2
 70
0
 10
33.568799999999996
 20
32.8017
 10
33.568799999999996
 20
32.8017
  0
LWPOLYLINE
  5
590
330
17
100
AcDbEntity
  8
PARTS
100
AcDbPolyline
 90
2
 70
0
 10
33.568799999999996
 20
32.8017
 10
33.568799999999996
 20
32.8017
  0
LWPOLYLINE
  5
591
330
17
100
AcDbEntity
  8
PARTS
100
AcDbPolyline
 90
2
 70
0
 10
33.568799999999996
 20
32.741299999999995
 10
33.5698
 20
32.741299999999995
  0
LWPOLYLINE
  5
592
330
17
100
AcDbEntity
  8
PARTS
100
AcDbPolyline
 90
2
 70
0
 10
33.568799999999996
 20
32.741299999999995
 10
33.568799999999996
 20
32.742000000000004
  0
LWPOLYLINE
  5
593
330
17
100
AcDbEntity
  8
PARTS
100
AcDbPolyline
 90
2
 70
0
 10
33.568799999999996
 20
32.742000000000004
 10
33.5698
 20
32.742000000000004
  0
LWPOLYLINE
  5
594
330
17
100
AcDbEntity
  8
PARTS
100
AcDbPolyline
 90
2
 70
0
 10
33.568799999999996
 20
32.7629
 10
33.5698
 20
32.7629
  0
LWPOLYLINE
  5
595
330
17
100
AcDbEntity
  8
PARTS
100
AcDbPolyline
 90
2
 70
0
 10
33.568799999999996
 20
32.742000000000004
 10
33.568799999999996
 20
32.7629
  0
LWPOLYLINE
  5
596
330
17
100
AcDbEntity
  8
PARTS
100
AcDbPolyline
 90
2
 70
0
 10
33.568799999999996
 20
32.7632
 10
33.5698
 20
32.7632
  0
LWPOLYLINE
  5
597
330
17
100
AcDbEntity
  8
PARTS
100
AcDbPolyline
 90
2
 70
0
 10
33.568799999999996
 20
32.7629
 10
33.568799999999996
 20
32.7632
  0
LWPOLYLINE
  5
598
330
17
100
AcDbEntity
  8
PARTS
100
AcDbPolyline
 90
2
 70
0
 10
33.568799999999996
 20
32.7004
 10
33.568799999999996
 20
32.7004
  0
LWPOLYLINE
  5
599
330
17
100
AcDbEntity
  8
PARTS
100
AcDbPolyline
 90
2
 70
0
 10
33.568799999999996
 20
32.7004
 10
33.568799999999996
 20
32.7064
  0
LWPOLYLINE
  5
59A
330
17
100
AcDbEntity
  8
PARTS
100
AcDbPolyline
 90
2
 70
0
 10
33.568799999999996
 20
32.7064
 10
33.568799999999996
 20
32.7218
  0
LWPOLYLINE
  5
59B
330
17
100
AcDbEntity
  8
PARTS
100
AcDbPolyline
 90
2
 70
0
 10
33.568799999999996
 20
32.7218
 10
33.568799999999996
 20
32.7334
  0
LWPOLYLINE
  5
59C
330
17
100
AcDbEntity
  8
PARTS
100
AcDbPolyline
 90
2
 70
0
 10
33.568799999999996
 20
32.7334
 10
33.568799999999996
 20
32.7337
  0
LWPOLYLINE
  5
59D
330
17
100
AcDbEntity
  8
PARTS
100
AcDbPolyline
 90
2
 70
0
 10
33.568799999999996
 20
32.7337
 10
33.5698
 20
32.7337
  0
LWPOLYLINE
  5
59E
330
17
100
AcDbEntity
  8
PARTS
100
AcDbPolyline
 90
2
 70
0
 10
33.568799999999996
 20
32.7334
 10
33.5698
 20
32.7334
  0
LWPOLYLINE
  5
59F
330
17
100
AcDbEntity
  8
PARTS
100
AcDbPolyline
 90
2
 70
0
 10
33.568799999999996
 20
32.661699999999996
 10
33.568799999999996
 20
32.6769
  0
LWPOLYLINE
  5
5A0
330
17
100
AcDbEntity
  8
PARTS
100
AcDbPolyline
 90
2
 70
0
 10
33.568799999999996
 20
32.6769
 10
33.568799999999996
 20
32.682500000000005
  0
LWPOLYLINE
  5
5A1
330
17
100
AcDbEntity
  8
PARTS
100
AcDbPolyline
 90
2
 70
0
 10
33.568799999999996
 20
32.682500000000005
 10
33.568799999999996
 20
32.6983
  0
LWPOLYLINE
  5
5A2
330
17
100
AcDbEntity
  8
PARTS
100
AcDbPolyline
 90
2
 70
0
 10
33.568799999999996
 20
32.6769
 10
33.5698
 20
32.6769
  0
LWPOLYLINE
  5
5A3
330
17
100
AcDbEntity
  8
PARTS
100
AcDbPolyline
 90
2
 70
0
 10
33.568799999999996
 20
32.661699999999996
 10
33.5698
 20
32.661699999999996
  0
LWPOLYLINE
  5
5A4
330
17
100
AcDbEntity
  8
PARTS
100
AcDbPolyline
 90
2
 70
0
 10
33.568799999999996
 20
32.682500000000005
 10
33.5698
 20
32.682500000000005
  0
LWPOLYLINE
  5
5A5
330
17
100
AcDbEntity
  8
PARTS
100
AcDbPolyline
 90
2
 70
0
 10
33.568799999999996
 20
32.6983
 10
33.5698
 20
32.6983
  0
LWPOLYLINE
  5
5A6
330
17
100
AcDbEntity
  8
PARTS
100
AcDbPolyline
 90
2
 70
0
 10
33.568799999999996
 20
32.8251
 10
33.5698
 20
32.8251
  0
LWPOLYLINE
  5
5A7
330
17
100
AcDbEntity
  8
PARTS
100
AcDbPolyline
 90
2
 70
0
 10
33.568799999999996
 20
32.8249
 10
33.568799999999996
 20
32.8251
  0
LWPOLYLINE
  5
5A8
330
17
100
AcDbEntity
  8
PARTS
100
AcDbPolyline
 90
2
 70
0
 10
33.568799999999996
 20
32.8254
 10
33.5698
 20
32.8254
  0
LWPOLYLINE
  5
5A9
330
17
100
AcDbEntity
  8
PARTS
100
AcDbPolyline
 90
2
 70
0
 10
33.568799999999996
 20
32.8251
 10
33.568799999999996
 20
32.8254
  0
LWPOLYLINE
  5
5AA
330
17
100
AcDbEntity
  8
PARTS
100
AcDbPolyline
 90
2
 70
0
 10
33.568799999999996
 20
32.7682
 10
33.568799999999996
 20
32.768299999999996
  0
LWPOLYLINE
  5
5AB
330
17
100
AcDbEntity
  8
PARTS
100
AcDbPolyline
 90
2
 70
0
 10
33.568799999999996
 20
32.768299999999996
 10
33.5698
 20
32.768299999999996
  0
LWPOLYLINE
  5
5AC
330
17
100
AcDbEntity
  8
PARTS
100
AcDbPolyline
 90
2
 70
0
 10
33.568799999999996
 20
32.7684
 10
33.5698
 20
32.7684
  0
LWPOLYLINE
  5
5AD
330
17
100
AcDbEntity
  8
PARTS
100
AcDbPolyline
 90
2
 70
0
 10
33.568799999999996
 20
32.768299999999996
 10
33.568799999999996
 20
32.7684
  0
LWPOLYLINE
  5
5AE
330
17
100
AcDbEntity
  8
PARTS
100
AcDbPolyline
 90
2
 70
0
 10
33.568799999999996
 20
32.7632
 10
33.568799999999996
 20
32.7649
  0
LWPOLYLINE
  5
5AF
330
17
100
AcDbEntity
  8
PARTS
100
AcDbPolyline
 90
2
 70
0
 10
33.568799999999996
 20
32.7649
 10
33.568799999999996
 20
32.7682
  0
LWPOLYLINE
  5
5B0
330
17
100
AcDbEntity
  8
PARTS
100
AcDbPolyline
 90
2
 70
0
 10
33.568799999999996
 20
32.7682
 10
33.568799999999996
 20
32.7682
  0
LWPOLYLINE
  5
5B1
330
17
100
AcDbEntity
  8
PARTS
100
AcDbPolyline
 90
2
 70
0
 10
33.568799999999996
 20
32.7682
 10
33.568799999999996
 20
32.7682
  0
LWPOLYLINE
  5
5B2
330
17
100
AcDbEntity
  8
PARTS
100
AcDbPolyline
 90
2
 70
0
 10
33.568799999999996
 20
32.7402
 10
33.5698
 20
32.7402
  0
LWPOLYLINE
  5
5B3
330
17
100
AcDbEntity
  8
PARTS
100
AcDbPolyline
 90
2
 70
0
 10
33.568799999999996
 20
32.7337
 10
33.568799999999996
 20
32.7402
  0
LWPOLYLINE
  5
5B4
330
17
100
AcDbEntity
  8
PARTS
100
AcDbPolyline
 90
2
 70
0
 10
33.568799999999996
 20
32.7402
 10
33.568799999999996
 20
32.741299999999995
  0
LWPOLYLINE
  5
5B5
330
17
100
AcDbEntity
  8
PARTS
100
AcDbPolyline
 90
2
 70
0
 10
33.568799999999996
 20
32.6983
 10
33.568799999999996
 20
32.7004
  0
LWPOLYLINE
  5
5B6
330
17
100
AcDbEntity
  8
PARTS
100
AcDbPolyline
 90
2
 70
0
 10
33.568799999999996
 20
32.6499
 10
33.568799999999996
 20
32.6499
  0
LWPOLYLINE
  5
5B7
330
17
100
AcDbEntity
  8
PARTS
100
AcDbPolyline
 90
2
 70
0
 10
33.568799999999996
 20
32.6499
 10
33.568799999999996
 20
32.6559
  0
LWPOLYLINE
  5
5B8
330
17
100
AcDbEntity
  8
PARTS
100
AcDbPolyline
 90
2
 70
0
 10
33.568799999999996
 20
32.6559
 10
33.568799999999996
 20
32.661699999999996
  0
LWPOLYLINE
  5
5B9
330
17
100
AcDbEntity
  8
PARTS
100
AcDbPolyline
 90
2
 70
0
 10
33.568799999999996
 20
32.6112
 10
33.568799999999996
 20
32.626400000000004
  0
LWPOLYLINE
  5
5BA
330
17
100
AcDbEntity
  8
PARTS
100
AcDbPolyline
 90
2
 70
0
 10
33.568799999999996
 20
32.626400000000004
 10
33.568799999999996
 20
32.632000000000005
  0
LWPOLYLINE
  5
5BB
330
17
100
AcDbEntity
  8
PARTS
100
AcDbPolyline
 90
2
 70
0
 10
33.568799999999996
 20
32.632000000000005
 10
33.568799999999996
 20
32.647800000000004
  0
LWPOLYLINE
  5
5BC
330
17
100
AcDbEntity
  8
PARTS
100
AcDbPolyline
 90
2
 70
0
 10
33.568799999999996
 20
32.626400000000004
 10
33.5698
 20
32.626400000000004
  0
LWPOLYLINE
  5
5BD
330
17
100
AcDbEntity
  8
PARTS
100
AcDbPolyline
 90
2
 70
0
 10
33.568799999999996
 20
32.6112
 10
33.5698
 20
32.6112
  0
LWPOLYLINE
  5
5BE
330
17
100
AcDbEntity
  8
PARTS
100
AcDbPolyline
 90
2
 70
0
 10
33.568799999999996
 20
32.632000000000005
 10
33.5698
 20
32.632000000000005
  0
LWPOLYLINE
  5
5BF
330
17
100
AcDbEntity
  8
PARTS
100
AcDbPolyline
 90
2
 70
0
 10
33.568799999999996
 20
32.647800000000004
 10
33.5698
 20
32.647800000000004
  0
LWPOLYLINE
  5
5C0
330
17
100
AcDbEntity
  8
PARTS
100
AcDbPolyline
 90
2
 70
0
 10
33.568799999999996
 20
32.8584
 10
33.568799999999996
 20
32.8868
  0
LWPOLYLINE
  5
5C1
330
17
100
AcDbEntity
  8
PARTS
100
AcDbPolyline
 90
2
 70
0
 10
33.568799999999996
 20
32.8868
 10
33.568799999999996
 20
32.9022
  0
LWPOLYLINE
  5
5C2
330
17
100
AcDbEntity
  8
PARTS
100
AcDbPolyline
 90
2
 70
0
 10
33.568799999999996
 20
32.9022
 10
33.568799999999996
 20
32.9414
  0
LWPOLYLINE
  5
5C3
330
17
100
AcDbEntity
  8
PARTS
100
AcDbPolyline
 90
2
 70
0
 10
33.568799999999996
 20
32.9414
 10
33.568799999999996
 20
32.9762
  0
LWPOLYLINE
  5
5C4
330
17
100
AcDbEntity
  8
PARTS
100
AcDbPolyline
 90
2
 70
0
 10
33.568799999999996
 20
32.9762
 10
33.568799999999996
 20
32.989000000000004
  0
LWPOLYLINE
  5
5C5
330
17
100
AcDbEntity
  8
PARTS
100
AcDbPolyline
 90
2
 70
0
 10
33.568799999999996
 20
32.989000000000004
 10
33.568799999999996
 20
32.9957
  0
LWPOLYLINE
  5
5C6
330
17
100
AcDbEntity
  8
PARTS
100
AcDbPolyline
 90
2
 70
0
 10
33.568799999999996
 20
32.9957
 10
33.568799999999996
 20
33.028999999999996
  0
LWPOLYLINE
  5
5C7
330
17
100
AcDbEntity
  8
PARTS
100
AcDbPolyline
 90
2
 70
0
 10
33.568799999999996
 20
33.028999999999996
 10
33.568799999999996
 20
33.0429
  0
LWPOLYLINE
  5
5C8
330
17
100
AcDbEntity
  8
PARTS
100
AcDbPolyline
 90
2
 70
0
 10
33.568799999999996
 20
33.0429
 10
33.568799999999996
 20
33.0429
  0
LWPOLYLINE
  5
5C9
330
17
100
AcDbEntity
  8
PARTS
100
AcDbPolyline
 90
2
 70
0
 10
33.568799999999996
 20
33.0429
 10
33.568799999999996
 20
33.0429
  0
LWPOLYLINE
  5
5CA
330
17
100
AcDbEntity
  8
PARTS
100
AcDbPolyline
 90
2
 70
0
 10
33.568799999999996
 20
32.8584
 10
33.5698
 20
32.8584
  0
LWPOLYLINE
  5
5CB
330
17
100
AcDbEntity
  8
PARTS
100
AcDbPolyline
 90
2
 70
0
 10
33.568799999999996
 20
32.8868
 10
33.5698
 20
32.8868
  0
LWPOLYLINE
  5
5CC
330
17
100
AcDbEntity
  8
PARTS
100
AcDbPolyline
 90
2
 70
0
 10
33.568799999999996
 20
32.9022
 10
33.5698
 20
32.9022
  0
LWPOLYLINE
  5
5CD
330
17
100
AcDbEntity
  8
PARTS
100
AcDbPolyline
 90
2
 70
0
 10
33.568799999999996
 20
32.989000000000004
 10
33.5698
 20
32.989000000000004
  0
LWPOLYLINE
  5
5CE
330
17
100
AcDbEntity
  8
PARTS
100
AcDbPolyline
 90
2
 70
0
 10
35.308
 20
32.351
 10
35.308
 20
32.551
  0
LWPOLYLINE
  5
5CF
330
17
100
AcDbEntity
  8
PARTS
100
AcDbPolyline
 90
2
 70
0
 10
35.308
 20
33.150999999999996
 10
35.308
 20
33.351
  0
LWPOLYLINE
  5
5D0
330
17
100
AcDbEntity
  8
PARTS
100
AcDbPolyline
 90
2
 70
0
 10
35.257999999999996
 20
32.551
 10
35.308
 20
32.551
  0
LWPOLYLINE
  5
5D1
330
17
100
AcDbEntity
  8
PARTS
100
AcDbPolyline
 90
2
 70
0
 10
35.257999999999996
 20
33.150999999999996
 10
35.257999999999996
 20
33.141000000000005
  0
LWPOLYLINE
  5
5D2
330
17
100
AcDbEntity
  8
PARTS
100
AcDbPolyline
 90
2
 70
0
 10
35.257999999999996
 20
32.561
 10
35.257999999999996
 20
32.551
  0
LWPOLYLINE
  5
5D3
330
17
100
AcDbEntity
  8
PARTS
100
AcDbPolyline
 90
2
 70
0
 10
35.308
 20
33.150999999999996
 10
35.257999999999996
 20
33.150999999999996
  0
LWPOLYLINE
  5
5D4
330
17
100
AcDbEntity
  8
PARTS
100
AcDbPolyline
 90
2
 70
0
 10
35.308
 20
33.351
 10
34.808
 20
33.351
  0
LWPOLYLINE
  5
5D5
330
17
100
AcDbEntity
  8
PARTS
100
AcDbPolyline
 90
2
 70
0
 10
34.808
 20
33.351
 10
34.808
 20
33.150999999999996
  0
LWPOLYLINE
  5
5D6
330
17
100
AcDbEntity
  8
PARTS
100
AcDbPolyline
 90
2
 70
0
 10
34.808
 20
33.150999999999996
 10
34.858
 20
33.150999999999996
  0
LWPOLYLINE
  5
5D7
330
17
100
AcDbEntity
  8
PARTS
100
AcDbPolyline
 90
2
 70
0
 10
34.858
 20
32.551
 10
34.858
 20
32.561
  0
LWPOLYLINE
  5
5D8
330
17
100
AcDbEntity
  8
PARTS
100
AcDbPolyline
 90
2
 70
0
 10
34.858
 20
33.141000000000005
 10
34.858
 20
33.150999999999996
  0
LWPOLYLINE
  5
5D9
330
17
100
AcDbEntity
  8
PARTS
100
AcDbPolyline
 90
2
 70
0
 10
34.858
 20
32.551
 10
34.808
 20
32.551
  0
LWPOLYLINE
  5
5DA
330
17
100
AcDbEntity
  8
PARTS
100
AcDbPolyline
 90
2
 70
0
 10
34.808
 20
32.551
 10
34.808
 20
32.351
  0
LWPOLYLINE
  5
5DB
330
17
100
AcDbEntity
  8
PARTS
100
AcDbPolyline
 90
2
 70
0
 10
34.808
 20
32.351
 10
35.308
 20
32.351
  0
LWPOLYLINE
  5
5DC
330
17
100
AcDbEntity
  8
PARTS
100
AcDbPolyline
 90
2
 70
0
 10
34.808
 20
32.551
 10
34.808
 20
33.150999999999996
  0
LWPOLYLINE
  5
5DD
330
17
100
AcDbEntity
  8
PARTS
100
AcDbPolyline
 90
2
 70
0
 10
35.308
 20
33.150999999999996
 10
35.308
 20
32.551
  0
LWPOLYLINE
  5
5DE
330
17
100
AcDbEntity
  8
PARTS
100
AcDbPolyline
 90
2
 70
0
 10
35.298
 20
33.141000000000005
 10
34.818
 20
33.141000000000005
  0
LWPOLYLINE
  5
5DF
330
17
100
AcDbEntity
  8
PARTS
100
AcDbPolyline
 90
2
 70
0
 10
34.818
 20
33.141000000000005
 10
34.818
 20
32.561
  0
LWPOLYLINE
  5
5E0
330
17
100
AcDbEntity
  8
PARTS
100
AcDbPolyline
 90
2
 70
0
 10
34.818
 20
32.561
 10
35.298
 20
32.561
  0
LWPOLYLINE
  5
5E1
330
17
100
AcDbEntity
  8
PARTS
100
AcDbPolyline
 90
2
 70
0
 10
35.298
 20
32.561
 10
35.298
 20
33.141000000000005
  0
LWPOLYLINE
  5
5E2
330
17
100
AcDbEntity
  8
PARTS
100
AcDbPolyline
 90
2
 70
0
 10
35.308
 20
32.551
 10
35.298
 20
32.561
  0
LWPOLYLINE
  5
5E3
330
17
100
AcDbEntity
  8
PARTS
100
AcDbPolyline
 90
2
 70
0
 10
35.298
 20
33.141000000000005
 10
35.308
 20
33.150999999999996
  0
LWPOLYLINE
  5
5E4
330
17
100
AcDbEntity
  8
PARTS
100
AcDbPolyline
 90
2
 70
0
 10
34.818
 20
33.141000000000005
 10
34.808
 20
33.150999999999996
  0
LWPOLYLINE
  5
5E5
330
17
100
AcDbEntity
  8
PARTS
100
AcDbPolyline
 90
2
 70
0
 10
34.808
 20
32.551
 10
34.818
 20
32.561
  0
LWPOLYLINE
  5
5E6
330
17
100
AcDbEntity
  8
PARTS
100
AcDbPolyline
 90
2
 70
0
 10
35.309
 20
32.8985
 10
35.308
 20
32.8985
  0
LWPOLYLINE
  5
5E7
330
17
100
AcDbEntity
  8
PARTS
100
AcDbPolyline
 90
2
 70
0
 10
35.309
 20
32.8985
 10
35.309
 20
32.8825
  0
LWPOLYLINE
  5
5E8
330
17
100
AcDbEntity
  8
PARTS
100
AcDbPolyline
 90
2
 70
0
 10
35.309
 20
32.8825
 10
35.308
 20
32.8825
  0
LWPOLYLINE
  5
5E9
330
17
100
AcDbEntity
  8
PARTS
100
AcDbPolyline
 90
2
 70
0
 10
35.309
 20
32.877300000000005
 10
35.308
 20
32.877300000000005
  0
LWPOLYLINE
  5
5EA
330
17
100
AcDbEntity
  8
PARTS
100
AcDbPolyline
 90
2
 70
0
 10
35.309
 20
32.8825
 10
35.309
 20
32.877300000000005
  0
LWPOLYLINE
  5
5EB
330
17
100
AcDbEntity
  8
PARTS
100
AcDbPolyline
 90
2
 70
0
 10
35.309
 20
32.876999999999995
 10
35.308
 20
32.876999999999995
  0
LWPOLYLINE
  5
5EC
330
17
100
AcDbEntity
  8
PARTS
100
AcDbPolyline
 90
2
 70
0
 10
35.309
 20
32.877300000000005
 10
35.309
 20
32.876999999999995
  0
LWPOLYLINE
  5
5ED
330
17
100
AcDbEntity
  8
PARTS
100
AcDbPolyline
 90
2
 70
0
 10
35.309
 20
32.9309
 10
35.308
 20
32.9309
  0
LWPOLYLINE
  5
5EE
330
17
100
AcDbEntity
  8
PARTS
100
AcDbPolyline
 90
2
 70
0
 10
35.309
 20
32.9309
 10
35.309
 20
32.9212
  0
LWPOLYLINE
  5
5EF
330
17
100
AcDbEntity
  8
PARTS
100
AcDbPolyline
 90
2
 70
0
 10
35.309
 20
32.9212
 10
35.309
 20
32.9062
  0
LWPOLYLINE
  5
5F0
330
17
100
AcDbEntity
  8
PARTS
100
AcDbPolyline
 90
2
 70
0
 10
35.309
 20
32.9062
 10
35.309
 20
32.9003
  0
LWPOLYLINE
  5
5F1
330
17
100
AcDbEntity
  8
PARTS
100
AcDbPolyline
 90
2
 70
0
 10
35.309
 20
32.9003
 10
35.309
 20
32.9003
  0
LWPOLYLINE
  5
5F2
330
17
100
AcDbEntity
  8
PARTS
100
AcDbPolyline
 90
2
 70
0
 10
35.309
 20
32.9003
 10
35.309
 20
32.9003
  0
LWPOLYLINE
  5
5F3
330
17
100
AcDbEntity
  8
PARTS
100
AcDbPolyline
 90
2
 70
0
 10
35.309
 20
32.9606
 10
35.308
 20
32.9606
  0
LWPOLYLINE
  5
5F4
330
17
100
AcDbEntity
  8
PARTS
100
AcDbPolyline
 90
2
 70
0
 10
35.309
 20
32.9606
 10
35.309
 20
32.959900000000005
  0
LWPOLYLINE
  5
5F5
330
17
100
AcDbEntity
  8
PARTS
100
AcDbPolyline
 90
2
 70
0
 10
35.309
 20
32.959900000000005
 10
35.308
 20
32.959900000000005
  0
LWPOLYLINE
  5
5F6
330
17
100
AcDbEntity
  8
PARTS
100
AcDbPolyline
 90
2
 70
0
 10
35.309
 20
32.939
 10
35.308
 20
32.939
  0
LWPOLYLINE
  5
5F7
330
17
100
AcDbEntity
  8
PARTS
100
AcDbPolyline
 90
2
 70
0
 10
35.309
 20
32.959900000000005
 10
35.309
 20
32.939
  0
LWPOLYLINE
  5
5F8
330
17
100
AcDbEntity
  8
PARTS
100
AcDbPolyline
 90
2
 70
0
 10
35.309
 20
32.9387
 10
35.308
 20
32.9387
  0
LWPOLYLINE
  5
5F9
330
17
100
AcDbEntity
  8
PARTS
100
AcDbPolyline
 90
2
 70
0
 10
35.309
 20
32.939
 10
35.309
 20
32.9387
  0
LWPOLYLINE
  5
5FA
330
17
100
AcDbEntity
  8
PARTS
100
AcDbPolyline
 90
2
 70
0
 10
35.309
 20
33.0015
 10
35.309
 20
33.0015
  0
LWPOLYLINE
  5
5FB
330
17
100
AcDbEntity
  8
PARTS
100
AcDbPolyline
 90
2
 70
0
 10
35.309
 20
33.0015
 10
35.309
 20
32.9955
  0
LWPOLYLINE
  5
5FC
330
17
100
AcDbEntity
  8
PARTS
100
AcDbPolyline
 90
2
 70
0
 10
35.309
 20
32.9955
 10
35.309
 20
32.980199999999996
  0
LWPOLYLINE
  5
5FD
330
17
100
AcDbEntity
  8
PARTS
100
AcDbPolyline
 90
2
 70
0
 10
35.309
 20
32.980199999999996
 10
35.309
 20
32.968599999999995
  0
LWPOLYLINE
  5
5FE
330
17
100
AcDbEntity
  8
PARTS
100
AcDbPolyline
 90
2
 70
0
 10
35.309
 20
32.968599999999995
 10
35.309
 20
32.9683
  0
LWPOLYLINE
  5
5FF
330
17
100
AcDbEntity
  8
PARTS
100
AcDbPolyline
 90
2
 70
0
 10
35.309
 20
32.9683
 10
35.308
 20
32.9683
  0
LWPOLYLINE
  5
600
330
17
100
AcDbEntity
  8
PARTS
100
AcDbPolyline
 90
2
 70
0
 10
35.309
 20
32.968599999999995
 10
35.308
 20
32.968599999999995
  0
LWPOLYLINE
  5
601
330
17
100
AcDbEntity
  8
PARTS
100
AcDbPolyline
 90
2
 70
0
 10
35.309
 20
33.0402
 10
35.309
 20
33.025
  0
LWPOLYLINE
  5
602
330
17
100
AcDbEntity
  8
PARTS
100
AcDbPolyline
 90
2
 70
0
 10
35.309
 20
33.025
 10
35.309
 20
33.019400000000005
  0
LWPOLYLINE
  5
603
330
17
100
AcDbEntity
  8
PARTS
100
AcDbPolyline
 90
2
 70
0
 10
35.309
 20
33.019400000000005
 10
35.309
 20
33.0036
  0
LWPOLYLINE
  5
604
330
17
100
AcDbEntity
  8
PARTS
100
AcDbPolyline
 90
2
 70
0
 10
35.309
 20
33.025
 10
35.308
 20
33.025
  0
LWPOLYLINE
  5
605
330
17
100
AcDbEntity
  8
PARTS
100
AcDbPolyline
 90
2
 70
0
 10
35.309
 20
33.0402
 10
35.308
 20
33.0402
  0
LWPOLYLINE
  5
606
330
17
100
AcDbEntity
  8
PARTS
100
AcDbPolyline
 90
2
 70
0
 10
35.309
 20
33.019400000000005
 10
35.308
 20
33.019400000000005
  0
LWPOLYLINE
  5
607
330
17
100
AcDbEntity
  8
PARTS
100
AcDbPolyline
 90
2
 70
0
 10
35.309
 20
33.0036
 10
35.308
 20
33.0036
  0
LWPOLYLINE
  5
608
330
17
100
AcDbEntity
  8
PARTS
100
AcDbPolyline
 90
2
 70
0
 10
35.309
 20
32.8768
 10
35.308
 20
32.8768
  0
LWPOLYLINE
  5
609
330
17
100
AcDbEntity
  8
PARTS
100
AcDbPolyline
 90
2
 70
0
 10
35.309
 20
32.876999999999995
 10
35.309
 20
32.8768
  0
LWPOLYLINE
  5
60A
330
17
100
AcDbEntity
  8
PARTS
100
AcDbPolyline
 90
2
 70
0
 10
35.309
 20
32.8765
 10
35.308
 20
32.8765
  0
LWPOLYLINE
  5
60B
330
17
100
AcDbEntity
  8
PARTS
100
AcDbPolyline
 90
2
 70
0
 10
35.309
 20
32.8768
 10
35.309
 20
32.8765
  0
LWPOLYLINE
  5
60C
330
17
100
AcDbEntity
  8
PARTS
100
AcDbPolyline
 90
2
 70
0
 10
35.309
 20
32.9337
 10
35.309
 20
32.9336
  0
LWPOLYLINE
  5
60D
330
17
100
AcDbEntity
  8
PARTS
100
AcDbPolyline
 90
2
 70
0
 10
35.309
 20
32.9336
 10
35.308
 20
32.9336
  0
LWPOLYLINE
  5
60E
330
17
100
AcDbEntity
  8
PARTS
100
AcDbPolyline
 90
2
 70
0
 10
35.309
 20
32.9336
 10
35.308
 20
32.9336
  0
LWPOLYLINE
  5
60F
330
17
100
AcDbEntity
  8
PARTS
100
AcDbPolyline
 90
2
 70
0
 10
35.309
 20
32.9336
 10
35.309
 20
32.9336
  0
LWPOLYLINE
  5
610
330
17
100
AcDbEntity
  8
PARTS
100
AcDbPolyline
 90
2
 70
0
 10
35.309
 20
32.9387
 10
35.309
 20
32.937
  0
LWPOLYLINE
  5
611
330
17
100
AcDbEntity
  8
PARTS
100
AcDbPolyline
 90
2
 70
0
 10
35.309
 20
32.937
 10
35.309
 20
32.9337
  0
LWPOLYLINE
  5
612
330
17
100
AcDbEntity
  8
PARTS
100
AcDbPolyline
 90
2
 70
0
 10
35.309
 20
32.9337
 10
35.309
 20
32.9337
  0
LWPOLYLINE
  5
613
330
17
100
AcDbEntity
  8
PARTS
100
AcDbPolyline
 90
2
 70
0
 10
35.309
 20
32.9337
 10
35.309
 20
32.9337
  0
LWPOLYLINE
  5
614
330
17
100
AcDbEntity
  8
PARTS
100
AcDbPolyline
 90
2
 70
0
 10
35.309
 20
32.9617
 10
35.308
 20
32.9617
  0
LWPOLYLINE
  5
615
330
17
100
AcDbEntity
  8
PARTS
100
AcDbPolyline
 90
2
 70
0
 10
35.309
 20
32.9683
 10
35.309
 20
32.9617
  0
LWPOLYLINE
  5
616
330
17
100
AcDbEntity
  8
PARTS
100
AcDbPolyline
 90
2
 70
0
 10
35.309
 20
32.9617
 10
35.309
 20
32.9606
  0
LWPOLYLINE
  5
617
330
17
100
AcDbEntity
  8
PARTS
100
AcDbPolyline
 90
2
 70
0
 10
35.309
 20
33.0036
 10
35.309
 20
33.0015
  0
LWPOLYLINE
  5
618
330
17
100
AcDbEntity
  8
PARTS
100
AcDbPolyline
 90
2
 70
0
 10
35.309
 20
33.052
 10
35.309
 20
33.052
  0
LWPOLYLINE
  5
619
330
17
100
AcDbEntity
  8
PARTS
100
AcDbPolyline
 90
2
 70
0
 10
35.309
 20
33.052
 10
35.309
 20
33.046
  0
LWPOLYLINE
  5
61A
330
17
100
AcDbEntity
  8
PARTS
100
AcDbPolyline
 90
2
 70
0
 10
35.309
 20
33.046
 10
35.309
 20
33.0402
  0
LWPOLYLINE
  5
61B
330
17
100
AcDbEntity
  8
PARTS
100
AcDbPolyline
 90
2
 70
0
 10
35.309
 20
33.0907
 10
35.309
 20
33.075500000000005
  0
LWPOLYLINE
  5
61C
330
17
100
AcDbEntity
  8
PARTS
100
AcDbPolyline
 90
2
 70
0
 10
35.309
 20
33.075500000000005
 10
35.309
 20
33.069900000000004
  0
LWPOLYLINE
  5
61D
330
17
100
AcDbEntity
  8
PARTS
100
AcDbPolyline
 90
2
 70
0
 10
35.309
 20
33.069900000000004
 10
35.309
 20
33.0541
  0
LWPOLYLINE
  5
61E
330
17
100
AcDbEntity
  8
PARTS
100
AcDbPolyline
 90
2
 70
0
 10
35.309
 20
33.075500000000005
 10
35.308
 20
33.075500000000005
  0
LWPOLYLINE
  5
61F
330
17
100
AcDbEntity
  8
PARTS
100
AcDbPolyline
 90
2
 70
0
 10
35.309
 20
33.0907
 10
35.308
 20
33.0907
  0
LWPOLYLINE
  5
620
330
17
100
AcDbEntity
  8
PARTS
100
AcDbPolyline
 90
2
 70
0
 10
35.309
 20
33.069900000000004
 10
35.308
 20
33.069900000000004
  0
LWPOLYLINE
  5
621
330
17
100
AcDbEntity
  8
PARTS
100
AcDbPolyline
 90
2
 70
0
 10
35.309
 20
33.0541
 10
35.308
 20
33.0541
  0
LWPOLYLINE
  5
622
330
17
100
AcDbEntity
  8
PARTS
100
AcDbPolyline
 90
2
 70
0
 10
35.309
 20
32.8435
 10
35.309
 20
32.815200000000004
  0
LWPOLYLINE
  5
623
330
17
100
AcDbEntity
  8
PARTS
100
AcDbPolyline
 90
2
 70
0
 10
35.309
 20
32.815200000000004
 10
35.309
 20
32.7997
  0
LWPOLYLINE
  5
624
330
17
100
AcDbEntity
  8
PARTS
100
AcDbPolyline
 90
2
 70
0
 10
35.309
 20
32.7997
 10
35.309
 20
32.7605
  0
LWPOLYLINE
  5
625
330
17
100
AcDbEntity
  8
PARTS
100
AcDbPolyline
 90
2
 70
0
 10
35.309
 20
32.7605
 10
35.309
 20
32.7257
  0
LWPOLYLINE
  5
626
330
17
100
AcDbEntity
  8
PARTS
100
AcDbPolyline
 90
2
 70
0
 10
35.309
 20
32.7257
 10
35.309
 20
32.712900000000005
  0
LWPOLYLINE
  5
627
330
17
100
AcDbEntity
  8
PARTS
100
AcDbPolyline
 90
2
 70
0
 10
35.309
 20
32.712900000000005
 10
35.309
 20
32.706199999999995
  0
LWPOLYLINE
  5
628
330
17
100
AcDbEntity
  8
PARTS
100
AcDbPolyline
 90
2
 70
0
 10
35.309
 20
32.706199999999995
 10
35.309
 20
32.6729
  0
LWPOLYLINE
  5
629
330
17
100
AcDbEntity
  8
PARTS
100
AcDbPolyline
 90
2
 70
0
 10
35.309
 20
32.6729
 10
35.309
 20
32.659099999999995
  0
LWPOLYLINE
  5
62A
330
17
100
AcDbEntity
  8
PARTS
100
AcDbPolyline
 90
2
 70
0
 10
35.309
 20
32.659099999999995
 10
35.309
 20
32.659099999999995
  0
LWPOLYLINE
  5
62B
330
17
100
AcDbEntity
  8
PARTS
100
AcDbPolyline
 90
2
 70
0
 10
35.309
 20
32.659099999999995
 10
35.309
 20
32.659099999999995
  0
LWPOLYLINE
  5
62C
330
17
100
AcDbEntity
  8
PARTS
100
AcDbPolyline
 90
2
 70
0
 10
35.309
 20
32.8435
 10
35.308
 20
32.8435
  0
LWPOLYLINE
  5
62D
330
17
100
AcDbEntity
  8
PARTS
100
AcDbPolyline
 90
2
 70
0
 10
35.309
 20
32.815200000000004
 10
35.308
 20
32.815200000000004
  0
LWPOLYLINE
  5
62E
330
17
100
AcDbEntity
  8
PARTS
100
AcDbPolyline
 90
2
 70
0
 10
35.309
 20
32.7997
 10
35.308
 20
32.7997
  0
LWPOLYLINE
  5
62F
330
17
100
AcDbEntity
  8
PARTS
100
AcDbPolyline
 90
2
 70
0
 10
35.309
 20
32.712900000000005
 10
35.308
 20
32.712900000000005
  0
LWPOLYLINE
  5
630
330
17
100
AcDbEntity
  8
PARTS
100
AcDbPolyline
 90
2
 70
0
 10
16.139
 20
33.351
 10
16.139
 20
33.150999999999996
  0
LWPOLYLINE
  5
631
330
17
100
AcDbEntity
  8
PARTS
100
AcDbPolyline
 90
2
 70
0
 10
16.139
 20
32.551
 10
16.139
 20
32.351
  0
LWPOLYLINE
  5
632
330
17
100
AcDbEntity
  8
PARTS
100
AcDbPolyline
 90
2
 70
0
 10
16.189
 20
33.150999999999996
 10
16.139
 20
33.150999999999996
  0
LWPOLYLINE
  5
633
330
17
100
AcDbEntity
  8
PARTS
100
AcDbPolyline
 90
2
 70
0
 10
16.189
 20
32.551
 10
16.189
 20
32.561
  0
LWPOLYLINE
  5
634
330
17
100
AcDbEntity
  8
PARTS
100
AcDbPolyline
 90
2
 70
0
 10
16.189
 20
33.141000000000005
 10
16.189
 20
33.150999999999996
  0
LWPOLYLINE
  5
635
330
17
100
AcDbEntity
  8
PARTS
100
AcDbPolyline
 90
2
 70
0
 10
16.139
 20
32.551
 10
16.189
 20
32.551
  0
LWPOLYLINE
  5
636
330
17
100
AcDbEntity
  8
PARTS
100
AcDbPolyline
 90
2
 70
0
 10
16.139
 20
32.351
 10
16.639
 20
32.351
  0
LWPOLYLINE
  5
637
330
17
100
AcDbEntity
  8
PARTS
100
AcDbPolyline
 90
2
 70
0
 10
16.639
 20
32.351
 10
16.639
 20
32.551
  0
LWPOLYLINE
  5
638
330
17
100
AcDbEntity
  8
PARTS
100
AcDbPolyline
 90
2
 70
0
 10
16.639
 20
32.551
 10
16.589
 20
32.551
  0
LWPOLYLINE
  5
639
330
17
100
AcDbEntity
  8
PARTS
100
AcDbPolyline
 90
2
 70
0
 10
16.589
 20
33.150999999999996
 10
16.589
 20
33.141000000000005
  0
LWPOLYLINE
  5
63A
330
17
100
AcDbEntity
  8
PARTS
100
AcDbPolyline
 90
2
 70
0
 10
16.589
 20
32.561
 10
16.589
 20
32.551
  0
LWPOLYLINE
  5
63B
330
17
100
AcDbEntity
  8
PARTS
100
AcDbPolyline
 90
2
 70
0
 10
16.589
 20
33.150999999999996
 10
16.639
 20
33.150999999999996
  0
LWPOLYLINE
  5
63C
330
17
100
AcDbEntity
  8
PARTS
100
AcDbPolyline
 90
2
 70
0
 10
16.639
 20
33.150999999999996
 10
16.639
 20
33.351
  0
LWPOLYLINE
  5
63D
330
17
100
AcDbEntity
  8
PARTS
100
AcDbPolyline
 90
2
 70
0
 10
16.639
 20
33.351
 10
16.139
 20
33.351
  0
LWPOLYLINE
  5
63E
330
17
100
AcDbEntity
  8
PARTS
100
AcDbPolyline
 90
2
 70
0
 10
16.639
 20
33.150999999999996
 10
16.639
 20
32.551
  0
LWPOLYLINE
  5
63F
330
17
100
AcDbEntity
  8
PARTS
100
AcDbPolyline
 90
2
 70
0
 10
16.139
 20
32.551
 10
16.139
 20
33.150999999999996
  0
LWPOLYLINE
  5
640
330
17
100
AcDbEntity
  8
PARTS
100
AcDbPolyline
 90
2
 70
0
 10
16.149
 20
32.561
 10
16.629
 20
32.561
  0
LWPOLYLINE
  5
641
330
17
100
AcDbEntity
  8
PARTS
100
AcDbPolyline
 90
2
 70
0
 10
16.629
 20
32.561
 10
16.629
 20
33.141000000000005
  0
LWPOLYLINE
  5
642
330
17
100
AcDbEntity
  8
PARTS
100
AcDbPolyline
 90
2
 70
0
 10
16.629
 20
33.141000000000005
 10
16.149
 20
33.141000000000005
  0
LWPOLYLINE
  5
643
330
17
100
AcDbEntity
  8
PARTS
100
AcDbPolyline
 90
2
 70
0
 10
16.149
 20
33.141000000000005
 10
16.149
 20
32.561
  0
LWPOLYLINE
  5
644
330
17
100
AcDbEntity
  8
PARTS
100
AcDbPolyline
 90
2
 70
0
 10
16.139
 20
33.150999999999996
 10
16.149
 20
33.141000000000005
  0
LWPOLYLINE
  5
645
330
17
100
AcDbEntity
  8
PARTS
100
AcDbPolyline
 90
2
 70
0
 10
16.149
 20
32.561
 10
16.139
 20
32.551
  0
LWPOLYLINE
  5
646
330
17
100
AcDbEntity
  8
PARTS
100
AcDbPolyline
 90
2
 70
0
 10
16.629
 20
32.561
 10
16.639
 20
32.551
  0
LWPOLYLINE
  5
647
330
17
100
AcDbEntity
  8
PARTS
100
AcDbPolyline
 90
2
 70
0
 10
16.639
 20
33.150999999999996
 10
16.629
 20
33.141000000000005
  0
LWPOLYLINE
  5
648
330
17
100
AcDbEntity
  8
PARTS
100
AcDbPolyline
 90
2
 70
0
 10
16.138
 20
32.803399999999996
 10
16.139
 20
32.803399999999996
  0
LWPOLYLINE
  5
649
330
17
100
AcDbEntity
  8
PARTS
100
AcDbPolyline
 90
2
 70
0
 10
16.138
 20
32.803399999999996
 10
16.138
 20
32.8194
  0
LWPOLYLINE
  5
64A
330
17
100
AcDbEntity
  8
PARTS
100
AcDbPolyline
 90
2
 70
0
 10
16.138
 20
32.8194
 10
16.139
 20
32.8194
  0
LWPOLYLINE
  5
64B
330
17
100
AcDbEntity
  8
PARTS
100
AcDbPolyline
 90
2
 70
0
 10
16.138
 20
32.824600000000004
 10
16.139
 20
32.824600000000004
  0
LWPOLYLINE
  5
64C
330
17
100
AcDbEntity
  8
PARTS
100
AcDbPolyline
 90
2
 70
0
 10
16.138
 20
32.8194
 10
16.138
 20
32.824600000000004
  0
LWPOLYLINE
  5
64D
330
17
100
AcDbEntity
  8
PARTS
100
AcDbPolyline
 90
2
 70
0
 10
16.138
 20
32.8249
 10
16.139
 20
32.8249
  0
LWPOLYLINE
  5
64E
330
17
100
AcDbEntity
  8
PARTS
100
AcDbPolyline
 90
2
 70
0
 10
16.138
 20
32.824600000000004
 10
16.138
 20
32.8249
  0
LWPOLYLINE
  5
64F
330
17
100
AcDbEntity
  8
PARTS
100
AcDbPolyline
 90
2
 70
0
 10
16.138
 20
32.771100000000004
 10
16.139
 20
32.771100000000004
  0
LWPOLYLINE
  5
650
330
17
100
AcDbEntity
  8
PARTS
100
AcDbPolyline
 90
2
 70
0
 10
16.138
 20
32.771100000000004
 10
16.138
 20
32.780699999999996
  0
LWPOLYLINE
  5
651
330
17
100
AcDbEntity
  8
PARTS
100
AcDbPolyline
 90
2
 70
0
 10
16.138
 20
32.780699999999996
 10
16.138
 20
32.7957
  0
LWPOLYLINE
  5
652
330
17
100
AcDbEntity
  8
PARTS
100
AcDbPolyline
 90
2
 70
0
 10
16.138
 20
32.7957
 10
16.138
 20
32.8017
  0
LWPOLYLINE
  5
653
330
17
100
AcDbEntity
  8
PARTS
100
AcDbPolyline
 90
2
 70
0
 10
16.138
 20
32.8017
 10
16.138
 20
32.8017
  0
LWPOLYLINE
  5
654
330
17
100
AcDbEntity
  8
PARTS
100
AcDbPolyline
 90
2
 70
0
 10
16.138
 20
32.8017
 10
16.138
 20
32.8017
  0
LWPOLYLINE
  5
655
330
17
100
AcDbEntity
  8
PARTS
100
AcDbPolyline
 90
2
 70
0
 10
16.138
 20
32.741299999999995
 10
16.139
 20
32.741299999999995
  0
LWPOLYLINE
  5
656
330
17
100
AcDbEntity
  8
PARTS
100
AcDbPolyline
 90
2
 70
0
 10
16.138
 20
32.741299999999995
 10
16.138
 20
32.742000000000004
  0
LWPOLYLINE
  5
657
330
17
100
AcDbEntity
  8
PARTS
100
AcDbPolyline
 90
2
 70
0
 10
16.138
 20
32.742000000000004
 10
16.139
 20
32.742000000000004
  0
LWPOLYLINE
  5
658
330
17
100
AcDbEntity
  8
PARTS
100
AcDbPolyline
 90
2
 70
0
 10
16.138
 20
32.7629
 10
16.139
 20
32.7629
  0
LWPOLYLINE
  5
659
330
17
100
AcDbEntity
  8
PARTS
100
AcDbPolyline
 90
2
 70
0
 10
16.138
 20
32.742000000000004
 10
16.138
 20
32.7629
  0
LWPOLYLINE
  5
65A
330
17
100
AcDbEntity
  8
PARTS
100
AcDbPolyline
 90
2
 70
0
 10
16.138
 20
32.7632
 10
16.139
 20
32.7632
  0
LWPOLYLINE
  5
65B
330
17
100
AcDbEntity
  8
PARTS
100
AcDbPolyline
 90
2
 70
0
 10
16.138
 20
32.7629
 10
16.138
 20
32.7632
  0
LWPOLYLINE
  5
65C
330
17
100
AcDbEntity
  8
PARTS
100
AcDbPolyline
 90
2
 70
0
 10
16.138
 20
32.7004
 10
16.138
 20
32.7004
  0
LWPOLYLINE
  5
65D
330
17
100
AcDbEntity
  8
PARTS
100
AcDbPolyline
 90
2
 70
0
 10
16.138
 20
32.7004
 10
16.138
 20
32.7064
  0
LWPOLYLINE
  5
65E
330
17
100
AcDbEntity
  8
PARTS
100
AcDbPolyline
 90
2
 70
0
 10
16.138
 20
32.7064
 10
16.138
 20
32.7218
  0
LWPOLYLINE
  5
65F
330
17
100
AcDbEntity
  8
PARTS
100
AcDbPolyline
 90
2
 70
0
 10
16.138
 20
32.7218
 10
16.138
 20
32.7334
  0
LWPOLYLINE
  5
660
330
17
100
AcDbEntity
  8
PARTS
100
AcDbPolyline
 90
2
 70
0
 10
16.138
 20
32.7334
 10
16.138
 20
32.7337
  0
LWPOLYLINE
  5
661
330
17
100
AcDbEntity
  8
PARTS
100
AcDbPolyline
 90
2
 70
0
 10
16.138
 20
32.7337
 10
16.139
 20
32.7337
  0
LWPOLYLINE
  5
662
330
17
100
AcDbEntity
  8
PARTS
100
AcDbPolyline
 90
2
 70
0
 10
16.138
 20
32.7334
 10
16.139
 20
32.7334
  0
LWPOLYLINE
  5
663
330
17
100
AcDbEntity
  8
PARTS
100
AcDbPolyline
 90
2
 70
0
 10
16.138
 20
32.661699999999996
 10
16.138
 20
32.6769
  0
LWPOLYLINE
  5
664
330
17
100
AcDbEntity
  8
PARTS
100
AcDbPolyline
 90
2
 70
0
 10
16.138
 20
32.6769
 10
16.138
 20
32.682500000000005
  0
LWPOLYLINE
  5
665
330
17
100
AcDbEntity
  8
PARTS
100
AcDbPolyline
 90
2
 70
0
 10
16.138
 20
32.682500000000005
 10
16.138
 20
32.6983
  0
LWPOLYLINE
  5
666
330
17
100
AcDbEntity
  8
PARTS
100
AcDbPolyline
 90
2
 70
0
 10
16.138
 20
32.6769
 10
16.139
 20
32.6769
  0
LWPOLYLINE
  5
667
330
17
100
AcDbEntity
  8
PARTS
100
AcDbPolyline
 90
2
 70
0
 10
16.138
 20
32.661699999999996
 10
16.139
 20
32.661699999999996
  0
LWPOLYLINE
  5
668
330
17
100
AcDbEntity
  8
PARTS
100
AcDbPolyline
 90
2
 70
0
 10
16.138
 20
32.682500000000005
 10
16.139
 20
32.682500000000005
  0
LWPOLYLINE
  5
669
330
17
100
AcDbEntity
  8
PARTS
100
AcDbPolyline
 90
2
 70
0
 10
16.138
 20
32.6983
 10
16.139
 20
32.6983
  0
LWPOLYLINE
  5
66A
330
17
100
AcDbEntity
  8
PARTS
100
AcDbPolyline
 90
2
 70
0
 10
16.138
 20
32.8251
 10
16.139
 20
32.8251
  0
LWPOLYLINE
  5
66B
330
17
100
AcDbEntity
  8
PARTS
100
AcDbPolyline
 90
2
 70
0
 10
16.138
 20
32.8249
 10
16.138
 20
32.8251
  0
LWPOLYLINE
  5
66C
330
17
100
AcDbEntity
  8
PARTS
100
AcDbPolyline
 90
2
 70
0
 10
16.138
 20
32.8254
 10
16.139
 20
32.8254
  0
LWPOLYLINE
  5
66D
330
17
100
AcDbEntity
  8
PARTS
100
AcDbPolyline
 90
2
 70
0
 10
16.138
 20
32.8251
 10
16.138
 20
32.8254
  0
LWPOLYLINE
  5
66E
330
17
100
AcDbEntity
  8
PARTS
100
AcDbPolyline
 90
2
 70
0
 10
16.138
 20
32.7682
 10
16.138
 20
32.768299999999996
  0
LWPOLYLINE
  5
66F
330
17
100
AcDbEntity
  8
PARTS
100
AcDbPolyline
 90
2
 70
0
 10
16.138
 20
32.768299999999996
 10
16.139
 20
32.768299999999996
  0
LWPOLYLINE
  5
670
330
17
100
AcDbEntity
  8
PARTS
100
AcDbPolyline
 90
2
 70
0
 10
16.138
 20
32.7684
 10
16.139
 20
32.7684
  0
LWPOLYLINE
  5
671
330
17
100
AcDbEntity
  8
PARTS
100
AcDbPolyline
 90
2
 70
0
 10
16.138
 20
32.768299999999996
 10
16.138
 20
32.7684
  0
LWPOLYLINE
  5
672
330
17
100
AcDbEntity
  8
PARTS
100
AcDbPolyline
 90
2
 70
0
 10
16.138
 20
32.7632
 10
16.138
 20
32.7649
  0
LWPOLYLINE
  5
673
330
17
100
AcDbEntity
  8
PARTS
100
AcDbPolyline
 90
2
 70
0
 10
16.138
 20
32.7649
 10
16.138
 20
32.7682
  0
LWPOLYLINE
  5
674
330
17
100
AcDbEntity
  8
PARTS
100
AcDbPolyline
 90
2
 70
0
 10
16.138
 20
32.7682
 10
16.138
 20
32.7682
  0
LWPOLYLINE
  5
675
330
17
100
AcDbEntity
  8
PARTS
100
AcDbPolyline
 90
2
 70
0
 10
16.138
 20
32.7682
 10
16.138
 20
32.7682
  0
LWPOLYLINE
  5
676
330
17
100
AcDbEntity
  8
PARTS
100
AcDbPolyline
 90
2
 70
0
 10
16.138
 20
32.7402
 10
16.139
 20
32.7402
  0
LWPOLYLINE
  5
677
330
17
100
AcDbEntity
  8
PARTS
100
AcDbPolyline
 90
2
 70
0
 10
16.138
 20
32.7337
 10
16.138
 20
32.7402
  0
LWPOLYLINE
  5
678
330
17
100
AcDbEntity
  8
PARTS
100
AcDbPolyline
 90
2
 70
0
 10
16.138
 20
32.7402
 10
16.138
 20
32.741299999999995
  0
LWPOLYLINE
  5
679
330
17
100
AcDbEntity
  8
PARTS
100
AcDbPolyline
 90
2
 70
0
 10
16.138
 20
32.6983
 10
16.138
 20
32.7004
  0
LWPOLYLINE
  5
67A
330
17
100
AcDbEntity
  8
PARTS
100
AcDbPolyline
 90
2
 70
0
 10
16.138
 20
32.6499
 10
16.138
 20
32.6499
  0
LWPOLYLINE
  5
67B
330
17
100
AcDbEntity
  8
PARTS
100
AcDbPolyline
 90
2
 70
0
 10
16.138
 20
32.6499
 10
16.138
 20
32.6559
  0
LWPOLYLINE
  5
67C
330
17
100
AcDbEntity
  8
PARTS
100
AcDbPolyline
 90
2
 70
0
 10
16.138
 20
32.6559
 10
16.138
 20
32.661699999999996
  0
LWPOLYLINE
  5
67D
330
17
100
AcDbEntity
  8
PARTS
100
AcDbPolyline
 90
2
 70
0
 10
16.138
 20
32.6112
 10
16.138
 20
32.626400000000004
  0
LWPOLYLINE
  5
67E
330
17
100
AcDbEntity
  8
PARTS
100
AcDbPolyline
 90
2
 70
0
 10
16.138
 20
32.626400000000004
 10
16.138
 20
32.632000000000005
  0
LWPOLYLINE
  5
67F
330
17
100
AcDbEntity
  8
PARTS
100
AcDbPolyline
 90
2
 70
0
 10
16.138
 20
32.632000000000005
 10
16.138
 20
32.647800000000004
  0
LWPOLYLINE
  5
680
330
17
100
AcDbEntity
  8
PARTS
100
AcDbPolyline
 90
2
 70
0
 10
16.138
 20
32.626400000000004
 10
16.139
 20
32.626400000000004
  0
LWPOLYLINE
  5
681
330
17
100
AcDbEntity
  8
PARTS
100
AcDbPolyline
 90
2
 70
0
 10
16.138
 20
32.6112
 10
16.139
 20
32.6112
  0
LWPOLYLINE
  5
682
330
17
100
AcDbEntity
  8
PARTS
100
AcDbPolyline
 90
2
 70
0
 10
16.138
 20
32.632000000000005
 10
16.139
 20
32.632000000000005
  0
LWPOLYLINE
  5
683
330
17
100
AcDbEntity
  8
PARTS
100
AcDbPolyline
 90
2
 70
0
 10
16.138
 20
32.647800000000004
 10
16.139
 20
32.647800000000004
  0
LWPOLYLINE
  5
684
330
17
100
AcDbEntity
  8
PARTS
100
AcDbPolyline
 90
2
 70
0
 10
16.138
 20
32.8584
 10
16.138
 20
32.8868
  0
LWPOLYLINE
  5
685
330
17
100
AcDbEntity
  8
PARTS
100
AcDbPolyline
 90
2
 70
0
 10
16.138
 20
32.8868
 10
16.138
 20
32.9022
  0
LWPOLYLINE
  5
686
330
17
100
AcDbEntity
  8
PARTS
100
AcDbPolyline
 90
2
 70
0
 10
16.138
 20
32.9022
 10
16.138
 20
32.9414
  0
LWPOLYLINE
  5
687
330
17
100
AcDbEntity
  8
PARTS
100
AcDbPolyline
 90
2
 70
0
 10
16.138
 20
32.9414
 10
16.138
 20
32.9762
  0
LWPOLYLINE
  5
688
330
17
100
AcDbEntity
  8
PARTS
100
AcDbPolyline
 90
2
 70
0
 10
16.138
 20
32.9762
 10
16.138
 20
32.989000000000004
  0
LWPOLYLINE
  5
689
330
17
100
AcDbEntity
  8
PARTS
100
AcDbPolyline
 90
2
 70
0
 10
16.138
 20
32.989000000000004
 10
16.138
 20
32.9957
  0
LWPOLYLINE
  5
68A
330
17
100
AcDbEntity
  8
PARTS
100
AcDbPolyline
 90
2
 70
0
 10
16.138
 20
32.9957
 10
16.138
 20
33.028999999999996
  0
LWPOLYLINE
  5
68B
330
17
100
AcDbEntity
  8
PARTS
100
AcDbPolyline
 90
2
 70
0
 10
16.138
 20
33.028999999999996
 10
16.138
 20
33.0429
  0
LWPOLYLINE
  5
68C
330
17
100
AcDbEntity
  8
PARTS
100
AcDbPolyline
 90
2
 70
0
 10
16.138
 20
33.0429
 10
16.138
 20
33.0429
  0
LWPOLYLINE
  5
68D
330
17
100
AcDbEntity
  8
PARTS
100
AcDbPolyline
 90
2
 70
0
 10
16.138
 20
33.0429
 10
16.138
 20
33.0429
  0
LWPOLYLINE
  5
68E
330
17
100
AcDbEntity
  8
PARTS
100
AcDbPolyline
 90
2
 70
0
 10
16.138
 20
32.8584
 10
16.139
 20
32.8584
  0
LWPOLYLINE
  5
68F
330
17
100
AcDbEntity
  8
PARTS
100
AcDbPolyline
 90
2
 70
0
 10
16.138
 20
32.8868
 10
16.139
 20
32.8868
  0
LWPOLYLINE
  5
690
330
17
100
AcDbEntity
  8
PARTS
100
AcDbPolyline
 90
2
 70
0
 10
16.138
 20
32.9022
 10
16.139
 20
32.9022
  0
LWPOLYLINE
  5
691
330
17
100
AcDbEntity
  8
PARTS
100
AcDbPolyline
 90
2
 70
0
 10
16.138
 20
32.989000000000004
 10
16.139
 20
32.989000000000004
  0
LWPOLYLINE
  5
692
330
17
100
AcDbEntity
  8
PARTS
100
AcDbPolyline
 90
2
 70
0
 10
17.9725
 20
32.351
 10
17.9725
 20
32.551
  0
LWPOLYLINE
  5
693
330
17
100
AcDbEntity
  8
PARTS
100
AcDbPolyline
 90
2
 70
0
 10
17.9725
 20
33.150999999999996
 10
17.9725
 20
33.351
  0
LWPOLYLINE
  5
694
330
17
100
AcDbEntity
  8
PARTS
100
AcDbPolyline
 90
2
 70
0
 10
17.9225
 20
32.551
 10
17.9725
 20
32.551
  0
LWPOLYLINE
  5
695
330
17
100
AcDbEntity
  8
PARTS
100
AcDbPolyline
 90
2
 70
0
 10
17.9225
 20
33.150999999999996
 10
17.9225
 20
33.141000000000005
  0
LWPOLYLINE
  5
696
330
17
100
AcDbEntity
  8
PARTS
100
AcDbPolyline
 90
2
 70
0
 10
17.9225
 20
32.561
 10
17.9225
 20
32.551
  0
LWPOLYLINE
  5
697
330
17
100
AcDbEntity
  8
PARTS
100
AcDbPolyline
 90
2
 70
0
 10
17.9725
 20
33.150999999999996
 10
17.9225
 20
33.150999999999996
  0
LWPOLYLINE
  5
698
330
17
100
AcDbEntity
  8
PARTS
100
AcDbPolyline
 90
2
 70
0
 10
17.9725
 20
33.351
 10
17.4725
 20
33.351
  0
LWPOLYLINE
  5
699
330
17
100
AcDbEntity
  8
PARTS
100
AcDbPolyline
 90
2
 70
0
 10
17.4725
 20
33.351
 10
17.4725
 20
33.150999999999996
  0
LWPOLYLINE
  5
69A
330
17
100
AcDbEntity
  8
PARTS
100
AcDbPolyline
 90
2
 70
0
 10
17.4725
 20
33.150999999999996
 10
17.5225
 20
33.150999999999996
  0
LWPOLYLINE
  5
69B
330
17
100
AcDbEntity
  8
PARTS
100
AcDbPolyline
 90
2
 70
0
 10
17.5225
 20
32.551
 10
17.5225
 20
32.561
  0
LWPOLYLINE
  5
69C
330
17
100
AcDbEntity
  8
PARTS
100
AcDbPolyline
 90
2
 70
0
 10
17.5225
 20
33.141000000000005
 10
17.5225
 20
33.150999999999996
  0
LWPOLYLINE
  5
69D
330
17
100
AcDbEntity
  8
PARTS
100
AcDbPolyline
 90
2
 70
0
 10
17.5225
 20
32.551
 10
17.4725
 20
32.551
  0
LWPOLYLINE
  5
69E
330
17
100
AcDbEntity
  8
PARTS
100
AcDbPolyline
 90
2
 70
0
 10
17.4725
 20
32.551
 10
17.4725
 20
32.351
  0
LWPOLYLINE
  5
69F
330
17
100
AcDbEntity
  8
PARTS
100
AcDbPolyline
 90
2
 70
0
 10
17.4725
 20
32.351
 10
17.9725
 20
32.351
  0
LWPOLYLINE
  5
6A0
330
17
100
AcDbEntity
  8
PARTS
100
AcDbPolyline
 90
2
 70
0
 10
17.4725
 20
32.551
 10
17.4725
 20
33.150999999999996
  0
LWPOLYLINE
  5
6A1
330
17
100
AcDbEntity
  8
PARTS
100
AcDbPolyline
 90
2
 70
0
 10
17.9725
 20
33.150999999999996
 10
17.9725
 20
32.551
  0
LWPOLYLINE
  5
6A2
330
17
100
AcDbEntity
  8
PARTS
100
AcDbPolyline
 90
2
 70
0
 10
17.9625
 20
33.141000000000005
 10
17.4825
 20
33.141000000000005
  0
LWPOLYLINE
  5
6A3
330
17
100
AcDbEntity
  8
PARTS
100
AcDbPolyline
 90
2
 70
0
 10
17.4825
 20
33.141000000000005
 10
17.4825
 20
32.561
  0
LWPOLYLINE
  5
6A4
330
17
100
AcDbEntity
  8
PARTS
100
AcDbPolyline
 90
2
 70
0
 10
17.4825
 20
32.561
 10
17.9625
 20
32.561
  0
LWPOLYLINE
  5
6A5
330
17
100
AcDbEntity
  8
PARTS
100
AcDbPolyline
 90
2
 70
0
 10
17.9625
 20
32.561
 10
17.9625
 20
33.141000000000005
  0
LWPOLYLINE
  5
6A6
330
17
100
AcDbEntity
  8
PARTS
100
AcDbPolyline
 90
2
 70
0
 10
17.9725
 20
32.551
 10
17.9625
 20
32.561
  0
LWPOLYLINE
  5
6A7
330
17
100
AcDbEntity
  8
PARTS
100
AcDbPolyline
 90
2
 70
0
 10
17.9625
 20
33.141000000000005
 10
17.9725
 20
33.150999999999996
  0
LWPOLYLINE
  5
6A8
330
17
100
AcDbEntity
  8
PARTS
100
AcDbPolyline
 90
2
 70
0
 10
17.4825
 20
33.141000000000005
 10
17.4725
 20
33.150999999999996
  0
LWPOLYLINE
  5
6A9
330
17
100
AcDbEntity
  8
PARTS
100
AcDbPolyline
 90
2
 70
0
 10
17.4725
 20
32.551
 10
17.4825
 20
32.561
  0
LWPOLYLINE
  5
6AA
330
17
100
AcDbEntity
  8
PARTS
100
AcDbPolyline
 90
2
 70
0
 10
17.9735
 20
32.8985
 10
17.9725
 20
32.8985
  0
LWPOLYLINE
  5
6AB
330
17
100
AcDbEntity
  8
PARTS
100
AcDbPolyline
 90
2
 70
0
 10
17.9735
 20
32.8985
 10
17.9735
 20
32.8825
  0
LWPOLYLINE
  5
6AC
330
17
100
AcDbEntity
  8
PARTS
100
AcDbPolyline
 90
2
 70
0
 10
17.9735
 20
32.8825
 10
17.9725
 20
32.8825
  0
LWPOLYLINE
  5
6AD
330
17
100
AcDbEntity
  8
PARTS
100
AcDbPolyline
 90
2
 70
0
 10
17.9735
 20
32.877300000000005
 10
17.9725
 20
32.877300000000005
  0
LWPOLYLINE
  5
6AE
330
17
100
AcDbEntity
  8
PARTS
100
AcDbPolyline
 90
2
 70
0
 10
17.9735
 20
32.8825
 10
17.9735
 20
32.877300000000005
  0
LWPOLYLINE
  5
6AF
330
17
100
AcDbEntity
  8
PARTS
100
AcDbPolyline
 90
2
 70
0
 10
17.9735
 20
32.876999999999995
 10
17.9725
 20
32.876999999999995
  0
LWPOLYLINE
  5
6B0
330
17
100
AcDbEntity
  8
PARTS
100
AcDbPolyline
 90
2
 70
0
 10
17.9735
 20
32.877300000000005
 10
17.9735
 20
32.876999999999995
  0
LWPOLYLINE
  5
6B1
330
17
100
AcDbEntity
  8
PARTS
100
AcDbPolyline
 90
2
 70
0
 10
17.9735
 20
32.9309
 10
17.9725
 20
32.9309
  0
LWPOLYLINE
  5
6B2
330
17
100
AcDbEntity
  8
PARTS
100
AcDbPolyline
 90
2
 70
0
 10
17.9735
 20
32.9309
 10
17.9735
 20
32.9212
  0
LWPOLYLINE
  5
6B3
330
17
100
AcDbEntity
  8
PARTS
100
AcDbPolyline
 90
2
 70
0
 10
17.9735
 20
32.9212
 10
17.9735
 20
32.9062
  0
LWPOLYLINE
  5
6B4
330
17
100
AcDbEntity
  8
PARTS
100
AcDbPolyline
 90
2
 70
0
 10
17.9735
 20
32.9062
 10
17.9735
 20
32.9003
  0
LWPOLYLINE
  5
6B5
330
17
100
AcDbEntity
  8
PARTS
100
AcDbPolyline
 90
2
 70
0
 10
17.9735
 20
32.9003
 10
17.9735
 20
32.9003
  0
LWPOLYLINE
  5
6B6
330
17
100
AcDbEntity
  8
PARTS
100
AcDbPolyline
 90
2
 70
0
 10
17.9735
 20
32.9003
 10
17.9735
 20
32.9003
  0
LWPOLYLINE
  5
6B7
330
17
100
AcDbEntity
  8
PARTS
100
AcDbPolyline
 90
2
 70
0
 10
17.9735
 20
32.9606
 10
17.9725
 20
32.9606
  0
LWPOLYLINE
  5
6B8
330
17
100
AcDbEntity
  8
PARTS
100
AcDbPolyline
 90
2
 70
0
 10
17.9735
 20
32.9606
 10
17.9735
 20
32.959900000000005
  0
LWPOLYLINE
  5
6B9
330
17
100
AcDbEntity
  8
PARTS
100
AcDbPolyline
 90
2
 70
0
 10
17.9735
 20
32.959900000000005
 10
17.9725
 20
32.959900000000005
  0
LWPOLYLINE
  5
6BA
330
17
100
AcDbEntity
  8
PARTS
100
AcDbPolyline
 90
2
 70
0
 10
17.9735
 20
32.939
 10
17.9725
 20
32.939
  0
LWPOLYLINE
  5
6BB
330
17
100
AcDbEntity
  8
PARTS
100
AcDbPolyline
 90
2
 70
0
 10
17.9735
 20
32.959900000000005
 10
17.9735
 20
32.939
  0
LWPOLYLINE
  5
6BC
330
17
100
AcDbEntity
  8
PARTS
100
AcDbPolyline
 90
2
 70
0
 10
17.9735
 20
32.9387
 10
17.9725
 20
32.9387
  0
LWPOLYLINE
  5
6BD
330
17
100
AcDbEntity
  8
PARTS
100
AcDbPolyline
 90
2
 70
0
 10
17.9735
 20
32.939
 10
17.9735
 20
32.9387
  0
LWPOLYLINE
  5
6BE
330
17
100
AcDbEntity
  8
PARTS
100
AcDbPolyline
 90
2
 70
0
 10
17.9735
 20
33.0015
 10
17.9735
 20
33.0015
  0
LWPOLYLINE
  5
6BF
330
17
100
AcDbEntity
  8
PARTS
100
AcDbPolyline
 90
2
 70
0
 10
17.9735
 20
33.0015
 10
17.9735
 20
32.9955
  0
LWPOLYLINE
  5
6C0
330
17
100
AcDbEntity
  8
PARTS
100
AcDbPolyline
 90
2
 70
0
 10
17.9735
 20
32.9955
 10
17.9735
 20
32.980199999999996
  0
LWPOLYLINE
  5
6C1
330
17
100
AcDbEntity
  8
PARTS
100
AcDbPolyline
 90
2
 70
0
 10
17.9735
 20
32.980199999999996
 10
17.9735
 20
32.968599999999995
  0
LWPOLYLINE
  5
6C2
330
17
100
AcDbEntity
  8
PARTS
100
AcDbPolyline
 90
2
 70
0
 10
17.9735
 20
32.968599999999995
 10
17.9735
 20
32.9683
  0
LWPOLYLINE
  5
6C3
330
17
100
AcDbEntity
  8
PARTS
100
AcDbPolyline
 90
2
 70
0
 10
17.9735
 20
32.9683
 10
17.9725
 20
32.9683
  0
LWPOLYLINE
  5
6C4
330
17
100
AcDbEntity
  8
PARTS
100
AcDbPolyline
 90
2
 70
0
 10
17.9735
 20
32.968599999999995
 10
17.9725
 20
32.968599999999995
  0
LWPOLYLINE
  5
6C5
330
17
100
AcDbEntity
  8
PARTS
100
AcDbPolyline
 90
2
 70
0
 10
17.9735
 20
33.0402
 10
17.9735
 20
33.025
  0
LWPOLYLINE
  5
6C6
330
17
100
AcDbEntity
  8
PARTS
100
AcDbPolyline
 90
2
 70
0
 10
17.9735
 20
33.025
 10
17.9735
 20
33.019400000000005
  0
LWPOLYLINE
  5
6C7
330
17
100
AcDbEntity
  8
PARTS
100
AcDbPolyline
 90
2
 70
0
 10
17.9735
 20
33.019400000000005
 10
17.9735
 20
33.0036
  0
LWPOLYLINE
  5
6C8
330
17
100
AcDbEntity
  8
PARTS
100
AcDbPolyline
 90
2
 70
0
 10
17.9735
 20
33.025
 10
17.9725
 20
33.025
  0
LWPOLYLINE
  5
6C9
330
17
100
AcDbEntity
  8
PARTS
100
AcDbPolyline
 90
2
 70
0
 10
17.9735
 20
33.0402
 10
17.9725
 20
33.0402
  0
LWPOLYLINE
  5
6CA
330
17
100
AcDbEntity
  8
PARTS
100
AcDbPolyline
 90
2
 70
0
 10
17.9735
 20
33.019400000000005
 10
17.9725
 20
33.019400000000005
  0
LWPOLYLINE
  5
6CB
330
17
100
AcDbEntity
  8
PARTS
100
AcDbPolyline
 90
2
 70
0
 10
17.9735
 20
33.0036
 10
17.9725
 20
33.0036
  0
LWPOLYLINE
  5
6CC
330
17
100
AcDbEntity
  8
PARTS
100
AcDbPolyline
 90
2
 70
0
 10
17.9735
 20
32.8768
 10
17.9725
 20
32.8768
  0
LWPOLYLINE
  5
6CD
330
17
100
AcDbEntity
  8
PARTS
100
AcDbPolyline
 90
2
 70
0
 10
17.9735
 20
32.876999999999995
 10
17.9735
 20
32.8768
  0
LWPOLYLINE
  5
6CE
330
17
100
AcDbEntity
  8
PARTS
100
AcDbPolyline
 90
2
 70
0
 10
17.9735
 20
32.8765
 10
17.9725
 20
32.8765
  0
LWPOLYLINE
  5
6CF
330
17
100
AcDbEntity
  8
PARTS
100
AcDbPolyline
 90
2
 70
0
 10
17.9735
 20
32.8768
 10
17.9735
 20
32.8765
  0
LWPOLYLINE
  5
6D0
330
17
100
AcDbEntity
  8
PARTS
100
AcDbPolyline
 90
2
 70
0
 10
17.9735
 20
32.9337
 10
17.9735
 20
32.9336
  0
LWPOLYLINE
  5
6D1
330
17
100
AcDbEntity
  8
PARTS
100
AcDbPolyline
 90
2
 70
0
 10
17.9735
 20
32.9336
 10
17.9725
 20
32.9336
  0
LWPOLYLINE
  5
6D2
330
17
100
AcDbEntity
  8
PARTS
100
AcDbPolyline
 90
2
 70
0
 10
17.9735
 20
32.9336
 10
17.9725
 20
32.9336
  0
LWPOLYLINE
  5
6D3
330
17
100
AcDbEntity
  8
PARTS
100
AcDbPolyline
 90
2
 70
0
 10
17.9735
 20
32.9336
 10
17.9735
 20
32.9336
  0
LWPOLYLINE
  5
6D4
330
17
100
AcDbEntity
  8
PARTS
100
AcDbPolyline
 90
2
 70
0
 10
17.9735
 20
32.9387
 10
17.9735
 20
32.937
  0
LWPOLYLINE
  5
6D5
330
17
100
AcDbEntity
  8
PARTS
100
AcDbPolyline
 90
2
 70
0
 10
17.9735
 20
32.937
 10
17.9735
 20
32.9337
  0
LWPOLYLINE
  5
6D6
330
17
100
AcDbEntity
  8
PARTS
100
AcDbPolyline
 90
2
 70
0
 10
17.9735
 20
32.9337
 10
17.9735
 20
32.9337
  0
LWPOLYLINE
  5
6D7
330
17
100
AcDbEntity
  8
PARTS
100
AcDbPolyline
 90
2
 70
0
 10
17.9735
 20
32.9337
 10
17.9735
 20
32.9337
  0
LWPOLYLINE
  5
6D8
330
17
100
AcDbEntity
  8
PARTS
100
AcDbPolyline
 90
2
 70
0
 10
17.9735
 20
32.9617
 10
17.9725
 20
32.9617
  0
LWPOLYLINE
  5
6D9
330
17
100
AcDbEntity
  8
PARTS
100
AcDbPolyline
 90
2
 70
0
 10
17.9735
 20
32.9683
 10
17.9735
 20
32.9617
  0
LWPOLYLINE
  5
6DA
330
17
100
AcDbEntity
  8
PARTS
100
AcDbPolyline
 90
2
 70
0
 10
17.9735
 20
32.9617
 10
17.9735
 20
32.9606
  0
LWPOLYLINE
  5
6DB
330
17
100
AcDbEntity
  8
PARTS
100
AcDbPolyline
 90
2
 70
0
 10
17.9735
 20
33.0036
 10
17.9735
 20
33.0015
  0
LWPOLYLINE
  5
6DC
330
17
100
AcDbEntity
  8
PARTS
100
AcDbPolyline
 90
2
 70
0
 10
17.9735
 20
33.052
 10
17.9735
 20
33.052
  0
LWPOLYLINE
  5
6DD
330
17
100
AcDbEntity
  8
PARTS
100
AcDbPolyline
 90
2
 70
0
 10
17.9735
 20
33.052
 10
17.9735
 20
33.046
  0
LWPOLYLINE
  5
6DE
330
17
100
AcDbEntity
  8
PARTS
100
AcDbPolyline
 90
2
 70
0
 10
17.9735
 20
33.046
 10
17.9735
 20
33.0402
  0
LWPOLYLINE
  5
6DF
330
17
100
AcDbEntity
  8
PARTS
100
AcDbPolyline
 90
2
 70
0
 10
17.9735
 20
33.0907
 10
17.9735
 20
33.075500000000005
  0
LWPOLYLINE
  5
6E0
330
17
100
AcDbEntity
  8
PARTS
100
AcDbPolyline
 90
2
 70
0
 10
17.9735
 20
33.075500000000005
 10
17.9735
 20
33.069900000000004
  0
LWPOLYLINE
  5
6E1
330
17
100
AcDbEntity
  8
PARTS
100
AcDbPolyline
 90
2
 70
0
 10
17.9735
 20
33.069900000000004
 10
17.9735
 20
33.0541
  0
LWPOLYLINE
  5
6E2
330
17
100
AcDbEntity
  8
PARTS
100
AcDbPolyline
 90
2
 70
0
 10
17.9735
 20
33.075500000000005
 10
17.9725
 20
33.075500000000005
  0
LWPOLYLINE
  5
6E3
330
17
100
AcDbEntity
  8
PARTS
100
AcDbPolyline
 90
2
 70
0
 10
17.9735
 20
33.0907
 10
17.9725
 20
33.0907
  0
LWPOLYLINE
  5
6E4
330
17
100
AcDbEntity
  8
PARTS
100
AcDbPolyline
 90
2
 70
0
 10
17.9735
 20
33.069900000000004
 10
17.9725
 20
33.069900000000004
  0
LWPOLYLINE
  5
6E5
330
17
100
AcDbEntity
  8
PARTS
100
AcDbPolyline
 90
2
 70
0
 10
17.9735
 20
33.0541
 10
17.9725
 20
33.0541
  0
LWPOLYLINE
  5
6E6
330
17
100
AcDbEntity
  8
PARTS
100
AcDbPolyline
 90
2
 70
0
 10
17.9735
 20
32.8435
 10
17.9735
 20
32.815200000000004
  0
LWPOLYLINE
  5
6E7
330
17
100
AcDbEntity
  8
PARTS
100
AcDbPolyline
 90
2
 70
0
 10
17.9735
 20
32.815200000000004
 10
17.9735
 20
32.7997
  0
LWPOLYLINE
  5
6E8
330
17
100
AcDbEntity
  8
PARTS
100
AcDbPolyline
 90
2
 70
0
 10
17.9735
 20
32.7997
 10
17.9735
 20
32.7605
  0
LWPOLYLINE
  5
6E9
330
17
100
AcDbEntity
  8
PARTS
100
AcDbPolyline
 90
2
 70
0
 10
17.9735
 20
32.7605
 10
17.9735
 20
32.7257
  0
LWPOLYLINE
  5
6EA
330
17
100
AcDbEntity
  8
PARTS
100
AcDbPolyline
 90
2
 70
0
 10
17.9735
 20
32.7257
 10
17.9735
 20
32.712900000000005
  0
LWPOLYLINE
  5
6EB
330
17
100
AcDbEntity
  8
PARTS
100
AcDbPolyline
 90
2
 70
0
 10
17.9735
 20
32.712900000000005
 10
17.9735
 20
32.706199999999995
  0
LWPOLYLINE
  5
6EC
330
17
100
AcDbEntity
  8
PARTS
100
AcDbPolyline
 90
2
 70
0
 10
17.9735
 20
32.706199999999995
 10
17.9735
 20
32.6729
  0
LWPOLYLINE
  5
6ED
330
17
100
AcDbEntity
  8
PARTS
100
AcDbPolyline
 90
2
 70
0
 10
17.9735
 20
32.6729
 10
17.9735
 20
32.659099999999995
  0
LWPOLYLINE
  5
6EE
330
17
100
AcDbEntity
  8
PARTS
100
AcDbPolyline
 90
2
 70
0
 10
17.9735
 20
32.659099999999995
 10
17.9735
 20
32.659099999999995
  0
LWPOLYLINE
  5
6EF
330
17
100
AcDbEntity
  8
PARTS
100
AcDbPolyline
 90
2
 70
0
 10
17.9735
 20
32.659099999999995
 10
17.9735
 20
32.659099999999995
  0
LWPOLYLINE
  5
6F0
330
17
100
AcDbEntity
  8
PARTS
100
AcDbPolyline
 90
2
 70
0
 10
17.9735
 20
32.8435
 10
17.9725
 20
32.8435
  0
LWPOLYLINE
  5
6F1
330
17
100
AcDbEntity
  8
PARTS
100
AcDbPolyline
 90
2
 70
0
 10
17.9735
 20
32.815200000000004
 10
17.9725
 20
32.815200000000004
  0
LWPOLYLINE
  5
6F2
330
17
100
AcDbEntity
  8
PARTS
100
AcDbPolyline
 90
2
 70
0
 10
17.9735
 20
32.7997
 10
17.9725
 20
32.7997
  0
LWPOLYLINE
  5
6F3
330
17
100
AcDbEntity
  8
PARTS
100
AcDbPolyline
 90
2
 70
0
 10
17.9735
 20
32.712900000000005
 10
17.9725
 20
32.712900000000005
  0
LWPOLYLINE
  5
6F4
330
17
100
AcDbEntity
  8
PARTS
100
AcDbPolyline
 90
2
 70
0
 10
32.15
 20
37.124
 10
32.45
 20
37.124
  0
LWPOLYLINE
  5
6F5
330
17
100
AcDbEntity
  8
PARTS
100
AcDbPolyline
 90
2
 70
0
 10
32.45
 20
37.124
 10
32.45
 20
37.824
  0
LWPOLYLINE
  5
6F6
330
17
100
AcDbEntity
  8
PARTS
100
AcDbPolyline
 90
2
 70
0
 10
32.15
 20
37.124
 10
32.15
 20
37.824
  0
LWPOLYLINE
  5
6F7
330
17
100
AcDbEntity
  8
PARTS
100
AcDbPolyline
 90
2
 70
0
 10
31.05
 20
37.124
 10
31.35
 20
37.124
  0
LWPOLYLINE
  5
6F8
330
17
100
AcDbEntity
  8
PARTS
100
AcDbPolyline
 90
2
 70
0
 10
31.35
 20
37.124
 10
31.35
 20
37.824
  0
LWPOLYLINE
  5
6F9
330
17
100
AcDbEntity
  8
PARTS
100
AcDbPolyline
 90
2
 70
0
 10
31.05
 20
37.124
 10
31.05
 20
37.824
  0
LWPOLYLINE
  5
6FA
330
17
100
AcDbEntity
  8
PARTS
100
AcDbPolyline
 90
2
 70
0
 10
29.950000000000003
 20
37.124
 10
30.25
 20
37.124
  0
LWPOLYLINE
  5
6FB
330
17
100
AcDbEntity
  8
PARTS
100
AcDbPolyline
 90
2
 70
0
 10
30.25
 20
37.124
 10
30.25
 20
37.824
  0
LWPOLYLINE
  5
6FC
330
17
100
AcDbEntity
  8
PARTS
100
AcDbPolyline
 90
2
 70
0
 10
29.950000000000003
 20
37.124
 10
29.950000000000003
 20
37.824
  0
LWPOLYLINE
  5
6FD
330
17
100
AcDbEntity
  8
PARTS
100
AcDbPolyline
 90
2
 70
0
 10
28.85
 20
37.124
 10
29.15
 20
37.124
  0
LWPOLYLINE
  5
6FE
330
17
100
AcDbEntity
  8
PARTS
100
AcDbPolyline
 90
2
 70
0
 10
29.15
 20
37.124
 10
29.15
 20
37.824
  0
LWPOLYLINE
  5
6FF
330
17
100
AcDbEntity
  8
PARTS
100
AcDbPolyline
 90
2
 70
0
 10
28.85
 20
37.124
 10
28.85
 20
37.824
  0
LWPOLYLINE
  5
700
330
17
100
AcDbEntity
  8
PARTS
100
AcDbPolyline
 90
2
 70
0
 10
27.75
 20
37.124
 10
28.05
 20
37.124
  0
LWPOLYLINE
  5
701
330
17
100
AcDbEntity
  8
PARTS
100
AcDbPolyline
 90
2
 70
0
 10
28.05
 20
37.124
 10
28.05
 20
37.824
  0
LWPOLYLINE
  5
702
330
17
100
AcDbEntity
  8
PARTS
100
AcDbPolyline
 90
2
 70
0
 10
27.75
 20
37.124
 10
27.75
 20
37.824
  0
LWPOLYLINE
  5
703
330
17
100
AcDbEntity
  8
PARTS
100
AcDbPolyline
 90
2
 70
0
 10
26.65
 20
37.124
 10
26.950000000000003
 20
37.124
  0
LWPOLYLINE
  5
704
330
17
100
AcDbEntity
  8
PARTS
100
AcDbPolyline
 90
2
 70
0
 10
26.950000000000003
 20
37.124
 10
26.950000000000003
 20
37.824
  0
LWPOLYLINE
  5
705
330
17
100
AcDbEntity
  8
PARTS
100
AcDbPolyline
 90
2
 70
0
 10
26.65
 20
37.124
 10
26.65
 20
37.824
  0
LWPOLYLINE
  5
706
330
17
100
AcDbEntity
  8
PARTS
100
AcDbPolyline
 90
2
 70
0
 10
25.55
 20
37.124
 10
25.85
 20
37.124
  0
LWPOLYLINE
  5
707
330
17
100
AcDbEntity
  8
PARTS
100
AcDbPolyline
 90
2
 70
0
 10
25.85
 20
37.124
 10
25.85
 20
37.824
  0
LWPOLYLINE
  5
708
330
17
100
AcDbEntity
  8
PARTS
100
AcDbPolyline
 90
2
 70
0
 10
25.55
 20
37.124
 10
25.55
 20
37.824
  0
LWPOLYLINE
  5
709
330
17
100
AcDbEntity
  8
PARTS
100
AcDbPolyline
 90
2
 70
0
 10
24.450000000000003
 20
37.124
 10
24.75
 20
37.124
  0
LWPOLYLINE
  5
70A
330
17
100
AcDbEntity
  8
PARTS
100
AcDbPolyline
 90
2
 70
0
 10
24.75
 20
37.124
 10
24.75
 20
37.824
  0
LWPOLYLINE
  5
70B
330
17
100
AcDbEntity
  8
PARTS
100
AcDbPolyline
 90
2
 70
0
 10
24.450000000000003
 20
37.124
 10
24.450000000000003
 20
37.824
  0
LWPOLYLINE
  5
70C
330
17
100
AcDbEntity
  8
PARTS
100
AcDbPolyline
 90
2
 70
0
 10
23.35
 20
37.124
 10
23.65
 20
37.124
  0
LWPOLYLINE
  5
70D
330
17
100
AcDbEntity
  8
PARTS
100
AcDbPolyline
 90
2
 70
0
 10
23.65
 20
37.124
 10
23.65
 20
37.824
  0
LWPOLYLINE
  5
70E
330
17
100
AcDbEntity
  8
PARTS
100
AcDbPolyline
 90
2
 70
0
 10
23.35
 20
37.124
 10
23.35
 20
37.824
  0
LWPOLYLINE
  5
70F
330
17
100
AcDbEntity
  8
PARTS
100
AcDbPolyline
 90
2
 70
0
 10
18.525
 20
50.924
 10
18.525
 20
46.123999999999995
  0
LWPOLYLINE
  5
710
330
17
100
AcDbEntity
  8
PARTS
100
AcDbPolyline
 90
2
 70
0
 10
18.525
 20
39.424
 10
18.525
 20
39.324
  0
LWPOLYLINE
  5
711
330
17
100
AcDbEntity
  8
PARTS
100
AcDbPolyline
 90
2
 70
0
 10
18.925
 20
50.924
 10
18.925
 20
46.123999999999995
  0
LWPOLYLINE
  5
712
330
17
100
AcDbEntity
  8
PARTS
100
AcDbPolyline
 90
2
 70
0
 10
20.875
 20
46.123999999999995
 10
20.875
 20
48.024
  0
LWPOLYLINE
  5
713
330
17
100
AcDbEntity
  8
PARTS
100
AcDbPolyline
 90
2
 70
0
 10
21.125
 20
46.1917
 10
21.125
 20
47.773399999999995
  0
LWPOLYLINE
  5
714
330
17
100
AcDbEntity
  8
PARTS
100
AcDbPolyline
 90
2
 70
0
 10
19.425
 20
39.324
 10
18.525
 20
39.324
  0
LWPOLYLINE
  5
715
330
17
100
AcDbEntity
  8
PARTS
100
AcDbPolyline
 90
2
 70
0
 10
19.425
 20
38.824
 10
19.425
 20
39.324
  0
LWPOLYLINE
  5
716
330
17
100
AcDbEntity
  8
PARTS
100
AcDbPolyline
 90
45
 70
0
 10
21.375
 20
52.324
 10
21.4712
 20
52.2928
 10
21.5676
 20
52.262299999999996
 10
21.6642
 20
52.2325
 10
21.761
 20
52.2033
 10
21.8581
 20
52.1749
 10
21.9553
 20
52.1472
 10
22.052799999999998
 20
52.1202
 10
22.150399999999998
 20
52.093900000000005
 10
22.2482
 20
52.0683
 10
22.3462
 20
52.0434
 10
22.4444
 20
52.0192
 10
22.5428
 20
51.9957
 10
22.6413
 20
51.972899999999996
 10
22.740000000000002
 20
51.950900000000004
 10
22.8388
 20
51.929500000000004
 10
22.9378
 20
51.9089
 10
23.0369
 20
51.888999999999996
 10
23.136200000000002
 20
51.8697
 10
23.235599999999998
 20
51.851299999999995
 10
23.3352
 20
51.8335
 10
23.4349
 20
51.8164
 10
23.5346
 20
51.8001
 10
23.6346
 20
51.7845
 10
23.7346
 20
51.7696
 10
23.834699999999998
 20
51.7554
 10
23.9349
 20
51.742000000000004
 10
24.0352
 20
51.7292
 10
24.1356
 20
51.7172
 10
24.2361
 20
51.7059
 10
24.3367
 20
51.6954
 10
24.4373
 20
51.6856
 10
24.538
 20
51.676500000000004
 10
24.6388
 20
51.668099999999995
 10
24.739600000000003
 20
51.660399999999996
 10
24.8405
 20
51.6535
 10
24.941499999999998
 20
51.6473
 10
25.0424
 20
51.6418
 10
25.1434
 20
51.637100000000004
 10
25.244500000000002
 20
51.6331
 10
25.3455
 20
51.6298
 10
25.4466
 20
51.627300000000005
 10
25.5477
 20
51.6254
 10
25.6489
 20
51.6244
 10
25.75
 20
51.623999999999995
  0
LWPOLYLINE
  5
717
330
17
100
AcDbEntity
  8
PARTS
100
AcDbPolyline
 90
2
 70
0
 10
18.975
 20
50.924
 10
18.525
 20
50.924
  0
LWPOLYLINE
  5
718
330
17
100
AcDbEntity
  8
PARTS
100
AcDbPolyline
 90
2
 70
0
 10
18.525
 20
50.924
 10
18.375
 20
50.924
  0
LWPOLYLINE
  5
719
330
17
100
AcDbEntity
  8
PARTS
100
AcDbPolyline
 90
2
 70
0
 10
18.375
 20
52.324
 10
18.525
 20
52.324
  0
LWPOLYLINE
  5
71A
330
17
100
AcDbEntity
  8
PARTS
100
AcDbPolyline
 90
2
 70
0
 10
18.375
 20
50.924
 10
18.375
 20
52.324
  0
LWPOLYLINE
  5
71B
330
17
100
AcDbEntity
  8
PARTS
100
AcDbPolyline
 90
2
 70
0
 10
18.375
 20
50.924
 10
18.375
 20
46.123999999999995
  0
LWPOLYLINE
  5
71C
330
17
100
AcDbEntity
  8
PARTS
100
AcDbPolyline
 90
2
 70
0
 10
18.375
 20
39.424
 10
18.375
 20
46.123999999999995
  0
LWPOLYLINE
  5
71D
330
17
100
AcDbEntity
  8
PARTS
100
AcDbPolyline
 90
2
 70
0
 10
33.125
 20
51.623999999999995
 10
33.125
 20
37.824
  0
LWPOLYLINE
  5
71E
330
17
100
AcDbEntity
  8
PARTS
100
AcDbPolyline
 90
2
 70
0
 10
21.375
 20
52.324
 10
18.525
 20
52.324
  0
LWPOLYLINE
  5
71F
330
17
100
AcDbEntity
  8
PARTS
100
AcDbPolyline
 90
2
 70
0
 10
18.975
 20
50.924
 10
18.975
 20
49.8902
  0
LWPOLYLINE
  5
720
330
17
100
AcDbEntity
  8
PARTS
100
AcDbPolyline
 90
2
 70
0
 10
18.975
 20
49.8902
 10
19.975
 20
49.8902
  0
LWPOLYLINE
  5
721
330
17
100
AcDbEntity
  8
PARTS
100
AcDbPolyline
 90
2
 70
0
 10
19.975
 20
50.924
 10
19.975
 20
49.8902
  0
LWPOLYLINE
  5
722
330
17
100
AcDbEntity
  8
PARTS
100
AcDbPolyline
 90
2
 70
0
 10
20.175
 20
50.924
 10
19.975
 20
50.924
  0
LWPOLYLINE
  5
723
330
17
100
AcDbEntity
  8
PARTS
100
AcDbPolyline
 90
4
 70
0
 10
20.375
 20
50.724000000000004
 10
20.3482
 20
50.824
 10
20.275
 20
50.8972
 10
20.175
 20
50.924
  0
LWPOLYLINE
  5
724
330
17
100
AcDbEntity
  8
PARTS
100
AcDbPolyline
 90
2
 70
0
 10
20.375
 20
48.6068
 10
20.375
 20
50.724000000000004
  0
LWPOLYLINE
  5
725
330
17
100
AcDbEntity
  8
PARTS
100
AcDbPolyline
 90
2
 70
0
 10
20.433500000000002
 20
48.4654
 10
20.375
 20
48.6068
  0
LWPOLYLINE
  5
726
330
17
100
AcDbEntity
  8
PARTS
100
AcDbPolyline
 90
2
 70
0
 10
21.1164
 20
47.7826
 10
20.433500000000002
 20
48.4654
  0
LWPOLYLINE
  5
727
330
17
100
AcDbEntity
  8
PARTS
100
AcDbPolyline
 90
2
 70
0
 10
21.175
 20
47.6411
 10
21.1164
 20
47.7826
  0
LWPOLYLINE
  5
728
330
17
100
AcDbEntity
  8
PARTS
100
AcDbPolyline
 90
2
 70
0
 10
21.175
 20
46.324
 10
21.175
 20
47.6411
  0
LWPOLYLINE
  5
729
330
17
100
AcDbEntity
  8
PARTS
100
AcDbPolyline
 90
4
 70
0
 10
20.975
 20
46.123999999999995
 10
21.075
 20
46.150800000000004
 10
21.1482
 20
46.224000000000004
 10
21.175
 20
46.324
  0
LWPOLYLINE
  5
72A
330
17
100
AcDbEntity
  8
PARTS
100
AcDbPolyline
 90
2
 70
0
 10
18.525
 20
46.123999999999995
 10
20.975
 20
46.123999999999995
  0
LWPOLYLINE
  5
72B
330
17
100
AcDbEntity
  8
PARTS
100
AcDbPolyline
 90
2
 70
0
 10
19.625
 20
39.424
 10
18.525
 20
39.424
  0
LWPOLYLINE
  5
72C
330
17
100
AcDbEntity
  8
PARTS
100
AcDbPolyline
 90
2
 70
0
 10
19.625
 20
38.824
 10
19.625
 20
39.424
  0
LWPOLYLINE
  5
72D
330
17
100
AcDbEntity
  8
PARTS
100
AcDbPolyline
 90
2
 70
0
 10
19.625
 20
38.824
 10
19.425
 20
38.824
  0
LWPOLYLINE
  5
72E
330
17
100
AcDbEntity
  8
PARTS
100
AcDbPolyline
 90
2
 70
0
 10
19.425
 20
37.824
 10
32.974999999999994
 20
37.824
  0
LWPOLYLINE
  5
72F
330
17
100
AcDbEntity
  8
PARTS
100
AcDbPolyline
 90
2
 70
0
 10
25.75
 20
51.623999999999995
 10
32.974999999999994
 20
51.623999999999995
  0
LWPOLYLINE
  5
730
330
17
100
AcDbEntity
  8
PARTS
100
AcDbPolyline
 90
45
 70
0
 10
21.375
 20
52.324
 10
21.4712
 20
52.2928
 10
21.5676
 20
52.262299999999996
 10
21.6642
 20
52.2325
 10
21.761
 20
52.2033
 10
21.8581
 20
52.1749
 10
21.9553
 20
52.1472
 10
22.052799999999998
 20
52.1202
 10
22.150399999999998
 20
52.093900000000005
 10
22.2482
 20
52.0683
 10
22.3462
 20
52.0434
 10
22.4444
 20
52.0192
 10
22.5428
 20
51.9957
 10
22.6413
 20
51.972899999999996
 10
22.740000000000002
 20
51.950900000000004
 10
22.8388
 20
51.929500000000004
 10
22.9378
 20
51.9089
 10
23.0369
 20
51.888999999999996
 10
23.136200000000002
 20
51.8697
 10
23.235599999999998
 20
51.851299999999995
 10
23.3352
 20
51.8335
 10
23.4349
 20
51.8164
 10
23.5346
 20
51.8001
 10
23.6346
 20
51.7845
 10
23.7346
 20
51.7696
 10
23.834699999999998
 20
51.7554
 10
23.9349
 20
51.742000000000004
 10
24.0352
 20
51.7292
 10
24.1356
 20
51.7172
 10
24.2361
 20
51.7059
 10
24.3367
 20
51.6954
 10
24.4373
 20
51.6856
 10
24.538
 20
51.676500000000004
 10
24.6388
 20
51.668099999999995
 10
24.739600000000003
 20
51.660399999999996
 10
24.8405
 20
51.6535
 10
24.941499999999998
 20
51.6473
 10
25.0424
 20
51.6418
 10
25.1434
 20
51.637100000000004
 10
25.244500000000002
 20
51.6331
 10
25.3455
 20
51.6298
 10
25.4466
 20
51.627300000000005
 10
25.5477
 20
51.6254
 10
25.6489
 20
51.6244
 10
25.75
 20
51.623999999999995
  0
LWPOLYLINE
  5
731
330
17
100
AcDbEntity
  8
PARTS
100
AcDbPolyline
 90
2
 70
0
 10
33.125
 20
37.824
 10
33.825
 20
37.824
  0
LWPOLYLINE
  5
732
330
17
100
AcDbEntity
  8
PARTS
100
AcDbPolyline
 90
2
 70
0
 10
33.125
 20
37.824
 10
32.974999999999994
 20
37.824
  0
LWPOLYLINE
  5
733
330
17
100
AcDbEntity
  8
PARTS
100
AcDbPolyline
 90
2
 70
0
 10
19.425
 20
37.824
 10
19.275
 20
37.824
  0
LWPOLYLINE
  5
734
330
17
100
AcDbEntity
  8
PARTS
100
AcDbPolyline
 90
2
 70
0
 10
19.275
 20
37.824
 10
18.575
 20
37.824
  0
LWPOLYLINE
  5
735
330
17
100
AcDbEntity
  8
PARTS
100
AcDbPolyline
 90
2
 70
0
 10
18.525
 20
39.424
 10
18.375
 20
39.424
  0
LWPOLYLINE
  5
736
330
17
100
AcDbEntity
  8
PARTS
100
AcDbPolyline
 90
2
 70
0
 10
18.375
 20
46.123999999999995
 10
18.525
 20
46.123999999999995
  0
LWPOLYLINE
  5
737
330
17
100
AcDbEntity
  8
PARTS
100
AcDbPolyline
 90
2
 70
0
 10
32.974999999999994
 20
51.623999999999995
 10
33.125
 20
51.623999999999995
  0
LWPOLYLINE
  5
738
330
17
100
AcDbEntity
  8
PARTS
100
AcDbPolyline
 90
2
 70
0
 10
33.125
 20
48.724000000000004
 10
33.825
 20
48.724000000000004
  0
LWPOLYLINE
  5
739
330
17
100
AcDbEntity
  8
PARTS
100
AcDbPolyline
 90
2
 70
0
 10
33.125
 20
47.123999999999995
 10
33.825
 20
47.123999999999995
  0
LWPOLYLINE
  5
73A
330
17
100
AcDbEntity
  8
PARTS
100
AcDbPolyline
 90
2
 70
0
 10
33.825
 20
48.724000000000004
 10
33.825
 20
47.123999999999995
  0
LWPOLYLINE
  5
73B
330
17
100
AcDbEntity
  8
PARTS
100
AcDbPolyline
 90
2
 70
0
 10
33.125
 20
38.824
 10
33.825
 20
38.824
  0
LWPOLYLINE
  5
73C
330
17
100
AcDbEntity
  8
PARTS
100
AcDbPolyline
 90
2
 70
0
 10
33.825
 20
38.824
 10
33.825
 20
37.824
  0
LWPOLYLINE
  5
73D
330
17
100
AcDbEntity
  8
PARTS
100
AcDbPolyline
 90
2
 70
0
 10
19.275
 20
38.824
 10
18.575
 20
38.824
  0
LWPOLYLINE
  5
73E
330
17
100
AcDbEntity
  8
PARTS
100
AcDbPolyline
 90
2
 70
0
 10
18.575
 20
38.824
 10
18.575
 20
37.824
  0
LWPOLYLINE
  5
73F
330
17
100
AcDbEntity
  8
PARTS
100
AcDbPolyline
 90
2
 70
0
 10
19.275
 20
37.824
 10
19.275
 20
38.824
  0
LWPOLYLINE
  5
740
330
17
100
AcDbEntity
  8
PARTS
100
AcDbPolyline
 90
2
 70
0
 10
19.275
 20
38.824
 10
19.425
 20
38.824
  0
LWPOLYLINE
  5
741
330
17
100
AcDbEntity
  8
PARTS
100
AcDbPolyline
 90
2
 70
0
 10
18.375
 20
48.724000000000004
 10
17.675
 20
48.724000000000004
  0
LWPOLYLINE
  5
742
330
17
100
AcDbEntity
  8
PARTS
100
AcDbPolyline
 90
2
 70
0
 10
17.675
 20
48.724000000000004
 10
17.675
 20
47.123999999999995
  0
LWPOLYLINE
  5
743
330
17
100
AcDbEntity
  8
PARTS
100
AcDbPolyline
 90
2
 70
0
 10
18.375
 20
47.123999999999995
 10
17.675
 20
47.123999999999995
  0
LWPOLYLINE
  5
744
330
17
100
AcDbEntity
  8
PARTS
100
AcDbPolyline
 90
2
 70
0
 10
20.875
 20
47.5105
 10
19.975
 20
48.3876
  0
LWPOLYLINE
  5
745
330
17
100
AcDbEntity
  8
PARTS
100
AcDbPolyline
 90
2
 70
0
 10
19.975
 20
49.8902
 10
19.975
 20
48.3637
  0
LWPOLYLINE
  5
746
330
17
100
AcDbEntity
  8
PARTS
100
AcDbPolyline
 90
2
 70
0
 10
18.975
 20
49.8902
 10
18.975
 20
46.5159
  0
LWPOLYLINE
  5
747
330
17
100
AcDbEntity
  8
PARTS
100
AcDbPolyline
 90
2
 70
0
 10
18.975
 20
46.5159
 10
20.875
 20
46.5159
  0
LWPOLYLINE
  5
748
330
17
100
AcDbEntity
  8
PARTS
100
AcDbPolyline
 90
2
 70
0
 10
20.875
 20
47.486599999999996
 10
19.975
 20
48.3637
  0
LWPOLYLINE
  5
749
330
17
100
AcDbEntity
  8
PARTS
100
AcDbPolyline
 90
2
 70
0
 10
26.6021
 20
33.451
 10
26.234
 20
33.451
  0
LWPOLYLINE
  5
74A
330
17
100
AcDbEntity
  8
PARTS
100
AcDbPolyline
 90
2
 70
0
 10
26.234
 20
33.451
 10
26.234
 20
32.251000000000005
  0
LWPOLYLINE
  5
74B
330
17
100
AcDbEntity
  8
PARTS
100
AcDbPolyline
 90
2
 70
0
 10
26.234
 20
32.251000000000005
 10
26.6021
 20
32.251000000000005
  0
LWPOLYLINE
  5
74C
330
17
100
AcDbEntity
  8
PARTS
100
AcDbPolyline
 90
2
 70
0
 10
26.234
 20
32.201
 10
26.234
 20
32.251000000000005
  0
LWPOLYLINE
  5
74D
330
17
100
AcDbEntity
  8
PARTS
100
AcDbPolyline
 90
2
 70
0
 10
26.234
 20
33.451
 10
26.234
 20
33.501000000000005
  0
LWPOLYLINE
  5
74E
330
17
100
AcDbEntity
  8
PARTS
100
AcDbPolyline
 90
2
 70
0
 10
26.6075
 20
32.271
 10
27.7605
 20
32.271
  0
LWPOLYLINE
  5
74F
330
17
100
AcDbEntity
  8
PARTS
100
AcDbPolyline
 90
2
 70
0
 10
27.7605
 20
33.431
 10
26.6075
 20
33.431
  0
LWPOLYLINE
  5
750
330
17
100
AcDbEntity
  8
PARTS
100
AcDbPolyline
 90
2
 70
0
 10
27.766
 20
32.251000000000005
 10
28.134
 20
32.251000000000005
  0
LWPOLYLINE
  5
751
330
17
100
AcDbEntity
  8
PARTS
100
AcDbPolyline
 90
2
 70
0
 10
28.134
 20
32.251000000000005
 10
28.134
 20
33.451
  0
LWPOLYLINE
  5
752
330
17
100
AcDbEntity
  8
PARTS
100
AcDbPolyline
 90
2
 70
0
 10
28.134
 20
33.451
 10
27.766
 20
33.451
  0
LWPOLYLINE
  5
753
330
17
100
AcDbEntity
  8
PARTS
100
AcDbPolyline
 90
2
 70
0
 10
28.134
 20
33.501000000000005
 10
28.134
 20
33.451
  0
LWPOLYLINE
  5
754
330
17
100
AcDbEntity
  8
PARTS
100
AcDbPolyline
 90
2
 70
0
 10
28.184
 20
33.451
 10
28.134
 20
33.501000000000005
  0
LWPOLYLINE
  5
755
330
17
100
AcDbEntity
  8
PARTS
100
AcDbPolyline
 90
2
 70
0
 10
28.184
 20
33.451
 10
28.134
 20
33.451
  0
LWPOLYLINE
  5
756
330
17
100
AcDbEntity
  8
PARTS
100
AcDbPolyline
 90
2
 70
0
 10
28.134
 20
32.251000000000005
 10
28.134
 20
32.201
  0
LWPOLYLINE
  5
757
330
17
100
AcDbEntity
  8
PARTS
100
AcDbPolyline
 90
2
 70
0
 10
28.184
 20
32.251000000000005
 10
28.134
 20
32.251000000000005
  0
LWPOLYLINE
  5
758
330
17
100
AcDbEntity
  8
PARTS
100
AcDbPolyline
 90
2
 70
0
 10
26.184
 20
32.251000000000005
 10
26.234
 20
32.201
  0
LWPOLYLINE
  5
759
330
17
100
AcDbEntity
  8
PARTS
100
AcDbPolyline
 90
2
 70
0
 10
26.184
 20
32.251000000000005
 10
26.234
 20
32.251000000000005
  0
LWPOLYLINE
  5
75A
330
17
100
AcDbEntity
  8
PARTS
100
AcDbPolyline
 90
2
 70
0
 10
26.184
 20
33.451
 10
26.234
 20
33.451
  0
LWPOLYLINE
  5
75B
330
17
100
AcDbEntity
  8
PARTS
100
AcDbPolyline
 90
2
 70
0
 10
27.0947
 20
33.491
 10
27.0947
 20
33.481
  0
LWPOLYLINE
  5
75C
330
17
100
AcDbEntity
  8
PARTS
100
AcDbPolyline
 90
2
 70
0
 10
27.1171
 20
33.491
 10
27.1171
 20
33.481
  0
LWPOLYLINE
  5
75D
330
17
100
AcDbEntity
  8
PARTS
100
AcDbPolyline
 90
2
 70
0
 10
26.9832
 20
33.491
 10
26.9832
 20
33.481
  0
LWPOLYLINE
  5
75E
330
17
100
AcDbEntity
  8
PARTS
100
AcDbPolyline
 90
2
 70
0
 10
27.006300000000003
 20
33.491
 10
27.006300000000003
 20
33.481
  0
LWPOLYLINE
  5
75F
330
17
100
AcDbEntity
  8
PARTS
100
AcDbPolyline
 90
2
 70
0
 10
27.0702
 20
33.491
 10
27.0702
 20
33.481
  0
LWPOLYLINE
  5
760
330
17
100
AcDbEntity
  8
PARTS
100
AcDbPolyline
 90
2
 70
0
 10
26.9068
 20
33.491
 10
26.9068
 20
33.481
  0
LWPOLYLINE
  5
761
330
17
100
AcDbEntity
  8
PARTS
100
AcDbPolyline
 90
2
 70
0
 10
27.335900000000002
 20
33.491
 10
27.335900000000002
 20
33.481
  0
LWPOLYLINE
  5
762
330
17
100
AcDbEntity
  8
PARTS
100
AcDbPolyline
 90
2
 70
0
 10
27.387999999999998
 20
33.491
 10
27.387999999999998
 20
33.481
  0
LWPOLYLINE
  5
763
330
17
100
AcDbEntity
  8
PARTS
100
AcDbPolyline
 90
2
 70
0
 10
27.417099999999998
 20
33.491
 10
27.417099999999998
 20
33.481
  0
LWPOLYLINE
  5
764
330
17
100
AcDbEntity
  8
PARTS
100
AcDbPolyline
 90
2
 70
0
 10
27.466900000000003
 20
33.491
 10
27.466900000000003
 20
33.481
  0
LWPOLYLINE
  5
765
330
17
100
AcDbEntity
  8
PARTS
100
AcDbPolyline
 90
2
 70
0
 10
26.6358
 20
34.376000000000005
 10
27.7322
 20
34.376000000000005
  0
LWPOLYLINE
  5
766
330
17
100
AcDbEntity
  8
PARTS
100
AcDbPolyline
 90
2
 70
0
 10
27.7337
 20
35.135999999999996
 10
26.6343
 20
35.135999999999996
  0
LWPOLYLINE
  5
767
330
17
100
AcDbEntity
  8
PARTS
100
AcDbPolyline
 90
2
 70
0
 10
26.6343
 20
35.135999999999996
 10
26.404
 20
35.135999999999996
  0
LWPOLYLINE
  5
768
330
17
100
AcDbEntity
  8
PARTS
100
AcDbPolyline
 90
2
 70
0
 10
26.404
 20
35.135999999999996
 10
26.404
 20
34.376000000000005
  0
LWPOLYLINE
  5
769
330
17
100
AcDbEntity
  8
PARTS
100
AcDbPolyline
 90
2
 70
0
 10
26.404
 20
34.376000000000005
 10
26.6358
 20
34.376000000000005
  0
LWPOLYLINE
  5
76A
330
17
100
AcDbEntity
  8
PARTS
100
AcDbPolyline
 90
2
 70
0
 10
26.404
 20
34.356
 10
26.404
 20
34.376000000000005
  0
LWPOLYLINE
  5
76B
330
17
100
AcDbEntity
  8
PARTS
100
AcDbPolyline
 90
2
 70
0
 10
26.404
 20
35.135999999999996
 10
26.404
 20
35.156
  0
LWPOLYLINE
  5
76C
330
17
100
AcDbEntity
  8
PARTS
100
AcDbPolyline
 90
2
 70
0
 10
27.7322
 20
34.376000000000005
 10
27.964
 20
34.376000000000005
  0
LWPOLYLINE
  5
76D
330
17
100
AcDbEntity
  8
PARTS
100
AcDbPolyline
 90
2
 70
0
 10
27.964
 20
34.376000000000005
 10
27.964
 20
35.135999999999996
  0
LWPOLYLINE
  5
76E
330
17
100
AcDbEntity
  8
PARTS
100
AcDbPolyline
 90
2
 70
0
 10
27.964
 20
35.135999999999996
 10
27.7337
 20
35.135999999999996
  0
LWPOLYLINE
  5
76F
330
17
100
AcDbEntity
  8
PARTS
100
AcDbPolyline
 90
2
 70
0
 10
27.964
 20
35.156
 10
27.964
 20
35.135999999999996
  0
LWPOLYLINE
  5
770
330
17
100
AcDbEntity
  8
PARTS
100
AcDbPolyline
 90
2
 70
0
 10
27.984
 20
35.135999999999996
 10
27.964
 20
35.156
  0
LWPOLYLINE
  5
771
330
17
100
AcDbEntity
  8
PARTS
100
AcDbPolyline
 90
2
 70
0
 10
27.984
 20
35.135999999999996
 10
27.964
 20
35.135999999999996
  0
LWPOLYLINE
  5
772
330
17
100
AcDbEntity
  8
PARTS
100
AcDbPolyline
 90
2
 70
0
 10
27.964
 20
34.376000000000005
 10
27.964
 20
34.356
  0
LWPOLYLINE
  5
773
330
17
100
AcDbEntity
  8
PARTS
100
AcDbPolyline
 90
2
 70
0
 10
27.984
 20
34.376000000000005
 10
27.964
 20
34.376000000000005
  0
LWPOLYLINE
  5
774
330
17
100
AcDbEntity
  8
PARTS
100
AcDbPolyline
 90
2
 70
0
 10
26.404
 20
34.356
 10
26.384
 20
34.376000000000005
  0
LWPOLYLINE
  5
775
330
17
100
AcDbEntity
  8
PARTS
100
AcDbPolyline
 90
2
 70
0
 10
26.384
 20
34.376000000000005
 10
26.404
 20
34.356
  0
LWPOLYLINE
  5
776
330
17
100
AcDbEntity
  8
PARTS
100
AcDbPolyline
 90
2
 70
0
 10
26.384
 20
34.376000000000005
 10
26.404
 20
34.376000000000005
  0
LWPOLYLINE
  5
777
330
17
100
AcDbEntity
  8
PARTS
100
AcDbPolyline
 90
2
 70
0
 10
26.384
 20
35.135999999999996
 10
26.404
 20
35.135999999999996
  0
LWPOLYLINE
  5
778
330
17
100
AcDbEntity
  8
PARTS
100
AcDbPolyline
 90
2
 70
0
 10
27.136000000000003
 20
35.156
 10
27.136000000000003
 20
35.146
  0
LWPOLYLINE
  5
779
330
17
100
AcDbEntity
  8
PARTS
100
AcDbPolyline
 90
2
 70
0
 10
27.1584
 20
35.156
 10
27.1584
 20
35.146
  0
LWPOLYLINE
  5
77A
330
17
100
AcDbEntity
  8
PARTS
100
AcDbPolyline
 90
2
 70
0
 10
27.0245
 20
35.156
 10
27.0245
 20
35.146
  0
LWPOLYLINE
  5
77B
330
17
100
AcDbEntity
  8
PARTS
100
AcDbPolyline
 90
2
 70
0
 10
27.047600000000003
 20
35.156
 10
27.047600000000003
 20
35.146
  0
LWPOLYLINE
  5
77C
330
17
100
AcDbEntity
  8
PARTS
100
AcDbPolyline
 90
2
 70
0
 10
27.1114
 20
35.156
 10
27.1114
 20
35.146
  0
LWPOLYLINE
  5
77D
330
17
100
AcDbEntity
  8
PARTS
100
AcDbPolyline
 90
2
 70
0
 10
26.9481
 20
35.156
 10
26.9481
 20
35.146
  0
LWPOLYLINE
  5
77E
330
17
100
AcDbEntity
  8
PARTS
100
AcDbPolyline
 90
2
 70
0
 10
27.377200000000002
 20
35.156
 10
27.377200000000002
 20
35.146
  0
LWPOLYLINE
  5
77F
330
17
100
AcDbEntity
  8
PARTS
100
AcDbPolyline
 90
2
 70
0
 10
27.429299999999998
 20
35.156
 10
27.429299999999998
 20
35.146
  0
LWPOLYLINE
  5
780
330
17
100
AcDbEntity
  8
PARTS
100
AcDbPolyline
 90
2
 70
0
 10
27.4583
 20
35.156
 10
27.4583
 20
35.146
  0
LWPOLYLINE
  5
781
330
17
100
AcDbEntity
  8
PARTS
100
AcDbPolyline
 90
2
 70
0
 10
27.508200000000002
 20
35.156
 10
27.508200000000002
 20
35.146
  0
LWPOLYLINE
  5
782
330
17
100
AcDbEntity
  8
PARTS
100
AcDbPolyline
 90
2
 70
0
 10
20.247
 20
36.376
 10
20.234
 20
36.376
  0
LWPOLYLINE
  5
783
330
17
100
AcDbEntity
  8
PARTS
100
AcDbPolyline
 90
2
 70
0
 10
20.284
 20
36.413
 10
20.284
 20
36.426
  0
LWPOLYLINE
  5
784
330
17
100
AcDbEntity
  8
PARTS
100
AcDbPolyline
 90
2
 70
0
 10
20.247
 20
35.676
 10
20.234
 20
35.676
  0
LWPOLYLINE
  5
785
330
17
100
AcDbEntity
  8
PARTS
100
AcDbPolyline
 90
2
 70
0
 10
20.247
 20
35.676
 10
20.247
 20
36.376
  0
LWPOLYLINE
  5
786
330
17
100
AcDbEntity
  8
PARTS
100
AcDbPolyline
 90
2
 70
0
 10
20.284
 20
35.638999999999996
 10
20.284
 20
35.626000000000005
  0
LWPOLYLINE
  5
787
330
17
100
AcDbEntity
  8
PARTS
100
AcDbPolyline
 90
2
 70
0
 10
21.384
 20
35.638999999999996
 10
21.384
 20
35.626000000000005
  0
LWPOLYLINE
  5
788
330
17
100
AcDbEntity
  8
PARTS
100
AcDbPolyline
 90
2
 70
0
 10
21.384
 20
35.638999999999996
 10
20.284
 20
35.638999999999996
  0
LWPOLYLINE
  5
789
330
17
100
AcDbEntity
  8
PARTS
100
AcDbPolyline
 90
2
 70
0
 10
21.421
 20
35.676
 10
21.433999999999997
 20
35.676
  0
LWPOLYLINE
  5
78A
330
17
100
AcDbEntity
  8
PARTS
100
AcDbPolyline
 90
2
 70
0
 10
21.421
 20
36.376
 10
21.433999999999997
 20
36.376
  0
LWPOLYLINE
  5
78B
330
17
100
AcDbEntity
  8
PARTS
100
AcDbPolyline
 90
2
 70
0
 10
21.421
 20
36.376
 10
21.421
 20
35.676
  0
LWPOLYLINE
  5
78C
330
17
100
AcDbEntity
  8
PARTS
100
AcDbPolyline
 90
2
 70
0
 10
21.384
 20
36.413
 10
21.384
 20
36.426
  0
LWPOLYLINE
  5
78D
330
17
100
AcDbEntity
  8
PARTS
100
AcDbPolyline
 90
2
 70
0
 10
20.284
 20
36.413
 10
21.384
 20
36.413
  0
LWPOLYLINE
  5
78E
330
17
100
AcDbEntity
  8
PARTS
100
AcDbPolyline
 90
2
 70
0
 10
21.3214
 20
35.738600000000005
 10
21.3214
 20
36.3133
  0
LWPOLYLINE
  5
78F
330
17
100
AcDbEntity
  8
PARTS
100
AcDbPolyline
 90
2
 70
0
 10
21.3214
 20
36.3133
 10
20.346600000000002
 20
36.3133
  0
LWPOLYLINE
  5
790
330
17
100
AcDbEntity
  8
PARTS
100
AcDbPolyline
 90
2
 70
0
 10
20.346600000000002
 20
36.3133
 10
20.346600000000002
 20
35.738600000000005
  0
LWPOLYLINE
  5
791
330
17
100
AcDbEntity
  8
PARTS
100
AcDbPolyline
 90
2
 70
0
 10
20.346600000000002
 20
35.738600000000005
 10
21.3214
 20
35.738600000000005
  0
LWPOLYLINE
  5
792
330
17
100
AcDbEntity
  8
PARTS
100
AcDbPolyline
 90
2
 70
0
 10
20.8696
 20
35.616
 10
20.8696
 20
35.626000000000005
  0
LWPOLYLINE
  5
793
330
17
100
AcDbEntity
  8
PARTS
100
AcDbPolyline
 90
2
 70
0
 10
20.8547
 20
35.616
 10
20.8547
 20
35.626000000000005
  0
LWPOLYLINE
  5
794
330
17
100
AcDbEntity
  8
PARTS
100
AcDbPolyline
 90
2
 70
0
 10
20.9439
 20
35.616
 10
20.9439
 20
35.626000000000005
  0
LWPOLYLINE
  5
795
330
17
100
AcDbEntity
  8
PARTS
100
AcDbPolyline
 90
2
 70
0
 10
20.9285
 20
35.616
 10
20.9285
 20
35.626000000000005
  0
LWPOLYLINE
  5
796
330
17
100
AcDbEntity
  8
PARTS
100
AcDbPolyline
 90
2
 70
0
 10
20.886
 20
35.616
 10
20.886
 20
35.626000000000005
  0
LWPOLYLINE
  5
797
330
17
100
AcDbEntity
  8
PARTS
100
AcDbPolyline
 90
2
 70
0
 10
20.9949
 20
35.616
 10
20.9949
 20
35.626000000000005
  0
LWPOLYLINE
  5
798
330
17
100
AcDbEntity
  8
PARTS
100
AcDbPolyline
 90
2
 70
0
 10
20.7088
 20
35.616
 10
20.7088
 20
35.626000000000005
  0
LWPOLYLINE
  5
799
330
17
100
AcDbEntity
  8
PARTS
100
AcDbPolyline
 90
2
 70
0
 10
20.6741
 20
35.616
 10
20.6741
 20
35.626000000000005
  0
LWPOLYLINE
  5
79A
330
17
100
AcDbEntity
  8
PARTS
100
AcDbPolyline
 90
2
 70
0
 10
20.6547
 20
35.616
 10
20.6547
 20
35.626000000000005
  0
LWPOLYLINE
  5
79B
330
17
100
AcDbEntity
  8
PARTS
100
AcDbPolyline
 90
2
 70
0
 10
20.6214
 20
35.616
 10
20.6214
 20
35.626000000000005
  0
LWPOLYLINE
  5
79C
330
17
100
AcDbEntity
  8
PARTS
100
AcDbPolyline
 90
2
 70
0
 10
21.974
 20
32.9212
 10
21.973
 20
32.9212
  0
LWPOLYLINE
  5
79D
330
17
100
AcDbEntity
  8
PARTS
100
AcDbPolyline
 90
2
 70
0
 10
21.974
 20
32.9062
 10
21.973
 20
32.9062
  0
LWPOLYLINE
  5
79E
330
17
100
AcDbEntity
  8
PARTS
100
AcDbPolyline
 90
2
 70
0
 10
21.974
 20
32.9003
 10
21.973
 20
32.9003
  0
LWPOLYLINE
  5
79F
330
17
100
AcDbEntity
  8
PARTS
100
AcDbPolyline
 90
2
 70
0
 10
21.974
 20
33.0015
 10
21.973
 20
33.0015
  0
LWPOLYLINE
  5
7A0
330
17
100
AcDbEntity
  8
PARTS
100
AcDbPolyline
 90
2
 70
0
 10
21.974
 20
32.9955
 10
21.973
 20
32.9955
  0
LWPOLYLINE
  5
7A1
330
17
100
AcDbEntity
  8
PARTS
100
AcDbPolyline
 90
2
 70
0
 10
21.974
 20
32.980199999999996
 10
21.973
 20
32.980199999999996
  0
LWPOLYLINE
  5
7A2
330
17
100
AcDbEntity
  8
PARTS
100
AcDbPolyline
 90
2
 70
0
 10
21.974
 20
32.937
 10
21.973
 20
32.937
  0
LWPOLYLINE
  5
7A3
330
17
100
AcDbEntity
  8
PARTS
100
AcDbPolyline
 90
2
 70
0
 10
21.974
 20
32.9337
 10
21.973
 20
32.9337
  0
LWPOLYLINE
  5
7A4
330
17
100
AcDbEntity
  8
PARTS
100
AcDbPolyline
 90
2
 70
0
 10
21.974
 20
33.052
 10
21.973
 20
33.052
  0
LWPOLYLINE
  5
7A5
330
17
100
AcDbEntity
  8
PARTS
100
AcDbPolyline
 90
2
 70
0
 10
21.974
 20
33.046
 10
21.973
 20
33.046
  0
LWPOLYLINE
  5
7A6
330
17
100
AcDbEntity
  8
PARTS
100
AcDbPolyline
 90
2
 70
0
 10
21.974
 20
32.7605
 10
21.973
 20
32.7605
  0
LWPOLYLINE
  5
7A7
330
17
100
AcDbEntity
  8
PARTS
100
AcDbPolyline
 90
2
 70
0
 10
21.974
 20
32.7257
 10
21.973
 20
32.7257
  0
LWPOLYLINE
  5
7A8
330
17
100
AcDbEntity
  8
PARTS
100
AcDbPolyline
 90
2
 70
0
 10
21.974
 20
32.706199999999995
 10
21.973
 20
32.706199999999995
  0
LWPOLYLINE
  5
7A9
330
17
100
AcDbEntity
  8
PARTS
100
AcDbPolyline
 90
2
 70
0
 10
21.974
 20
32.6729
 10
21.973
 20
32.6729
  0
LWPOLYLINE
  5
7AA
330
17
100
AcDbEntity
  8
PARTS
100
AcDbPolyline
 90
2
 70
0
 10
21.974
 20
32.659099999999995
 10
21.973
 20
32.659099999999995
  0
LWPOLYLINE
  5
7AB
330
17
100
AcDbEntity
  8
PARTS
100
AcDbPolyline
 90
2
 70
0
 10
23.3075
 20
32.9212
 10
23.3065
 20
32.9212
  0
LWPOLYLINE
  5
7AC
330
17
100
AcDbEntity
  8
PARTS
100
AcDbPolyline
 90
2
 70
0
 10
23.3075
 20
32.9062
 10
23.3065
 20
32.9062
  0
LWPOLYLINE
  5
7AD
330
17
100
AcDbEntity
  8
PARTS
100
AcDbPolyline
 90
2
 70
0
 10
23.3075
 20
32.9003
 10
23.3065
 20
32.9003
  0
LWPOLYLINE
  5
7AE
330
17
100
AcDbEntity
  8
PARTS
100
AcDbPolyline
 90
2
 70
0
 10
23.3075
 20
33.0015
 10
23.3065
 20
33.0015
  0
LWPOLYLINE
  5
7AF
330
17
100
AcDbEntity
  8
PARTS
100
AcDbPolyline
 90
2
 70
0
 10
23.3075
 20
32.9955
 10
23.3065
 20
32.9955
  0
LWPOLYLINE
  5
7B0
330
17
100
AcDbEntity
  8
PARTS
100
AcDbPolyline
 90
2
 70
0
 10
23.3075
 20
32.980199999999996
 10
23.3065
 20
32.980199999999996
  0
LWPOLYLINE
  5
7B1
330
17
100
AcDbEntity
  8
PARTS
100
AcDbPolyline
 90
2
 70
0
 10
23.3075
 20
32.937
 10
23.3065
 20
32.937
  0
LWPOLYLINE
  5
7B2
330
17
100
AcDbEntity
  8
PARTS
100
AcDbPolyline
 90
2
 70
0
 10
23.3075
 20
32.9337
 10
23.3065
 20
32.9337
  0
LWPOLYLINE
  5
7B3
330
17
100
AcDbEntity
  8
PARTS
100
AcDbPolyline
 90
2
 70
0
 10
23.3075
 20
33.052
 10
23.3065
 20
33.052
  0
LWPOLYLINE
  5
7B4
330
17
100
AcDbEntity
  8
PARTS
100
AcDbPolyline
 90
2
 70
0
 10
23.3075
 20
33.046
 10
23.3065
 20
33.046
  0
LWPOLYLINE
  5
7B5
330
17
100
AcDbEntity
  8
PARTS
100
AcDbPolyline
 90
2
 70
0
 10
23.3075
 20
32.7605
 10
23.3065
 20
32.7605
  0
LWPOLYLINE
  5
7B6
330
17
100
AcDbEntity
  8
PARTS
100
AcDbPolyline
 90
2
 70
0
 10
23.3075
 20
32.7257
 10
23.3065
 20
32.7257
  0
LWPOLYLINE
  5
7B7
330
17
100
AcDbEntity
  8
PARTS
100
AcDbPolyline
 90
2
 70
0
 10
23.3075
 20
32.706199999999995
 10
23.3065
 20
32.706199999999995
  0
LWPOLYLINE
  5
7B8
330
17
100
AcDbEntity
  8
PARTS
100
AcDbPolyline
 90
2
 70
0
 10
23.3075
 20
32.6729
 10
23.3065
 20
32.6729
  0
LWPOLYLINE
  5
7B9
330
17
100
AcDbEntity
  8
PARTS
100
AcDbPolyline
 90
2
 70
0
 10
23.3075
 20
32.659099999999995
 10
23.3065
 20
32.659099999999995
  0
LWPOLYLINE
  5
7BA
330
17
100
AcDbEntity
  8
PARTS
100
AcDbPolyline
 90
2
 70
0
 10
19.307
 20
32.9212
 10
19.306
 20
32.9212
  0
LWPOLYLINE
  5
7BB
330
17
100
AcDbEntity
  8
PARTS
100
AcDbPolyline
 90
2
 70
0
 10
19.307
 20
32.9062
 10
19.306
 20
32.9062
  0
LWPOLYLINE
  5
7BC
330
17
100
AcDbEntity
  8
PARTS
100
AcDbPolyline
 90
2
 70
0
 10
19.307
 20
32.9003
 10
19.306
 20
32.9003
  0
LWPOLYLINE
  5
7BD
330
17
100
AcDbEntity
  8
PARTS
100
AcDbPolyline
 90
2
 70
0
 10
19.307
 20
33.0015
 10
19.306
 20
33.0015
  0
LWPOLYLINE
  5
7BE
330
17
100
AcDbEntity
  8
PARTS
100
AcDbPolyline
 90
2
 70
0
 10
19.307
 20
32.9955
 10
19.306
 20
32.9955
  0
LWPOLYLINE
  5
7BF
330
17
100
AcDbEntity
  8
PARTS
100
AcDbPolyline
 90
2
 70
0
 10
19.307
 20
32.980199999999996
 10
19.306
 20
32.980199999999996
  0
LWPOLYLINE
  5
7C0
330
17
100
AcDbEntity
  8
PARTS
100
AcDbPolyline
 90
2
 70
0
 10
19.307
 20
32.937
 10
19.306
 20
32.937
  0
LWPOLYLINE
  5
7C1
330
17
100
AcDbEntity
  8
PARTS
100
AcDbPolyline
 90
2
 70
0
 10
19.307
 20
32.9337
 10
19.306
 20
32.9337
  0
LWPOLYLINE
  5
7C2
330
17
100
AcDbEntity
  8
PARTS
100
AcDbPolyline
 90
2
 70
0
 10
19.307
 20
33.052
 10
19.306
 20
33.052
  0
LWPOLYLINE
  5
7C3
330
17
100
AcDbEntity
  8
PARTS
100
AcDbPolyline
 90
2
 70
0
 10
19.307
 20
33.046
 10
19.306
 20
33.046
  0
LWPOLYLINE
  5
7C4
330
17
100
AcDbEntity
  8
PARTS
100
AcDbPolyline
 90
2
 70
0
 10
19.307
 20
32.7605
 10
19.306
 20
32.7605
  0
LWPOLYLINE
  5
7C5
330
17
100
AcDbEntity
  8
PARTS
100
AcDbPolyline
 90
2
 70
0
 10
19.307
 20
32.7257
 10
19.306
 20
32.7257
  0
LWPOLYLINE
  5
7C6
330
17
100
AcDbEntity
  8
PARTS
100
AcDbPolyline
 90
2
 70
0
 10
19.307
 20
32.706199999999995
 10
19.306
 20
32.706199999999995
  0
LWPOLYLINE
  5
7C7
330
17
100
AcDbEntity
  8
PARTS
100
AcDbPolyline
 90
2
 70
0
 10
19.307
 20
32.6729
 10
19.306
 20
32.6729
  0
LWPOLYLINE
  5
7C8
330
17
100
AcDbEntity
  8
PARTS
100
AcDbPolyline
 90
2
 70
0
 10
19.307
 20
32.659099999999995
 10
19.306
 20
32.659099999999995
  0
LWPOLYLINE
  5
7C9
330
17
100
AcDbEntity
  8
PARTS
100
AcDbPolyline
 90
2
 70
0
 10
20.6405
 20
32.9212
 10
20.639499999999998
 20
32.9212
  0
LWPOLYLINE
  5
7CA
330
17
100
AcDbEntity
  8
PARTS
100
AcDbPolyline
 90
2
 70
0
 10
20.6405
 20
32.9062
 10
20.639499999999998
 20
32.9062
  0
LWPOLYLINE
  5
7CB
330
17
100
AcDbEntity
  8
PARTS
100
AcDbPolyline
 90
2
 70
0
 10
20.6405
 20
32.9003
 10
20.639499999999998
 20
32.9003
  0
LWPOLYLINE
  5
7CC
330
17
100
AcDbEntity
  8
PARTS
100
AcDbPolyline
 90
2
 70
0
 10
20.6405
 20
33.0015
 10
20.639499999999998
 20
33.0015
  0
LWPOLYLINE
  5
7CD
330
17
100
AcDbEntity
  8
PARTS
100
AcDbPolyline
 90
2
 70
0
 10
20.6405
 20
32.9955
 10
20.639499999999998
 20
32.9955
  0
LWPOLYLINE
  5
7CE
330
17
100
AcDbEntity
  8
PARTS
100
AcDbPolyline
 90
2
 70
0
 10
20.6405
 20
32.980199999999996
 10
20.639499999999998
 20
32.980199999999996
  0
LWPOLYLINE
  5
7CF
330
17
100
AcDbEntity
  8
PARTS
100
AcDbPolyline
 90
2
 70
0
 10
20.6405
 20
32.937
 10
20.639499999999998
 20
32.937
  0
LWPOLYLINE
  5
7D0
330
17
100
AcDbEntity
  8
PARTS
100
AcDbPolyline
 90
2
 70
0
 10
20.6405
 20
32.9337
 10
20.639499999999998
 20
32.9337
  0
LWPOLYLINE
  5
7D1
330
17
100
AcDbEntity
  8
PARTS
100
AcDbPolyline
 90
2
 70
0
 10
20.6405
 20
33.052
 10
20.639499999999998
 20
33.052
  0
LWPOLYLINE
  5
7D2
330
17
100
AcDbEntity
  8
PARTS
100
AcDbPolyline
 90
2
 70
0
 10
20.6405
 20
33.046
 10
20.639499999999998
 20
33.046
  0
LWPOLYLINE
  5
7D3
330
17
100
AcDbEntity
  8
PARTS
100
AcDbPolyline
 90
2
 70
0
 10
20.6405
 20
32.7605
 10
20.639499999999998
 20
32.7605
  0
LWPOLYLINE
  5
7D4
330
17
100
AcDbEntity
  8
PARTS
100
AcDbPolyline
 90
2
 70
0
 10
20.6405
 20
32.7257
 10
20.639499999999998
 20
32.7257
  0
LWPOLYLINE
  5
7D5
330
17
100
AcDbEntity
  8
PARTS
100
AcDbPolyline
 90
2
 70
0
 10
20.6405
 20
32.706199999999995
 10
20.639499999999998
 20
32.706199999999995
  0
LWPOLYLINE
  5
7D6
330
17
100
AcDbEntity
  8
PARTS
100
AcDbPolyline
 90
2
 70
0
 10
20.6405
 20
32.6729
 10
20.639499999999998
 20
32.6729
  0
LWPOLYLINE
  5
7D7
330
17
100
AcDbEntity
  8
PARTS
100
AcDbPolyline
 90
2
 70
0
 10
20.6405
 20
32.659099999999995
 10
20.639499999999998
 20
32.659099999999995
  0
LWPOLYLINE
  5
7D8
330
17
100
AcDbEntity
  8
PARTS
100
AcDbPolyline
 90
2
 70
0
 10
24.641
 20
32.9212
 10
24.64
 20
32.9212
  0
LWPOLYLINE
  5
7D9
330
17
100
AcDbEntity
  8
PARTS
100
AcDbPolyline
 90
2
 70
0
 10
24.641
 20
32.9062
 10
24.64
 20
32.9062
  0
LWPOLYLINE
  5
7DA
330
17
100
AcDbEntity
  8
PARTS
100
AcDbPolyline
 90
2
 70
0
 10
24.641
 20
32.9003
 10
24.64
 20
32.9003
  0
LWPOLYLINE
  5
7DB
330
17
100
AcDbEntity
  8
PARTS
100
AcDbPolyline
 90
2
 70
0
 10
24.641
 20
33.0015
 10
24.64
 20
33.0015
  0
LWPOLYLINE
  5
7DC
330
17
100
AcDbEntity
  8
PARTS
100
AcDbPolyline
 90
2
 70
0
 10
24.641
 20
32.9955
 10
24.64
 20
32.9955
  0
LWPOLYLINE
  5
7DD
330
17
100
AcDbEntity
  8
PARTS
100
AcDbPolyline
 90
2
 70
0
 10
24.641
 20
32.980199999999996
 10
24.64
 20
32.980199999999996
  0
LWPOLYLINE
  5
7DE
330
17
100
AcDbEntity
  8
PARTS
100
AcDbPolyline
 90
2
 70
0
 10
24.641
 20
32.937
 10
24.64
 20
32.937
  0
LWPOLYLINE
  5
7DF
330
17
100
AcDbEntity
  8
PARTS
100
AcDbPolyline
 90
2
 70
0
 10
24.641
 20
32.9337
 10
24.64
 20
32.9337
  0
LWPOLYLINE
  5
7E0
330
17
100
AcDbEntity
  8
PARTS
100
AcDbPolyline
 90
2
 70
0
 10
24.641
 20
33.052
 10
24.64
 20
33.052
  0
LWPOLYLINE
  5
7E1
330
17
100
AcDbEntity
  8
PARTS
100
AcDbPolyline
 90
2
 70
0
 10
24.641
 20
33.046
 10
24.64
 20
33.046
  0
LWPOLYLINE
  5
7E2
330
17
100
AcDbEntity
  8
PARTS
100
AcDbPolyline
 90
2
 70
0
 10
24.641
 20
32.7605
 10
24.64
 20
32.7605
  0
LWPOLYLINE
  5
7E3
330
17
100
AcDbEntity
  8
PARTS
100
AcDbPolyline
 90
2
 70
0
 10
24.641
 20
32.7257
 10
24.64
 20
32.7257
  0
LWPOLYLINE
  5
7E4
330
17
100
AcDbEntity
  8
PARTS
100
AcDbPolyline
 90
2
 70
0
 10
24.641
 20
32.706199999999995
 10
24.64
 20
32.706199999999995
  0
LWPOLYLINE
  5
7E5
330
17
100
AcDbEntity
  8
PARTS
100
AcDbPolyline
 90
2
 70
0
 10
24.641
 20
32.6729
 10
24.64
 20
32.6729
  0
LWPOLYLINE
  5
7E6
330
17
100
AcDbEntity
  8
PARTS
100
AcDbPolyline
 90
2
 70
0
 10
24.641
 20
32.659099999999995
 10
24.64
 20
32.659099999999995
  0
LWPOLYLINE
  5
7E7
330
17
100
AcDbEntity
  8
PARTS
100
AcDbPolyline
 90
2
 70
0
 10
30.356
 20
32.9212
 10
30.355
 20
32.9212
  0
LWPOLYLINE
  5
7E8
330
17
100
AcDbEntity
  8
PARTS
100
AcDbPolyline
 90
2
 70
0
 10
30.356
 20
32.9062
 10
30.355
 20
32.9062
  0
LWPOLYLINE
  5
7E9
330
17
100
AcDbEntity
  8
PARTS
100
AcDbPolyline
 90
2
 70
0
 10
30.356
 20
32.9003
 10
30.355
 20
32.9003
  0
LWPOLYLINE
  5
7EA
330
17
100
AcDbEntity
  8
PARTS
100
AcDbPolyline
 90
2
 70
0
 10
30.356
 20
33.0015
 10
30.355
 20
33.0015
  0
LWPOLYLINE
  5
7EB
330
17
100
AcDbEntity
  8
PARTS
100
AcDbPolyline
 90
2
 70
0
 10
30.356
 20
32.9955
 10
30.355
 20
32.9955
  0
LWPOLYLINE
  5
7EC
330
17
100
AcDbEntity
  8
PARTS
100
AcDbPolyline
 90
2
 70
0
 10
30.356
 20
32.980199999999996
 10
30.355
 20
32.980199999999996
  0
LWPOLYLINE
  5
7ED
330
17
100
AcDbEntity
  8
PARTS
100
AcDbPolyline
 90
2
 70
0
 10
30.356
 20
32.937
 10
30.355
 20
32.937
  0
LWPOLYLINE
  5
7EE
330
17
100
AcDbEntity
  8
PARTS
100
AcDbPolyline
 90
2
 70
0
 10
30.356
 20
32.9337
 10
30.355
 20
32.9337
  0
LWPOLYLINE
  5
7EF
330
17
100
AcDbEntity
  8
PARTS
100
AcDbPolyline
 90
2
 70
0
 10
30.356
 20
33.052
 10
30.355
 20
33.052
  0
LWPOLYLINE
  5
7F0
330
17
100
AcDbEntity
  8
PARTS
100
AcDbPolyline
 90
2
 70
0
 10
30.356
 20
33.046
 10
30.355
 20
33.046
  0
LWPOLYLINE
  5
7F1
330
17
100
AcDbEntity
  8
PARTS
100
AcDbPolyline
 90
2
 70
0
 10
30.356
 20
32.7605
 10
30.355
 20
32.7605
  0
LWPOLYLINE
  5
7F2
330
17
100
AcDbEntity
  8
PARTS
100
AcDbPolyline
 90
2
 70
0
 10
30.356
 20
32.7257
 10
30.355
 20
32.7257
  0
LWPOLYLINE
  5
7F3
330
17
100
AcDbEntity
  8
PARTS
100
AcDbPolyline
 90
2
 70
0
 10
30.356
 20
32.706199999999995
 10
30.355
 20
32.706199999999995
  0
LWPOLYLINE
  5
7F4
330
17
100
AcDbEntity
  8
PARTS
100
AcDbPolyline
 90
2
 70
0
 10
30.356
 20
32.6729
 10
30.355
 20
32.6729
  0
LWPOLYLINE
  5
7F5
330
17
100
AcDbEntity
  8
PARTS
100
AcDbPolyline
 90
2
 70
0
 10
30.356
 20
32.659099999999995
 10
30.355
 20
32.659099999999995
  0
LWPOLYLINE
  5
7F6
330
17
100
AcDbEntity
  8
PARTS
100
AcDbPolyline
 90
2
 70
0
 10
31.594299999999997
 20
32.9212
 10
31.5933
 20
32.9212
  0
LWPOLYLINE
  5
7F7
330
17
100
AcDbEntity
  8
PARTS
100
AcDbPolyline
 90
2
 70
0
 10
31.594299999999997
 20
32.9062
 10
31.5933
 20
32.9062
  0
LWPOLYLINE
  5
7F8
330
17
100
AcDbEntity
  8
PARTS
100
AcDbPolyline
 90
2
 70
0
 10
31.594299999999997
 20
32.9003
 10
31.5933
 20
32.9003
  0
LWPOLYLINE
  5
7F9
330
17
100
AcDbEntity
  8
PARTS
100
AcDbPolyline
 90
2
 70
0
 10
31.594299999999997
 20
33.0015
 10
31.5933
 20
33.0015
  0
LWPOLYLINE
  5
7FA
330
17
100
AcDbEntity
  8
PARTS
100
AcDbPolyline
 90
2
 70
0
 10
31.594299999999997
 20
32.9955
 10
31.5933
 20
32.9955
  0
LWPOLYLINE
  5
7FB
330
17
100
AcDbEntity
  8
PARTS
100
AcDbPolyline
 90
2
 70
0
 10
31.594299999999997
 20
32.980199999999996
 10
31.5933
 20
32.980199999999996
  0
LWPOLYLINE
  5
7FC
330
17
100
AcDbEntity
  8
PARTS
100
AcDbPolyline
 90
2
 70
0
 10
31.594299999999997
 20
32.937
 10
31.5933
 20
32.937
  0
LWPOLYLINE
  5
7FD
330
17
100
AcDbEntity
  8
PARTS
100
AcDbPolyline
 90
2
 70
0
 10
31.594299999999997
 20
32.9337
 10
31.5933
 20
32.9337
  0
LWPOLYLINE
  5
7FE
330
17
100
AcDbEntity
  8
PARTS
100
AcDbPolyline
 90
2
 70
0
 10
31.594299999999997
 20
33.052
 10
31.5933
 20
33.052
  0
LWPOLYLINE
  5
7FF
330
17
100
AcDbEntity
  8
PARTS
100
AcDbPolyline
 90
2
 70
0
 10
31.594299999999997
 20
33.046
 10
31.5933
 20
33.046
  0
LWPOLYLINE
  5
800
330
17
100
AcDbEntity
  8
PARTS
100
AcDbPolyline
 90
2
 70
0
 10
31.594299999999997
 20
32.7605
 10
31.5933
 20
32.7605
  0
LWPOLYLINE
  5
801
330
17
100
AcDbEntity
  8
PARTS
100
AcDbPolyline
 90
2
 70
0
 10
31.594299999999997
 20
32.7257
 10
31.5933
 20
32.7257
  0
LWPOLYLINE
  5
802
330
17
100
AcDbEntity
  8
PARTS
100
AcDbPolyline
 90
2
 70
0
 10
31.594299999999997
 20
32.706199999999995
 10
31.5933
 20
32.706199999999995
  0
LWPOLYLINE
  5
803
330
17
100
AcDbEntity
  8
PARTS
100
AcDbPolyline
 90
2
 70
0
 10
31.594299999999997
 20
32.6729
 10
31.5933
 20
32.6729
  0
LWPOLYLINE
  5
804
330
17
100
AcDbEntity
  8
PARTS
100
AcDbPolyline
 90
2
 70
0
 10
31.594299999999997
 20
32.659099999999995
 10
31.5933
 20
32.659099999999995
  0
LWPOLYLINE
  5
805
330
17
100
AcDbEntity
  8
PARTS
100
AcDbPolyline
 90
2
 70
0
 10
32.3305
 20
32.780699999999996
 10
32.3315
 20
32.780699999999996
  0
LWPOLYLINE
  5
806
330
17
100
AcDbEntity
  8
PARTS
100
AcDbPolyline
 90
2
 70
0
 10
32.3305
 20
32.7957
 10
32.3315
 20
32.7957
  0
LWPOLYLINE
  5
807
330
17
100
AcDbEntity
  8
PARTS
100
AcDbPolyline
 90
2
 70
0
 10
32.3305
 20
32.8017
 10
32.3315
 20
32.8017
  0
LWPOLYLINE
  5
808
330
17
100
AcDbEntity
  8
PARTS
100
AcDbPolyline
 90
2
 70
0
 10
32.3305
 20
32.7004
 10
32.3315
 20
32.7004
  0
LWPOLYLINE
  5
809
330
17
100
AcDbEntity
  8
PARTS
100
AcDbPolyline
 90
2
 70
0
 10
32.3305
 20
32.7064
 10
32.3315
 20
32.7064
  0
LWPOLYLINE
  5
80A
330
17
100
AcDbEntity
  8
PARTS
100
AcDbPolyline
 90
2
 70
0
 10
32.3305
 20
32.7218
 10
32.3315
 20
32.7218
  0
LWPOLYLINE
  5
80B
330
17
100
AcDbEntity
  8
PARTS
100
AcDbPolyline
 90
2
 70
0
 10
32.3305
 20
32.7649
 10
32.3315
 20
32.7649
  0
LWPOLYLINE
  5
80C
330
17
100
AcDbEntity
  8
PARTS
100
AcDbPolyline
 90
2
 70
0
 10
32.3305
 20
32.7682
 10
32.3315
 20
32.7682
  0
LWPOLYLINE
  5
80D
330
17
100
AcDbEntity
  8
PARTS
100
AcDbPolyline
 90
2
 70
0
 10
32.3305
 20
32.6499
 10
32.3315
 20
32.6499
  0
LWPOLYLINE
  5
80E
330
17
100
AcDbEntity
  8
PARTS
100
AcDbPolyline
 90
2
 70
0
 10
32.3305
 20
32.6559
 10
32.3315
 20
32.6559
  0
LWPOLYLINE
  5
80F
330
17
100
AcDbEntity
  8
PARTS
100
AcDbPolyline
 90
2
 70
0
 10
32.3305
 20
32.9414
 10
32.3315
 20
32.9414
  0
LWPOLYLINE
  5
810
330
17
100
AcDbEntity
  8
PARTS
100
AcDbPolyline
 90
2
 70
0
 10
32.3305
 20
32.9762
 10
32.3315
 20
32.9762
  0
LWPOLYLINE
  5
811
330
17
100
AcDbEntity
  8
PARTS
100
AcDbPolyline
 90
2
 70
0
 10
32.3305
 20
32.9957
 10
32.3315
 20
32.9957
  0
LWPOLYLINE
  5
812
330
17
100
AcDbEntity
  8
PARTS
100
AcDbPolyline
 90
2
 70
0
 10
32.3305
 20
33.028999999999996
 10
32.3315
 20
33.028999999999996
  0
LWPOLYLINE
  5
813
330
17
100
AcDbEntity
  8
PARTS
100
AcDbPolyline
 90
2
 70
0
 10
32.3305
 20
33.0429
 10
32.3315
 20
33.0429
  0
LWPOLYLINE
  5
814
330
17
100
AcDbEntity
  8
PARTS
100
AcDbPolyline
 90
2
 70
0
 10
33.568799999999996
 20
32.780699999999996
 10
33.5698
 20
32.780699999999996
  0
LWPOLYLINE
  5
815
330
17
100
AcDbEntity
  8
PARTS
100
AcDbPolyline
 90
2
 70
0
 10
33.568799999999996
 20
32.7957
 10
33.5698
 20
32.7957
  0
LWPOLYLINE
  5
816
330
17
100
AcDbEntity
  8
PARTS
100
AcDbPolyline
 90
2
 70
0
 10
33.568799999999996
 20
32.8017
 10
33.5698
 20
32.8017
  0
LWPOLYLINE
  5
817
330
17
100
AcDbEntity
  8
PARTS
100
AcDbPolyline
 90
2
 70
0
 10
33.568799999999996
 20
32.7004
 10
33.5698
 20
32.7004
  0
LWPOLYLINE
  5
818
330
17
100
AcDbEntity
  8
PARTS
100
AcDbPolyline
 90
2
 70
0
 10
33.568799999999996
 20
32.7064
 10
33.5698
 20
32.7064
  0
LWPOLYLINE
  5
819
330
17
100
AcDbEntity
  8
PARTS
100
AcDbPolyline
 90
2
 70
0
 10
33.568799999999996
 20
32.7218
 10
33.5698
 20
32.7218
  0
LWPOLYLINE
  5
81A
330
17
100
AcDbEntity
  8
PARTS
100
AcDbPolyline
 90
2
 70
0
 10
33.568799999999996
 20
32.7649
 10
33.5698
 20
32.7649
  0
LWPOLYLINE
  5
81B
330
17
100
AcDbEntity
  8
PARTS
100
AcDbPolyline
 90
2
 70
0
 10
33.568799999999996
 20
32.7682
 10
33.5698
 20
32.7682
  0
LWPOLYLINE
  5
81C
330
17
100
AcDbEntity
  8
PARTS
100
AcDbPolyline
 90
2
 70
0
 10
33.568799999999996
 20
32.6499
 10
33.5698
 20
32.6499
  0
LWPOLYLINE
  5
81D
330
17
100
AcDbEntity
  8
PARTS
100
AcDbPolyline
 90
2
 70
0
 10
33.568799999999996
 20
32.6559
 10
33.5698
 20
32.6559
  0
LWPOLYLINE
  5
81E
330
17
100
AcDbEntity
  8
PARTS
100
AcDbPolyline
 90
2
 70
0
 10
33.568799999999996
 20
32.9414
 10
33.5698
 20
32.9414
  0
LWPOLYLINE
  5
81F
330
17
100
AcDbEntity
  8
PARTS
100
AcDbPolyline
 90
2
 70
0
 10
33.568799999999996
 20
32.9762
 10
33.5698
 20
32.9762
  0
LWPOLYLINE
  5
820
330
17
100
AcDbEntity
  8
PARTS
100
AcDbPolyline
 90
2
 70
0
 10
33.568799999999996
 20
32.9957
 10
33.5698
 20
32.9957
  0
LWPOLYLINE
  5
821
330
17
100
AcDbEntity
  8
PARTS
100
AcDbPolyline
 90
2
 70
0
 10
33.568799999999996
 20
33.028999999999996
 10
33.5698
 20
33.028999999999996
  0
LWPOLYLINE
  5
822
330
17
100
AcDbEntity
  8
PARTS
100
AcDbPolyline
 90
2
 70
0
 10
33.568799999999996
 20
33.0429
 10
33.5698
 20
33.0429
  0
LWPOLYLINE
  5
823
330
17
100
AcDbEntity
  8
PARTS
100
AcDbPolyline
 90
2
 70
0
 10
35.309
 20
32.9212
 10
35.308
 20
32.9212
  0
LWPOLYLINE
  5
824
330
17
100
AcDbEntity
  8
PARTS
100
AcDbPolyline
 90
2
 70
0
 10
35.309
 20
32.9062
 10
35.308
 20
32.9062
  0
LWPOLYLINE
  5
825
330
17
100
AcDbEntity
  8
PARTS
100
AcDbPolyline
 90
2
 70
0
 10
35.309
 20
32.9003
 10
35.308
 20
32.9003
  0
LWPOLYLINE
  5
826
330
17
100
AcDbEntity
  8
PARTS
100
AcDbPolyline
 90
2
 70
0
 10
35.309
 20
33.0015
 10
35.308
 20
33.0015
  0
LWPOLYLINE
  5
827
330
17
100
AcDbEntity
  8
PARTS
100
AcDbPolyline
 90
2
 70
0
 10
35.309
 20
32.9955
 10
35.308
 20
32.9955
  0
LWPOLYLINE
  5
828
330
17
100
AcDbEntity
  8
PARTS
100
AcDbPolyline
 90
2
 70
0
 10
35.309
 20
32.980199999999996
 10
35.308
 20
32.980199999999996
  0
LWPOLYLINE
  5
829
330
17
100
AcDbEntity
  8
PARTS
100
AcDbPolyline
 90
2
 70
0
 10
35.309
 20
32.937
 10
35.308
 20
32.937
  0
LWPOLYLINE
  5
82A
330
17
100
AcDbEntity
  8
PARTS
100
AcDbPolyline
 90
2
 70
0
 10
35.309
 20
32.9337
 10
35.308
 20
32.9337
  0
LWPOLYLINE
  5
82B
330
17
100
AcDbEntity
  8
PARTS
100
AcDbPolyline
 90
2
 70
0
 10
35.309
 20
33.052
 10
35.308
 20
33.052
  0
LWPOLYLINE
  5
82C
330
17
100
AcDbEntity
  8
PARTS
100
AcDbPolyline
 90
2
 70
0
 10
35.309
 20
33.046
 10
35.308
 20
33.046
  0
LWPOLYLINE
  5
82D
330
17
100
AcDbEntity
  8
PARTS
100
AcDbPolyline
 90
2
 70
0
 10
35.309
 20
32.7605
 10
35.308
 20
32.7605
  0
LWPOLYLINE
  5
82E
330
17
100
AcDbEntity
  8
PARTS
100
AcDbPolyline
 90
2
 70
0
 10
35.309
 20
32.7257
 10
35.308
 20
32.7257
  0
LWPOLYLINE
  5
82F
330
17
100
AcDbEntity
  8
PARTS
100
AcDbPolyline
 90
2
 70
0
 10
35.309
 20
32.706199999999995
 10
35.308
 20
32.706199999999995
  0
LWPOLYLINE
  5
830
330
17
100
AcDbEntity
  8
PARTS
100
AcDbPolyline
 90
2
 70
0
 10
35.309
 20
32.6729
 10
35.308
 20
32.6729
  0
LWPOLYLINE
  5
831
330
17
100
AcDbEntity
  8
PARTS
100
AcDbPolyline
 90
2
 70
0
 10
35.309
 20
32.659099999999995
 10
35.308
 20
32.659099999999995
  0
LWPOLYLINE
  5
832
330
17
100
AcDbEntity
  8
PARTS
100
AcDbPolyline
 90
2
 70
0
 10
16.138
 20
32.780699999999996
 10
16.139
 20
32.780699999999996
  0
LWPOLYLINE
  5
833
330
17
100
AcDbEntity
  8
PARTS
100
AcDbPolyline
 90
2
 70
0
 10
16.138
 20
32.7957
 10
16.139
 20
32.7957
  0
LWPOLYLINE
  5
834
330
17
100
AcDbEntity
  8
PARTS
100
AcDbPolyline
 90
2
 70
0
 10
16.138
 20
32.8017
 10
16.139
 20
32.8017
  0
LWPOLYLINE
  5
835
330
17
100
AcDbEntity
  8
PARTS
100
AcDbPolyline
 90
2
 70
0
 10
16.138
 20
32.7004
 10
16.139
 20
32.7004
  0
LWPOLYLINE
  5
836
330
17
100
AcDbEntity
  8
PARTS
100
AcDbPolyline
 90
2
 70
0
 10
16.138
 20
32.7064
 10
16.139
 20
32.7064
  0
LWPOLYLINE
  5
837
330
17
100
AcDbEntity
  8
PARTS
100
AcDbPolyline
 90
2
 70
0
 10
16.138
 20
32.7218
 10
16.139
 20
32.7218
  0
LWPOLYLINE
  5
838
330
17
100
AcDbEntity
  8
PARTS
100
AcDbPolyline
 90
2
 70
0
 10
16.138
 20
32.7649
 10
16.139
 20
32.7649
  0
LWPOLYLINE
  5
839
330
17
100
AcDbEntity
  8
PARTS
100
AcDbPolyline
 90
2
 70
0
 10
16.138
 20
32.7682
 10
16.139
 20
32.7682
  0
LWPOLYLINE
  5
83A
330
17
100
AcDbEntity
  8
PARTS
100
AcDbPolyline
 90
2
 70
0
 10
16.138
 20
32.6499
 10
16.139
 20
32.6499
  0
LWPOLYLINE
  5
83B
330
17
100
AcDbEntity
  8
PARTS
100
AcDbPolyline
 90
2
 70
0
 10
16.138
 20
32.6559
 10
16.139
 20
32.6559
  0
LWPOLYLINE
  5
83C
330
17
100
AcDbEntity
  8
PARTS
100
AcDbPolyline
 90
2
 70
0
 10
16.138
 20
32.9414
 10
16.139
 20
32.9414
  0
LWPOLYLINE
  5
83D
330
17
100
AcDbEntity
  8
PARTS
100
AcDbPolyline
 90
2
 70
0
 10
16.138
 20
32.9762
 10
16.139
 20
32.9762
  0
LWPOLYLINE
  5
83E
330
17
100
AcDbEntity
  8
PARTS
100
AcDbPolyline
 90
2
 70
0
 10
16.138
 20
32.9957
 10
16.139
 20
32.9957
  0
LWPOLYLINE
  5
83F
330
17
100
AcDbEntity
  8
PARTS
100
AcDbPolyline
 90
2
 70
0
 10
16.138
 20
33.028999999999996
 10
16.139
 20
33.028999999999996
  0
LWPOLYLINE
  5
840
330
17
100
AcDbEntity
  8
PARTS
100
AcDbPolyline
 90
2
 70
0
 10
16.138
 20
33.0429
 10
16.139
 20
33.0429
  0
LWPOLYLINE
  5
841
330
17
100
AcDbEntity
  8
PARTS
100
AcDbPolyline
 90
2
 70
0
 10
17.9735
 20
32.9212
 10
17.9725
 20
32.9212
  0
LWPOLYLINE
  5
842
330
17
100
AcDbEntity
  8
PARTS
100
AcDbPolyline
 90
2
 70
0
 10
17.9735
 20
32.9062
 10
17.9725
 20
32.9062
  0
LWPOLYLINE
  5
843
330
17
100
AcDbEntity
  8
PARTS
100
AcDbPolyline
 90
2
 70
0
 10
17.9735
 20
32.9003
 10
17.9725
 20
32.9003
  0
LWPOLYLINE
  5
844
330
17
100
AcDbEntity
  8
PARTS
100
AcDbPolyline
 90
2
 70
0
 10
17.9735
 20
33.0015
 10
17.9725
 20
33.0015
  0
LWPOLYLINE
  5
845
330
17
100
AcDbEntity
  8
PARTS
100
AcDbPolyline
 90
2
 70
0
 10
17.9735
 20
32.9955
 10
17.9725
 20
32.9955
  0
LWPOLYLINE
  5
846
330
17
100
AcDbEntity
  8
PARTS
100
AcDbPolyline
 90
2
 70
0
 10
17.9735
 20
32.980199999999996
 10
17.9725
 20
32.980199999999996
  0
LWPOLYLINE
  5
847
330
17
100
AcDbEntity
  8
PARTS
100
AcDbPolyline
 90
2
 70
0
 10
17.9735
 20
32.937
 10
17.9725
 20
32.937
  0
LWPOLYLINE
  5
848
330
17
100
AcDbEntity
  8
PARTS
100
AcDbPolyline
 90
2
 70
0
 10
17.9735
 20
32.9337
 10
17.9725
 20
32.9337
  0
LWPOLYLINE
  5
849
330
17
100
AcDbEntity
  8
PARTS
100
AcDbPolyline
 90
2
 70
0
 10
17.9735
 20
33.052
 10
17.9725
 20
33.052
  0
LWPOLYLINE
  5
84A
330
17
100
AcDbEntity
  8
PARTS
100
AcDbPolyline
 90
2
 70
0
 10
17.9735
 20
33.046
 10
17.9725
 20
33.046
  0
LWPOLYLINE
  5
84B
330
17
100
AcDbEntity
  8
PARTS
100
AcDbPolyline
 90
2
 70
0
 10
17.9735
 20
32.7605
 10
17.9725
 20
32.7605
  0
LWPOLYLINE
  5
84C
330
17
100
AcDbEntity
  8
PARTS
100
AcDbPolyline
 90
2
 70
0
 10
17.9735
 20
32.7257
 10
17.9725
 20
32.7257
  0
LWPOLYLINE
  5
84D
330
17
100
AcDbEntity
  8
PARTS
100
AcDbPolyline
 90
2
 70
0
 10
17.9735
 20
32.706199999999995
 10
17.9725
 20
32.706199999999995
  0
LWPOLYLINE
  5
84E
330
17
100
AcDbEntity
  8
PARTS
100
AcDbPolyline
 90
2
 70
0
 10
17.9735
 20
32.6729
 10
17.9725
 20
32.6729
  0
LWPOLYLINE
  5
84F
330
17
100
AcDbEntity
  8
PARTS
100
AcDbPolyline
 90
2
 70
0
 10
17.9735
 20
32.659099999999995
 10
17.9725
 20
32.659099999999995
  0
LWPOLYLINE
  5
850
330
17
100
AcDbEntity
  8
PARTS
100
AcDbPolyline
 90
2
 70
0
 10
18.525
 20
52.324
 10
18.525
 20
50.924
  0
LWPOLYLINE
  5
851
330
17
100
AcDbEntity
  8
PARTS
100
AcDbPolyline
 90
2
 70
0
 10
18.525
 20
46.123999999999995
 10
18.525
 20
39.424
  0
LWPOLYLINE
  5
852
330
17
100
AcDbEntity
  8
PARTS
100
AcDbPolyline
 90
2
 70
0
 10
19.425
 20
38.824
 10
19.425
 20
37.824
  0
LWPOLYLINE
  5
853
330
17
100
AcDbEntity
  8
PARTS
100
AcDbPolyline
 90
2
 70
0
 10
32.974999999999994
 20
37.824
 10
32.974999999999994
 20
51.623999999999995
  0
LWPOLYLINE
  5
854
330
17
100
AcDbEntity
  8
PARTS
100
AcDbPolyline
 90
2
 70
0
 10
27.684
 20
32.221000000000004
 10
27.684
 20
32.201
  0
LWPOLYLINE
  5
855
330
17
100
AcDbEntity
  8
PARTS
100
AcDbPolyline
 90
2
 70
0
 10
27.684
 20
33.481
 10
27.684
 20
33.501000000000005
  0
LWPOLYLINE
  5
856
330
17
100
AcDbEntity
  8
PARTS
100
AcDbPolyline
 90
2
 70
0
 10
26.684
 20
32.221000000000004
 10
26.684
 20
32.201
  0
LWPOLYLINE
  5
857
330
17
100
AcDbEntity
  8
PARTS
100
AcDbPolyline
 90
2
 70
0
 10
26.684
 20
33.481
 10
26.684
 20
33.501000000000005
  0
LWPOLYLINE
  5
858
330
17
100
AcDbEntity
  8
PARTS
100
AcDbPolyline
 90
2
 70
0
 10
27.684
 20
34.366
 10
27.684
 20
34.356
  0
LWPOLYLINE
  5
859
330
17
100
AcDbEntity
  8
PARTS
100
AcDbPolyline
 90
2
 70
0
 10
27.684
 20
35.146
 10
27.684
 20
35.156
  0
LWPOLYLINE
  5
85A
330
17
100
AcDbEntity
  8
PARTS
100
AcDbPolyline
 90
2
 70
0
 10
26.684
 20
34.366
 10
26.684
 20
34.356
  0
LWPOLYLINE
  5
85B
330
17
100
AcDbEntity
  8
PARTS
100
AcDbPolyline
 90
2
 70
0
 10
26.684
 20
35.146
 10
26.684
 20
35.156
  0
LWPOLYLINE
  5
85C
330
17
100
AcDbEntity
  8
PARTS
100
AcDbPolyline
 90
2
 70
0
 10
21.974
 20
32.9003
 10
21.973
 20
32.9003
  0
LWPOLYLINE
  5
85D
330
17
100
AcDbEntity
  8
PARTS
100
AcDbPolyline
 90
2
 70
0
 10
21.974
 20
33.0015
 10
21.973
 20
33.0015
  0
LWPOLYLINE
  5
85E
330
17
100
AcDbEntity
  8
PARTS
100
AcDbPolyline
 90
2
 70
0
 10
21.974
 20
32.9337
 10
21.973
 20
32.9337
  0
LWPOLYLINE
  5
85F
330
17
100
AcDbEntity
  8
PARTS
100
AcDbPolyline
 90
2
 70
0
 10
21.974
 20
33.052
 10
21.973
 20
33.052
  0
LWPOLYLINE
  5
860
330
17
100
AcDbEntity
  8
PARTS
100
AcDbPolyline
 90
2
 70
0
 10
21.974
 20
32.659099999999995
 10
21.973
 20
32.659099999999995
  0
LWPOLYLINE
  5
861
330
17
100
AcDbEntity
  8
PARTS
100
AcDbPolyline
 90
2
 70
0
 10
23.3075
 20
32.9003
 10
23.3065
 20
32.9003
  0
LWPOLYLINE
  5
862
330
17
100
AcDbEntity
  8
PARTS
100
AcDbPolyline
 90
2
 70
0
 10
23.3075
 20
33.0015
 10
23.3065
 20
33.0015
  0
LWPOLYLINE
  5
863
330
17
100
AcDbEntity
  8
PARTS
100
AcDbPolyline
 90
2
 70
0
 10
23.3075
 20
32.9337
 10
23.3065
 20
32.9337
  0
LWPOLYLINE
  5
864
330
17
100
AcDbEntity
  8
PARTS
100
AcDbPolyline
 90
2
 70
0
 10
23.3075
 20
33.052
 10
23.3065
 20
33.052
  0
LWPOLYLINE
  5
865
330
17
100
AcDbEntity
  8
PARTS
100
AcDbPolyline
 90
2
 70
0
 10
23.3075
 20
32.659099999999995
 10
23.3065
 20
32.659099999999995
  0
LWPOLYLINE
  5
866
330
17
100
AcDbEntity
  8
PARTS
100
AcDbPolyline
 90
2
 70
0
 10
19.307
 20
32.9003
 10
19.306
 20
32.9003
  0
LWPOLYLINE
  5
867
330
17
100
AcDbEntity
  8
PARTS
100
AcDbPolyline
 90
2
 70
0
 10
19.307
 20
33.0015
 10
19.306
 20
33.0015
  0
LWPOLYLINE
  5
868
330
17
100
AcDbEntity
  8
PARTS
100
AcDbPolyline
 90
2
 70
0
 10
19.307
 20
32.9337
 10
19.306
 20
32.9337
  0
LWPOLYLINE
  5
869
330
17
100
AcDbEntity
  8
PARTS
100
AcDbPolyline
 90
2
 70
0
 10
19.307
 20
33.052
 10
19.306
 20
33.052
  0
LWPOLYLINE
  5
86A
330
17
100
AcDbEntity
  8
PARTS
100
AcDbPolyline
 90
2
 70
0
 10
19.307
 20
32.659099999999995
 10
19.306
 20
32.659099999999995
  0
LWPOLYLINE
  5
86B
330
17
100
AcDbEntity
  8
PARTS
100
AcDbPolyline
 90
2
 70
0
 10
20.6405
 20
32.9003
 10
20.639499999999998
 20
32.9003
  0
LWPOLYLINE
  5
86C
330
17
100
AcDbEntity
  8
PARTS
100
AcDbPolyline
 90
2
 70
0
 10
20.6405
 20
33.0015
 10
20.639499999999998
 20
33.0015
  0
LWPOLYLINE
  5
86D
330
17
100
AcDbEntity
  8
PARTS
100
AcDbPolyline
 90
2
 70
0
 10
20.6405
 20
32.9337
 10
20.639499999999998
 20
32.9337
  0
LWPOLYLINE
  5
86E
330
17
100
AcDbEntity
  8
PARTS
100
AcDbPolyline
 90
2
 70
0
 10
20.6405
 20
33.052
 10
20.639499999999998
 20
33.052
  0
LWPOLYLINE
  5
86F
330
17
100
AcDbEntity
  8
PARTS
100
AcDbPolyline
 90
2
 70
0
 10
20.6405
 20
32.659099999999995
 10
20.639499999999998
 20
32.659099999999995
  0
LWPOLYLINE
  5
870
330
17
100
AcDbEntity
  8
PARTS
100
AcDbPolyline
 90
2
 70
0
 10
24.641
 20
32.9003
 10
24.64
 20
32.9003
  0
LWPOLYLINE
  5
871
330
17
100
AcDbEntity
  8
PARTS
100
AcDbPolyline
 90
2
 70
0
 10
24.641
 20
33.0015
 10
24.64
 20
33.0015
  0
LWPOLYLINE
  5
872
330
17
100
AcDbEntity
  8
PARTS
100
AcDbPolyline
 90
2
 70
0
 10
24.641
 20
32.9337
 10
24.64
 20
32.9337
  0
LWPOLYLINE
  5
873
330
17
100
AcDbEntity
  8
PARTS
100
AcDbPolyline
 90
2
 70
0
 10
24.641
 20
33.052
 10
24.64
 20
33.052
  0
LWPOLYLINE
  5
874
330
17
100
AcDbEntity
  8
PARTS
100
AcDbPolyline
 90
2
 70
0
 10
24.641
 20
32.659099999999995
 10
24.64
 20
32.659099999999995
  0
LWPOLYLINE
  5
875
330
17
100
AcDbEntity
  8
PARTS
100
AcDbPolyline
 90
2
 70
0
 10
30.356
 20
32.9003
 10
30.355
 20
32.9003
  0
LWPOLYLINE
  5
876
330
17
100
AcDbEntity
  8
PARTS
100
AcDbPolyline
 90
2
 70
0
 10
30.356
 20
33.0015
 10
30.355
 20
33.0015
  0
LWPOLYLINE
  5
877
330
17
100
AcDbEntity
  8
PARTS
100
AcDbPolyline
 90
2
 70
0
 10
30.356
 20
32.9337
 10
30.355
 20
32.9337
  0
LWPOLYLINE
  5
878
330
17
100
AcDbEntity
  8
PARTS
100
AcDbPolyline
 90
2
 70
0
 10
30.356
 20
33.052
 10
30.355
 20
33.052
  0
LWPOLYLINE
  5
879
330
17
100
AcDbEntity
  8
PARTS
100
AcDbPolyline
 90
2
 70
0
 10
30.356
 20
32.659099999999995
 10
30.355
 20
32.659099999999995
  0
LWPOLYLINE
  5
87A
330
17
100
AcDbEntity
  8
PARTS
100
AcDbPolyline
 90
2
 70
0
 10
31.594299999999997
 20
32.9003
 10
31.5933
 20
32.9003
  0
LWPOLYLINE
  5
87B
330
17
100
AcDbEntity
  8
PARTS
100
AcDbPolyline
 90
2
 70
0
 10
31.594299999999997
 20
33.0015
 10
31.5933
 20
33.0015
  0
LWPOLYLINE
  5
87C
330
17
100
AcDbEntity
  8
PARTS
100
AcDbPolyline
 90
2
 70
0
 10
31.594299999999997
 20
32.9337
 10
31.5933
 20
32.9337
  0
LWPOLYLINE
  5
87D
330
17
100
AcDbEntity
  8
PARTS
100
AcDbPolyline
 90
2
 70
0
 10
31.594299999999997
 20
33.052
 10
31.5933
 20
33.052
  0
LWPOLYLINE
  5
87E
330
17
100
AcDbEntity
  8
PARTS
100
AcDbPolyline
 90
2
 70
0
 10
31.594299999999997
 20
32.659099999999995
 10
31.5933
 20
32.659099999999995
  0
LWPOLYLINE
  5
87F
330
17
100
AcDbEntity
  8
PARTS
100
AcDbPolyline
 90
2
 70
0
 10
32.3305
 20
32.8017
 10
32.3315
 20
32.8017
  0
LWPOLYLINE
  5
880
330
17
100
AcDbEntity
  8
PARTS
100
AcDbPolyline
 90
2
 70
0
 10
32.3305
 20
32.7004
 10
32.3315
 20
32.7004
  0
LWPOLYLINE
  5
881
330
17
100
AcDbEntity
  8
PARTS
100
AcDbPolyline
 90
2
 70
0
 10
32.3305
 20
32.7682
 10
32.3315
 20
32.7682
  0
LWPOLYLINE
  5
882
330
17
100
AcDbEntity
  8
PARTS
100
AcDbPolyline
 90
2
 70
0
 10
32.3305
 20
32.6499
 10
32.3315
 20
32.6499
  0
LWPOLYLINE
  5
883
330
17
100
AcDbEntity
  8
PARTS
100
AcDbPolyline
 90
2
 70
0
 10
32.3305
 20
33.0429
 10
32.3315
 20
33.0429
  0
LWPOLYLINE
  5
884
330
17
100
AcDbEntity
  8
PARTS
100
AcDbPolyline
 90
2
 70
0
 10
33.568799999999996
 20
32.8017
 10
33.5698
 20
32.8017
  0
LWPOLYLINE
  5
885
330
17
100
AcDbEntity
  8
PARTS
100
AcDbPolyline
 90
2
 70
0
 10
33.568799999999996
 20
32.7004
 10
33.5698
 20
32.7004
  0
LWPOLYLINE
  5
886
330
17
100
AcDbEntity
  8
PARTS
100
AcDbPolyline
 90
2
 70
0
 10
33.568799999999996
 20
32.7682
 10
33.5698
 20
32.7682
  0
LWPOLYLINE
  5
887
330
17
100
AcDbEntity
  8
PARTS
100
AcDbPolyline
 90
2
 70
0
 10
33.568799999999996
 20
32.6499
 10
33.5698
 20
32.6499
  0
LWPOLYLINE
  5
888
330
17
100
AcDbEntity
  8
PARTS
100
AcDbPolyline
 90
2
 70
0
 10
33.568799999999996
 20
33.0429
 10
33.5698
 20
33.0429
  0
LWPOLYLINE
  5
889
330
17
100
AcDbEntity
  8
PARTS
100
AcDbPolyline
 90
2
 70
0
 10
35.309
 20
32.9003
 10
35.308
 20
32.9003
  0
LWPOLYLINE
  5
88A
330
17
100
AcDbEntity
  8
PARTS
100
AcDbPolyline
 90
2
 70
0
 10
35.309
 20
33.0015
 10
35.308
 20
33.0015
  0
LWPOLYLINE
  5
88B
330
17
100
AcDbEntity
  8
PARTS
100
AcDbPolyline
 90
2
 70
0
 10
35.309
 20
32.9337
 10
35.308
 20
32.9337
  0
LWPOLYLINE
  5
88C
330
17
100
AcDbEntity
  8
PARTS
100
AcDbPolyline
 90
2
 70
0
 10
35.309
 20
33.052
 10
35.308
 20
33.052
  0
LWPOLYLINE
  5
88D
330
17
100
AcDbEntity
  8
PARTS
100
AcDbPolyline
 90
2
 70
0
 10
35.309
 20
32.659099999999995
 10
35.308
 20
32.659099999999995
  0
LWPOLYLINE
  5
88E
330
17
100
AcDbEntity
  8
PARTS
100
AcDbPolyline
 90
2
 70
0
 10
16.138
 20
32.8017
 10
16.139
 20
32.8017
  0
LWPOLYLINE
  5
88F
330
17
100
AcDbEntity
  8
PARTS
100
AcDbPolyline
 90
2
 70
0
 10
16.138
 20
32.7004
 10
16.139
 20
32.7004
  0
LWPOLYLINE
  5
890
330
17
100
AcDbEntity
  8
PARTS
100
AcDbPolyline
 90
2
 70
0
 10
16.138
 20
32.7682
 10
16.139
 20
32.7682
  0
LWPOLYLINE
  5
891
330
17
100
AcDbEntity
  8
PARTS
100
AcDbPolyline
 90
2
 70
0
 10
16.138
 20
32.6499
 10
16.139
 20
32.6499
  0
LWPOLYLINE
  5
892
330
17
100
AcDbEntity
  8
PARTS
100
AcDbPolyline
 90
2
 70
0
 10
16.138
 20
33.0429
 10
16.139
 20
33.0429
  0
LWPOLYLINE
  5
893
330
17
100
AcDbEntity
  8
PARTS
100
AcDbPolyline
 90
2
 70
0
 10
17.9735
 20
32.9003
 10
17.9725
 20
32.9003
  0
LWPOLYLINE
  5
894
330
17
100
AcDbEntity
  8
PARTS
100
AcDbPolyline
 90
2
 70
0
 10
17.9735
 20
33.0015
 10
17.9725
 20
33.0015
  0
LWPOLYLINE
  5
895
330
17
100
AcDbEntity
  8
PARTS
100
AcDbPolyline
 90
2
 70
0
 10
17.9735
 20
32.9337
 10
17.9725
 20
32.9337
  0
LWPOLYLINE
  5
896
330
17
100
AcDbEntity
  8
PARTS
100
AcDbPolyline
 90
2
 70
0
 10
17.9735
 20
33.052
 10
17.9725
 20
33.052
  0
LWPOLYLINE
  5
897
330
17
100
AcDbEntity
  8
PARTS
100
AcDbPolyline
 90
2
 70
0
 10
17.9735
 20
32.659099999999995
 10
17.9725
 20
32.659099999999995
  0
LWPOLYLINE
  5
898
330
17
100
AcDbEntity
  8
OUTLINE
100
AcDbPolyline
 90
2
 70
0
 10
15.5
 20
26.25
 10
15.5
 20
50.25
  0
LWPOLYLINE
  5
899
330
17
100
AcDbEntity
  8
OUTLINE
100
AcDbPolyline
 90
2
 70
0
 10
15.5
 20
50.25
 10
36.0
 20
50.25
  0
LWPOLYLINE
  5
89A
330
17
100
AcDbEntity
  8
OUTLINE
100
AcDbPolyline
 90
2
 70
0
 10
36.0
 20
50.25
 10
36.0
 20
26.25
  0
LWPOLYLINE
  5
89B
330
17
100
AcDbEntity
  8
OUTLINE
100
AcDbPolyline
 90
2
 70
0
 10
36.0
 20
26.25
 10
15.5
 20
26.25
  0
CIRCLE
  5
89C
330
17
100
AcDbEntity
  8
HOLES
100
AcDbCircle
 10
17.246
 20
36.025999999999996
 30
0.0
 40
1.25
  0
LWPOLYLINE
  5
89D
330
17
100
AcDbEntity
  8
CENTER
100
AcDbPolyline
 90
2
 70
0
 10
15.370999999999999
 20
36.025999999999996
 10
19.121
 20
36.025999999999996
  0
LWPOLYLINE
  5
89E
330
17
100
AcDbEntity
  8
CENTER
100
AcDbPolyline
 90
2
 70
0
 10
17.246
 20
34.150999999999996
 10
17.246
 20
37.900999999999996
  0
CIRCLE
  5
89F
330
17
100
AcDbEntity
  8
HOLES
100
AcDbCircle
 10
34.236
 20
36.025999999999996
 30
0.0
 40
1.25
  0
LWPOLYLINE
  5
8A0
330
17
100
AcDbEntity
  8
CENTER
100
AcDbPolyline
 90
2
 70
0
 10
32.361
 20
36.025999999999996
 10
36.111
 20
36.025999999999996
  0
LWPOLYLINE
  5
8A1
330
17
100
AcDbEntity
  8
CENTER
100
AcDbPolyline
 90
2
 70
0
 10
34.236
 20
34.150999999999996
 10
34.236
 20
37.900999999999996
  0
TEXT
  5
8A2
330
17
100
AcDbEntity
  8
TEXT
100
AcDbText
 10
18.4835
 20
34.2885
 30
0.0
 40
0.625
  1
H1
  7
CJK
 11
18.4835
 21
34.2885
 31
0.0
100
AcDbText
  0
TEXT
  5
8A3
330
17
100
AcDbEntity
  8
TEXT
100
AcDbText
 10
35.473499999999994
 20
34.2885
 30
0.0
 40
0.625
  1
H2
  7
CJK
 11
35.473499999999994
 21
34.2885
 31
0.0
100
AcDbText
  0
TEXT
  5
8A4
330
17
100
AcDbEntity
  8
TEXT
100
AcDbText
 10
15.125
 20
25.2
 30
0.0
 40
0.55
  1
(0,0)
  7
CJK
 72
2
 11
15.125
 21
25.2
 31
0.0
100
AcDbText
  0
CIRCLE
  5
8A5
330
17
100
AcDbEntity
  8
DIM
100
AcDbCircle
 10
15.5
 20
26.25
 30
0.0
 40
0.3
  0
DIMENSION
  5
8A6
330
17
100
AcDbEntity
  8
DIM
100
AcDbDimension
280
0
  2
*D1
  3
PCB2
 10
15.5
 20
18.75
 30
0.0
 11
25.75
 21
19.2125
 31
0.0
 70
32
 71
5
  1
<>
100
AcDbAlignedDimension
 13
15.5
 23
26.25
 33
0.0
 14
36.0
 24
26.25
 34
0.0
 50
0.0
100
AcDbRotatedDimension
  0
DIMENSION
  5
8B5
330
17
100
AcDbEntity
  8
DIM
100
AcDbDimension
280
0
  2
*D2
  3
PCB2
 10
10.0
 20
26.25
 30
0.0
 11
9.5375
 21
38.25
 31
0.0
 70
32
 71
5
  1
<>
100
AcDbAlignedDimension
 13
15.5
 23
26.25
 33
0.0
 14
15.5
 24
50.25
 34
0.0
 50
90.0
100
AcDbRotatedDimension
  0
DIMENSION
  5
8C4
330
17
100
AcDbEntity
  8
DIM
100
AcDbDimension
280
0
  2
*D3
  3
PCB2
 10
15.5
 20
23.75
 30
0.0
 11
16.372999999999998
 21
24.5875
 31
0.0
 70
32
 71
5
  1
<>
100
AcDbAlignedDimension
 13
15.5
 23
26.25
 33
0.0
 14
17.246
 24
36.025999999999996
 34
0.0
 50
0.0
100
AcDbRotatedDimension
  0
DIMENSION
  5
8D3
330
17
100
AcDbEntity
  8
DIM
100
AcDbDimension
280
0
  2
*D4
  3
PCB2
 10
17.246
 20
23.75
 30
0.0
 11
25.741
 21
24.2125
 31
0.0
 70
32
 71
5
  1
<>
100
AcDbAlignedDimension
 13
17.246
 23
36.025999999999996
 33
0.0
 14
34.236
 24
36.025999999999996
 34
0.0
 50
0.0
100
AcDbRotatedDimension
  0
DIMENSION
  5
8E2
330
17
100
AcDbEntity
  8
DIM
100
AcDbDimension
280
0
  2
*D5
  3
PCB2
 10
34.236
 20
23.75
 30
0.0
 11
35.117999999999995
 21
24.5875
 31
0.0
 70
32
 71
5
  1
<>
100
AcDbAlignedDimension
 13
34.236
 23
36.025999999999996
 33
0.0
 14
36.0
 24
26.25
 34
0.0
 50
0.0
100
AcDbRotatedDimension
  0
DIMENSION
  5
8F1
330
17
100
AcDbEntity
  8
DIM
100
AcDbDimension
280
0
  2
*D6
  3
PCB2
 10
15.5
 20
54.75
 30
0.0
 11
16.5874849633065
 21
55.5875
 31
0.0
 70
32
 71
5
  1
<>
100
AcDbAlignedDimension
 13
15.5
 23
50.25
 33
0.0
 14
17.674969926613
 24
50.25
 34
0.0
 50
0.0
100
AcDbRotatedDimension
  0
DIMENSION
  5
900
330
17
100
AcDbEntity
  8
DIM
100
AcDbDimension
280
0
  2
*D7
  3
PCB2
 10
17.674969926613
 20
54.75
 30
0.0
 11
25.7499700279405
 21
55.2125
 31
0.0
 70
32
 71
5
  1
<>
100
AcDbAlignedDimension
 13
17.674969926613
 23
50.25
 33
0.0
 14
33.824970129267996
 24
50.25
 34
0.0
 50
0.0
100
AcDbRotatedDimension
  0
DIMENSION
  5
90F
330
17
100
AcDbEntity
  8
DIM
100
AcDbDimension
280
0
  2
*D8
  3
PCB2
 10
33.824970129267996
 20
54.75
 30
0.0
 11
34.912485064634
 21
55.5875
 31
0.0
 70
32
 71
5
  1
<>
100
AcDbAlignedDimension
 13
33.824970129267996
 23
50.25
 33
0.0
 14
36.0
 24
50.25
 34
0.0
 50
0.0
100
AcDbRotatedDimension
  0
TEXT
  5
91E
330
17
100
AcDbEntity
  8
TEXT
100
AcDbText
 10
34.074970129267996
 20
49.125
 30
0.0
 40
0.575
  1
CARD1
  7
CJK
 11
34.074970129267996
 21
49.125
 31
0.0
100
AcDbText
  0
DIMENSION
  5
91F
330
17
100
AcDbEntity
  8
DIM
100
AcDbDimension
280
0
  2
*D9
  3
PCB2
 10
38.5
 20
50.25
 30
0.0
 11
37.6625
 21
51.286993141986
 31
0.0
 70
32
 71
5
  1
<>
100
AcDbAlignedDimension
 13
36.0
 23
50.25
 33
0.0
 14
33.824970129267996
 24
52.323986283972005
 34
0.0
 50
90.0
100
AcDbRotatedDimension
  0
DIMENSION
  5
92E
330
17
100
AcDbEntity
  8
DIM
100
AcDbDimension
280
0
  2
*D10
  3
PCB2
 10
12.75
 20
26.25
 30
0.0
 11
12.2875
 21
31.137999999999998
 31
0.0
 70
32
 71
5
  1
<>
100
AcDbAlignedDimension
 13
15.5
 23
26.25
 33
0.0
 14
17.246
 24
36.025999999999996
 34
0.0
 50
90.0
100
AcDbRotatedDimension
  0
DIMENSION
  5
93D
330
17
100
AcDbEntity
  8
DIM
100
AcDbDimension
280
0
  2
*D11
  3
PCB2
 10
12.75
 20
36.025999999999996
 30
0.0
 11
12.2875
 21
43.138
 31
0.0
 70
32
 71
5
  1
<>
100
AcDbAlignedDimension
 13
17.246
 23
36.025999999999996
 33
0.0
 14
15.5
 24
50.25
 34
0.0
 50
90.0
100
AcDbRotatedDimension
  0
DIMENSION
  5
94C
330
17
100
AcDbEntity
  8
DIM
100
AcDbDimension
280
0
  2
*D12
  3
PCB2
 10
15.5
 20
21.25
 30
0.0
 11
16.18
 21
22.0875
 31
0.0
 70
32
 71
5
  1
<>
100
AcDbAlignedDimension
 13
15.5
 23
26.25
 33
0.0
 14
16.86
 24
27.517
 34
0.0
 50
0.0
100
AcDbRotatedDimension
  0
DIMENSION
  5
95D
330
17
100
AcDbEntity
  8
DIM
100
AcDbDimension
280
0
  2
*D13
  3
PCB2
 10
16.86
 20
21.25
 30
0.0
 11
25.75
 21
21.7125
 31
0.0
 70
32
 71
5
  1
7x2.54=17.78
100
AcDbAlignedDimension
 13
16.86
 23
27.517
 33
0.0
 14
34.64
 24
27.517
 34
0.0
 50
0.0
100
AcDbRotatedDimension
  0
DIMENSION
  5
96C
330
17
100
AcDbEntity
  8
DIM
100
AcDbDimension
280
0
  2
*D14
  3
PCB2
 10
34.64
 20
21.25
 30
0.0
 11
35.32
 21
22.0875
 31
0.0
 70
32
 71
5
  1
<>
100
AcDbAlignedDimension
 13
34.64
 23
27.517
 33
0.0
 14
36.0
 24
26.25
 34
0.0
 50
0.0
100
AcDbRotatedDimension
  0
DIMENSION
  5
97D
330
17
100
AcDbEntity
  8
DIM
100
AcDbDimension
280
0
  2
*D15
  3
PCB2
 10
16.86
 20
19.0
 30
0.0
 11
18.13
 21
19.4625
 31
0.0
 70
32
 71
5
  1
<>
100
AcDbAlignedDimension
 13
16.86
 23
27.517
 33
0.0
 14
19.4
 24
27.517
 34
0.0
 50
0.0
100
AcDbRotatedDimension
  0
DIMENSION
  5
98C
330
17
100
AcDbEntity
  8
DIM
100
AcDbDimension
280
0
  2
*D16
  3
PCB2
 10
38.5
 20
26.25
 30
0.0
 11
37.6625
 21
26.883499999999998
 31
0.0
 70
32
 71
5
  1
<>
100
AcDbAlignedDimension
 13
36.0
 23
26.25
 33
0.0
 14
34.64
 24
27.517
 34
0.0
 50
90.0
100
AcDbRotatedDimension
  0
LWPOLYLINE
  5
99D
330
17
100
AcDbEntity
  8
DIM
100
AcDbPolyline
 90
2
 70
0
 10
35.11988347648318
 20
36.90988347648318
 10
37.5
 20
39.40988347648318
  0
TEXT
  5
99E
330
17
100
AcDbEntity
  8
DIM
100
AcDbText
 10
37.75
 20
39.60988347648318
 30
0.0
 40
0.625
  1
2x %%c2.50 PTH
  7
CJK
 11
37.75
 21
39.60988347648318
 31
0.0
100
AcDbText
  0
TEXT
  5
99F
330
17
100
AcDbEntity
  8
TEXT
100
AcDbText
 10
25.75
 20
15.75
 30
0.0
 40
0.875
  1
TOP VIEW
  7
CJK
 72
1
 11
25.75
 21
15.75
 31
0.0
100
AcDbText
  0
LWPOLYLINE
  5
9A0
330
17
100
AcDbEntity
  8
PARTS
100
AcDbPolyline
 90
2
 70
0
 10
35.9873
 20
10.598949142790001
 10
35.9873
 20
12.19904914279
  0
LWPOLYLINE
  5
9A1
330
17
100
AcDbEntity
  8
PARTS
100
AcDbPolyline
 90
2
 70
0
 10
35.9873
 20
12.19904914279
 10
15.5127
 20
12.19904914279
  0
LWPOLYLINE
  5
9A2
330
17
100
AcDbEntity
  8
PARTS
100
AcDbPolyline
 90
2
 70
0
 10
15.5127
 20
10.598949142790001
 10
15.5127
 20
12.19904914279
  0
LWPOLYLINE
  5
9A3
330
17
100
AcDbEntity
  8
PARTS
100
AcDbPolyline
 90
2
 70
0
 10
35.9873
 20
10.598949142790001
 10
15.5127
 20
10.598949142790001
  0
LWPOLYLINE
  5
9A4
330
17
100
AcDbEntity
  8
PARTS
100
AcDbPolyline
 90
2
 70
0
 10
26.684
 20
12.219049142790002
 10
26.973
 20
12.219049142790002
  0
LWPOLYLINE
  5
9A5
330
17
100
AcDbEntity
  8
PARTS
100
AcDbPolyline
 90
2
 70
0
 10
27.063200000000002
 20
12.219049142790002
 10
27.0706
 20
12.219049142790002
  0
LWPOLYLINE
  5
9A6
330
17
100
AcDbEntity
  8
PARTS
100
AcDbPolyline
 90
2
 70
0
 10
27.1511
 20
12.219049142790002
 10
27.1706
 20
12.219049142790002
  0
LWPOLYLINE
  5
9A7
330
17
100
AcDbEntity
  8
PARTS
100
AcDbPolyline
 90
2
 70
0
 10
27.2242
 20
12.219049142790002
 10
27.2437
 20
12.219049142790002
  0
LWPOLYLINE
  5
9A8
330
17
100
AcDbEntity
  8
PARTS
100
AcDbPolyline
 90
2
 70
0
 10
27.3181
 20
12.219049142790002
 10
27.326700000000002
 20
12.219049142790002
  0
LWPOLYLINE
  5
9A9
330
17
100
AcDbEntity
  8
PARTS
100
AcDbPolyline
 90
2
 70
0
 10
27.3779
 20
12.219049142790002
 10
27.684
 20
12.219049142790002
  0
LWPOLYLINE
  5
9AA
330
17
100
AcDbEntity
  8
PARTS
100
AcDbPolyline
 90
2
 70
0
 10
27.7605
 20
12.219049142790002
 10
26.6075
 20
12.219049142790002
  0
LWPOLYLINE
  5
9AB
330
17
100
AcDbEntity
  8
PARTS
100
AcDbPolyline
 90
2
 70
0
 10
26.6021
 20
12.19904914279
 10
26.5935
 20
12.20904914279
  0
LWPOLYLINE
  5
9AC
330
17
100
AcDbEntity
  8
PARTS
100
AcDbPolyline
 90
2
 70
0
 10
26.5935
 20
12.20904914279
 10
26.5905
 20
12.20904914279
  0
LWPOLYLINE
  5
9AD
330
17
100
AcDbEntity
  8
PARTS
100
AcDbPolyline
 90
2
 70
0
 10
26.5905
 20
12.20904914279
 10
26.591900000000003
 20
12.21364914279
  0
LWPOLYLINE
  5
9AE
330
17
100
AcDbEntity
  8
PARTS
100
AcDbPolyline
 90
2
 70
0
 10
26.591900000000003
 20
12.21364914279
 10
26.5905
 20
12.219049142790002
  0
LWPOLYLINE
  5
9AF
330
17
100
AcDbEntity
  8
PARTS
100
AcDbPolyline
 90
2
 70
0
 10
26.5905
 20
12.219049142790002
 10
26.5935
 20
12.219049142790002
  0
LWPOLYLINE
  5
9B0
330
17
100
AcDbEntity
  8
PARTS
100
AcDbPolyline
 90
2
 70
0
 10
26.5935
 20
12.219049142790002
 10
26.6021
 20
12.249049142790001
  0
LWPOLYLINE
  5
9B1
330
17
100
AcDbEntity
  8
PARTS
100
AcDbPolyline
 90
2
 70
0
 10
26.597900000000003
 20
12.201249142790001
 10
26.6021
 20
12.19904914279
  0
LWPOLYLINE
  5
9B2
330
17
100
AcDbEntity
  8
PARTS
100
AcDbPolyline
 90
2
 70
0
 10
26.5905
 20
12.219049142790002
 10
26.591900000000003
 20
12.21364914279
  0
LWPOLYLINE
  5
9B3
330
17
100
AcDbEntity
  8
PARTS
100
AcDbPolyline
 90
2
 70
0
 10
26.6021
 20
13.499049142790001
 10
26.684
 20
13.499049142790001
  0
LWPOLYLINE
  5
9B4
330
17
100
AcDbEntity
  8
PARTS
100
AcDbPolyline
 90
2
 70
0
 10
26.684
 20
13.499049142790001
 10
26.6021
 20
13.499049142790001
  0
LWPOLYLINE
  5
9B5
330
17
100
AcDbEntity
  8
PARTS
100
AcDbPolyline
 90
2
 70
0
 10
26.234
 20
13.499049142790001
 10
26.6021
 20
13.499049142790001
  0
LWPOLYLINE
  5
9B6
330
17
100
AcDbEntity
  8
PARTS
100
AcDbPolyline
 90
13
 70
0
 10
26.6021
 20
12.249049142790001
 10
26.627000000000002
 20
12.347149142790002
 10
26.6475
 20
12.446249142790002
 10
26.663400000000003
 20
12.546249142790002
 10
26.6749
 20
12.646749142790002
 10
26.6817
 20
12.747749142790001
 10
26.684
 20
12.849049142790001
 10
26.6817
 20
12.950249142790001
 10
26.6749
 20
13.051249142790002
 10
26.663400000000003
 20
13.15174914279
 10
26.6475
 20
13.25174914279
 10
26.627000000000002
 20
13.35084914279
 10
26.6021
 20
13.44904914279
  0
LWPOLYLINE
  5
9B7
330
17
100
AcDbEntity
  8
PARTS
100
AcDbPolyline
 90
2
 70
0
 10
26.5905
 20
13.489049142790002
 10
26.5935
 20
13.489049142790002
  0
LWPOLYLINE
  5
9B8
330
17
100
AcDbEntity
  8
PARTS
100
AcDbPolyline
 90
2
 70
0
 10
26.5935
 20
13.489049142790002
 10
26.6021
 20
13.499049142790001
  0
LWPOLYLINE
  5
9B9
330
17
100
AcDbEntity
  8
PARTS
100
AcDbPolyline
 90
2
 70
0
 10
26.6021
 20
13.44904914279
 10
26.5935
 20
13.479049142790002
  0
LWPOLYLINE
  5
9BA
330
17
100
AcDbEntity
  8
PARTS
100
AcDbPolyline
 90
2
 70
0
 10
26.5935
 20
13.479049142790002
 10
26.5905
 20
13.479049142790002
  0
LWPOLYLINE
  5
9BB
330
17
100
AcDbEntity
  8
PARTS
100
AcDbPolyline
 90
2
 70
0
 10
26.5905
 20
13.479049142790002
 10
26.591900000000003
 20
13.484349142790002
  0
LWPOLYLINE
  5
9BC
330
17
100
AcDbEntity
  8
PARTS
100
AcDbPolyline
 90
2
 70
0
 10
26.591900000000003
 20
13.484349142790002
 10
26.5905
 20
13.489049142790002
  0
LWPOLYLINE
  5
9BD
330
17
100
AcDbEntity
  8
PARTS
100
AcDbPolyline
 90
2
 70
0
 10
26.5987
 20
13.460849142790002
 10
26.6021
 20
13.44904914279
  0
LWPOLYLINE
  5
9BE
330
17
100
AcDbEntity
  8
PARTS
100
AcDbPolyline
 90
2
 70
0
 10
26.5905
 20
13.479149142790002
 10
26.5905
 20
13.479049142790002
  0
LWPOLYLINE
  5
9BF
330
17
100
AcDbEntity
  8
PARTS
100
AcDbPolyline
 90
2
 70
0
 10
26.6075
 20
12.219049142790002
 10
26.5977
 20
12.233649142790002
  0
LWPOLYLINE
  5
9C0
330
17
100
AcDbEntity
  8
PARTS
100
AcDbPolyline
 90
2
 70
0
 10
26.5977
 20
12.233649142790002
 10
26.5977
 20
12.233649142790002
  0
LWPOLYLINE
  5
9C1
330
17
100
AcDbEntity
  8
PARTS
100
AcDbPolyline
 90
2
 70
0
 10
26.5935
 20
12.219049142790002
 10
26.5935
 20
12.20904914279
  0
LWPOLYLINE
  5
9C2
330
17
100
AcDbEntity
  8
PARTS
100
AcDbPolyline
 90
2
 70
0
 10
26.591900000000003
 20
12.21364914279
 10
26.5935
 20
12.219049142790002
  0
LWPOLYLINE
  5
9C3
330
17
100
AcDbEntity
  8
PARTS
100
AcDbPolyline
 90
2
 70
0
 10
26.6075
 20
13.479049142790002
 10
27.7605
 20
13.479049142790002
  0
LWPOLYLINE
  5
9C4
330
17
100
AcDbEntity
  8
PARTS
100
AcDbPolyline
 90
2
 70
0
 10
27.684
 20
13.479049142790002
 10
26.684
 20
13.479049142790002
  0
LWPOLYLINE
  5
9C5
330
17
100
AcDbEntity
  8
PARTS
100
AcDbPolyline
 90
13
 70
0
 10
27.766
 20
12.249049142790001
 10
27.741100000000003
 20
12.347149142790002
 10
27.7206
 20
12.446249142790002
 10
27.7046
 20
12.546249142790002
 10
27.6932
 20
12.646749142790002
 10
27.686300000000003
 20
12.747749142790001
 10
27.684
 20
12.849049142790001
 10
27.686300000000003
 20
12.950249142790001
 10
27.6932
 20
13.051249142790002
 10
27.7046
 20
13.15174914279
 10
27.7206
 20
13.25174914279
 10
27.741100000000003
 20
13.35084914279
 10
27.766
 20
13.44904914279
  0
LWPOLYLINE
  5
9C6
330
17
100
AcDbEntity
  8
PARTS
100
AcDbPolyline
 90
2
 70
0
 10
27.766
 20
13.499049142790001
 10
27.684
 20
13.499049142790001
  0
LWPOLYLINE
  5
9C7
330
17
100
AcDbEntity
  8
PARTS
100
AcDbPolyline
 90
2
 70
0
 10
27.684
 20
13.499049142790001
 10
27.766
 20
13.499049142790001
  0
LWPOLYLINE
  5
9C8
330
17
100
AcDbEntity
  8
PARTS
100
AcDbPolyline
 90
2
 70
0
 10
27.766
 20
13.499049142790001
 10
28.134
 20
13.499049142790001
  0
LWPOLYLINE
  5
9C9
330
17
100
AcDbEntity
  8
PARTS
100
AcDbPolyline
 90
2
 70
0
 10
27.7746
 20
12.219049142790002
 10
27.7775
 20
12.219049142790002
  0
LWPOLYLINE
  5
9CA
330
17
100
AcDbEntity
  8
PARTS
100
AcDbPolyline
 90
2
 70
0
 10
27.7746
 20
12.219049142790002
 10
27.7746
 20
12.20904914279
  0
LWPOLYLINE
  5
9CB
330
17
100
AcDbEntity
  8
PARTS
100
AcDbPolyline
 90
2
 70
0
 10
27.7703
 20
12.233649142790002
 10
27.7605
 20
12.219049142790002
  0
LWPOLYLINE
  5
9CC
330
17
100
AcDbEntity
  8
PARTS
100
AcDbPolyline
 90
2
 70
0
 10
27.7728
 20
12.205049142790001
 10
27.766
 20
12.19904914279
  0
LWPOLYLINE
  5
9CD
330
17
100
AcDbEntity
  8
PARTS
100
AcDbPolyline
 90
2
 70
0
 10
27.766
 20
12.19904914279
 10
27.7746
 20
12.20904914279
  0
LWPOLYLINE
  5
9CE
330
17
100
AcDbEntity
  8
PARTS
100
AcDbPolyline
 90
2
 70
0
 10
27.7746
 20
12.219049142790002
 10
27.7761
 20
12.21364914279
  0
LWPOLYLINE
  5
9CF
330
17
100
AcDbEntity
  8
PARTS
100
AcDbPolyline
 90
2
 70
0
 10
27.7761
 20
12.21364914279
 10
27.7775
 20
12.219049142790002
  0
LWPOLYLINE
  5
9D0
330
17
100
AcDbEntity
  8
PARTS
100
AcDbPolyline
 90
2
 70
0
 10
28.184
 20
13.44904914279
 10
28.184
 20
12.249049142790001
  0
LWPOLYLINE
  5
9D1
330
17
100
AcDbEntity
  8
PARTS
100
AcDbPolyline
 90
2
 70
0
 10
27.770200000000003
 20
13.496649142790002
 10
27.7729
 20
13.492749142790002
  0
LWPOLYLINE
  5
9D2
330
17
100
AcDbEntity
  8
PARTS
100
AcDbPolyline
 90
2
 70
0
 10
27.768900000000002
 20
13.459349142790002
 10
27.766
 20
13.44904914279
  0
LWPOLYLINE
  5
9D3
330
17
100
AcDbEntity
  8
PARTS
100
AcDbPolyline
 90
2
 70
0
 10
27.7775
 20
12.209149142790002
 10
27.7775
 20
12.20904914279
  0
LWPOLYLINE
  5
9D4
330
17
100
AcDbEntity
  8
PARTS
100
AcDbPolyline
 90
2
 70
0
 10
27.7775
 20
12.219049142790002
 10
27.7761
 20
12.21364914279
  0
LWPOLYLINE
  5
9D5
330
17
100
AcDbEntity
  8
PARTS
100
AcDbPolyline
 90
2
 70
0
 10
27.766
 20
13.44904914279
 10
27.7746
 20
13.479049142790002
  0
LWPOLYLINE
  5
9D6
330
17
100
AcDbEntity
  8
PARTS
100
AcDbPolyline
 90
2
 70
0
 10
27.7746
 20
13.489049142790002
 10
27.766
 20
13.499049142790001
  0
LWPOLYLINE
  5
9D7
330
17
100
AcDbEntity
  8
PARTS
100
AcDbPolyline
 90
2
 70
0
 10
27.7746
 20
13.489049142790002
 10
27.7775
 20
13.489049142790002
  0
LWPOLYLINE
  5
9D8
330
17
100
AcDbEntity
  8
PARTS
100
AcDbPolyline
 90
2
 70
0
 10
27.7761
 20
13.484349142790002
 10
27.7775
 20
13.489049142790002
  0
LWPOLYLINE
  5
9D9
330
17
100
AcDbEntity
  8
PARTS
100
AcDbPolyline
 90
2
 70
0
 10
27.7775
 20
13.479049142790002
 10
27.7761
 20
13.484349142790002
  0
LWPOLYLINE
  5
9DA
330
17
100
AcDbEntity
  8
PARTS
100
AcDbPolyline
 90
2
 70
0
 10
27.7775
 20
13.479049142790002
 10
27.7746
 20
13.479049142790002
  0
LWPOLYLINE
  5
9DB
330
17
100
AcDbEntity
  8
PARTS
100
AcDbPolyline
 90
2
 70
0
 10
27.7746
 20
12.219049142790002
 10
27.766
 20
12.249049142790001
  0
LWPOLYLINE
  5
9DC
330
17
100
AcDbEntity
  8
PARTS
100
AcDbPolyline
 90
2
 70
0
 10
27.7775
 20
12.20904914279
 10
27.7761
 20
12.21364914279
  0
LWPOLYLINE
  5
9DD
330
17
100
AcDbEntity
  8
PARTS
100
AcDbPolyline
 90
2
 70
0
 10
27.7775
 20
12.20904914279
 10
27.7746
 20
12.20904914279
  0
LWPOLYLINE
  5
9DE
330
17
100
AcDbEntity
  8
PARTS
100
AcDbPolyline
 90
2
 70
0
 10
28.184
 20
13.44904914279
 10
28.134
 20
13.499049142790001
  0
LWPOLYLINE
  5
9DF
330
17
100
AcDbEntity
  8
PARTS
100
AcDbPolyline
 90
2
 70
0
 10
28.134
 20
12.19904914279
 10
28.184
 20
12.249049142790001
  0
LWPOLYLINE
  5
9E0
330
17
100
AcDbEntity
  8
PARTS
100
AcDbPolyline
 90
2
 70
0
 10
27.7775
 20
12.20904914279
 10
27.7768
 20
12.211449142790002
  0
LWPOLYLINE
  5
9E1
330
17
100
AcDbEntity
  8
PARTS
100
AcDbPolyline
 90
2
 70
0
 10
27.7761
 20
12.21364914279
 10
27.7746
 20
12.219049142790002
  0
LWPOLYLINE
  5
9E2
330
17
100
AcDbEntity
  8
PARTS
100
AcDbPolyline
 90
2
 70
0
 10
27.7605
 20
13.479049142790002
 10
27.7703
 20
13.464349142790002
  0
LWPOLYLINE
  5
9E3
330
17
100
AcDbEntity
  8
PARTS
100
AcDbPolyline
 90
2
 70
0
 10
27.7708
 20
13.466049142790002
 10
27.7703
 20
13.464349142790002
  0
LWPOLYLINE
  5
9E4
330
17
100
AcDbEntity
  8
PARTS
100
AcDbPolyline
 90
2
 70
0
 10
27.7746
 20
13.479049142790002
 10
27.7746
 20
13.489049142790002
  0
LWPOLYLINE
  5
9E5
330
17
100
AcDbEntity
  8
PARTS
100
AcDbPolyline
 90
2
 70
0
 10
27.7746
 20
13.479049142790002
 10
27.7761
 20
13.484349142790002
  0
LWPOLYLINE
  5
9E6
330
17
100
AcDbEntity
  8
PARTS
100
AcDbPolyline
 90
2
 70
0
 10
27.7768
 20
13.48654914279
 10
27.7775
 20
13.489049142790002
  0
LWPOLYLINE
  5
9E7
330
17
100
AcDbEntity
  8
PARTS
100
AcDbPolyline
 90
2
 70
0
 10
27.7746
 20
13.479049142790002
 10
27.7761
 20
13.484349142790002
  0
LWPOLYLINE
  5
9E8
330
17
100
AcDbEntity
  8
PARTS
100
AcDbPolyline
 90
2
 70
0
 10
26.184
 20
12.249049142790001
 10
26.184
 20
13.44904914279
  0
LWPOLYLINE
  5
9E9
330
17
100
AcDbEntity
  8
PARTS
100
AcDbPolyline
 90
2
 70
0
 10
26.234
 20
12.19904914279
 10
26.184
 20
12.249049142790001
  0
LWPOLYLINE
  5
9EA
330
17
100
AcDbEntity
  8
PARTS
100
AcDbPolyline
 90
2
 70
0
 10
26.184
 20
13.44904914279
 10
26.234
 20
13.499049142790001
  0
LWPOLYLINE
  5
9EB
330
17
100
AcDbEntity
  8
PARTS
100
AcDbPolyline
 90
2
 70
0
 10
26.5905
 20
12.20904914279
 10
26.5913
 20
12.211449142790002
  0
LWPOLYLINE
  5
9EC
330
17
100
AcDbEntity
  8
PARTS
100
AcDbPolyline
 90
2
 70
0
 10
26.591900000000003
 20
12.21364914279
 10
26.5935
 20
12.219049142790002
  0
LWPOLYLINE
  5
9ED
330
17
100
AcDbEntity
  8
PARTS
100
AcDbPolyline
 90
2
 70
0
 10
26.5935
 20
13.479049142790002
 10
26.5935
 20
13.489049142790002
  0
LWPOLYLINE
  5
9EE
330
17
100
AcDbEntity
  8
PARTS
100
AcDbPolyline
 90
2
 70
0
 10
26.5935
 20
13.479049142790002
 10
26.5977
 20
13.464349142790002
  0
LWPOLYLINE
  5
9EF
330
17
100
AcDbEntity
  8
PARTS
100
AcDbPolyline
 90
2
 70
0
 10
26.5977
 20
13.464349142790002
 10
26.6075
 20
13.479049142790002
  0
LWPOLYLINE
  5
9F0
330
17
100
AcDbEntity
  8
PARTS
100
AcDbPolyline
 90
2
 70
0
 10
26.591900000000003
 20
13.484349142790002
 10
26.5935
 20
13.479049142790002
  0
LWPOLYLINE
  5
9F1
330
17
100
AcDbEntity
  8
PARTS
100
AcDbPolyline
 90
2
 70
0
 10
26.5935
 20
13.479049142790002
 10
26.591900000000003
 20
13.484349142790002
  0
LWPOLYLINE
  5
9F2
330
17
100
AcDbEntity
  8
PARTS
100
AcDbPolyline
 90
2
 70
0
 10
26.5913
 20
13.48654914279
 10
26.5905
 20
13.489049142790002
  0
LWPOLYLINE
  5
9F3
330
17
100
AcDbEntity
  8
PARTS
100
AcDbPolyline
 90
2
 70
0
 10
27.684
 20
12.20904914279
 10
26.684
 20
12.20904914279
  0
LWPOLYLINE
  5
9F4
330
17
100
AcDbEntity
  8
PARTS
100
AcDbPolyline
 90
2
 70
0
 10
26.6343
 20
12.19904914279
 10
26.602
 20
12.19904914279
  0
LWPOLYLINE
  5
9F5
330
17
100
AcDbEntity
  8
PARTS
100
AcDbPolyline
 90
2
 70
0
 10
26.6343
 20
12.19904914279
 10
26.631700000000002
 20
12.201649142790002
  0
LWPOLYLINE
  5
9F6
330
17
100
AcDbEntity
  8
PARTS
100
AcDbPolyline
 90
2
 70
0
 10
27.7337
 20
12.19904914279
 10
27.7364
 20
12.201649142790002
  0
LWPOLYLINE
  5
9F7
330
17
100
AcDbEntity
  8
PARTS
100
AcDbPolyline
 90
2
 70
0
 10
20.6405
 20
12.36904914279
 10
21.384
 20
12.36904914279
  0
LWPOLYLINE
  5
9F8
330
17
100
AcDbEntity
  8
PARTS
100
AcDbPolyline
 90
2
 70
0
 10
21.421
 20
12.517749142790002
 10
21.433999999999997
 20
12.36904914279
  0
LWPOLYLINE
  5
9F9
330
17
100
AcDbEntity
  8
PARTS
100
AcDbPolyline
 90
2
 70
0
 10
21.421
 20
12.517749142790002
 10
21.384
 20
12.517749142790002
  0
LWPOLYLINE
  5
9FA
330
17
100
AcDbEntity
  8
PARTS
100
AcDbPolyline
 90
2
 70
0
 10
20.346600000000002
 20
12.60904914279
 10
21.3214
 20
12.60904914279
  0
LWPOLYLINE
  5
9FB
330
17
100
AcDbEntity
  8
PARTS
100
AcDbPolyline
 90
2
 70
0
 10
20.259999999999998
 20
12.559049142790002
 10
20.28
 20
12.583549142790002
  0
LWPOLYLINE
  5
9FC
330
17
100
AcDbEntity
  8
PARTS
100
AcDbPolyline
 90
2
 70
0
 10
20.28
 20
12.583549142790002
 10
20.3119
 20
12.602849142790001
  0
LWPOLYLINE
  5
9FD
330
17
100
AcDbEntity
  8
PARTS
100
AcDbPolyline
 90
2
 70
0
 10
20.3119
 20
12.602849142790001
 10
20.3129
 20
12.603249142790002
  0
LWPOLYLINE
  5
9FE
330
17
100
AcDbEntity
  8
PARTS
100
AcDbPolyline
 90
2
 70
0
 10
20.3129
 20
12.603249142790002
 10
20.346600000000002
 20
12.60904914279
  0
LWPOLYLINE
  5
9FF
330
17
100
AcDbEntity
  8
PARTS
100
AcDbPolyline
 90
2
 70
0
 10
20.346600000000002
 20
12.60904914279
 10
20.2907
 20
12.559049142790002
  0
LWPOLYLINE
  5
A00
330
17
100
AcDbEntity
  8
PARTS
100
AcDbPolyline
 90
2
 70
0
 10
21.3214
 20
12.60904914279
 10
21.384
 20
12.517749142790002
  0
LWPOLYLINE
  5
A01
330
17
100
AcDbEntity
  8
PARTS
100
AcDbPolyline
 90
2
 70
0
 10
20.282899999999998
 20
12.586049142790001
 10
20.285600000000002
 20
12.588249142790001
  0
LWPOLYLINE
  5
A02
330
17
100
AcDbEntity
  8
PARTS
100
AcDbPolyline
 90
2
 70
0
 10
20.311999999999998
 20
12.602649142790002
 10
20.313200000000002
 20
12.603049142790002
  0
LWPOLYLINE
  5
A03
330
17
100
AcDbEntity
  8
PARTS
100
AcDbPolyline
 90
2
 70
0
 10
20.313299999999998
 20
12.603049142790002
 10
20.3138
 20
12.603249142790002
  0
LWPOLYLINE
  5
A04
330
17
100
AcDbEntity
  8
PARTS
100
AcDbPolyline
 90
2
 70
0
 10
21.3214
 20
12.60904914279
 10
21.388199999999998
 20
12.583349142790002
  0
LWPOLYLINE
  5
A05
330
17
100
AcDbEntity
  8
PARTS
100
AcDbPolyline
 90
2
 70
0
 10
21.388199999999998
 20
12.583349142790002
 10
21.4113
 20
12.552549142790001
  0
LWPOLYLINE
  5
A06
330
17
100
AcDbEntity
  8
PARTS
100
AcDbPolyline
 90
2
 70
0
 10
21.4113
 20
12.552549142790001
 10
21.4187
 20
12.531949142790001
  0
LWPOLYLINE
  5
A07
330
17
100
AcDbEntity
  8
PARTS
100
AcDbPolyline
 90
2
 70
0
 10
21.4187
 20
12.531949142790001
 10
21.421
 20
12.517749142790002
  0
LWPOLYLINE
  5
A08
330
17
100
AcDbEntity
  8
PARTS
100
AcDbPolyline
 90
2
 70
0
 10
21.3214
 20
12.60904914279
 10
21.3233
 20
12.608949142790001
  0
LWPOLYLINE
  5
A09
330
17
100
AcDbEntity
  8
PARTS
100
AcDbPolyline
 90
2
 70
0
 10
21.354799999999997
 20
12.603049142790002
 10
21.358800000000002
 20
12.601549142790002
  0
LWPOLYLINE
  5
A0A
330
17
100
AcDbEntity
  8
PARTS
100
AcDbPolyline
 90
2
 70
0
 10
21.386400000000002
 20
12.584949142790002
 10
21.386400000000002
 20
12.584949142790002
  0
LWPOLYLINE
  5
A0B
330
17
100
AcDbEntity
  8
PARTS
100
AcDbPolyline
 90
2
 70
0
 10
21.387700000000002
 20
12.583849142790001
 10
21.387999999999998
 20
12.583649142790001
  0
LWPOLYLINE
  5
A0C
330
17
100
AcDbEntity
  8
PARTS
100
AcDbPolyline
 90
2
 70
0
 10
21.410899999999998
 20
12.553649142790002
 10
21.411099999999998
 20
12.553149142790001
  0
LWPOLYLINE
  5
A0D
330
17
100
AcDbEntity
  8
PARTS
100
AcDbPolyline
 90
2
 70
0
 10
21.473
 20
12.379049142790002
 10
21.433999999999997
 20
12.379049142790002
  0
LWPOLYLINE
  5
A0E
330
17
100
AcDbEntity
  8
PARTS
100
AcDbPolyline
 90
2
 70
0
 10
21.433999999999997
 20
12.36904914279
 10
21.433999999999997
 20
12.379049142790002
  0
LWPOLYLINE
  5
A0F
330
17
100
AcDbEntity
  8
PARTS
100
AcDbPolyline
 90
2
 70
0
 10
21.473
 20
12.36904914279
 10
21.433999999999997
 20
12.36904914279
  0
LWPOLYLINE
  5
A10
330
17
100
AcDbEntity
  8
PARTS
100
AcDbPolyline
 90
2
 70
0
 10
20.639499999999998
 20
12.20904914279
 10
21.473
 20
12.20904914279
  0
LWPOLYLINE
  5
A11
330
17
100
AcDbEntity
  8
PARTS
100
AcDbPolyline
 90
2
 70
0
 10
20.6405
 20
12.36904914279
 10
21.473
 20
12.36904914279
  0
LWPOLYLINE
  5
A12
330
17
100
AcDbEntity
  8
PARTS
100
AcDbPolyline
 90
2
 70
0
 10
21.973
 20
12.54904914279
 10
21.973
 20
12.19904914279
  0
LWPOLYLINE
  5
A13
330
17
100
AcDbEntity
  8
PARTS
100
AcDbPolyline
 90
2
 70
0
 10
21.473
 20
12.54904914279
 10
21.973
 20
12.54904914279
  0
LWPOLYLINE
  5
A14
330
17
100
AcDbEntity
  8
PARTS
100
AcDbPolyline
 90
2
 70
0
 10
21.473
 20
12.54904914279
 10
21.473
 20
12.19904914279
  0
LWPOLYLINE
  5
A15
330
17
100
AcDbEntity
  8
PARTS
100
AcDbPolyline
 90
2
 70
0
 10
21.483
 20
12.559049142790002
 10
21.963
 20
12.559049142790002
  0
LWPOLYLINE
  5
A16
330
17
100
AcDbEntity
  8
PARTS
100
AcDbPolyline
 90
2
 70
0
 10
21.968
 20
12.54904914279
 10
21.963
 20
12.559049142790002
  0
LWPOLYLINE
  5
A17
330
17
100
AcDbEntity
  8
PARTS
100
AcDbPolyline
 90
2
 70
0
 10
21.478
 20
12.54904914279
 10
21.483
 20
12.559049142790002
  0
LWPOLYLINE
  5
A18
330
17
100
AcDbEntity
  8
PARTS
100
AcDbPolyline
 90
2
 70
0
 10
21.974
 20
12.43234914279
 10
21.974
 20
12.43234914279
  0
LWPOLYLINE
  5
A19
330
17
100
AcDbEntity
  8
PARTS
100
AcDbPolyline
 90
2
 70
0
 10
21.974
 20
12.43234914279
 10
21.974
 20
12.421249142790002
  0
LWPOLYLINE
  5
A1A
330
17
100
AcDbEntity
  8
PARTS
100
AcDbPolyline
 90
2
 70
0
 10
21.974
 20
12.421249142790002
 10
21.974
 20
12.409249142790001
  0
LWPOLYLINE
  5
A1B
330
17
100
AcDbEntity
  8
PARTS
100
AcDbPolyline
 90
2
 70
0
 10
21.974
 20
12.409249142790001
 10
21.974
 20
12.409249142790001
  0
LWPOLYLINE
  5
A1C
330
17
100
AcDbEntity
  8
PARTS
100
AcDbPolyline
 90
2
 70
0
 10
21.974
 20
12.409249142790001
 10
21.974
 20
12.39564914279
  0
LWPOLYLINE
  5
A1D
330
17
100
AcDbEntity
  8
PARTS
100
AcDbPolyline
 90
2
 70
0
 10
21.974
 20
12.39564914279
 10
21.974
 20
12.362749142790001
  0
LWPOLYLINE
  5
A1E
330
17
100
AcDbEntity
  8
PARTS
100
AcDbPolyline
 90
2
 70
0
 10
21.974
 20
12.362749142790001
 10
21.974
 20
12.331149142790002
  0
LWPOLYLINE
  5
A1F
330
17
100
AcDbEntity
  8
PARTS
100
AcDbPolyline
 90
2
 70
0
 10
21.974
 20
12.331149142790002
 10
21.974
 20
12.31714914279
  0
LWPOLYLINE
  5
A20
330
17
100
AcDbEntity
  8
PARTS
100
AcDbPolyline
 90
2
 70
0
 10
21.974
 20
12.31714914279
 10
21.974
 20
12.297249142790001
  0
LWPOLYLINE
  5
A21
330
17
100
AcDbEntity
  8
PARTS
100
AcDbPolyline
 90
2
 70
0
 10
21.974
 20
12.297249142790001
 10
21.974
 20
12.297249142790001
  0
LWPOLYLINE
  5
A22
330
17
100
AcDbEntity
  8
PARTS
100
AcDbPolyline
 90
2
 70
0
 10
21.974
 20
12.297249142790001
 10
21.974
 20
12.297249142790001
  0
LWPOLYLINE
  5
A23
330
17
100
AcDbEntity
  8
PARTS
100
AcDbPolyline
 90
2
 70
0
 10
21.974
 20
12.31714914279
 10
21.973
 20
12.31714914279
  0
LWPOLYLINE
  5
A24
330
17
100
AcDbEntity
  8
PARTS
100
AcDbPolyline
 90
2
 70
0
 10
23.3065
 20
12.54904914279
 10
23.3065
 20
12.19904914279
  0
LWPOLYLINE
  5
A25
330
17
100
AcDbEntity
  8
PARTS
100
AcDbPolyline
 90
2
 70
0
 10
22.8065
 20
12.54904914279
 10
23.3065
 20
12.54904914279
  0
LWPOLYLINE
  5
A26
330
17
100
AcDbEntity
  8
PARTS
100
AcDbPolyline
 90
2
 70
0
 10
22.8065
 20
12.54904914279
 10
22.8065
 20
12.19904914279
  0
LWPOLYLINE
  5
A27
330
17
100
AcDbEntity
  8
PARTS
100
AcDbPolyline
 90
2
 70
0
 10
22.816499999999998
 20
12.559049142790002
 10
23.2965
 20
12.559049142790002
  0
LWPOLYLINE
  5
A28
330
17
100
AcDbEntity
  8
PARTS
100
AcDbPolyline
 90
2
 70
0
 10
23.3015
 20
12.54904914279
 10
23.2965
 20
12.559049142790002
  0
LWPOLYLINE
  5
A29
330
17
100
AcDbEntity
  8
PARTS
100
AcDbPolyline
 90
2
 70
0
 10
22.811500000000002
 20
12.54904914279
 10
22.816499999999998
 20
12.559049142790002
  0
LWPOLYLINE
  5
A2A
330
17
100
AcDbEntity
  8
PARTS
100
AcDbPolyline
 90
2
 70
0
 10
23.3075
 20
12.43234914279
 10
23.3075
 20
12.43234914279
  0
LWPOLYLINE
  5
A2B
330
17
100
AcDbEntity
  8
PARTS
100
AcDbPolyline
 90
2
 70
0
 10
23.3075
 20
12.43234914279
 10
23.3075
 20
12.421249142790002
  0
LWPOLYLINE
  5
A2C
330
17
100
AcDbEntity
  8
PARTS
100
AcDbPolyline
 90
2
 70
0
 10
23.3075
 20
12.421249142790002
 10
23.3075
 20
12.409249142790001
  0
LWPOLYLINE
  5
A2D
330
17
100
AcDbEntity
  8
PARTS
100
AcDbPolyline
 90
2
 70
0
 10
23.3075
 20
12.409249142790001
 10
23.3075
 20
12.409249142790001
  0
LWPOLYLINE
  5
A2E
330
17
100
AcDbEntity
  8
PARTS
100
AcDbPolyline
 90
2
 70
0
 10
23.3075
 20
12.409249142790001
 10
23.3075
 20
12.39564914279
  0
LWPOLYLINE
  5
A2F
330
17
100
AcDbEntity
  8
PARTS
100
AcDbPolyline
 90
2
 70
0
 10
23.3075
 20
12.39564914279
 10
23.3075
 20
12.362749142790001
  0
LWPOLYLINE
  5
A30
330
17
100
AcDbEntity
  8
PARTS
100
AcDbPolyline
 90
2
 70
0
 10
23.3075
 20
12.362749142790001
 10
23.3075
 20
12.331149142790002
  0
LWPOLYLINE
  5
A31
330
17
100
AcDbEntity
  8
PARTS
100
AcDbPolyline
 90
2
 70
0
 10
23.3075
 20
12.331149142790002
 10
23.3075
 20
12.31714914279
  0
LWPOLYLINE
  5
A32
330
17
100
AcDbEntity
  8
PARTS
100
AcDbPolyline
 90
2
 70
0
 10
23.3075
 20
12.31714914279
 10
23.3075
 20
12.297249142790001
  0
LWPOLYLINE
  5
A33
330
17
100
AcDbEntity
  8
PARTS
100
AcDbPolyline
 90
2
 70
0
 10
23.3075
 20
12.297249142790001
 10
23.3075
 20
12.297249142790001
  0
LWPOLYLINE
  5
A34
330
17
100
AcDbEntity
  8
PARTS
100
AcDbPolyline
 90
2
 70
0
 10
23.3075
 20
12.297249142790001
 10
23.3075
 20
12.297249142790001
  0
LWPOLYLINE
  5
A35
330
17
100
AcDbEntity
  8
PARTS
100
AcDbPolyline
 90
2
 70
0
 10
23.3075
 20
12.31714914279
 10
23.3065
 20
12.31714914279
  0
LWPOLYLINE
  5
A36
330
17
100
AcDbEntity
  8
PARTS
100
AcDbPolyline
 90
2
 70
0
 10
19.306
 20
12.54904914279
 10
19.306
 20
12.19904914279
  0
LWPOLYLINE
  5
A37
330
17
100
AcDbEntity
  8
PARTS
100
AcDbPolyline
 90
2
 70
0
 10
18.806
 20
12.54904914279
 10
19.306
 20
12.54904914279
  0
LWPOLYLINE
  5
A38
330
17
100
AcDbEntity
  8
PARTS
100
AcDbPolyline
 90
2
 70
0
 10
18.806
 20
12.54904914279
 10
18.806
 20
12.19904914279
  0
LWPOLYLINE
  5
A39
330
17
100
AcDbEntity
  8
PARTS
100
AcDbPolyline
 90
2
 70
0
 10
18.816
 20
12.559049142790002
 10
19.296
 20
12.559049142790002
  0
LWPOLYLINE
  5
A3A
330
17
100
AcDbEntity
  8
PARTS
100
AcDbPolyline
 90
2
 70
0
 10
19.301
 20
12.54904914279
 10
19.296
 20
12.559049142790002
  0
LWPOLYLINE
  5
A3B
330
17
100
AcDbEntity
  8
PARTS
100
AcDbPolyline
 90
2
 70
0
 10
18.811
 20
12.54904914279
 10
18.816
 20
12.559049142790002
  0
LWPOLYLINE
  5
A3C
330
17
100
AcDbEntity
  8
PARTS
100
AcDbPolyline
 90
2
 70
0
 10
19.307
 20
12.43234914279
 10
19.307
 20
12.43234914279
  0
LWPOLYLINE
  5
A3D
330
17
100
AcDbEntity
  8
PARTS
100
AcDbPolyline
 90
2
 70
0
 10
19.307
 20
12.43234914279
 10
19.307
 20
12.421249142790002
  0
LWPOLYLINE
  5
A3E
330
17
100
AcDbEntity
  8
PARTS
100
AcDbPolyline
 90
2
 70
0
 10
19.307
 20
12.421249142790002
 10
19.307
 20
12.409249142790001
  0
LWPOLYLINE
  5
A3F
330
17
100
AcDbEntity
  8
PARTS
100
AcDbPolyline
 90
2
 70
0
 10
19.307
 20
12.409249142790001
 10
19.307
 20
12.409249142790001
  0
LWPOLYLINE
  5
A40
330
17
100
AcDbEntity
  8
PARTS
100
AcDbPolyline
 90
2
 70
0
 10
19.307
 20
12.409249142790001
 10
19.307
 20
12.39564914279
  0
LWPOLYLINE
  5
A41
330
17
100
AcDbEntity
  8
PARTS
100
AcDbPolyline
 90
2
 70
0
 10
19.307
 20
12.39564914279
 10
19.307
 20
12.362749142790001
  0
LWPOLYLINE
  5
A42
330
17
100
AcDbEntity
  8
PARTS
100
AcDbPolyline
 90
2
 70
0
 10
19.307
 20
12.362749142790001
 10
19.307
 20
12.331149142790002
  0
LWPOLYLINE
  5
A43
330
17
100
AcDbEntity
  8
PARTS
100
AcDbPolyline
 90
2
 70
0
 10
19.307
 20
12.331149142790002
 10
19.307
 20
12.31714914279
  0
LWPOLYLINE
  5
A44
330
17
100
AcDbEntity
  8
PARTS
100
AcDbPolyline
 90
2
 70
0
 10
19.307
 20
12.31714914279
 10
19.307
 20
12.297249142790001
  0
LWPOLYLINE
  5
A45
330
17
100
AcDbEntity
  8
PARTS
100
AcDbPolyline
 90
2
 70
0
 10
19.307
 20
12.297249142790001
 10
19.307
 20
12.297249142790001
  0
LWPOLYLINE
  5
A46
330
17
100
AcDbEntity
  8
PARTS
100
AcDbPolyline
 90
2
 70
0
 10
19.307
 20
12.297249142790001
 10
19.307
 20
12.297249142790001
  0
LWPOLYLINE
  5
A47
330
17
100
AcDbEntity
  8
PARTS
100
AcDbPolyline
 90
2
 70
0
 10
19.307
 20
12.31714914279
 10
19.306
 20
12.31714914279
  0
LWPOLYLINE
  5
A48
330
17
100
AcDbEntity
  8
PARTS
100
AcDbPolyline
 90
2
 70
0
 10
24.64
 20
12.54904914279
 10
24.64
 20
12.19904914279
  0
LWPOLYLINE
  5
A49
330
17
100
AcDbEntity
  8
PARTS
100
AcDbPolyline
 90
2
 70
0
 10
24.14
 20
12.54904914279
 10
24.64
 20
12.54904914279
  0
LWPOLYLINE
  5
A4A
330
17
100
AcDbEntity
  8
PARTS
100
AcDbPolyline
 90
2
 70
0
 10
24.14
 20
12.54904914279
 10
24.14
 20
12.19904914279
  0
LWPOLYLINE
  5
A4B
330
17
100
AcDbEntity
  8
PARTS
100
AcDbPolyline
 90
2
 70
0
 10
24.15
 20
12.559049142790002
 10
24.630000000000003
 20
12.559049142790002
  0
LWPOLYLINE
  5
A4C
330
17
100
AcDbEntity
  8
PARTS
100
AcDbPolyline
 90
2
 70
0
 10
24.634999999999998
 20
12.54904914279
 10
24.630000000000003
 20
12.559049142790002
  0
LWPOLYLINE
  5
A4D
330
17
100
AcDbEntity
  8
PARTS
100
AcDbPolyline
 90
2
 70
0
 10
24.145
 20
12.54904914279
 10
24.15
 20
12.559049142790002
  0
LWPOLYLINE
  5
A4E
330
17
100
AcDbEntity
  8
PARTS
100
AcDbPolyline
 90
2
 70
0
 10
24.641
 20
12.43234914279
 10
24.641
 20
12.43234914279
  0
LWPOLYLINE
  5
A4F
330
17
100
AcDbEntity
  8
PARTS
100
AcDbPolyline
 90
2
 70
0
 10
24.641
 20
12.43234914279
 10
24.641
 20
12.421249142790002
  0
LWPOLYLINE
  5
A50
330
17
100
AcDbEntity
  8
PARTS
100
AcDbPolyline
 90
2
 70
0
 10
24.641
 20
12.421249142790002
 10
24.641
 20
12.409249142790001
  0
LWPOLYLINE
  5
A51
330
17
100
AcDbEntity
  8
PARTS
100
AcDbPolyline
 90
2
 70
0
 10
24.641
 20
12.409249142790001
 10
24.641
 20
12.409249142790001
  0
LWPOLYLINE
  5
A52
330
17
100
AcDbEntity
  8
PARTS
100
AcDbPolyline
 90
2
 70
0
 10
24.641
 20
12.409249142790001
 10
24.641
 20
12.39564914279
  0
LWPOLYLINE
  5
A53
330
17
100
AcDbEntity
  8
PARTS
100
AcDbPolyline
 90
2
 70
0
 10
24.641
 20
12.39564914279
 10
24.641
 20
12.362749142790001
  0
LWPOLYLINE
  5
A54
330
17
100
AcDbEntity
  8
PARTS
100
AcDbPolyline
 90
2
 70
0
 10
24.641
 20
12.362749142790001
 10
24.641
 20
12.331149142790002
  0
LWPOLYLINE
  5
A55
330
17
100
AcDbEntity
  8
PARTS
100
AcDbPolyline
 90
2
 70
0
 10
24.641
 20
12.331149142790002
 10
24.641
 20
12.31714914279
  0
LWPOLYLINE
  5
A56
330
17
100
AcDbEntity
  8
PARTS
100
AcDbPolyline
 90
2
 70
0
 10
24.641
 20
12.31714914279
 10
24.641
 20
12.297249142790001
  0
LWPOLYLINE
  5
A57
330
17
100
AcDbEntity
  8
PARTS
100
AcDbPolyline
 90
2
 70
0
 10
24.641
 20
12.297249142790001
 10
24.641
 20
12.297249142790001
  0
LWPOLYLINE
  5
A58
330
17
100
AcDbEntity
  8
PARTS
100
AcDbPolyline
 90
2
 70
0
 10
24.641
 20
12.297249142790001
 10
24.641
 20
12.297249142790001
  0
LWPOLYLINE
  5
A59
330
17
100
AcDbEntity
  8
PARTS
100
AcDbPolyline
 90
2
 70
0
 10
24.641
 20
12.31714914279
 10
24.64
 20
12.31714914279
  0
LWPOLYLINE
  5
A5A
330
17
100
AcDbEntity
  8
PARTS
100
AcDbPolyline
 90
2
 70
0
 10
30.355
 20
12.54904914279
 10
30.355
 20
12.19904914279
  0
LWPOLYLINE
  5
A5B
330
17
100
AcDbEntity
  8
PARTS
100
AcDbPolyline
 90
2
 70
0
 10
29.855
 20
12.54904914279
 10
30.355
 20
12.54904914279
  0
LWPOLYLINE
  5
A5C
330
17
100
AcDbEntity
  8
PARTS
100
AcDbPolyline
 90
2
 70
0
 10
29.855
 20
12.54904914279
 10
29.855
 20
12.19904914279
  0
LWPOLYLINE
  5
A5D
330
17
100
AcDbEntity
  8
PARTS
100
AcDbPolyline
 90
2
 70
0
 10
29.865000000000002
 20
12.559049142790002
 10
30.345
 20
12.559049142790002
  0
LWPOLYLINE
  5
A5E
330
17
100
AcDbEntity
  8
PARTS
100
AcDbPolyline
 90
2
 70
0
 10
30.35
 20
12.54904914279
 10
30.345
 20
12.559049142790002
  0
LWPOLYLINE
  5
A5F
330
17
100
AcDbEntity
  8
PARTS
100
AcDbPolyline
 90
2
 70
0
 10
29.86
 20
12.54904914279
 10
29.865000000000002
 20
12.559049142790002
  0
LWPOLYLINE
  5
A60
330
17
100
AcDbEntity
  8
PARTS
100
AcDbPolyline
 90
2
 70
0
 10
30.356
 20
12.43234914279
 10
30.356
 20
12.43234914279
  0
LWPOLYLINE
  5
A61
330
17
100
AcDbEntity
  8
PARTS
100
AcDbPolyline
 90
2
 70
0
 10
30.356
 20
12.43234914279
 10
30.356
 20
12.421249142790002
  0
LWPOLYLINE
  5
A62
330
17
100
AcDbEntity
  8
PARTS
100
AcDbPolyline
 90
2
 70
0
 10
30.356
 20
12.421249142790002
 10
30.356
 20
12.409249142790001
  0
LWPOLYLINE
  5
A63
330
17
100
AcDbEntity
  8
PARTS
100
AcDbPolyline
 90
2
 70
0
 10
30.356
 20
12.409249142790001
 10
30.356
 20
12.409249142790001
  0
LWPOLYLINE
  5
A64
330
17
100
AcDbEntity
  8
PARTS
100
AcDbPolyline
 90
2
 70
0
 10
30.356
 20
12.409249142790001
 10
30.356
 20
12.39564914279
  0
LWPOLYLINE
  5
A65
330
17
100
AcDbEntity
  8
PARTS
100
AcDbPolyline
 90
2
 70
0
 10
30.356
 20
12.39564914279
 10
30.356
 20
12.362749142790001
  0
LWPOLYLINE
  5
A66
330
17
100
AcDbEntity
  8
PARTS
100
AcDbPolyline
 90
2
 70
0
 10
30.356
 20
12.362749142790001
 10
30.356
 20
12.331149142790002
  0
LWPOLYLINE
  5
A67
330
17
100
AcDbEntity
  8
PARTS
100
AcDbPolyline
 90
2
 70
0
 10
30.356
 20
12.331149142790002
 10
30.356
 20
12.31714914279
  0
LWPOLYLINE
  5
A68
330
17
100
AcDbEntity
  8
PARTS
100
AcDbPolyline
 90
2
 70
0
 10
30.356
 20
12.31714914279
 10
30.356
 20
12.297249142790001
  0
LWPOLYLINE
  5
A69
330
17
100
AcDbEntity
  8
PARTS
100
AcDbPolyline
 90
2
 70
0
 10
30.356
 20
12.297249142790001
 10
30.356
 20
12.297249142790001
  0
LWPOLYLINE
  5
A6A
330
17
100
AcDbEntity
  8
PARTS
100
AcDbPolyline
 90
2
 70
0
 10
30.356
 20
12.297249142790001
 10
30.356
 20
12.297249142790001
  0
LWPOLYLINE
  5
A6B
330
17
100
AcDbEntity
  8
PARTS
100
AcDbPolyline
 90
2
 70
0
 10
30.356
 20
12.31714914279
 10
30.355
 20
12.31714914279
  0
LWPOLYLINE
  5
A6C
330
17
100
AcDbEntity
  8
PARTS
100
AcDbPolyline
 90
2
 70
0
 10
31.5933
 20
12.54904914279
 10
31.5933
 20
12.19904914279
  0
LWPOLYLINE
  5
A6D
330
17
100
AcDbEntity
  8
PARTS
100
AcDbPolyline
 90
2
 70
0
 10
31.0933
 20
12.54904914279
 10
31.5933
 20
12.54904914279
  0
LWPOLYLINE
  5
A6E
330
17
100
AcDbEntity
  8
PARTS
100
AcDbPolyline
 90
2
 70
0
 10
31.0933
 20
12.54904914279
 10
31.0933
 20
12.19904914279
  0
LWPOLYLINE
  5
A6F
330
17
100
AcDbEntity
  8
PARTS
100
AcDbPolyline
 90
2
 70
0
 10
31.1033
 20
12.559049142790002
 10
31.583299999999998
 20
12.559049142790002
  0
LWPOLYLINE
  5
A70
330
17
100
AcDbEntity
  8
PARTS
100
AcDbPolyline
 90
2
 70
0
 10
31.5883
 20
12.54904914279
 10
31.583299999999998
 20
12.559049142790002
  0
LWPOLYLINE
  5
A71
330
17
100
AcDbEntity
  8
PARTS
100
AcDbPolyline
 90
2
 70
0
 10
31.098300000000002
 20
12.54904914279
 10
31.1033
 20
12.559049142790002
  0
LWPOLYLINE
  5
A72
330
17
100
AcDbEntity
  8
PARTS
100
AcDbPolyline
 90
2
 70
0
 10
31.594299999999997
 20
12.43234914279
 10
31.594299999999997
 20
12.43234914279
  0
LWPOLYLINE
  5
A73
330
17
100
AcDbEntity
  8
PARTS
100
AcDbPolyline
 90
2
 70
0
 10
31.594299999999997
 20
12.43234914279
 10
31.594299999999997
 20
12.421249142790002
  0
LWPOLYLINE
  5
A74
330
17
100
AcDbEntity
  8
PARTS
100
AcDbPolyline
 90
2
 70
0
 10
31.594299999999997
 20
12.421249142790002
 10
31.594299999999997
 20
12.409249142790001
  0
LWPOLYLINE
  5
A75
330
17
100
AcDbEntity
  8
PARTS
100
AcDbPolyline
 90
2
 70
0
 10
31.594299999999997
 20
12.409249142790001
 10
31.594299999999997
 20
12.409249142790001
  0
LWPOLYLINE
  5
A76
330
17
100
AcDbEntity
  8
PARTS
100
AcDbPolyline
 90
2
 70
0
 10
31.594299999999997
 20
12.409249142790001
 10
31.594299999999997
 20
12.39564914279
  0
LWPOLYLINE
  5
A77
330
17
100
AcDbEntity
  8
PARTS
100
AcDbPolyline
 90
2
 70
0
 10
31.594299999999997
 20
12.39564914279
 10
31.594299999999997
 20
12.362749142790001
  0
LWPOLYLINE
  5
A78
330
17
100
AcDbEntity
  8
PARTS
100
AcDbPolyline
 90
2
 70
0
 10
31.594299999999997
 20
12.362749142790001
 10
31.594299999999997
 20
12.331149142790002
  0
LWPOLYLINE
  5
A79
330
17
100
AcDbEntity
  8
PARTS
100
AcDbPolyline
 90
2
 70
0
 10
31.594299999999997
 20
12.331149142790002
 10
31.594299999999997
 20
12.31714914279
  0
LWPOLYLINE
  5
A7A
330
17
100
AcDbEntity
  8
PARTS
100
AcDbPolyline
 90
2
 70
0
 10
31.594299999999997
 20
12.31714914279
 10
31.594299999999997
 20
12.297249142790001
  0
LWPOLYLINE
  5
A7B
330
17
100
AcDbEntity
  8
PARTS
100
AcDbPolyline
 90
2
 70
0
 10
31.594299999999997
 20
12.297249142790001
 10
31.594299999999997
 20
12.297249142790001
  0
LWPOLYLINE
  5
A7C
330
17
100
AcDbEntity
  8
PARTS
100
AcDbPolyline
 90
2
 70
0
 10
31.594299999999997
 20
12.297249142790001
 10
31.594299999999997
 20
12.297249142790001
  0
LWPOLYLINE
  5
A7D
330
17
100
AcDbEntity
  8
PARTS
100
AcDbPolyline
 90
2
 70
0
 10
31.594299999999997
 20
12.31714914279
 10
31.5933
 20
12.31714914279
  0
LWPOLYLINE
  5
A7E
330
17
100
AcDbEntity
  8
PARTS
100
AcDbPolyline
 90
2
 70
0
 10
32.3315
 20
12.54904914279
 10
32.3315
 20
12.19904914279
  0
LWPOLYLINE
  5
A7F
330
17
100
AcDbEntity
  8
PARTS
100
AcDbPolyline
 90
2
 70
0
 10
32.3315
 20
12.54904914279
 10
32.8315
 20
12.54904914279
  0
LWPOLYLINE
  5
A80
330
17
100
AcDbEntity
  8
PARTS
100
AcDbPolyline
 90
2
 70
0
 10
32.8315
 20
12.54904914279
 10
32.8315
 20
12.19904914279
  0
LWPOLYLINE
  5
A81
330
17
100
AcDbEntity
  8
PARTS
100
AcDbPolyline
 90
2
 70
0
 10
32.341499999999996
 20
12.559049142790002
 10
32.8215
 20
12.559049142790002
  0
LWPOLYLINE
  5
A82
330
17
100
AcDbEntity
  8
PARTS
100
AcDbPolyline
 90
2
 70
0
 10
32.341499999999996
 20
12.559049142790002
 10
32.3365
 20
12.54904914279
  0
LWPOLYLINE
  5
A83
330
17
100
AcDbEntity
  8
PARTS
100
AcDbPolyline
 90
2
 70
0
 10
32.8215
 20
12.559049142790002
 10
32.826499999999996
 20
12.54904914279
  0
LWPOLYLINE
  5
A84
330
17
100
AcDbEntity
  8
PARTS
100
AcDbPolyline
 90
2
 70
0
 10
32.3305
 20
12.42014914279
 10
32.3305
 20
12.42094914279
  0
LWPOLYLINE
  5
A85
330
17
100
AcDbEntity
  8
PARTS
100
AcDbPolyline
 90
2
 70
0
 10
32.3305
 20
12.42094914279
 10
32.3305
 20
12.42094914279
  0
LWPOLYLINE
  5
A86
330
17
100
AcDbEntity
  8
PARTS
100
AcDbPolyline
 90
2
 70
0
 10
32.3305
 20
12.42094914279
 10
32.3305
 20
12.42094914279
  0
LWPOLYLINE
  5
A87
330
17
100
AcDbEntity
  8
PARTS
100
AcDbPolyline
 90
2
 70
0
 10
32.3305
 20
12.419949142790001
 10
32.3315
 20
12.419949142790001
  0
LWPOLYLINE
  5
A88
330
17
100
AcDbEntity
  8
PARTS
100
AcDbPolyline
 90
2
 70
0
 10
32.3305
 20
12.419949142790001
 10
32.3305
 20
12.419949142790001
  0
LWPOLYLINE
  5
A89
330
17
100
AcDbEntity
  8
PARTS
100
AcDbPolyline
 90
2
 70
0
 10
32.3305
 20
12.42014914279
 10
32.3315
 20
12.42014914279
  0
LWPOLYLINE
  5
A8A
330
17
100
AcDbEntity
  8
PARTS
100
AcDbPolyline
 90
2
 70
0
 10
32.3305
 20
12.419949142790001
 10
32.3305
 20
12.42014914279
  0
LWPOLYLINE
  5
A8B
330
17
100
AcDbEntity
  8
PARTS
100
AcDbPolyline
 90
2
 70
0
 10
32.3305
 20
12.419549142790002
 10
32.3305
 20
12.419849142790001
  0
LWPOLYLINE
  5
A8C
330
17
100
AcDbEntity
  8
PARTS
100
AcDbPolyline
 90
2
 70
0
 10
32.3305
 20
12.419849142790001
 10
32.3305
 20
12.419949142790001
  0
LWPOLYLINE
  5
A8D
330
17
100
AcDbEntity
  8
PARTS
100
AcDbPolyline
 90
2
 70
0
 10
32.3305
 20
12.419949142790001
 10
32.3315
 20
12.419949142790001
  0
LWPOLYLINE
  5
A8E
330
17
100
AcDbEntity
  8
PARTS
100
AcDbPolyline
 90
2
 70
0
 10
32.3305
 20
12.378749142790001
 10
32.3305
 20
12.419549142790002
  0
LWPOLYLINE
  5
A8F
330
17
100
AcDbEntity
  8
PARTS
100
AcDbPolyline
 90
2
 70
0
 10
32.3305
 20
12.419549142790002
 10
32.3305
 20
12.419549142790002
  0
LWPOLYLINE
  5
A90
330
17
100
AcDbEntity
  8
PARTS
100
AcDbPolyline
 90
2
 70
0
 10
32.3305
 20
12.419549142790002
 10
32.3315
 20
12.419549142790002
  0
LWPOLYLINE
  5
A91
330
17
100
AcDbEntity
  8
PARTS
100
AcDbPolyline
 90
2
 70
0
 10
32.3305
 20
12.378749142790001
 10
32.3315
 20
12.378749142790001
  0
LWPOLYLINE
  5
A92
330
17
100
AcDbEntity
  8
PARTS
100
AcDbPolyline
 90
2
 70
0
 10
32.3305
 20
12.419549142790002
 10
32.3315
 20
12.419549142790002
  0
LWPOLYLINE
  5
A93
330
17
100
AcDbEntity
  8
PARTS
100
AcDbPolyline
 90
2
 70
0
 10
32.3305
 20
12.355849142790001
 10
32.3315
 20
12.355849142790001
  0
LWPOLYLINE
  5
A94
330
17
100
AcDbEntity
  8
PARTS
100
AcDbPolyline
 90
2
 70
0
 10
32.3305
 20
12.35524914279
 10
32.3305
 20
12.355849142790001
  0
LWPOLYLINE
  5
A95
330
17
100
AcDbEntity
  8
PARTS
100
AcDbPolyline
 90
2
 70
0
 10
32.3305
 20
12.35604914279
 10
32.3315
 20
12.35604914279
  0
LWPOLYLINE
  5
A96
330
17
100
AcDbEntity
  8
PARTS
100
AcDbPolyline
 90
2
 70
0
 10
32.3305
 20
12.355849142790001
 10
32.3305
 20
12.35604914279
  0
LWPOLYLINE
  5
A97
330
17
100
AcDbEntity
  8
PARTS
100
AcDbPolyline
 90
2
 70
0
 10
32.3305
 20
12.301049142790001
 10
32.3305
 20
12.301049142790001
  0
LWPOLYLINE
  5
A98
330
17
100
AcDbEntity
  8
PARTS
100
AcDbPolyline
 90
2
 70
0
 10
32.3305
 20
12.301049142790001
 10
32.3305
 20
12.31034914279
  0
LWPOLYLINE
  5
A99
330
17
100
AcDbEntity
  8
PARTS
100
AcDbPolyline
 90
2
 70
0
 10
32.3305
 20
12.31034914279
 10
32.3305
 20
12.313849142790001
  0
LWPOLYLINE
  5
A9A
330
17
100
AcDbEntity
  8
PARTS
100
AcDbPolyline
 90
2
 70
0
 10
32.3305
 20
12.355149142790001
 10
32.3315
 20
12.355149142790001
  0
LWPOLYLINE
  5
A9B
330
17
100
AcDbEntity
  8
PARTS
100
AcDbPolyline
 90
2
 70
0
 10
32.3305
 20
12.355049142790001
 10
32.3305
 20
12.355149142790001
  0
LWPOLYLINE
  5
A9C
330
17
100
AcDbEntity
  8
PARTS
100
AcDbPolyline
 90
2
 70
0
 10
32.3305
 20
12.35524914279
 10
32.3315
 20
12.35524914279
  0
LWPOLYLINE
  5
A9D
330
17
100
AcDbEntity
  8
PARTS
100
AcDbPolyline
 90
2
 70
0
 10
32.3305
 20
12.355149142790001
 10
32.3305
 20
12.35524914279
  0
LWPOLYLINE
  5
A9E
330
17
100
AcDbEntity
  8
PARTS
100
AcDbPolyline
 90
2
 70
0
 10
32.3305
 20
12.354649142790002
 10
32.3305
 20
12.354949142790002
  0
LWPOLYLINE
  5
A9F
330
17
100
AcDbEntity
  8
PARTS
100
AcDbPolyline
 90
2
 70
0
 10
32.3305
 20
12.354949142790002
 10
32.3305
 20
12.355049142790001
  0
LWPOLYLINE
  5
AA0
330
17
100
AcDbEntity
  8
PARTS
100
AcDbPolyline
 90
2
 70
0
 10
32.3305
 20
12.355049142790001
 10
32.3315
 20
12.355049142790001
  0
LWPOLYLINE
  5
AA1
330
17
100
AcDbEntity
  8
PARTS
100
AcDbPolyline
 90
2
 70
0
 10
32.3305
 20
12.313849142790001
 10
32.3305
 20
12.354649142790002
  0
LWPOLYLINE
  5
AA2
330
17
100
AcDbEntity
  8
PARTS
100
AcDbPolyline
 90
2
 70
0
 10
32.3305
 20
12.354649142790002
 10
32.3305
 20
12.354649142790002
  0
LWPOLYLINE
  5
AA3
330
17
100
AcDbEntity
  8
PARTS
100
AcDbPolyline
 90
2
 70
0
 10
32.3305
 20
12.354649142790002
 10
32.3315
 20
12.354649142790002
  0
LWPOLYLINE
  5
AA4
330
17
100
AcDbEntity
  8
PARTS
100
AcDbPolyline
 90
2
 70
0
 10
32.3305
 20
12.313849142790001
 10
32.3315
 20
12.313849142790001
  0
LWPOLYLINE
  5
AA5
330
17
100
AcDbEntity
  8
PARTS
100
AcDbPolyline
 90
2
 70
0
 10
32.3305
 20
12.354649142790002
 10
32.3315
 20
12.354649142790002
  0
LWPOLYLINE
  5
AA6
330
17
100
AcDbEntity
  8
PARTS
100
AcDbPolyline
 90
2
 70
0
 10
32.3305
 20
12.35604914279
 10
32.3305
 20
12.378749142790001
  0
LWPOLYLINE
  5
AA7
330
17
100
AcDbEntity
  8
PARTS
100
AcDbPolyline
 90
2
 70
0
 10
32.3305
 20
12.42094914279
 10
32.3305
 20
12.43234914279
  0
LWPOLYLINE
  5
AA8
330
17
100
AcDbEntity
  8
PARTS
100
AcDbPolyline
 90
2
 70
0
 10
32.3305
 20
12.43234914279
 10
32.3305
 20
12.43234914279
  0
LWPOLYLINE
  5
AA9
330
17
100
AcDbEntity
  8
PARTS
100
AcDbPolyline
 90
2
 70
0
 10
32.3305
 20
12.43234914279
 10
32.3305
 20
12.43234914279
  0
LWPOLYLINE
  5
AAA
330
17
100
AcDbEntity
  8
PARTS
100
AcDbPolyline
 90
2
 70
0
 10
32.3305
 20
12.297249142790001
 10
32.3305
 20
12.297249142790001
  0
LWPOLYLINE
  5
AAB
330
17
100
AcDbEntity
  8
PARTS
100
AcDbPolyline
 90
2
 70
0
 10
32.3305
 20
12.297249142790001
 10
32.3305
 20
12.301049142790001
  0
LWPOLYLINE
  5
AAC
330
17
100
AcDbEntity
  8
PARTS
100
AcDbPolyline
 90
2
 70
0
 10
33.5698
 20
12.54904914279
 10
33.5698
 20
12.19904914279
  0
LWPOLYLINE
  5
AAD
330
17
100
AcDbEntity
  8
PARTS
100
AcDbPolyline
 90
2
 70
0
 10
33.5698
 20
12.54904914279
 10
34.0698
 20
12.54904914279
  0
LWPOLYLINE
  5
AAE
330
17
100
AcDbEntity
  8
PARTS
100
AcDbPolyline
 90
2
 70
0
 10
34.0698
 20
12.54904914279
 10
34.0698
 20
12.19904914279
  0
LWPOLYLINE
  5
AAF
330
17
100
AcDbEntity
  8
PARTS
100
AcDbPolyline
 90
2
 70
0
 10
33.5798
 20
12.559049142790002
 10
34.059799999999996
 20
12.559049142790002
  0
LWPOLYLINE
  5
AB0
330
17
100
AcDbEntity
  8
PARTS
100
AcDbPolyline
 90
2
 70
0
 10
33.5798
 20
12.559049142790002
 10
33.574799999999996
 20
12.54904914279
  0
LWPOLYLINE
  5
AB1
330
17
100
AcDbEntity
  8
PARTS
100
AcDbPolyline
 90
2
 70
0
 10
34.059799999999996
 20
12.559049142790002
 10
34.0648
 20
12.54904914279
  0
LWPOLYLINE
  5
AB2
330
17
100
AcDbEntity
  8
PARTS
100
AcDbPolyline
 90
2
 70
0
 10
33.568799999999996
 20
12.42014914279
 10
33.568799999999996
 20
12.42094914279
  0
LWPOLYLINE
  5
AB3
330
17
100
AcDbEntity
  8
PARTS
100
AcDbPolyline
 90
2
 70
0
 10
33.568799999999996
 20
12.42094914279
 10
33.568799999999996
 20
12.42094914279
  0
LWPOLYLINE
  5
AB4
330
17
100
AcDbEntity
  8
PARTS
100
AcDbPolyline
 90
2
 70
0
 10
33.568799999999996
 20
12.42094914279
 10
33.568799999999996
 20
12.42094914279
  0
LWPOLYLINE
  5
AB5
330
17
100
AcDbEntity
  8
PARTS
100
AcDbPolyline
 90
2
 70
0
 10
33.568799999999996
 20
12.419949142790001
 10
33.5698
 20
12.419949142790001
  0
LWPOLYLINE
  5
AB6
330
17
100
AcDbEntity
  8
PARTS
100
AcDbPolyline
 90
2
 70
0
 10
33.568799999999996
 20
12.419949142790001
 10
33.568799999999996
 20
12.419949142790001
  0
LWPOLYLINE
  5
AB7
330
17
100
AcDbEntity
  8
PARTS
100
AcDbPolyline
 90
2
 70
0
 10
33.568799999999996
 20
12.42014914279
 10
33.5698
 20
12.42014914279
  0
LWPOLYLINE
  5
AB8
330
17
100
AcDbEntity
  8
PARTS
100
AcDbPolyline
 90
2
 70
0
 10
33.568799999999996
 20
12.419949142790001
 10
33.568799999999996
 20
12.42014914279
  0
LWPOLYLINE
  5
AB9
330
17
100
AcDbEntity
  8
PARTS
100
AcDbPolyline
 90
2
 70
0
 10
33.568799999999996
 20
12.419549142790002
 10
33.568799999999996
 20
12.419849142790001
  0
LWPOLYLINE
  5
ABA
330
17
100
AcDbEntity
  8
PARTS
100
AcDbPolyline
 90
2
 70
0
 10
33.568799999999996
 20
12.419849142790001
 10
33.568799999999996
 20
12.419949142790001
  0
LWPOLYLINE
  5
ABB
330
17
100
AcDbEntity
  8
PARTS
100
AcDbPolyline
 90
2
 70
0
 10
33.568799999999996
 20
12.419949142790001
 10
33.5698
 20
12.419949142790001
  0
LWPOLYLINE
  5
ABC
330
17
100
AcDbEntity
  8
PARTS
100
AcDbPolyline
 90
2
 70
0
 10
33.568799999999996
 20
12.378749142790001
 10
33.568799999999996
 20
12.419549142790002
  0
LWPOLYLINE
  5
ABD
330
17
100
AcDbEntity
  8
PARTS
100
AcDbPolyline
 90
2
 70
0
 10
33.568799999999996
 20
12.419549142790002
 10
33.568799999999996
 20
12.419549142790002
  0
LWPOLYLINE
  5
ABE
330
17
100
AcDbEntity
  8
PARTS
100
AcDbPolyline
 90
2
 70
0
 10
33.568799999999996
 20
12.419549142790002
 10
33.5698
 20
12.419549142790002
  0
LWPOLYLINE
  5
ABF
330
17
100
AcDbEntity
  8
PARTS
100
AcDbPolyline
 90
2
 70
0
 10
33.568799999999996
 20
12.378749142790001
 10
33.5698
 20
12.378749142790001
  0
LWPOLYLINE
  5
AC0
330
17
100
AcDbEntity
  8
PARTS
100
AcDbPolyline
 90
2
 70
0
 10
33.568799999999996
 20
12.419549142790002
 10
33.5698
 20
12.419549142790002
  0
LWPOLYLINE
  5
AC1
330
17
100
AcDbEntity
  8
PARTS
100
AcDbPolyline
 90
2
 70
0
 10
33.568799999999996
 20
12.355849142790001
 10
33.5698
 20
12.355849142790001
  0
LWPOLYLINE
  5
AC2
330
17
100
AcDbEntity
  8
PARTS
100
AcDbPolyline
 90
2
 70
0
 10
33.568799999999996
 20
12.35524914279
 10
33.568799999999996
 20
12.355849142790001
  0
LWPOLYLINE
  5
AC3
330
17
100
AcDbEntity
  8
PARTS
100
AcDbPolyline
 90
2
 70
0
 10
33.568799999999996
 20
12.35604914279
 10
33.5698
 20
12.35604914279
  0
LWPOLYLINE
  5
AC4
330
17
100
AcDbEntity
  8
PARTS
100
AcDbPolyline
 90
2
 70
0
 10
33.568799999999996
 20
12.355849142790001
 10
33.568799999999996
 20
12.35604914279
  0
LWPOLYLINE
  5
AC5
330
17
100
AcDbEntity
  8
PARTS
100
AcDbPolyline
 90
2
 70
0
 10
33.568799999999996
 20
12.301049142790001
 10
33.568799999999996
 20
12.301049142790001
  0
LWPOLYLINE
  5
AC6
330
17
100
AcDbEntity
  8
PARTS
100
AcDbPolyline
 90
2
 70
0
 10
33.568799999999996
 20
12.301049142790001
 10
33.568799999999996
 20
12.31034914279
  0
LWPOLYLINE
  5
AC7
330
17
100
AcDbEntity
  8
PARTS
100
AcDbPolyline
 90
2
 70
0
 10
33.568799999999996
 20
12.31034914279
 10
33.568799999999996
 20
12.313849142790001
  0
LWPOLYLINE
  5
AC8
330
17
100
AcDbEntity
  8
PARTS
100
AcDbPolyline
 90
2
 70
0
 10
33.568799999999996
 20
12.355149142790001
 10
33.5698
 20
12.355149142790001
  0
LWPOLYLINE
  5
AC9
330
17
100
AcDbEntity
  8
PARTS
100
AcDbPolyline
 90
2
 70
0
 10
33.568799999999996
 20
12.355049142790001
 10
33.568799999999996
 20
12.355149142790001
  0
LWPOLYLINE
  5
ACA
330
17
100
AcDbEntity
  8
PARTS
100
AcDbPolyline
 90
2
 70
0
 10
33.568799999999996
 20
12.35524914279
 10
33.5698
 20
12.35524914279
  0
LWPOLYLINE
  5
ACB
330
17
100
AcDbEntity
  8
PARTS
100
AcDbPolyline
 90
2
 70
0
 10
33.568799999999996
 20
12.355149142790001
 10
33.568799999999996
 20
12.35524914279
  0
LWPOLYLINE
  5
ACC
330
17
100
AcDbEntity
  8
PARTS
100
AcDbPolyline
 90
2
 70
0
 10
33.568799999999996
 20
12.354649142790002
 10
33.568799999999996
 20
12.354949142790002
  0
LWPOLYLINE
  5
ACD
330
17
100
AcDbEntity
  8
PARTS
100
AcDbPolyline
 90
2
 70
0
 10
33.568799999999996
 20
12.354949142790002
 10
33.568799999999996
 20
12.355049142790001
  0
LWPOLYLINE
  5
ACE
330
17
100
AcDbEntity
  8
PARTS
100
AcDbPolyline
 90
2
 70
0
 10
33.568799999999996
 20
12.355049142790001
 10
33.5698
 20
12.355049142790001
  0
LWPOLYLINE
  5
ACF
330
17
100
AcDbEntity
  8
PARTS
100
AcDbPolyline
 90
2
 70
0
 10
33.568799999999996
 20
12.313849142790001
 10
33.568799999999996
 20
12.354649142790002
  0
LWPOLYLINE
  5
AD0
330
17
100
AcDbEntity
  8
PARTS
100
AcDbPolyline
 90
2
 70
0
 10
33.568799999999996
 20
12.354649142790002
 10
33.568799999999996
 20
12.354649142790002
  0
LWPOLYLINE
  5
AD1
330
17
100
AcDbEntity
  8
PARTS
100
AcDbPolyline
 90
2
 70
0
 10
33.568799999999996
 20
12.354649142790002
 10
33.5698
 20
12.354649142790002
  0
LWPOLYLINE
  5
AD2
330
17
100
AcDbEntity
  8
PARTS
100
AcDbPolyline
 90
2
 70
0
 10
33.568799999999996
 20
12.313849142790001
 10
33.5698
 20
12.313849142790001
  0
LWPOLYLINE
  5
AD3
330
17
100
AcDbEntity
  8
PARTS
100
AcDbPolyline
 90
2
 70
0
 10
33.568799999999996
 20
12.354649142790002
 10
33.5698
 20
12.354649142790002
  0
LWPOLYLINE
  5
AD4
330
17
100
AcDbEntity
  8
PARTS
100
AcDbPolyline
 90
2
 70
0
 10
33.568799999999996
 20
12.35604914279
 10
33.568799999999996
 20
12.378749142790001
  0
LWPOLYLINE
  5
AD5
330
17
100
AcDbEntity
  8
PARTS
100
AcDbPolyline
 90
2
 70
0
 10
33.568799999999996
 20
12.42094914279
 10
33.568799999999996
 20
12.43234914279
  0
LWPOLYLINE
  5
AD6
330
17
100
AcDbEntity
  8
PARTS
100
AcDbPolyline
 90
2
 70
0
 10
33.568799999999996
 20
12.43234914279
 10
33.568799999999996
 20
12.43234914279
  0
LWPOLYLINE
  5
AD7
330
17
100
AcDbEntity
  8
PARTS
100
AcDbPolyline
 90
2
 70
0
 10
33.568799999999996
 20
12.43234914279
 10
33.568799999999996
 20
12.43234914279
  0
LWPOLYLINE
  5
AD8
330
17
100
AcDbEntity
  8
PARTS
100
AcDbPolyline
 90
2
 70
0
 10
33.568799999999996
 20
12.297249142790001
 10
33.568799999999996
 20
12.297249142790001
  0
LWPOLYLINE
  5
AD9
330
17
100
AcDbEntity
  8
PARTS
100
AcDbPolyline
 90
2
 70
0
 10
33.568799999999996
 20
12.297249142790001
 10
33.568799999999996
 20
12.301049142790001
  0
LWPOLYLINE
  5
ADA
330
17
100
AcDbEntity
  8
PARTS
100
AcDbPolyline
 90
2
 70
0
 10
35.308
 20
12.54904914279
 10
35.308
 20
12.19904914279
  0
LWPOLYLINE
  5
ADB
330
17
100
AcDbEntity
  8
PARTS
100
AcDbPolyline
 90
2
 70
0
 10
34.808
 20
12.54904914279
 10
35.308
 20
12.54904914279
  0
LWPOLYLINE
  5
ADC
330
17
100
AcDbEntity
  8
PARTS
100
AcDbPolyline
 90
2
 70
0
 10
34.808
 20
12.54904914279
 10
34.808
 20
12.19904914279
  0
LWPOLYLINE
  5
ADD
330
17
100
AcDbEntity
  8
PARTS
100
AcDbPolyline
 90
2
 70
0
 10
34.818
 20
12.559049142790002
 10
35.298
 20
12.559049142790002
  0
LWPOLYLINE
  5
ADE
330
17
100
AcDbEntity
  8
PARTS
100
AcDbPolyline
 90
2
 70
0
 10
35.303
 20
12.54904914279
 10
35.298
 20
12.559049142790002
  0
LWPOLYLINE
  5
ADF
330
17
100
AcDbEntity
  8
PARTS
100
AcDbPolyline
 90
2
 70
0
 10
34.813
 20
12.54904914279
 10
34.818
 20
12.559049142790002
  0
LWPOLYLINE
  5
AE0
330
17
100
AcDbEntity
  8
PARTS
100
AcDbPolyline
 90
2
 70
0
 10
35.309
 20
12.43234914279
 10
35.309
 20
12.43234914279
  0
LWPOLYLINE
  5
AE1
330
17
100
AcDbEntity
  8
PARTS
100
AcDbPolyline
 90
2
 70
0
 10
35.309
 20
12.43234914279
 10
35.309
 20
12.421249142790002
  0
LWPOLYLINE
  5
AE2
330
17
100
AcDbEntity
  8
PARTS
100
AcDbPolyline
 90
2
 70
0
 10
35.309
 20
12.421249142790002
 10
35.309
 20
12.409249142790001
  0
LWPOLYLINE
  5
AE3
330
17
100
AcDbEntity
  8
PARTS
100
AcDbPolyline
 90
2
 70
0
 10
35.309
 20
12.409249142790001
 10
35.309
 20
12.409249142790001
  0
LWPOLYLINE
  5
AE4
330
17
100
AcDbEntity
  8
PARTS
100
AcDbPolyline
 90
2
 70
0
 10
35.309
 20
12.409249142790001
 10
35.309
 20
12.39564914279
  0
LWPOLYLINE
  5
AE5
330
17
100
AcDbEntity
  8
PARTS
100
AcDbPolyline
 90
2
 70
0
 10
35.309
 20
12.39564914279
 10
35.309
 20
12.362749142790001
  0
LWPOLYLINE
  5
AE6
330
17
100
AcDbEntity
  8
PARTS
100
AcDbPolyline
 90
2
 70
0
 10
35.309
 20
12.362749142790001
 10
35.309
 20
12.331149142790002
  0
LWPOLYLINE
  5
AE7
330
17
100
AcDbEntity
  8
PARTS
100
AcDbPolyline
 90
2
 70
0
 10
35.309
 20
12.331149142790002
 10
35.309
 20
12.31714914279
  0
LWPOLYLINE
  5
AE8
330
17
100
AcDbEntity
  8
PARTS
100
AcDbPolyline
 90
2
 70
0
 10
35.309
 20
12.31714914279
 10
35.309
 20
12.297249142790001
  0
LWPOLYLINE
  5
AE9
330
17
100
AcDbEntity
  8
PARTS
100
AcDbPolyline
 90
2
 70
0
 10
35.309
 20
12.297249142790001
 10
35.309
 20
12.297249142790001
  0
LWPOLYLINE
  5
AEA
330
17
100
AcDbEntity
  8
PARTS
100
AcDbPolyline
 90
2
 70
0
 10
35.309
 20
12.297249142790001
 10
35.309
 20
12.297249142790001
  0
LWPOLYLINE
  5
AEB
330
17
100
AcDbEntity
  8
PARTS
100
AcDbPolyline
 90
2
 70
0
 10
35.309
 20
12.31714914279
 10
35.308
 20
12.31714914279
  0
LWPOLYLINE
  5
AEC
330
17
100
AcDbEntity
  8
PARTS
100
AcDbPolyline
 90
2
 70
0
 10
16.139
 20
12.54904914279
 10
16.139
 20
12.19904914279
  0
LWPOLYLINE
  5
AED
330
17
100
AcDbEntity
  8
PARTS
100
AcDbPolyline
 90
2
 70
0
 10
16.139
 20
12.54904914279
 10
16.639
 20
12.54904914279
  0
LWPOLYLINE
  5
AEE
330
17
100
AcDbEntity
  8
PARTS
100
AcDbPolyline
 90
2
 70
0
 10
16.639
 20
12.54904914279
 10
16.639
 20
12.19904914279
  0
LWPOLYLINE
  5
AEF
330
17
100
AcDbEntity
  8
PARTS
100
AcDbPolyline
 90
2
 70
0
 10
16.149
 20
12.559049142790002
 10
16.629
 20
12.559049142790002
  0
LWPOLYLINE
  5
AF0
330
17
100
AcDbEntity
  8
PARTS
100
AcDbPolyline
 90
2
 70
0
 10
16.149
 20
12.559049142790002
 10
16.144
 20
12.54904914279
  0
LWPOLYLINE
  5
AF1
330
17
100
AcDbEntity
  8
PARTS
100
AcDbPolyline
 90
2
 70
0
 10
16.629
 20
12.559049142790002
 10
16.634
 20
12.54904914279
  0
LWPOLYLINE
  5
AF2
330
17
100
AcDbEntity
  8
PARTS
100
AcDbPolyline
 90
2
 70
0
 10
16.138
 20
12.42014914279
 10
16.138
 20
12.42094914279
  0
LWPOLYLINE
  5
AF3
330
17
100
AcDbEntity
  8
PARTS
100
AcDbPolyline
 90
2
 70
0
 10
16.138
 20
12.42094914279
 10
16.138
 20
12.42094914279
  0
LWPOLYLINE
  5
AF4
330
17
100
AcDbEntity
  8
PARTS
100
AcDbPolyline
 90
2
 70
0
 10
16.138
 20
12.42094914279
 10
16.138
 20
12.42094914279
  0
LWPOLYLINE
  5
AF5
330
17
100
AcDbEntity
  8
PARTS
100
AcDbPolyline
 90
2
 70
0
 10
16.138
 20
12.419949142790001
 10
16.139
 20
12.419949142790001
  0
LWPOLYLINE
  5
AF6
330
17
100
AcDbEntity
  8
PARTS
100
AcDbPolyline
 90
2
 70
0
 10
16.138
 20
12.419949142790001
 10
16.138
 20
12.419949142790001
  0
LWPOLYLINE
  5
AF7
330
17
100
AcDbEntity
  8
PARTS
100
AcDbPolyline
 90
2
 70
0
 10
16.138
 20
12.42014914279
 10
16.139
 20
12.42014914279
  0
LWPOLYLINE
  5
AF8
330
17
100
AcDbEntity
  8
PARTS
100
AcDbPolyline
 90
2
 70
0
 10
16.138
 20
12.419949142790001
 10
16.138
 20
12.42014914279
  0
LWPOLYLINE
  5
AF9
330
17
100
AcDbEntity
  8
PARTS
100
AcDbPolyline
 90
2
 70
0
 10
16.138
 20
12.419549142790002
 10
16.138
 20
12.419849142790001
  0
LWPOLYLINE
  5
AFA
330
17
100
AcDbEntity
  8
PARTS
100
AcDbPolyline
 90
2
 70
0
 10
16.138
 20
12.419849142790001
 10
16.138
 20
12.419949142790001
  0
LWPOLYLINE
  5
AFB
330
17
100
AcDbEntity
  8
PARTS
100
AcDbPolyline
 90
2
 70
0
 10
16.138
 20
12.419949142790001
 10
16.139
 20
12.419949142790001
  0
LWPOLYLINE
  5
AFC
330
17
100
AcDbEntity
  8
PARTS
100
AcDbPolyline
 90
2
 70
0
 10
16.138
 20
12.378749142790001
 10
16.138
 20
12.419549142790002
  0
LWPOLYLINE
  5
AFD
330
17
100
AcDbEntity
  8
PARTS
100
AcDbPolyline
 90
2
 70
0
 10
16.138
 20
12.419549142790002
 10
16.138
 20
12.419549142790002
  0
LWPOLYLINE
  5
AFE
330
17
100
AcDbEntity
  8
PARTS
100
AcDbPolyline
 90
2
 70
0
 10
16.138
 20
12.419549142790002
 10
16.139
 20
12.419549142790002
  0
LWPOLYLINE
  5
AFF
330
17
100
AcDbEntity
  8
PARTS
100
AcDbPolyline
 90
2
 70
0
 10
16.138
 20
12.378749142790001
 10
16.139
 20
12.378749142790001
  0
LWPOLYLINE
  5
B00
330
17
100
AcDbEntity
  8
PARTS
100
AcDbPolyline
 90
2
 70
0
 10
16.138
 20
12.419549142790002
 10
16.139
 20
12.419549142790002
  0
LWPOLYLINE
  5
B01
330
17
100
AcDbEntity
  8
PARTS
100
AcDbPolyline
 90
2
 70
0
 10
16.138
 20
12.355849142790001
 10
16.139
 20
12.355849142790001
  0
LWPOLYLINE
  5
B02
330
17
100
AcDbEntity
  8
PARTS
100
AcDbPolyline
 90
2
 70
0
 10
16.138
 20
12.35524914279
 10
16.138
 20
12.355849142790001
  0
LWPOLYLINE
  5
B03
330
17
100
AcDbEntity
  8
PARTS
100
AcDbPolyline
 90
2
 70
0
 10
16.138
 20
12.35604914279
 10
16.139
 20
12.35604914279
  0
LWPOLYLINE
  5
B04
330
17
100
AcDbEntity
  8
PARTS
100
AcDbPolyline
 90
2
 70
0
 10
16.138
 20
12.355849142790001
 10
16.138
 20
12.35604914279
  0
LWPOLYLINE
  5
B05
330
17
100
AcDbEntity
  8
PARTS
100
AcDbPolyline
 90
2
 70
0
 10
16.138
 20
12.301049142790001
 10
16.138
 20
12.301049142790001
  0
LWPOLYLINE
  5
B06
330
17
100
AcDbEntity
  8
PARTS
100
AcDbPolyline
 90
2
 70
0
 10
16.138
 20
12.301049142790001
 10
16.138
 20
12.31034914279
  0
LWPOLYLINE
  5
B07
330
17
100
AcDbEntity
  8
PARTS
100
AcDbPolyline
 90
2
 70
0
 10
16.138
 20
12.31034914279
 10
16.138
 20
12.313849142790001
  0
LWPOLYLINE
  5
B08
330
17
100
AcDbEntity
  8
PARTS
100
AcDbPolyline
 90
2
 70
0
 10
16.138
 20
12.355149142790001
 10
16.139
 20
12.355149142790001
  0
LWPOLYLINE
  5
B09
330
17
100
AcDbEntity
  8
PARTS
100
AcDbPolyline
 90
2
 70
0
 10
16.138
 20
12.355049142790001
 10
16.138
 20
12.355149142790001
  0
LWPOLYLINE
  5
B0A
330
17
100
AcDbEntity
  8
PARTS
100
AcDbPolyline
 90
2
 70
0
 10
16.138
 20
12.35524914279
 10
16.139
 20
12.35524914279
  0
LWPOLYLINE
  5
B0B
330
17
100
AcDbEntity
  8
PARTS
100
AcDbPolyline
 90
2
 70
0
 10
16.138
 20
12.355149142790001
 10
16.138
 20
12.35524914279
  0
LWPOLYLINE
  5
B0C
330
17
100
AcDbEntity
  8
PARTS
100
AcDbPolyline
 90
2
 70
0
 10
16.138
 20
12.354649142790002
 10
16.138
 20
12.354949142790002
  0
LWPOLYLINE
  5
B0D
330
17
100
AcDbEntity
  8
PARTS
100
AcDbPolyline
 90
2
 70
0
 10
16.138
 20
12.354949142790002
 10
16.138
 20
12.355049142790001
  0
LWPOLYLINE
  5
B0E
330
17
100
AcDbEntity
  8
PARTS
100
AcDbPolyline
 90
2
 70
0
 10
16.138
 20
12.355049142790001
 10
16.139
 20
12.355049142790001
  0
LWPOLYLINE
  5
B0F
330
17
100
AcDbEntity
  8
PARTS
100
AcDbPolyline
 90
2
 70
0
 10
16.138
 20
12.313849142790001
 10
16.138
 20
12.354649142790002
  0
LWPOLYLINE
  5
B10
330
17
100
AcDbEntity
  8
PARTS
100
AcDbPolyline
 90
2
 70
0
 10
16.138
 20
12.354649142790002
 10
16.138
 20
12.354649142790002
  0
LWPOLYLINE
  5
B11
330
17
100
AcDbEntity
  8
PARTS
100
AcDbPolyline
 90
2
 70
0
 10
16.138
 20
12.354649142790002
 10
16.139
 20
12.354649142790002
  0
LWPOLYLINE
  5
B12
330
17
100
AcDbEntity
  8
PARTS
100
AcDbPolyline
 90
2
 70
0
 10
16.138
 20
12.313849142790001
 10
16.139
 20
12.313849142790001
  0
LWPOLYLINE
  5
B13
330
17
100
AcDbEntity
  8
PARTS
100
AcDbPolyline
 90
2
 70
0
 10
16.138
 20
12.354649142790002
 10
16.139
 20
12.354649142790002
  0
LWPOLYLINE
  5
B14
330
17
100
AcDbEntity
  8
PARTS
100
AcDbPolyline
 90
2
 70
0
 10
16.138
 20
12.35604914279
 10
16.138
 20
12.378749142790001
  0
LWPOLYLINE
  5
B15
330
17
100
AcDbEntity
  8
PARTS
100
AcDbPolyline
 90
2
 70
0
 10
16.138
 20
12.42094914279
 10
16.138
 20
12.43234914279
  0
LWPOLYLINE
  5
B16
330
17
100
AcDbEntity
  8
PARTS
100
AcDbPolyline
 90
2
 70
0
 10
16.138
 20
12.43234914279
 10
16.138
 20
12.43234914279
  0
LWPOLYLINE
  5
B17
330
17
100
AcDbEntity
  8
PARTS
100
AcDbPolyline
 90
2
 70
0
 10
16.138
 20
12.43234914279
 10
16.138
 20
12.43234914279
  0
LWPOLYLINE
  5
B18
330
17
100
AcDbEntity
  8
PARTS
100
AcDbPolyline
 90
2
 70
0
 10
16.138
 20
12.297249142790001
 10
16.138
 20
12.297249142790001
  0
LWPOLYLINE
  5
B19
330
17
100
AcDbEntity
  8
PARTS
100
AcDbPolyline
 90
2
 70
0
 10
16.138
 20
12.297249142790001
 10
16.138
 20
12.301049142790001
  0
LWPOLYLINE
  5
B1A
330
17
100
AcDbEntity
  8
PARTS
100
AcDbPolyline
 90
2
 70
0
 10
17.9725
 20
12.54904914279
 10
17.9725
 20
12.19904914279
  0
LWPOLYLINE
  5
B1B
330
17
100
AcDbEntity
  8
PARTS
100
AcDbPolyline
 90
2
 70
0
 10
17.4725
 20
12.54904914279
 10
17.9725
 20
12.54904914279
  0
LWPOLYLINE
  5
B1C
330
17
100
AcDbEntity
  8
PARTS
100
AcDbPolyline
 90
2
 70
0
 10
17.4725
 20
12.54904914279
 10
17.4725
 20
12.19904914279
  0
LWPOLYLINE
  5
B1D
330
17
100
AcDbEntity
  8
PARTS
100
AcDbPolyline
 90
2
 70
0
 10
17.4825
 20
12.559049142790002
 10
17.9625
 20
12.559049142790002
  0
LWPOLYLINE
  5
B1E
330
17
100
AcDbEntity
  8
PARTS
100
AcDbPolyline
 90
2
 70
0
 10
17.9675
 20
12.54904914279
 10
17.9625
 20
12.559049142790002
  0
LWPOLYLINE
  5
B1F
330
17
100
AcDbEntity
  8
PARTS
100
AcDbPolyline
 90
2
 70
0
 10
17.4775
 20
12.54904914279
 10
17.4825
 20
12.559049142790002
  0
LWPOLYLINE
  5
B20
330
17
100
AcDbEntity
  8
PARTS
100
AcDbPolyline
 90
2
 70
0
 10
17.9735
 20
12.43234914279
 10
17.9735
 20
12.43234914279
  0
LWPOLYLINE
  5
B21
330
17
100
AcDbEntity
  8
PARTS
100
AcDbPolyline
 90
2
 70
0
 10
17.9735
 20
12.43234914279
 10
17.9735
 20
12.421249142790002
  0
LWPOLYLINE
  5
B22
330
17
100
AcDbEntity
  8
PARTS
100
AcDbPolyline
 90
2
 70
0
 10
17.9735
 20
12.421249142790002
 10
17.9735
 20
12.409249142790001
  0
LWPOLYLINE
  5
B23
330
17
100
AcDbEntity
  8
PARTS
100
AcDbPolyline
 90
2
 70
0
 10
17.9735
 20
12.409249142790001
 10
17.9735
 20
12.409249142790001
  0
LWPOLYLINE
  5
B24
330
17
100
AcDbEntity
  8
PARTS
100
AcDbPolyline
 90
2
 70
0
 10
17.9735
 20
12.409249142790001
 10
17.9735
 20
12.39564914279
  0
LWPOLYLINE
  5
B25
330
17
100
AcDbEntity
  8
PARTS
100
AcDbPolyline
 90
2
 70
0
 10
17.9735
 20
12.39564914279
 10
17.9735
 20
12.362749142790001
  0
LWPOLYLINE
  5
B26
330
17
100
AcDbEntity
  8
PARTS
100
AcDbPolyline
 90
2
 70
0
 10
17.9735
 20
12.362749142790001
 10
17.9735
 20
12.331149142790002
  0
LWPOLYLINE
  5
B27
330
17
100
AcDbEntity
  8
PARTS
100
AcDbPolyline
 90
2
 70
0
 10
17.9735
 20
12.331149142790002
 10
17.9735
 20
12.31714914279
  0
LWPOLYLINE
  5
B28
330
17
100
AcDbEntity
  8
PARTS
100
AcDbPolyline
 90
2
 70
0
 10
17.9735
 20
12.31714914279
 10
17.9735
 20
12.297249142790001
  0
LWPOLYLINE
  5
B29
330
17
100
AcDbEntity
  8
PARTS
100
AcDbPolyline
 90
2
 70
0
 10
17.9735
 20
12.297249142790001
 10
17.9735
 20
12.297249142790001
  0
LWPOLYLINE
  5
B2A
330
17
100
AcDbEntity
  8
PARTS
100
AcDbPolyline
 90
2
 70
0
 10
17.9735
 20
12.297249142790001
 10
17.9735
 20
12.297249142790001
  0
LWPOLYLINE
  5
B2B
330
17
100
AcDbEntity
  8
PARTS
100
AcDbPolyline
 90
2
 70
0
 10
17.9735
 20
12.31714914279
 10
17.9725
 20
12.31714914279
  0
LWPOLYLINE
  5
B2C
330
17
100
AcDbEntity
  8
PARTS
100
AcDbPolyline
 90
2
 70
0
 10
32.15
 20
12.19904914279
 10
32.3315
 20
12.19904914279
  0
LWPOLYLINE
  5
B2D
330
17
100
AcDbEntity
  8
PARTS
100
AcDbPolyline
 90
2
 70
0
 10
32.15
 20
12.349049142790001
 10
32.3305
 20
12.349049142790001
  0
LWPOLYLINE
  5
B2E
330
17
100
AcDbEntity
  8
PARTS
100
AcDbPolyline
 90
2
 70
0
 10
32.15
 20
12.19904914279
 10
32.15
 20
12.349049142790001
  0
LWPOLYLINE
  5
B2F
330
17
100
AcDbEntity
  8
PARTS
100
AcDbPolyline
 90
2
 70
0
 10
31.05
 20
12.19904914279
 10
31.0933
 20
12.19904914279
  0
LWPOLYLINE
  5
B30
330
17
100
AcDbEntity
  8
PARTS
100
AcDbPolyline
 90
2
 70
0
 10
31.05
 20
12.349049142790001
 10
31.0933
 20
12.349049142790001
  0
LWPOLYLINE
  5
B31
330
17
100
AcDbEntity
  8
PARTS
100
AcDbPolyline
 90
2
 70
0
 10
31.05
 20
12.19904914279
 10
31.05
 20
12.349049142790001
  0
LWPOLYLINE
  5
B32
330
17
100
AcDbEntity
  8
PARTS
100
AcDbPolyline
 90
2
 70
0
 10
28.85
 20
12.19904914279
 10
29.15
 20
12.19904914279
  0
LWPOLYLINE
  5
B33
330
17
100
AcDbEntity
  8
PARTS
100
AcDbPolyline
 90
2
 70
0
 10
29.15
 20
12.19904914279
 10
29.15
 20
12.349049142790001
  0
LWPOLYLINE
  5
B34
330
17
100
AcDbEntity
  8
PARTS
100
AcDbPolyline
 90
2
 70
0
 10
28.85
 20
12.349049142790001
 10
29.15
 20
12.349049142790001
  0
LWPOLYLINE
  5
B35
330
17
100
AcDbEntity
  8
PARTS
100
AcDbPolyline
 90
2
 70
0
 10
28.85
 20
12.19904914279
 10
28.85
 20
12.349049142790001
  0
LWPOLYLINE
  5
B36
330
17
100
AcDbEntity
  8
PARTS
100
AcDbPolyline
 90
2
 70
0
 10
26.684
 20
12.19904914279
 10
26.950000000000003
 20
12.19904914279
  0
LWPOLYLINE
  5
B37
330
17
100
AcDbEntity
  8
PARTS
100
AcDbPolyline
 90
2
 70
0
 10
26.950000000000003
 20
12.19904914279
 10
26.950000000000003
 20
12.20904914279
  0
LWPOLYLINE
  5
B38
330
17
100
AcDbEntity
  8
PARTS
100
AcDbPolyline
 90
2
 70
0
 10
25.55
 20
12.19904914279
 10
25.85
 20
12.19904914279
  0
LWPOLYLINE
  5
B39
330
17
100
AcDbEntity
  8
PARTS
100
AcDbPolyline
 90
2
 70
0
 10
25.85
 20
12.19904914279
 10
25.85
 20
12.349049142790001
  0
LWPOLYLINE
  5
B3A
330
17
100
AcDbEntity
  8
PARTS
100
AcDbPolyline
 90
2
 70
0
 10
25.55
 20
12.349049142790001
 10
25.85
 20
12.349049142790001
  0
LWPOLYLINE
  5
B3B
330
17
100
AcDbEntity
  8
PARTS
100
AcDbPolyline
 90
2
 70
0
 10
25.55
 20
12.19904914279
 10
25.55
 20
12.349049142790001
  0
LWPOLYLINE
  5
B3C
330
17
100
AcDbEntity
  8
PARTS
100
AcDbPolyline
 90
2
 70
0
 10
24.64
 20
12.19904914279
 10
24.75
 20
12.19904914279
  0
LWPOLYLINE
  5
B3D
330
17
100
AcDbEntity
  8
PARTS
100
AcDbPolyline
 90
2
 70
0
 10
24.75
 20
12.19904914279
 10
24.75
 20
12.349049142790001
  0
LWPOLYLINE
  5
B3E
330
17
100
AcDbEntity
  8
PARTS
100
AcDbPolyline
 90
2
 70
0
 10
24.641
 20
12.349049142790001
 10
24.75
 20
12.349049142790001
  0
LWPOLYLINE
  5
B3F
330
17
100
AcDbEntity
  8
PARTS
100
AcDbPolyline
 90
2
 70
0
 10
23.35
 20
12.19904914279
 10
23.65
 20
12.19904914279
  0
LWPOLYLINE
  5
B40
330
17
100
AcDbEntity
  8
PARTS
100
AcDbPolyline
 90
2
 70
0
 10
23.65
 20
12.19904914279
 10
23.65
 20
12.349049142790001
  0
LWPOLYLINE
  5
B41
330
17
100
AcDbEntity
  8
PARTS
100
AcDbPolyline
 90
2
 70
0
 10
23.35
 20
12.349049142790001
 10
23.65
 20
12.349049142790001
  0
LWPOLYLINE
  5
B42
330
17
100
AcDbEntity
  8
PARTS
100
AcDbPolyline
 90
2
 70
0
 10
23.35
 20
12.19904914279
 10
23.35
 20
12.349049142790001
  0
LWPOLYLINE
  5
B43
330
17
100
AcDbEntity
  8
PARTS
100
AcDbPolyline
 90
2
 70
0
 10
19.425
 20
12.19904914279
 10
20.024
 20
12.19904914279
  0
LWPOLYLINE
  5
B44
330
17
100
AcDbEntity
  8
PARTS
100
AcDbPolyline
 90
2
 70
0
 10
21.973
 20
12.19904914279
 10
22.8065
 20
12.19904914279
  0
LWPOLYLINE
  5
B45
330
17
100
AcDbEntity
  8
PARTS
100
AcDbPolyline
 90
2
 70
0
 10
23.3065
 20
12.19904914279
 10
23.35
 20
12.19904914279
  0
LWPOLYLINE
  5
B46
330
17
100
AcDbEntity
  8
PARTS
100
AcDbPolyline
 90
2
 70
0
 10
23.65
 20
12.19904914279
 10
24.14
 20
12.19904914279
  0
LWPOLYLINE
  5
B47
330
17
100
AcDbEntity
  8
PARTS
100
AcDbPolyline
 90
2
 70
0
 10
24.75
 20
12.19904914279
 10
25.55
 20
12.19904914279
  0
LWPOLYLINE
  5
B48
330
17
100
AcDbEntity
  8
PARTS
100
AcDbPolyline
 90
2
 70
0
 10
25.85
 20
12.19904914279
 10
26.65
 20
12.19904914279
  0
LWPOLYLINE
  5
B49
330
17
100
AcDbEntity
  8
PARTS
100
AcDbPolyline
 90
2
 70
0
 10
26.950000000000003
 20
12.19904914279
 10
27.7337
 20
12.19904914279
  0
LWPOLYLINE
  5
B4A
330
17
100
AcDbEntity
  8
PARTS
100
AcDbPolyline
 90
2
 70
0
 10
28.134
 20
12.19904914279
 10
28.85
 20
12.19904914279
  0
LWPOLYLINE
  5
B4B
330
17
100
AcDbEntity
  8
PARTS
100
AcDbPolyline
 90
2
 70
0
 10
29.15
 20
12.19904914279
 10
29.855
 20
12.19904914279
  0
LWPOLYLINE
  5
B4C
330
17
100
AcDbEntity
  8
PARTS
100
AcDbPolyline
 90
2
 70
0
 10
30.355
 20
12.19904914279
 10
31.05
 20
12.19904914279
  0
LWPOLYLINE
  5
B4D
330
17
100
AcDbEntity
  8
PARTS
100
AcDbPolyline
 90
2
 70
0
 10
31.5933
 20
12.19904914279
 10
32.15
 20
12.19904914279
  0
LWPOLYLINE
  5
B4E
330
17
100
AcDbEntity
  8
PARTS
100
AcDbPolyline
 90
2
 70
0
 10
32.8315
 20
12.19904914279
 10
32.974999999999994
 20
12.19904914279
  0
LWPOLYLINE
  5
B4F
330
17
100
AcDbEntity
  8
PARTS
100
AcDbPolyline
 90
2
 70
0
 10
19.425
 20
12.19904914279
 10
19.306
 20
12.19904914279
  0
LWPOLYLINE
  5
B50
330
17
100
AcDbEntity
  8
PARTS
100
AcDbPolyline
 90
2
 70
0
 10
18.806
 20
12.19904914279
 10
18.525
 20
12.19904914279
  0
LWPOLYLINE
  5
B51
330
17
100
AcDbEntity
  8
PARTS
100
AcDbPolyline
 90
2
 70
0
 10
18.525
 20
12.19904914279
 10
18.525
 20
14.099049142790001
  0
LWPOLYLINE
  5
B52
330
17
100
AcDbEntity
  8
PARTS
100
AcDbPolyline
 90
2
 70
0
 10
19.425
 20
14.099049142790001
 10
32.974999999999994
 20
14.099049142790001
  0
LWPOLYLINE
  5
B53
330
17
100
AcDbEntity
  8
PARTS
100
AcDbPolyline
 90
2
 70
0
 10
19.425
 20
12.19904914279
 10
19.425
 20
14.099049142790001
  0
LWPOLYLINE
  5
B54
330
17
100
AcDbEntity
  8
PARTS
100
AcDbPolyline
 90
2
 70
0
 10
32.974999999999994
 20
14.099049142790001
 10
32.974999999999994
 20
12.19904914279
  0
LWPOLYLINE
  5
B55
330
17
100
AcDbEntity
  8
PARTS
100
AcDbPolyline
 90
2
 70
0
 10
19.275
 20
14.099049142790001
 10
18.525
 20
14.099049142790001
  0
LWPOLYLINE
  5
B56
330
17
100
AcDbEntity
  8
PARTS
100
AcDbPolyline
 90
2
 70
0
 10
18.975
 20
14.249049142790001
 10
18.525
 20
14.249049142790001
  0
LWPOLYLINE
  5
B57
330
17
100
AcDbEntity
  8
PARTS
100
AcDbPolyline
 90
2
 70
0
 10
18.375
 20
13.749049142790001
 10
18.375
 20
14.099049142790001
  0
LWPOLYLINE
  5
B58
330
17
100
AcDbEntity
  8
PARTS
100
AcDbPolyline
 90
2
 70
0
 10
18.525
 20
12.249049142790001
 10
18.375
 20
12.249049142790001
  0
LWPOLYLINE
  5
B59
330
17
100
AcDbEntity
  8
PARTS
100
AcDbPolyline
 90
2
 70
0
 10
18.375
 20
12.249049142790001
 10
18.375
 20
14.099049142790001
  0
LWPOLYLINE
  5
B5A
330
17
100
AcDbEntity
  8
PARTS
100
AcDbPolyline
 90
2
 70
0
 10
33.125
 20
14.099049142790001
 10
33.125
 20
12.349049142790001
  0
LWPOLYLINE
  5
B5B
330
17
100
AcDbEntity
  8
PARTS
100
AcDbPolyline
 90
2
 70
0
 10
33.125
 20
12.349049142790001
 10
33.125
 20
12.54904914279
  0
LWPOLYLINE
  5
B5C
330
17
100
AcDbEntity
  8
PARTS
100
AcDbPolyline
 90
2
 70
0
 10
32.974999999999994
 20
12.249049142790001
 10
33.0132
 20
12.249049142790001
  0
LWPOLYLINE
  5
B5D
330
17
100
AcDbEntity
  8
PARTS
100
AcDbPolyline
 90
2
 70
0
 10
19.625
 20
14.249049142790001
 10
19.975
 20
14.249049142790001
  0
LWPOLYLINE
  5
B5E
330
17
100
AcDbEntity
  8
PARTS
100
AcDbPolyline
 90
2
 70
0
 10
19.625
 20
14.249049142790001
 10
18.525
 20
14.249049142790001
  0
LWPOLYLINE
  5
B5F
330
17
100
AcDbEntity
  8
PARTS
100
AcDbPolyline
 90
2
 70
0
 10
19.425
 20
14.249049142790001
 10
32.974999999999994
 20
14.249049142790001
  0
LWPOLYLINE
  5
B60
330
17
100
AcDbEntity
  8
PARTS
100
AcDbPolyline
 90
2
 70
0
 10
32.974999999999994
 20
14.099049142790001
 10
32.974999999999994
 20
12.349049142790001
  0
LWPOLYLINE
  5
B61
330
17
100
AcDbEntity
  8
PARTS
100
AcDbPolyline
 90
2
 70
0
 10
19.425
 20
14.099049142790001
 10
32.974999999999994
 20
14.099049142790001
  0
LWPOLYLINE
  5
B62
330
17
100
AcDbEntity
  8
PARTS
100
AcDbPolyline
 90
3
 70
0
 10
32.974999999999994
 20
12.349049142790001
 10
33.0189
 20
12.242949142790001
 10
33.125
 20
12.19904914279
  0
LWPOLYLINE
  5
B63
330
17
100
AcDbEntity
  8
PARTS
100
AcDbPolyline
 90
2
 70
0
 10
33.5698
 20
12.19904914279
 10
33.125
 20
12.19904914279
  0
LWPOLYLINE
  5
B64
330
17
100
AcDbEntity
  8
PARTS
100
AcDbPolyline
 90
2
 70
0
 10
33.125
 20
12.349049142790001
 10
33.568799999999996
 20
12.349049142790001
  0
LWPOLYLINE
  5
B65
330
17
100
AcDbEntity
  8
PARTS
100
AcDbPolyline
 90
3
 70
0
 10
33.125
 20
14.099049142790001
 10
33.081
 20
14.205049142790001
 10
32.974999999999994
 20
14.249049142790001
  0
LWPOLYLINE
  5
B66
330
17
100
AcDbEntity
  8
PARTS
100
AcDbPolyline
 90
3
 70
0
 10
19.425
 20
14.249049142790001
 10
19.3189
 20
14.205049142790001
 10
19.275
 20
14.099049142790001
  0
LWPOLYLINE
  5
B67
330
17
100
AcDbEntity
  8
PARTS
100
AcDbPolyline
 90
2
 70
0
 10
19.275
 20
14.099049142790001
 10
19.275
 20
12.559049142790002
  0
LWPOLYLINE
  5
B68
330
17
100
AcDbEntity
  8
PARTS
100
AcDbPolyline
 90
2
 70
0
 10
18.806
 20
12.349049142790001
 10
18.575
 20
12.349049142790001
  0
LWPOLYLINE
  5
B69
330
17
100
AcDbEntity
  8
PARTS
100
AcDbPolyline
 90
2
 70
0
 10
18.575
 20
12.19904914279
 10
18.575
 20
12.349049142790001
  0
LWPOLYLINE
  5
B6A
330
17
100
AcDbEntity
  8
PARTS
100
AcDbPolyline
 90
2
 70
0
 10
18.806
 20
12.19904914279
 10
18.575
 20
12.19904914279
  0
LWPOLYLINE
  5
B6B
330
17
100
AcDbEntity
  8
PARTS
100
AcDbPolyline
 90
3
 70
0
 10
19.306
 20
12.202249142790002
 10
19.3915
 20
12.254549142790001
 10
19.425
 20
12.349049142790001
  0
LWPOLYLINE
  5
B6C
330
17
100
AcDbEntity
  8
PARTS
100
AcDbPolyline
 90
2
 70
0
 10
19.425
 20
14.099049142790001
 10
19.425
 20
12.349049142790001
  0
LWPOLYLINE
  5
B6D
330
17
100
AcDbEntity
  8
PARTS
100
AcDbPolyline
 90
3
 70
0
 10
18.525
 20
14.249049142790001
 10
18.4189
 20
14.205049142790001
 10
18.375
 20
14.099049142790001
  0
LWPOLYLINE
  5
B6E
330
17
100
AcDbEntity
  8
PARTS
100
AcDbPolyline
 90
2
 70
0
 10
33.5698
 20
12.19904914279
 10
33.125
 20
12.19904914279
  0
LWPOLYLINE
  5
B6F
330
17
100
AcDbEntity
  8
PARTS
100
AcDbPolyline
 90
2
 70
0
 10
18.375
 20
12.349049142790001
 10
17.9735
 20
12.349049142790001
  0
LWPOLYLINE
  5
B70
330
17
100
AcDbEntity
  8
PARTS
100
AcDbPolyline
 90
2
 70
0
 10
17.9725
 20
12.19904914279
 10
18.375
 20
12.19904914279
  0
LWPOLYLINE
  5
B71
330
17
100
AcDbEntity
  8
PARTS
100
AcDbPolyline
 90
2
 70
0
 10
18.375
 20
12.19904914279
 10
18.4868
 20
12.249049142790001
  0
LWPOLYLINE
  5
B72
330
17
100
AcDbEntity
  8
PARTS
100
AcDbPolyline
 90
2
 70
0
 10
26.4877
 20
14.250049142790001
 10
26.4877
 20
14.249049142790001
  0
LWPOLYLINE
  5
B73
330
17
100
AcDbEntity
  8
PARTS
100
AcDbPolyline
 90
2
 70
0
 10
26.4877
 20
14.250049142790001
 10
26.633499999999998
 20
14.250049142790001
  0
LWPOLYLINE
  5
B74
330
17
100
AcDbEntity
  8
PARTS
100
AcDbPolyline
 90
2
 70
0
 10
26.633499999999998
 20
14.250049142790001
 10
26.633499999999998
 20
14.249049142790001
  0
LWPOLYLINE
  5
B75
330
17
100
AcDbEntity
  8
PARTS
100
AcDbPolyline
 90
2
 70
0
 10
26.6807
 20
14.250049142790001
 10
26.6807
 20
14.249049142790001
  0
LWPOLYLINE
  5
B76
330
17
100
AcDbEntity
  8
PARTS
100
AcDbPolyline
 90
2
 70
0
 10
26.633499999999998
 20
14.250049142790001
 10
26.6807
 20
14.250049142790001
  0
LWPOLYLINE
  5
B77
330
17
100
AcDbEntity
  8
PARTS
100
AcDbPolyline
 90
2
 70
0
 10
26.1986
 20
14.250049142790001
 10
26.1986
 20
14.249049142790001
  0
LWPOLYLINE
  5
B78
330
17
100
AcDbEntity
  8
PARTS
100
AcDbPolyline
 90
2
 70
0
 10
26.1986
 20
14.250049142790001
 10
26.285400000000003
 20
14.250049142790001
  0
LWPOLYLINE
  5
B79
330
17
100
AcDbEntity
  8
PARTS
100
AcDbPolyline
 90
2
 70
0
 10
26.285400000000003
 20
14.250049142790001
 10
26.419800000000002
 20
14.250049142790001
  0
LWPOLYLINE
  5
B7A
330
17
100
AcDbEntity
  8
PARTS
100
AcDbPolyline
 90
2
 70
0
 10
26.419800000000002
 20
14.250049142790001
 10
26.4727
 20
14.250049142790001
  0
LWPOLYLINE
  5
B7B
330
17
100
AcDbEntity
  8
PARTS
100
AcDbPolyline
 90
2
 70
0
 10
26.4727
 20
14.250049142790001
 10
26.4727
 20
14.249049142790001
  0
LWPOLYLINE
  5
B7C
330
17
100
AcDbEntity
  8
PARTS
100
AcDbPolyline
 90
2
 70
0
 10
25.9285
 20
14.250049142790001
 10
25.9285
 20
14.249049142790001
  0
LWPOLYLINE
  5
B7D
330
17
100
AcDbEntity
  8
PARTS
100
AcDbPolyline
 90
2
 70
0
 10
25.9285
 20
14.250049142790001
 10
25.936799999999998
 20
14.250049142790001
  0
LWPOLYLINE
  5
B7E
330
17
100
AcDbEntity
  8
PARTS
100
AcDbPolyline
 90
2
 70
0
 10
25.936799999999998
 20
14.250049142790001
 10
25.936799999999998
 20
14.249049142790001
  0
LWPOLYLINE
  5
B7F
330
17
100
AcDbEntity
  8
PARTS
100
AcDbPolyline
 90
2
 70
0
 10
26.125300000000003
 20
14.250049142790001
 10
26.125300000000003
 20
14.249049142790001
  0
LWPOLYLINE
  5
B80
330
17
100
AcDbEntity
  8
PARTS
100
AcDbPolyline
 90
2
 70
0
 10
25.936799999999998
 20
14.250049142790001
 10
26.125300000000003
 20
14.250049142790001
  0
LWPOLYLINE
  5
B81
330
17
100
AcDbEntity
  8
PARTS
100
AcDbPolyline
 90
2
 70
0
 10
25.561300000000003
 20
14.250049142790001
 10
25.616500000000002
 20
14.250049142790001
  0
LWPOLYLINE
  5
B82
330
17
100
AcDbEntity
  8
PARTS
100
AcDbPolyline
 90
2
 70
0
 10
25.616500000000002
 20
14.250049142790001
 10
25.7549
 20
14.250049142790001
  0
LWPOLYLINE
  5
B83
330
17
100
AcDbEntity
  8
PARTS
100
AcDbPolyline
 90
2
 70
0
 10
25.7549
 20
14.250049142790001
 10
25.8593
 20
14.250049142790001
  0
LWPOLYLINE
  5
B84
330
17
100
AcDbEntity
  8
PARTS
100
AcDbPolyline
 90
2
 70
0
 10
25.561300000000003
 20
14.250049142790001
 10
25.561300000000003
 20
14.249049142790001
  0
LWPOLYLINE
  5
B85
330
17
100
AcDbEntity
  8
PARTS
100
AcDbPolyline
 90
2
 70
0
 10
25.8593
 20
14.250049142790001
 10
25.8593
 20
14.249049142790001
  0
LWPOLYLINE
  5
B86
330
17
100
AcDbEntity
  8
PARTS
100
AcDbPolyline
 90
2
 70
0
 10
25.2116
 20
14.250049142790001
 10
25.351
 20
14.250049142790001
  0
LWPOLYLINE
  5
B87
330
17
100
AcDbEntity
  8
PARTS
100
AcDbPolyline
 90
2
 70
0
 10
25.351
 20
14.250049142790001
 10
25.4015
 20
14.250049142790001
  0
LWPOLYLINE
  5
B88
330
17
100
AcDbEntity
  8
PARTS
100
AcDbPolyline
 90
2
 70
0
 10
25.4015
 20
14.250049142790001
 10
25.541
 20
14.250049142790001
  0
LWPOLYLINE
  5
B89
330
17
100
AcDbEntity
  8
PARTS
100
AcDbPolyline
 90
2
 70
0
 10
25.351
 20
14.250049142790001
 10
25.351
 20
14.249049142790001
  0
LWPOLYLINE
  5
B8A
330
17
100
AcDbEntity
  8
PARTS
100
AcDbPolyline
 90
2
 70
0
 10
25.2116
 20
14.250049142790001
 10
25.2116
 20
14.249049142790001
  0
LWPOLYLINE
  5
B8B
330
17
100
AcDbEntity
  8
PARTS
100
AcDbPolyline
 90
2
 70
0
 10
25.4015
 20
14.250049142790001
 10
25.4015
 20
14.249049142790001
  0
LWPOLYLINE
  5
B8C
330
17
100
AcDbEntity
  8
PARTS
100
AcDbPolyline
 90
2
 70
0
 10
25.541
 20
14.250049142790001
 10
25.541
 20
14.249049142790001
  0
LWPOLYLINE
  5
B8D
330
17
100
AcDbEntity
  8
PARTS
100
AcDbPolyline
 90
2
 70
0
 10
26.483800000000002
 20
14.250049142790001
 10
26.483800000000002
 20
14.249049142790001
  0
LWPOLYLINE
  5
B8E
330
17
100
AcDbEntity
  8
PARTS
100
AcDbPolyline
 90
2
 70
0
 10
26.483800000000002
 20
14.250049142790001
 10
26.4877
 20
14.250049142790001
  0
LWPOLYLINE
  5
B8F
330
17
100
AcDbEntity
  8
PARTS
100
AcDbPolyline
 90
2
 70
0
 10
26.1675
 20
14.250049142790001
 10
26.1677
 20
14.250049142790001
  0
LWPOLYLINE
  5
B90
330
17
100
AcDbEntity
  8
PARTS
100
AcDbPolyline
 90
2
 70
0
 10
26.1677
 20
14.250049142790001
 10
26.1677
 20
14.249049142790001
  0
LWPOLYLINE
  5
B91
330
17
100
AcDbEntity
  8
PARTS
100
AcDbPolyline
 90
2
 70
0
 10
26.125300000000003
 20
14.250049142790001
 10
26.1381
 20
14.250049142790001
  0
LWPOLYLINE
  5
B92
330
17
100
AcDbEntity
  8
PARTS
100
AcDbPolyline
 90
2
 70
0
 10
26.1381
 20
14.250049142790001
 10
26.1675
 20
14.250049142790001
  0
LWPOLYLINE
  5
B93
330
17
100
AcDbEntity
  8
PARTS
100
AcDbPolyline
 90
2
 70
0
 10
26.1675
 20
14.250049142790001
 10
26.1675
 20
14.249049142790001
  0
LWPOLYLINE
  5
B94
330
17
100
AcDbEntity
  8
PARTS
100
AcDbPolyline
 90
2
 70
0
 10
25.916
 20
14.250049142790001
 10
25.916
 20
14.249049142790001
  0
LWPOLYLINE
  5
B95
330
17
100
AcDbEntity
  8
PARTS
100
AcDbPolyline
 90
2
 70
0
 10
25.8593
 20
14.250049142790001
 10
25.916
 20
14.250049142790001
  0
LWPOLYLINE
  5
B96
330
17
100
AcDbEntity
  8
PARTS
100
AcDbPolyline
 90
2
 70
0
 10
25.916
 20
14.250049142790001
 10
25.9285
 20
14.250049142790001
  0
LWPOLYLINE
  5
B97
330
17
100
AcDbEntity
  8
PARTS
100
AcDbPolyline
 90
2
 70
0
 10
25.541
 20
14.250049142790001
 10
25.561300000000003
 20
14.250049142790001
  0
LWPOLYLINE
  5
B98
330
17
100
AcDbEntity
  8
PARTS
100
AcDbPolyline
 90
2
 70
0
 10
25.102800000000002
 20
14.250049142790001
 10
25.158
 20
14.250049142790001
  0
LWPOLYLINE
  5
B99
330
17
100
AcDbEntity
  8
PARTS
100
AcDbPolyline
 90
2
 70
0
 10
25.158
 20
14.250049142790001
 10
25.2116
 20
14.250049142790001
  0
LWPOLYLINE
  5
B9A
330
17
100
AcDbEntity
  8
PARTS
100
AcDbPolyline
 90
2
 70
0
 10
25.102800000000002
 20
14.250049142790001
 10
25.102800000000002
 20
14.249049142790001
  0
LWPOLYLINE
  5
B9B
330
17
100
AcDbEntity
  8
PARTS
100
AcDbPolyline
 90
2
 70
0
 10
24.7531
 20
14.250049142790001
 10
24.8926
 20
14.250049142790001
  0
LWPOLYLINE
  5
B9C
330
17
100
AcDbEntity
  8
PARTS
100
AcDbPolyline
 90
2
 70
0
 10
24.8926
 20
14.250049142790001
 10
24.9431
 20
14.250049142790001
  0
LWPOLYLINE
  5
B9D
330
17
100
AcDbEntity
  8
PARTS
100
AcDbPolyline
 90
2
 70
0
 10
24.9431
 20
14.250049142790001
 10
25.0825
 20
14.250049142790001
  0
LWPOLYLINE
  5
B9E
330
17
100
AcDbEntity
  8
PARTS
100
AcDbPolyline
 90
2
 70
0
 10
24.8926
 20
14.250049142790001
 10
24.8926
 20
14.249049142790001
  0
LWPOLYLINE
  5
B9F
330
17
100
AcDbEntity
  8
PARTS
100
AcDbPolyline
 90
2
 70
0
 10
24.7531
 20
14.250049142790001
 10
24.7531
 20
14.249049142790001
  0
LWPOLYLINE
  5
BA0
330
17
100
AcDbEntity
  8
PARTS
100
AcDbPolyline
 90
2
 70
0
 10
24.9431
 20
14.250049142790001
 10
24.9431
 20
14.249049142790001
  0
LWPOLYLINE
  5
BA1
330
17
100
AcDbEntity
  8
PARTS
100
AcDbPolyline
 90
2
 70
0
 10
25.0825
 20
14.250049142790001
 10
25.0825
 20
14.249049142790001
  0
LWPOLYLINE
  5
BA2
330
17
100
AcDbEntity
  8
PARTS
100
AcDbPolyline
 90
3
 70
0
 10
26.9805
 20
14.250049142790001
 10
27.1094
 20
14.250049142790001
 10
27.2382
 20
14.250049142790001
  0
LWPOLYLINE
  5
BA3
330
17
100
AcDbEntity
  8
PARTS
100
AcDbPolyline
 90
2
 70
0
 10
27.2382
 20
14.250049142790001
 10
27.3788
 20
14.250049142790001
  0
LWPOLYLINE
  5
BA4
330
17
100
AcDbEntity
  8
PARTS
100
AcDbPolyline
 90
4
 70
0
 10
27.3788
 20
14.250049142790001
 10
27.4968
 20
14.250049142790001
 10
27.614800000000002
 20
14.250049142790001
 10
27.7327
 20
14.250049142790001
  0
LWPOLYLINE
  5
BA5
330
17
100
AcDbEntity
  8
PARTS
100
AcDbPolyline
 90
4
 70
0
 10
27.7327
 20
14.250049142790001
 10
27.8369
 20
14.250049142790001
 10
27.941000000000003
 20
14.250049142790001
 10
28.045099999999998
 20
14.250049142790001
  0
LWPOLYLINE
  5
BA6
330
17
100
AcDbEntity
  8
PARTS
100
AcDbPolyline
 90
2
 70
0
 10
28.045099999999998
 20
14.250049142790001
 10
28.1596
 20
14.250049142790001
  0
LWPOLYLINE
  5
BA7
330
17
100
AcDbEntity
  8
PARTS
100
AcDbPolyline
 90
2
 70
0
 10
28.1596
 20
14.250049142790001
 10
28.2195
 20
14.250049142790001
  0
LWPOLYLINE
  5
BA8
330
17
100
AcDbEntity
  8
PARTS
100
AcDbPolyline
 90
3
 70
0
 10
28.2195
 20
14.250049142790001
 10
28.369100000000003
 20
14.250049142790001
 10
28.5188
 20
14.250049142790001
  0
LWPOLYLINE
  5
BA9
330
17
100
AcDbEntity
  8
PARTS
100
AcDbPolyline
 90
2
 70
0
 10
28.5188
 20
14.250049142790001
 10
28.6411
 20
14.250049142790001
  0
LWPOLYLINE
  5
BAA
330
17
100
AcDbEntity
  8
PARTS
100
AcDbPolyline
 90
2
 70
0
 10
26.9805
 20
14.250049142790001
 10
26.9805
 20
14.249049142790001
  0
LWPOLYLINE
  5
BAB
330
17
100
AcDbEntity
  8
PARTS
100
AcDbPolyline
 90
2
 70
0
 10
27.2382
 20
14.250049142790001
 10
27.2382
 20
14.249049142790001
  0
LWPOLYLINE
  5
BAC
330
17
100
AcDbEntity
  8
PARTS
100
AcDbPolyline
 90
2
 70
0
 10
27.3788
 20
14.250049142790001
 10
27.3788
 20
14.249049142790001
  0
LWPOLYLINE
  5
BAD
330
17
100
AcDbEntity
  8
PARTS
100
AcDbPolyline
 90
2
 70
0
 10
28.1596
 20
14.250049142790001
 10
28.1596
 20
14.249049142790001
  0
LWPOLYLINE
  5
BAE
330
17
100
AcDbEntity
  8
PARTS
100
AcDbPolyline
 90
2
 70
0
 10
28.6411
 20
14.250049142790001
 10
28.6411
 20
14.249049142790001
  0
LWPOLYLINE
  5
BAF
330
17
100
AcDbEntity
  8
PARTS
100
AcDbPolyline
 90
2
 70
0
 10
26.234
 20
12.249049142790001
 10
26.6021
 20
12.249049142790001
  0
LWPOLYLINE
  5
BB0
330
17
100
AcDbEntity
  8
PARTS
100
AcDbPolyline
 90
2
 70
0
 10
26.234
 20
12.19904914279
 10
26.234
 20
12.249049142790001
  0
LWPOLYLINE
  5
BB1
330
17
100
AcDbEntity
  8
PARTS
100
AcDbPolyline
 90
2
 70
0
 10
26.6021
 20
13.44904914279
 10
26.234
 20
13.44904914279
  0
LWPOLYLINE
  5
BB2
330
17
100
AcDbEntity
  8
PARTS
100
AcDbPolyline
 90
2
 70
0
 10
26.234
 20
13.44904914279
 10
26.234
 20
12.249049142790001
  0
LWPOLYLINE
  5
BB3
330
17
100
AcDbEntity
  8
PARTS
100
AcDbPolyline
 90
2
 70
0
 10
26.234
 20
13.44904914279
 10
26.234
 20
13.499049142790001
  0
LWPOLYLINE
  5
BB4
330
17
100
AcDbEntity
  8
PARTS
100
AcDbPolyline
 90
2
 70
0
 10
27.7605
 20
13.429049142790001
 10
26.6075
 20
13.429049142790001
  0
LWPOLYLINE
  5
BB5
330
17
100
AcDbEntity
  8
PARTS
100
AcDbPolyline
 90
2
 70
0
 10
26.6075
 20
12.269049142790001
 10
27.7605
 20
12.269049142790001
  0
LWPOLYLINE
  5
BB6
330
17
100
AcDbEntity
  8
PARTS
100
AcDbPolyline
 90
2
 70
0
 10
27.766
 20
12.249049142790001
 10
28.134
 20
12.249049142790001
  0
LWPOLYLINE
  5
BB7
330
17
100
AcDbEntity
  8
PARTS
100
AcDbPolyline
 90
2
 70
0
 10
28.134
 20
12.249049142790001
 10
28.134
 20
13.44904914279
  0
LWPOLYLINE
  5
BB8
330
17
100
AcDbEntity
  8
PARTS
100
AcDbPolyline
 90
2
 70
0
 10
28.134
 20
13.44904914279
 10
27.766
 20
13.44904914279
  0
LWPOLYLINE
  5
BB9
330
17
100
AcDbEntity
  8
PARTS
100
AcDbPolyline
 90
2
 70
0
 10
28.134
 20
13.499049142790001
 10
28.134
 20
13.44904914279
  0
LWPOLYLINE
  5
BBA
330
17
100
AcDbEntity
  8
PARTS
100
AcDbPolyline
 90
2
 70
0
 10
28.184
 20
13.44904914279
 10
28.134
 20
13.499049142790001
  0
LWPOLYLINE
  5
BBB
330
17
100
AcDbEntity
  8
PARTS
100
AcDbPolyline
 90
2
 70
0
 10
28.134
 20
12.19904914279
 10
28.184
 20
12.249049142790001
  0
LWPOLYLINE
  5
BBC
330
17
100
AcDbEntity
  8
PARTS
100
AcDbPolyline
 90
2
 70
0
 10
28.134
 20
12.249049142790001
 10
28.134
 20
12.19904914279
  0
LWPOLYLINE
  5
BBD
330
17
100
AcDbEntity
  8
PARTS
100
AcDbPolyline
 90
2
 70
0
 10
28.184
 20
13.44904914279
 10
28.134
 20
13.44904914279
  0
LWPOLYLINE
  5
BBE
330
17
100
AcDbEntity
  8
PARTS
100
AcDbPolyline
 90
2
 70
0
 10
28.134
 20
12.249049142790001
 10
28.184
 20
12.249049142790001
  0
LWPOLYLINE
  5
BBF
330
17
100
AcDbEntity
  8
PARTS
100
AcDbPolyline
 90
2
 70
0
 10
26.234
 20
12.249049142790001
 10
26.184
 20
12.249049142790001
  0
LWPOLYLINE
  5
BC0
330
17
100
AcDbEntity
  8
PARTS
100
AcDbPolyline
 90
2
 70
0
 10
26.184
 20
13.44904914279
 10
26.234
 20
13.44904914279
  0
LWPOLYLINE
  5
BC1
330
17
100
AcDbEntity
  8
PARTS
100
AcDbPolyline
 90
2
 70
0
 10
26.5935
 20
12.219049142790002
 10
26.6358
 20
12.219049142790002
  0
LWPOLYLINE
  5
BC2
330
17
100
AcDbEntity
  8
PARTS
100
AcDbPolyline
 90
2
 70
0
 10
27.7322
 20
12.219049142790002
 10
27.7746
 20
12.219049142790002
  0
LWPOLYLINE
  5
BC3
330
17
100
AcDbEntity
  8
PARTS
100
AcDbPolyline
 90
2
 70
0
 10
21.384
 20
12.517749142790002
 10
21.384
 20
12.36904914279
  0
LWPOLYLINE
  5
BC4
330
17
100
AcDbEntity
  8
PARTS
100
AcDbPolyline
 90
2
 70
0
 10
21.384
 20
12.517749142790002
 10
20.639499999999998
 20
12.517749142790002
  0
LWPOLYLINE
  5
BC5
330
17
100
AcDbEntity
  8
PARTS
100
AcDbPolyline
 90
2
 70
0
 10
21.974
 20
12.43234914279
 10
21.973
 20
12.43234914279
  0
LWPOLYLINE
  5
BC6
330
17
100
AcDbEntity
  8
PARTS
100
AcDbPolyline
 90
2
 70
0
 10
21.974
 20
12.421249142790002
 10
21.973
 20
12.421249142790002
  0
LWPOLYLINE
  5
BC7
330
17
100
AcDbEntity
  8
PARTS
100
AcDbPolyline
 90
2
 70
0
 10
21.974
 20
12.409249142790001
 10
21.973
 20
12.409249142790001
  0
LWPOLYLINE
  5
BC8
330
17
100
AcDbEntity
  8
PARTS
100
AcDbPolyline
 90
2
 70
0
 10
21.974
 20
12.39564914279
 10
21.973
 20
12.39564914279
  0
LWPOLYLINE
  5
BC9
330
17
100
AcDbEntity
  8
PARTS
100
AcDbPolyline
 90
2
 70
0
 10
21.974
 20
12.362749142790001
 10
21.973
 20
12.362749142790001
  0
LWPOLYLINE
  5
BCA
330
17
100
AcDbEntity
  8
PARTS
100
AcDbPolyline
 90
2
 70
0
 10
21.974
 20
12.331149142790002
 10
21.973
 20
12.331149142790002
  0
LWPOLYLINE
  5
BCB
330
17
100
AcDbEntity
  8
PARTS
100
AcDbPolyline
 90
2
 70
0
 10
21.974
 20
12.297249142790001
 10
21.973
 20
12.297249142790001
  0
LWPOLYLINE
  5
BCC
330
17
100
AcDbEntity
  8
PARTS
100
AcDbPolyline
 90
2
 70
0
 10
23.3075
 20
12.43234914279
 10
23.3065
 20
12.43234914279
  0
LWPOLYLINE
  5
BCD
330
17
100
AcDbEntity
  8
PARTS
100
AcDbPolyline
 90
2
 70
0
 10
23.3075
 20
12.421249142790002
 10
23.3065
 20
12.421249142790002
  0
LWPOLYLINE
  5
BCE
330
17
100
AcDbEntity
  8
PARTS
100
AcDbPolyline
 90
2
 70
0
 10
23.3075
 20
12.409249142790001
 10
23.3065
 20
12.409249142790001
  0
LWPOLYLINE
  5
BCF
330
17
100
AcDbEntity
  8
PARTS
100
AcDbPolyline
 90
2
 70
0
 10
23.3075
 20
12.39564914279
 10
23.3065
 20
12.39564914279
  0
LWPOLYLINE
  5
BD0
330
17
100
AcDbEntity
  8
PARTS
100
AcDbPolyline
 90
2
 70
0
 10
23.3075
 20
12.362749142790001
 10
23.3065
 20
12.362749142790001
  0
LWPOLYLINE
  5
BD1
330
17
100
AcDbEntity
  8
PARTS
100
AcDbPolyline
 90
2
 70
0
 10
23.3075
 20
12.331149142790002
 10
23.3065
 20
12.331149142790002
  0
LWPOLYLINE
  5
BD2
330
17
100
AcDbEntity
  8
PARTS
100
AcDbPolyline
 90
2
 70
0
 10
23.3075
 20
12.297249142790001
 10
23.3065
 20
12.297249142790001
  0
LWPOLYLINE
  5
BD3
330
17
100
AcDbEntity
  8
PARTS
100
AcDbPolyline
 90
2
 70
0
 10
19.307
 20
12.43234914279
 10
19.306
 20
12.43234914279
  0
LWPOLYLINE
  5
BD4
330
17
100
AcDbEntity
  8
PARTS
100
AcDbPolyline
 90
2
 70
0
 10
19.307
 20
12.421249142790002
 10
19.306
 20
12.421249142790002
  0
LWPOLYLINE
  5
BD5
330
17
100
AcDbEntity
  8
PARTS
100
AcDbPolyline
 90
2
 70
0
 10
19.307
 20
12.409249142790001
 10
19.306
 20
12.409249142790001
  0
LWPOLYLINE
  5
BD6
330
17
100
AcDbEntity
  8
PARTS
100
AcDbPolyline
 90
2
 70
0
 10
19.307
 20
12.39564914279
 10
19.306
 20
12.39564914279
  0
LWPOLYLINE
  5
BD7
330
17
100
AcDbEntity
  8
PARTS
100
AcDbPolyline
 90
2
 70
0
 10
19.307
 20
12.362749142790001
 10
19.306
 20
12.362749142790001
  0
LWPOLYLINE
  5
BD8
330
17
100
AcDbEntity
  8
PARTS
100
AcDbPolyline
 90
2
 70
0
 10
19.307
 20
12.331149142790002
 10
19.306
 20
12.331149142790002
  0
LWPOLYLINE
  5
BD9
330
17
100
AcDbEntity
  8
PARTS
100
AcDbPolyline
 90
2
 70
0
 10
19.307
 20
12.297249142790001
 10
19.306
 20
12.297249142790001
  0
LWPOLYLINE
  5
BDA
330
17
100
AcDbEntity
  8
PARTS
100
AcDbPolyline
 90
2
 70
0
 10
24.641
 20
12.43234914279
 10
24.64
 20
12.43234914279
  0
LWPOLYLINE
  5
BDB
330
17
100
AcDbEntity
  8
PARTS
100
AcDbPolyline
 90
2
 70
0
 10
24.641
 20
12.421249142790002
 10
24.64
 20
12.421249142790002
  0
LWPOLYLINE
  5
BDC
330
17
100
AcDbEntity
  8
PARTS
100
AcDbPolyline
 90
2
 70
0
 10
24.641
 20
12.409249142790001
 10
24.64
 20
12.409249142790001
  0
LWPOLYLINE
  5
BDD
330
17
100
AcDbEntity
  8
PARTS
100
AcDbPolyline
 90
2
 70
0
 10
24.641
 20
12.39564914279
 10
24.64
 20
12.39564914279
  0
LWPOLYLINE
  5
BDE
330
17
100
AcDbEntity
  8
PARTS
100
AcDbPolyline
 90
2
 70
0
 10
24.641
 20
12.362749142790001
 10
24.64
 20
12.362749142790001
  0
LWPOLYLINE
  5
BDF
330
17
100
AcDbEntity
  8
PARTS
100
AcDbPolyline
 90
2
 70
0
 10
24.641
 20
12.331149142790002
 10
24.64
 20
12.331149142790002
  0
LWPOLYLINE
  5
BE0
330
17
100
AcDbEntity
  8
PARTS
100
AcDbPolyline
 90
2
 70
0
 10
24.641
 20
12.297249142790001
 10
24.64
 20
12.297249142790001
  0
LWPOLYLINE
  5
BE1
330
17
100
AcDbEntity
  8
PARTS
100
AcDbPolyline
 90
2
 70
0
 10
30.356
 20
12.43234914279
 10
30.355
 20
12.43234914279
  0
LWPOLYLINE
  5
BE2
330
17
100
AcDbEntity
  8
PARTS
100
AcDbPolyline
 90
2
 70
0
 10
30.356
 20
12.421249142790002
 10
30.355
 20
12.421249142790002
  0
LWPOLYLINE
  5
BE3
330
17
100
AcDbEntity
  8
PARTS
100
AcDbPolyline
 90
2
 70
0
 10
30.356
 20
12.409249142790001
 10
30.355
 20
12.409249142790001
  0
LWPOLYLINE
  5
BE4
330
17
100
AcDbEntity
  8
PARTS
100
AcDbPolyline
 90
2
 70
0
 10
30.356
 20
12.39564914279
 10
30.355
 20
12.39564914279
  0
LWPOLYLINE
  5
BE5
330
17
100
AcDbEntity
  8
PARTS
100
AcDbPolyline
 90
2
 70
0
 10
30.356
 20
12.362749142790001
 10
30.355
 20
12.362749142790001
  0
LWPOLYLINE
  5
BE6
330
17
100
AcDbEntity
  8
PARTS
100
AcDbPolyline
 90
2
 70
0
 10
30.356
 20
12.331149142790002
 10
30.355
 20
12.331149142790002
  0
LWPOLYLINE
  5
BE7
330
17
100
AcDbEntity
  8
PARTS
100
AcDbPolyline
 90
2
 70
0
 10
30.356
 20
12.297249142790001
 10
30.355
 20
12.297249142790001
  0
LWPOLYLINE
  5
BE8
330
17
100
AcDbEntity
  8
PARTS
100
AcDbPolyline
 90
2
 70
0
 10
31.594299999999997
 20
12.43234914279
 10
31.5933
 20
12.43234914279
  0
LWPOLYLINE
  5
BE9
330
17
100
AcDbEntity
  8
PARTS
100
AcDbPolyline
 90
2
 70
0
 10
31.594299999999997
 20
12.421249142790002
 10
31.5933
 20
12.421249142790002
  0
LWPOLYLINE
  5
BEA
330
17
100
AcDbEntity
  8
PARTS
100
AcDbPolyline
 90
2
 70
0
 10
31.594299999999997
 20
12.409249142790001
 10
31.5933
 20
12.409249142790001
  0
LWPOLYLINE
  5
BEB
330
17
100
AcDbEntity
  8
PARTS
100
AcDbPolyline
 90
2
 70
0
 10
31.594299999999997
 20
12.39564914279
 10
31.5933
 20
12.39564914279
  0
LWPOLYLINE
  5
BEC
330
17
100
AcDbEntity
  8
PARTS
100
AcDbPolyline
 90
2
 70
0
 10
31.594299999999997
 20
12.362749142790001
 10
31.5933
 20
12.362749142790001
  0
LWPOLYLINE
  5
BED
330
17
100
AcDbEntity
  8
PARTS
100
AcDbPolyline
 90
2
 70
0
 10
31.594299999999997
 20
12.331149142790002
 10
31.5933
 20
12.331149142790002
  0
LWPOLYLINE
  5
BEE
330
17
100
AcDbEntity
  8
PARTS
100
AcDbPolyline
 90
2
 70
0
 10
31.594299999999997
 20
12.297249142790001
 10
31.5933
 20
12.297249142790001
  0
LWPOLYLINE
  5
BEF
330
17
100
AcDbEntity
  8
PARTS
100
AcDbPolyline
 90
2
 70
0
 10
32.3305
 20
12.42094914279
 10
32.3315
 20
12.42094914279
  0
LWPOLYLINE
  5
BF0
330
17
100
AcDbEntity
  8
PARTS
100
AcDbPolyline
 90
2
 70
0
 10
32.3305
 20
12.419849142790001
 10
32.3315
 20
12.419849142790001
  0
LWPOLYLINE
  5
BF1
330
17
100
AcDbEntity
  8
PARTS
100
AcDbPolyline
 90
2
 70
0
 10
32.3305
 20
12.301049142790001
 10
32.3315
 20
12.301049142790001
  0
LWPOLYLINE
  5
BF2
330
17
100
AcDbEntity
  8
PARTS
100
AcDbPolyline
 90
2
 70
0
 10
32.3305
 20
12.31034914279
 10
32.3315
 20
12.31034914279
  0
LWPOLYLINE
  5
BF3
330
17
100
AcDbEntity
  8
PARTS
100
AcDbPolyline
 90
2
 70
0
 10
32.3305
 20
12.354949142790002
 10
32.3315
 20
12.354949142790002
  0
LWPOLYLINE
  5
BF4
330
17
100
AcDbEntity
  8
PARTS
100
AcDbPolyline
 90
2
 70
0
 10
32.3305
 20
12.43234914279
 10
32.3315
 20
12.43234914279
  0
LWPOLYLINE
  5
BF5
330
17
100
AcDbEntity
  8
PARTS
100
AcDbPolyline
 90
2
 70
0
 10
32.3305
 20
12.297249142790001
 10
32.3315
 20
12.297249142790001
  0
LWPOLYLINE
  5
BF6
330
17
100
AcDbEntity
  8
PARTS
100
AcDbPolyline
 90
2
 70
0
 10
33.568799999999996
 20
12.42094914279
 10
33.5698
 20
12.42094914279
  0
LWPOLYLINE
  5
BF7
330
17
100
AcDbEntity
  8
PARTS
100
AcDbPolyline
 90
2
 70
0
 10
33.568799999999996
 20
12.419849142790001
 10
33.5698
 20
12.419849142790001
  0
LWPOLYLINE
  5
BF8
330
17
100
AcDbEntity
  8
PARTS
100
AcDbPolyline
 90
2
 70
0
 10
33.568799999999996
 20
12.301049142790001
 10
33.5698
 20
12.301049142790001
  0
LWPOLYLINE
  5
BF9
330
17
100
AcDbEntity
  8
PARTS
100
AcDbPolyline
 90
2
 70
0
 10
33.568799999999996
 20
12.31034914279
 10
33.5698
 20
12.31034914279
  0
LWPOLYLINE
  5
BFA
330
17
100
AcDbEntity
  8
PARTS
100
AcDbPolyline
 90
2
 70
0
 10
33.568799999999996
 20
12.354949142790002
 10
33.5698
 20
12.354949142790002
  0
LWPOLYLINE
  5
BFB
330
17
100
AcDbEntity
  8
PARTS
100
AcDbPolyline
 90
2
 70
0
 10
33.568799999999996
 20
12.43234914279
 10
33.5698
 20
12.43234914279
  0
LWPOLYLINE
  5
BFC
330
17
100
AcDbEntity
  8
PARTS
100
AcDbPolyline
 90
2
 70
0
 10
33.568799999999996
 20
12.297249142790001
 10
33.5698
 20
12.297249142790001
  0
LWPOLYLINE
  5
BFD
330
17
100
AcDbEntity
  8
PARTS
100
AcDbPolyline
 90
2
 70
0
 10
35.309
 20
12.43234914279
 10
35.308
 20
12.43234914279
  0
LWPOLYLINE
  5
BFE
330
17
100
AcDbEntity
  8
PARTS
100
AcDbPolyline
 90
2
 70
0
 10
35.309
 20
12.421249142790002
 10
35.308
 20
12.421249142790002
  0
LWPOLYLINE
  5
BFF
330
17
100
AcDbEntity
  8
PARTS
100
AcDbPolyline
 90
2
 70
0
 10
35.309
 20
12.409249142790001
 10
35.308
 20
12.409249142790001
  0
LWPOLYLINE
  5
C00
330
17
100
AcDbEntity
  8
PARTS
100
AcDbPolyline
 90
2
 70
0
 10
35.309
 20
12.39564914279
 10
35.308
 20
12.39564914279
  0
LWPOLYLINE
  5
C01
330
17
100
AcDbEntity
  8
PARTS
100
AcDbPolyline
 90
2
 70
0
 10
35.309
 20
12.362749142790001
 10
35.308
 20
12.362749142790001
  0
LWPOLYLINE
  5
C02
330
17
100
AcDbEntity
  8
PARTS
100
AcDbPolyline
 90
2
 70
0
 10
35.309
 20
12.331149142790002
 10
35.308
 20
12.331149142790002
  0
LWPOLYLINE
  5
C03
330
17
100
AcDbEntity
  8
PARTS
100
AcDbPolyline
 90
2
 70
0
 10
35.309
 20
12.297249142790001
 10
35.308
 20
12.297249142790001
  0
LWPOLYLINE
  5
C04
330
17
100
AcDbEntity
  8
PARTS
100
AcDbPolyline
 90
2
 70
0
 10
16.138
 20
12.42094914279
 10
16.139
 20
12.42094914279
  0
LWPOLYLINE
  5
C05
330
17
100
AcDbEntity
  8
PARTS
100
AcDbPolyline
 90
2
 70
0
 10
16.138
 20
12.419849142790001
 10
16.139
 20
12.419849142790001
  0
LWPOLYLINE
  5
C06
330
17
100
AcDbEntity
  8
PARTS
100
AcDbPolyline
 90
2
 70
0
 10
16.138
 20
12.301049142790001
 10
16.139
 20
12.301049142790001
  0
LWPOLYLINE
  5
C07
330
17
100
AcDbEntity
  8
PARTS
100
AcDbPolyline
 90
2
 70
0
 10
16.138
 20
12.31034914279
 10
16.139
 20
12.31034914279
  0
LWPOLYLINE
  5
C08
330
17
100
AcDbEntity
  8
PARTS
100
AcDbPolyline
 90
2
 70
0
 10
16.138
 20
12.354949142790002
 10
16.139
 20
12.354949142790002
  0
LWPOLYLINE
  5
C09
330
17
100
AcDbEntity
  8
PARTS
100
AcDbPolyline
 90
2
 70
0
 10
16.138
 20
12.43234914279
 10
16.139
 20
12.43234914279
  0
LWPOLYLINE
  5
C0A
330
17
100
AcDbEntity
  8
PARTS
100
AcDbPolyline
 90
2
 70
0
 10
16.138
 20
12.297249142790001
 10
16.139
 20
12.297249142790001
  0
LWPOLYLINE
  5
C0B
330
17
100
AcDbEntity
  8
PARTS
100
AcDbPolyline
 90
2
 70
0
 10
17.9735
 20
12.43234914279
 10
17.9725
 20
12.43234914279
  0
LWPOLYLINE
  5
C0C
330
17
100
AcDbEntity
  8
PARTS
100
AcDbPolyline
 90
2
 70
0
 10
17.9735
 20
12.421249142790002
 10
17.9725
 20
12.421249142790002
  0
LWPOLYLINE
  5
C0D
330
17
100
AcDbEntity
  8
PARTS
100
AcDbPolyline
 90
2
 70
0
 10
17.9735
 20
12.409249142790001
 10
17.9725
 20
12.409249142790001
  0
LWPOLYLINE
  5
C0E
330
17
100
AcDbEntity
  8
PARTS
100
AcDbPolyline
 90
2
 70
0
 10
17.9735
 20
12.39564914279
 10
17.9725
 20
12.39564914279
  0
LWPOLYLINE
  5
C0F
330
17
100
AcDbEntity
  8
PARTS
100
AcDbPolyline
 90
2
 70
0
 10
17.9735
 20
12.362749142790001
 10
17.9725
 20
12.362749142790001
  0
LWPOLYLINE
  5
C10
330
17
100
AcDbEntity
  8
PARTS
100
AcDbPolyline
 90
2
 70
0
 10
17.9735
 20
12.331149142790002
 10
17.9725
 20
12.331149142790002
  0
LWPOLYLINE
  5
C11
330
17
100
AcDbEntity
  8
PARTS
100
AcDbPolyline
 90
2
 70
0
 10
17.9735
 20
12.297249142790001
 10
17.9725
 20
12.297249142790001
  0
LWPOLYLINE
  5
C12
330
17
100
AcDbEntity
  8
PARTS
100
AcDbPolyline
 90
2
 70
0
 10
26.285400000000003
 20
14.250049142790001
 10
26.285400000000003
 20
14.249049142790001
  0
LWPOLYLINE
  5
C13
330
17
100
AcDbEntity
  8
PARTS
100
AcDbPolyline
 90
2
 70
0
 10
26.419800000000002
 20
14.250049142790001
 10
26.419800000000002
 20
14.249049142790001
  0
LWPOLYLINE
  5
C14
330
17
100
AcDbEntity
  8
PARTS
100
AcDbPolyline
 90
2
 70
0
 10
25.616500000000002
 20
14.250049142790001
 10
25.616500000000002
 20
14.249049142790001
  0
LWPOLYLINE
  5
C15
330
17
100
AcDbEntity
  8
PARTS
100
AcDbPolyline
 90
2
 70
0
 10
25.7549
 20
14.250049142790001
 10
25.7549
 20
14.249049142790001
  0
LWPOLYLINE
  5
C16
330
17
100
AcDbEntity
  8
PARTS
100
AcDbPolyline
 90
2
 70
0
 10
26.1381
 20
14.250049142790001
 10
26.1381
 20
14.249049142790001
  0
LWPOLYLINE
  5
C17
330
17
100
AcDbEntity
  8
PARTS
100
AcDbPolyline
 90
2
 70
0
 10
25.158
 20
14.250049142790001
 10
25.158
 20
14.249049142790001
  0
LWPOLYLINE
  5
C18
330
17
100
AcDbEntity
  8
PARTS
100
AcDbPolyline
 90
2
 70
0
 10
27.7327
 20
14.250049142790001
 10
27.7327
 20
14.249049142790001
  0
LWPOLYLINE
  5
C19
330
17
100
AcDbEntity
  8
PARTS
100
AcDbPolyline
 90
2
 70
0
 10
28.045099999999998
 20
14.250049142790001
 10
28.045099999999998
 20
14.249049142790001
  0
LWPOLYLINE
  5
C1A
330
17
100
AcDbEntity
  8
PARTS
100
AcDbPolyline
 90
2
 70
0
 10
28.2195
 20
14.250049142790001
 10
28.2195
 20
14.249049142790001
  0
LWPOLYLINE
  5
C1B
330
17
100
AcDbEntity
  8
PARTS
100
AcDbPolyline
 90
2
 70
0
 10
28.5188
 20
14.250049142790001
 10
28.5188
 20
14.249049142790001
  0
LWPOLYLINE
  5
C1C
330
17
100
AcDbEntity
  8
PARTS
100
AcDbPolyline
 90
2
 70
0
 10
26.684
 20
12.219049142790002
 10
26.684
 20
12.19904914279
  0
LWPOLYLINE
  5
C1D
330
17
100
AcDbEntity
  8
PARTS
100
AcDbPolyline
 90
2
 70
0
 10
27.684
 20
12.219049142790002
 10
27.684
 20
12.19904914279
  0
LWPOLYLINE
  5
C1E
330
17
100
AcDbEntity
  8
PARTS
100
AcDbPolyline
 90
2
 70
0
 10
27.684
 20
13.479049142790002
 10
27.684
 20
13.499049142790001
  0
LWPOLYLINE
  5
C1F
330
17
100
AcDbEntity
  8
PARTS
100
AcDbPolyline
 90
2
 70
0
 10
26.684
 20
13.479049142790002
 10
26.684
 20
13.499049142790001
  0
LWPOLYLINE
  5
C20
330
17
100
AcDbEntity
  8
PARTS
100
AcDbPolyline
 90
2
 70
0
 10
26.684
 20
12.20904914279
 10
26.684
 20
12.19904914279
  0
LWPOLYLINE
  5
C21
330
17
100
AcDbEntity
  8
PARTS
100
AcDbPolyline
 90
2
 70
0
 10
27.684
 20
12.20904914279
 10
27.684
 20
12.19904914279
  0
LWPOLYLINE
  5
C22
330
17
100
AcDbEntity
  8
PARTS
100
AcDbPolyline
 90
2
 70
0
 10
20.2798
 20
12.583349142790002
 10
20.311999999999998
 20
12.602649142790002
  0
LWPOLYLINE
  5
C23
330
17
100
AcDbEntity
  8
PARTS
100
AcDbPolyline
 90
2
 70
0
 10
20.3129
 20
12.602949142790001
 10
20.346600000000002
 20
12.60904914279
  0
LWPOLYLINE
  5
C24
330
17
100
AcDbEntity
  8
PARTS
100
AcDbPolyline
 90
2
 70
0
 10
21.421
 20
12.517749142790002
 10
21.4187
 20
12.531949142790001
  0
LWPOLYLINE
  5
C25
330
17
100
AcDbEntity
  8
PARTS
100
AcDbPolyline
 90
2
 70
0
 10
21.387999999999998
 20
12.583549142790002
 10
21.3214
 20
12.60904914279
  0
LWPOLYLINE
  5
C26
330
17
100
AcDbEntity
  8
PARTS
100
AcDbPolyline
 90
2
 70
0
 10
21.4114
 20
12.55264914279
 10
21.4098
 20
12.555649142790001
  0
LWPOLYLINE
  5
C27
330
17
100
AcDbEntity
  8
PARTS
100
AcDbPolyline
 90
2
 70
0
 10
20.280099999999997
 20
12.583649142790001
 10
20.2833
 20
12.586349142790002
  0
LWPOLYLINE
  5
C28
330
17
100
AcDbEntity
  8
PARTS
100
AcDbPolyline
 90
2
 70
0
 10
20.2898
 20
12.591249142790002
 10
20.299300000000002
 20
12.59694914279
  0
LWPOLYLINE
  5
C29
330
17
100
AcDbEntity
  8
PARTS
100
AcDbPolyline
 90
2
 70
0
 10
20.3172
 20
12.604349142790001
 10
20.3342
 20
12.608149142790001
  0
LWPOLYLINE
  5
C2A
330
17
100
AcDbEntity
  8
PARTS
100
AcDbPolyline
 90
2
 70
0
 10
20.3422
 20
12.608849142790001
 10
20.346600000000002
 20
12.60904914279
  0
LWPOLYLINE
  5
C2B
330
17
100
AcDbEntity
  8
PARTS
100
AcDbPolyline
 90
2
 70
0
 10
21.4204
 20
12.522849142790001
 10
21.4195
 20
12.527949142790002
  0
LWPOLYLINE
  5
C2C
330
17
100
AcDbEntity
  8
PARTS
100
AcDbPolyline
 90
2
 70
0
 10
21.4195
 20
12.528149142790001
 10
21.4195
 20
12.528149142790001
  0
LWPOLYLINE
  5
C2D
330
17
100
AcDbEntity
  8
PARTS
100
AcDbPolyline
 90
2
 70
0
 10
21.343600000000002
 20
12.606349142790002
 10
21.3366
 20
12.607749142790002
  0
LWPOLYLINE
  5
C2E
330
17
100
AcDbEntity
  8
PARTS
100
AcDbPolyline
 90
2
 70
0
 10
21.974
 20
12.43234914279
 10
21.973
 20
12.43234914279
  0
LWPOLYLINE
  5
C2F
330
17
100
AcDbEntity
  8
PARTS
100
AcDbPolyline
 90
2
 70
0
 10
21.974
 20
12.409249142790001
 10
21.973
 20
12.409249142790001
  0
LWPOLYLINE
  5
C30
330
17
100
AcDbEntity
  8
PARTS
100
AcDbPolyline
 90
2
 70
0
 10
21.974
 20
12.297249142790001
 10
21.973
 20
12.297249142790001
  0
LWPOLYLINE
  5
C31
330
17
100
AcDbEntity
  8
PARTS
100
AcDbPolyline
 90
2
 70
0
 10
23.3075
 20
12.43234914279
 10
23.3065
 20
12.43234914279
  0
LWPOLYLINE
  5
C32
330
17
100
AcDbEntity
  8
PARTS
100
AcDbPolyline
 90
2
 70
0
 10
23.3075
 20
12.409249142790001
 10
23.3065
 20
12.409249142790001
  0
LWPOLYLINE
  5
C33
330
17
100
AcDbEntity
  8
PARTS
100
AcDbPolyline
 90
2
 70
0
 10
23.3075
 20
12.297249142790001
 10
23.3065
 20
12.297249142790001
  0
LWPOLYLINE
  5
C34
330
17
100
AcDbEntity
  8
PARTS
100
AcDbPolyline
 90
2
 70
0
 10
19.307
 20
12.43234914279
 10
19.306
 20
12.43234914279
  0
LWPOLYLINE
  5
C35
330
17
100
AcDbEntity
  8
PARTS
100
AcDbPolyline
 90
2
 70
0
 10
19.307
 20
12.409249142790001
 10
19.306
 20
12.409249142790001
  0
LWPOLYLINE
  5
C36
330
17
100
AcDbEntity
  8
PARTS
100
AcDbPolyline
 90
2
 70
0
 10
19.307
 20
12.297249142790001
 10
19.306
 20
12.297249142790001
  0
LWPOLYLINE
  5
C37
330
17
100
AcDbEntity
  8
PARTS
100
AcDbPolyline
 90
2
 70
0
 10
24.641
 20
12.43234914279
 10
24.64
 20
12.43234914279
  0
LWPOLYLINE
  5
C38
330
17
100
AcDbEntity
  8
PARTS
100
AcDbPolyline
 90
2
 70
0
 10
24.641
 20
12.409249142790001
 10
24.64
 20
12.409249142790001
  0
LWPOLYLINE
  5
C39
330
17
100
AcDbEntity
  8
PARTS
100
AcDbPolyline
 90
2
 70
0
 10
24.641
 20
12.297249142790001
 10
24.64
 20
12.297249142790001
  0
LWPOLYLINE
  5
C3A
330
17
100
AcDbEntity
  8
PARTS
100
AcDbPolyline
 90
2
 70
0
 10
30.356
 20
12.43234914279
 10
30.355
 20
12.43234914279
  0
LWPOLYLINE
  5
C3B
330
17
100
AcDbEntity
  8
PARTS
100
AcDbPolyline
 90
2
 70
0
 10
30.356
 20
12.409249142790001
 10
30.355
 20
12.409249142790001
  0
LWPOLYLINE
  5
C3C
330
17
100
AcDbEntity
  8
PARTS
100
AcDbPolyline
 90
2
 70
0
 10
30.356
 20
12.297249142790001
 10
30.355
 20
12.297249142790001
  0
LWPOLYLINE
  5
C3D
330
17
100
AcDbEntity
  8
PARTS
100
AcDbPolyline
 90
2
 70
0
 10
31.594299999999997
 20
12.43234914279
 10
31.5933
 20
12.43234914279
  0
LWPOLYLINE
  5
C3E
330
17
100
AcDbEntity
  8
PARTS
100
AcDbPolyline
 90
2
 70
0
 10
31.594299999999997
 20
12.409249142790001
 10
31.5933
 20
12.409249142790001
  0
LWPOLYLINE
  5
C3F
330
17
100
AcDbEntity
  8
PARTS
100
AcDbPolyline
 90
2
 70
0
 10
31.594299999999997
 20
12.297249142790001
 10
31.5933
 20
12.297249142790001
  0
LWPOLYLINE
  5
C40
330
17
100
AcDbEntity
  8
PARTS
100
AcDbPolyline
 90
2
 70
0
 10
32.3305
 20
12.42094914279
 10
32.3315
 20
12.42094914279
  0
LWPOLYLINE
  5
C41
330
17
100
AcDbEntity
  8
PARTS
100
AcDbPolyline
 90
2
 70
0
 10
32.3305
 20
12.301049142790001
 10
32.3315
 20
12.301049142790001
  0
LWPOLYLINE
  5
C42
330
17
100
AcDbEntity
  8
PARTS
100
AcDbPolyline
 90
2
 70
0
 10
32.3305
 20
12.43234914279
 10
32.3315
 20
12.43234914279
  0
LWPOLYLINE
  5
C43
330
17
100
AcDbEntity
  8
PARTS
100
AcDbPolyline
 90
2
 70
0
 10
32.3305
 20
12.297249142790001
 10
32.3315
 20
12.297249142790001
  0
LWPOLYLINE
  5
C44
330
17
100
AcDbEntity
  8
PARTS
100
AcDbPolyline
 90
2
 70
0
 10
33.568799999999996
 20
12.42094914279
 10
33.5698
 20
12.42094914279
  0
LWPOLYLINE
  5
C45
330
17
100
AcDbEntity
  8
PARTS
100
AcDbPolyline
 90
2
 70
0
 10
33.568799999999996
 20
12.301049142790001
 10
33.5698
 20
12.301049142790001
  0
LWPOLYLINE
  5
C46
330
17
100
AcDbEntity
  8
PARTS
100
AcDbPolyline
 90
2
 70
0
 10
33.568799999999996
 20
12.43234914279
 10
33.5698
 20
12.43234914279
  0
LWPOLYLINE
  5
C47
330
17
100
AcDbEntity
  8
PARTS
100
AcDbPolyline
 90
2
 70
0
 10
33.568799999999996
 20
12.297249142790001
 10
33.5698
 20
12.297249142790001
  0
LWPOLYLINE
  5
C48
330
17
100
AcDbEntity
  8
PARTS
100
AcDbPolyline
 90
2
 70
0
 10
35.309
 20
12.43234914279
 10
35.308
 20
12.43234914279
  0
LWPOLYLINE
  5
C49
330
17
100
AcDbEntity
  8
PARTS
100
AcDbPolyline
 90
2
 70
0
 10
35.309
 20
12.409249142790001
 10
35.308
 20
12.409249142790001
  0
LWPOLYLINE
  5
C4A
330
17
100
AcDbEntity
  8
PARTS
100
AcDbPolyline
 90
2
 70
0
 10
35.309
 20
12.297249142790001
 10
35.308
 20
12.297249142790001
  0
LWPOLYLINE
  5
C4B
330
17
100
AcDbEntity
  8
PARTS
100
AcDbPolyline
 90
2
 70
0
 10
16.138
 20
12.42094914279
 10
16.139
 20
12.42094914279
  0
LWPOLYLINE
  5
C4C
330
17
100
AcDbEntity
  8
PARTS
100
AcDbPolyline
 90
2
 70
0
 10
16.138
 20
12.301049142790001
 10
16.139
 20
12.301049142790001
  0
LWPOLYLINE
  5
C4D
330
17
100
AcDbEntity
  8
PARTS
100
AcDbPolyline
 90
2
 70
0
 10
16.138
 20
12.43234914279
 10
16.139
 20
12.43234914279
  0
LWPOLYLINE
  5
C4E
330
17
100
AcDbEntity
  8
PARTS
100
AcDbPolyline
 90
2
 70
0
 10
16.138
 20
12.297249142790001
 10
16.139
 20
12.297249142790001
  0
LWPOLYLINE
  5
C4F
330
17
100
AcDbEntity
  8
PARTS
100
AcDbPolyline
 90
2
 70
0
 10
17.9735
 20
12.43234914279
 10
17.9725
 20
12.43234914279
  0
LWPOLYLINE
  5
C50
330
17
100
AcDbEntity
  8
PARTS
100
AcDbPolyline
 90
2
 70
0
 10
17.9735
 20
12.409249142790001
 10
17.9725
 20
12.409249142790001
  0
LWPOLYLINE
  5
C51
330
17
100
AcDbEntity
  8
PARTS
100
AcDbPolyline
 90
2
 70
0
 10
17.9735
 20
12.297249142790001
 10
17.9725
 20
12.297249142790001
  0
DIMENSION
  5
C52
330
17
100
AcDbEntity
  8
DIM
100
AcDbDimension
280
0
  2
*D17
  3
PCB2
 10
38.5
 20
10.598949142790001
 30
0.0
 11
37.6625
 21
11.398974542841001
 31
0.0
 70
32
 71
5
  1
<>
100
AcDbAlignedDimension
 13
36.0
 23
10.598949142790001
 33
0.0
 14
36.0
 24
12.198999942892002
 34
0.0
 50
90.0
100
AcDbRotatedDimension
  0
DIMENSION
  5
C61
330
17
100
AcDbEntity
  8
DIM
100
AcDbDimension
280
0
  2
*D18
  3
PCB2
 10
41.5
 20
10.598949142790001
 30
0.0
 11
41.0375
 21
12.424474571395
 31
0.0
 70
32
 71
5
  1
<>
100
AcDbAlignedDimension
 13
36.0
 23
10.598949142790001
 33
0.0
 14
36.0
 24
14.25
 34
0.0
 50
90.0
100
AcDbRotatedDimension
  0
DIMENSION
  5
C70
330
17
100
AcDbEntity
  8
DIM
100
AcDbDimension
280
0
  2
*D19
  3
PCB2
 10
13.0
 20
12.198999942892002
 30
0.0
 11
12.1625
 21
13.224499971446
 31
0.0
 70
32
 71
5
  1
<>
100
AcDbAlignedDimension
 13
17.674969926613
 23
12.198999942892002
 33
0.0
 14
17.674969926613
 24
14.25
 34
0.0
 50
90.0
100
AcDbRotatedDimension
  0
TEXT
  5
C7F
330
17
100
AcDbEntity
  8
TEXT
100
AcDbText
 10
11.25
 20
12.974499971446
 30
0.0
 40
0.575
  1
CARD1
  7
CJK
 72
2
 11
11.25
 21
12.974499971446
 31
0.0
100
AcDbText
  0
TEXT
  5
C80
330
17
100
AcDbEntity
  8
TEXT
100
AcDbText
 10
25.75
 20
8.098949142790001
 30
0.0
 40
0.875
  1
FRONT VIEW
  7
CJK
 72
1
 11
25.75
 21
8.098949142790001
 31
0.0
100
AcDbText
  0
LWPOLYLINE
  5
C81
330
17
100
AcDbEntity
  8
PARTS
100
AcDbPolyline
 90
2
 70
0
 10
47.65105085721
 20
50.237300000000005
 10
46.050950857210005
 20
50.237300000000005
  0
LWPOLYLINE
  5
C82
330
17
100
AcDbEntity
  8
PARTS
100
AcDbPolyline
 90
2
 70
0
 10
46.050950857210005
 20
50.237300000000005
 10
46.050950857210005
 20
26.2626
  0
LWPOLYLINE
  5
C83
330
17
100
AcDbEntity
  8
PARTS
100
AcDbPolyline
 90
2
 70
0
 10
47.65105085721
 20
26.2626
 10
46.050950857210005
 20
26.2626
  0
LWPOLYLINE
  5
C84
330
17
100
AcDbEntity
  8
PARTS
100
AcDbPolyline
 90
2
 70
0
 10
47.65105085721
 20
50.237300000000005
 10
47.65105085721
 20
26.2626
  0
LWPOLYLINE
  5
C85
330
17
100
AcDbEntity
  8
PARTS
100
AcDbPolyline
 90
2
 70
0
 10
44.760950857210005
 20
32.221000000000004
 10
44.758550857210004
 20
32.224599999999995
  0
LWPOLYLINE
  5
C86
330
17
100
AcDbEntity
  8
PARTS
100
AcDbPolyline
 90
2
 70
0
 10
46.00095085721
 20
32.201
 10
44.800950857210005
 20
32.201
  0
LWPOLYLINE
  5
C87
330
17
100
AcDbEntity
  8
PARTS
100
AcDbPolyline
 90
2
 70
0
 10
44.75095085721
 20
32.251000000000005
 10
44.75095085721
 20
33.451
  0
LWPOLYLINE
  5
C88
330
17
100
AcDbEntity
  8
PARTS
100
AcDbPolyline
 90
2
 70
0
 10
44.800950857210005
 20
33.501000000000005
 10
46.00095085721
 20
33.501000000000005
  0
LWPOLYLINE
  5
C89
330
17
100
AcDbEntity
  8
PARTS
100
AcDbPolyline
 90
2
 70
0
 10
44.800950857210005
 20
33.501000000000005
 10
44.75095085721
 20
33.451
  0
LWPOLYLINE
  5
C8A
330
17
100
AcDbEntity
  8
PARTS
100
AcDbPolyline
 90
2
 70
0
 10
46.050950857210005
 20
33.451
 10
46.00095085721
 20
33.501000000000005
  0
LWPOLYLINE
  5
C8B
330
17
100
AcDbEntity
  8
PARTS
100
AcDbPolyline
 90
2
 70
0
 10
44.75095085721
 20
32.251000000000005
 10
44.800950857210005
 20
32.201
  0
LWPOLYLINE
  5
C8C
330
17
100
AcDbEntity
  8
PARTS
100
AcDbPolyline
 90
2
 70
0
 10
46.00095085721
 20
32.201
 10
46.050950857210005
 20
32.251000000000005
  0
LWPOLYLINE
  5
C8D
330
17
100
AcDbEntity
  8
PARTS
100
AcDbPolyline
 90
2
 70
0
 10
46.04095085721
 20
34.358599999999996
 10
46.03805085721
 20
34.3572
  0
LWPOLYLINE
  5
C8E
330
17
100
AcDbEntity
  8
PARTS
100
AcDbPolyline
 90
2
 70
0
 10
46.04835085721
 20
35.146
 10
46.049650857210004
 20
35.143299999999996
  0
LWPOLYLINE
  5
C8F
330
17
100
AcDbEntity
  8
PARTS
100
AcDbPolyline
 90
2
 70
0
 10
45.25425085721
 20
35.147
 10
45.25565085721
 20
35.1488
  0
LWPOLYLINE
  5
C90
330
17
100
AcDbEntity
  8
PARTS
100
AcDbPolyline
 90
2
 70
0
 10
46.03095085721
 20
34.356
 10
45.27095085721
 20
34.356
  0
LWPOLYLINE
  5
C91
330
17
100
AcDbEntity
  8
PARTS
100
AcDbPolyline
 90
2
 70
0
 10
45.25095085721
 20
34.376000000000005
 10
45.25095085721
 20
35.135999999999996
  0
LWPOLYLINE
  5
C92
330
17
100
AcDbEntity
  8
PARTS
100
AcDbPolyline
 90
2
 70
0
 10
45.27095085721
 20
35.156
 10
46.03095085721
 20
35.156
  0
LWPOLYLINE
  5
C93
330
17
100
AcDbEntity
  8
PARTS
100
AcDbPolyline
 90
2
 70
0
 10
46.050950857210005
 20
35.135999999999996
 10
46.050950857210005
 20
34.376000000000005
  0
LWPOLYLINE
  5
C94
330
17
100
AcDbEntity
  8
PARTS
100
AcDbPolyline
 90
2
 70
0
 10
45.27095085721
 20
35.156
 10
45.25095085721
 20
35.135999999999996
  0
LWPOLYLINE
  5
C95
330
17
100
AcDbEntity
  8
PARTS
100
AcDbPolyline
 90
2
 70
0
 10
46.050950857210005
 20
35.135999999999996
 10
46.03095085721
 20
35.156
  0
LWPOLYLINE
  5
C96
330
17
100
AcDbEntity
  8
PARTS
100
AcDbPolyline
 90
2
 70
0
 10
45.25095085721
 20
34.376000000000005
 10
45.27095085721
 20
34.356
  0
LWPOLYLINE
  5
C97
330
17
100
AcDbEntity
  8
PARTS
100
AcDbPolyline
 90
2
 70
0
 10
46.03095085721
 20
34.356
 10
46.050950857210005
 20
34.376000000000005
  0
LWPOLYLINE
  5
C98
330
17
100
AcDbEntity
  8
PARTS
100
AcDbPolyline
 90
2
 70
0
 10
45.732250857210005
 20
36.413
 10
45.870950857210005
 20
36.4251
  0
LWPOLYLINE
  5
C99
330
17
100
AcDbEntity
  8
PARTS
100
AcDbPolyline
 90
2
 70
0
 10
45.732250857210005
 20
35.638999999999996
 10
45.870950857210005
 20
35.6268
  0
LWPOLYLINE
  5
C9A
330
17
100
AcDbEntity
  8
PARTS
100
AcDbPolyline
 90
2
 70
0
 10
45.732250857210005
 20
35.676
 10
45.732250857210005
 20
35.638999999999996
  0
LWPOLYLINE
  5
C9B
330
17
100
AcDbEntity
  8
PARTS
100
AcDbPolyline
 90
2
 70
0
 10
45.732250857210005
 20
36.413
 10
45.870950857210005
 20
36.4251
  0
LWPOLYLINE
  5
C9C
330
17
100
AcDbEntity
  8
PARTS
100
AcDbPolyline
 90
2
 70
0
 10
45.732250857210005
 20
36.413
 10
45.732250857210005
 20
36.376
  0
LWPOLYLINE
  5
C9D
330
17
100
AcDbEntity
  8
PARTS
100
AcDbPolyline
 90
2
 70
0
 10
45.64095085721
 20
35.738600000000005
 10
45.64095085721
 20
36.3133
  0
LWPOLYLINE
  5
C9E
330
17
100
AcDbEntity
  8
PARTS
100
AcDbPolyline
 90
2
 70
0
 10
45.64095085721
 20
35.7385
 10
45.66455085721
 20
35.674099999999996
  0
LWPOLYLINE
  5
C9F
330
17
100
AcDbEntity
  8
PARTS
100
AcDbPolyline
 90
2
 70
0
 10
45.71135085721
 20
35.6432
 10
45.71805085721
 20
35.6413
  0
LWPOLYLINE
  5
CA0
330
17
100
AcDbEntity
  8
PARTS
100
AcDbPolyline
 90
2
 70
0
 10
45.71805085721
 20
35.6413
 10
45.732250857210005
 20
35.638999999999996
  0
LWPOLYLINE
  5
CA1
330
17
100
AcDbEntity
  8
PARTS
100
AcDbPolyline
 90
2
 70
0
 10
45.64095085721
 20
35.738600000000005
 10
45.666350857210006
 20
35.672
  0
LWPOLYLINE
  5
CA2
330
17
100
AcDbEntity
  8
PARTS
100
AcDbPolyline
 90
2
 70
0
 10
45.666350857210006
 20
35.672
 10
45.67365085721
 20
35.664699999999996
  0
LWPOLYLINE
  5
CA3
330
17
100
AcDbEntity
  8
PARTS
100
AcDbPolyline
 90
2
 70
0
 10
45.67365085721
 20
35.664699999999996
 10
45.680250857210005
 20
35.659099999999995
  0
LWPOLYLINE
  5
CA4
330
17
100
AcDbEntity
  8
PARTS
100
AcDbPolyline
 90
2
 70
0
 10
45.680250857210005
 20
35.659099999999995
 10
45.694350857210004
 20
35.650099999999995
  0
LWPOLYLINE
  5
CA5
330
17
100
AcDbEntity
  8
PARTS
100
AcDbPolyline
 90
2
 70
0
 10
45.694350857210004
 20
35.650099999999995
 10
45.69725085721
 20
35.648700000000005
  0
LWPOLYLINE
  5
CA6
330
17
100
AcDbEntity
  8
PARTS
100
AcDbPolyline
 90
2
 70
0
 10
45.69725085721
 20
35.648700000000005
 10
45.71435085721
 20
35.6423
  0
LWPOLYLINE
  5
CA7
330
17
100
AcDbEntity
  8
PARTS
100
AcDbPolyline
 90
2
 70
0
 10
45.71435085721
 20
35.6423
 10
45.732250857210005
 20
35.638999999999996
  0
LWPOLYLINE
  5
CA8
330
17
100
AcDbEntity
  8
PARTS
100
AcDbPolyline
 90
2
 70
0
 10
45.64095085721
 20
35.738600000000005
 10
45.732250857210005
 20
35.676
  0
LWPOLYLINE
  5
CA9
330
17
100
AcDbEntity
  8
PARTS
100
AcDbPolyline
 90
2
 70
0
 10
45.732250857210005
 20
36.413
 10
45.71615085721
 20
36.4102
  0
LWPOLYLINE
  5
CAA
330
17
100
AcDbEntity
  8
PARTS
100
AcDbPolyline
 90
2
 70
0
 10
45.71615085721
 20
36.4102
 10
45.69745085721
 20
36.4033
  0
LWPOLYLINE
  5
CAB
330
17
100
AcDbEntity
  8
PARTS
100
AcDbPolyline
 90
2
 70
0
 10
45.66455085721
 20
36.3778
 10
45.64715085721
 20
36.3481
  0
LWPOLYLINE
  5
CAC
330
17
100
AcDbEntity
  8
PARTS
100
AcDbPolyline
 90
2
 70
0
 10
45.64715085721
 20
36.3481
 10
45.64675085721
 20
36.3471
  0
LWPOLYLINE
  5
CAD
330
17
100
AcDbEntity
  8
PARTS
100
AcDbPolyline
 90
2
 70
0
 10
45.64675085721
 20
36.3471
 10
45.64095085721
 20
36.3134
  0
LWPOLYLINE
  5
CAE
330
17
100
AcDbEntity
  8
PARTS
100
AcDbPolyline
 90
2
 70
0
 10
45.64095085721
 20
36.3133
 10
45.732250857210005
 20
36.376
  0
LWPOLYLINE
  5
CAF
330
17
100
AcDbEntity
  8
PARTS
100
AcDbPolyline
 90
2
 70
0
 10
45.732250857210005
 20
36.413
 10
45.71435085721
 20
36.4097
  0
LWPOLYLINE
  5
CB0
330
17
100
AcDbEntity
  8
PARTS
100
AcDbPolyline
 90
2
 70
0
 10
45.71435085721
 20
36.4097
 10
45.680250857210005
 20
36.3928
  0
LWPOLYLINE
  5
CB1
330
17
100
AcDbEntity
  8
PARTS
100
AcDbPolyline
 90
2
 70
0
 10
45.680250857210005
 20
36.3928
 10
45.67365085721
 20
36.387299999999996
  0
LWPOLYLINE
  5
CB2
330
17
100
AcDbEntity
  8
PARTS
100
AcDbPolyline
 90
2
 70
0
 10
45.67365085721
 20
36.387299999999996
 10
45.666350857210006
 20
36.3799
  0
LWPOLYLINE
  5
CB3
330
17
100
AcDbEntity
  8
PARTS
100
AcDbPolyline
 90
2
 70
0
 10
45.666350857210006
 20
36.3799
 10
45.64095085721
 20
36.3133
  0
LWPOLYLINE
  5
CB4
330
17
100
AcDbEntity
  8
PARTS
100
AcDbPolyline
 90
2
 70
0
 10
45.870950857210005
 20
35.626000000000005
 10
45.870950857210005
 20
36.426
  0
LWPOLYLINE
  5
CB5
330
17
100
AcDbEntity
  8
PARTS
100
AcDbPolyline
 90
2
 70
0
 10
46.050950857210005
 20
36.426
 10
45.870950857210005
 20
36.426
  0
LWPOLYLINE
  5
CB6
330
17
100
AcDbEntity
  8
PARTS
100
AcDbPolyline
 90
2
 70
0
 10
46.050950857210005
 20
35.626000000000005
 10
45.870950857210005
 20
35.626000000000005
  0
LWPOLYLINE
  5
CB7
330
17
100
AcDbEntity
  8
PARTS
100
AcDbPolyline
 90
2
 70
0
 10
45.942650857210005
 20
35.616
 10
45.942650857210005
 20
35.626000000000005
  0
LWPOLYLINE
  5
CB8
330
17
100
AcDbEntity
  8
PARTS
100
AcDbPolyline
 90
2
 70
0
 10
45.942650857210005
 20
35.616
 10
45.94195085721
 20
35.616
  0
LWPOLYLINE
  5
CB9
330
17
100
AcDbEntity
  8
PARTS
100
AcDbPolyline
 90
2
 70
0
 10
45.90125085721
 20
35.616
 10
45.90055085721
 20
35.616
  0
LWPOLYLINE
  5
CBA
330
17
100
AcDbEntity
  8
PARTS
100
AcDbPolyline
 90
2
 70
0
 10
45.90055085721
 20
35.616
 10
45.90055085721
 20
35.626000000000005
  0
LWPOLYLINE
  5
CBB
330
17
100
AcDbEntity
  8
PARTS
100
AcDbPolyline
 90
2
 70
0
 10
45.94195085721
 20
35.616
 10
45.90125085721
 20
35.616
  0
LWPOLYLINE
  5
CBC
330
17
100
AcDbEntity
  8
PARTS
100
AcDbPolyline
 90
2
 70
0
 10
45.90125085721
 20
35.616
 10
45.90125085721
 20
35.626000000000005
  0
LWPOLYLINE
  5
CBD
330
17
100
AcDbEntity
  8
PARTS
100
AcDbPolyline
 90
2
 70
0
 10
45.94195085721
 20
35.616
 10
45.94195085721
 20
35.626000000000005
  0
LWPOLYLINE
  5
CBE
330
17
100
AcDbEntity
  8
PARTS
100
AcDbPolyline
 90
2
 70
0
 10
46.020150857210005
 20
35.616
 10
46.020150857210005
 20
35.626000000000005
  0
LWPOLYLINE
  5
CBF
330
17
100
AcDbEntity
  8
PARTS
100
AcDbPolyline
 90
2
 70
0
 10
46.020150857210005
 20
35.616
 10
46.01085085721
 20
35.616
  0
LWPOLYLINE
  5
CC0
330
17
100
AcDbEntity
  8
PARTS
100
AcDbPolyline
 90
2
 70
0
 10
46.01085085721
 20
35.616
 10
46.006450857210005
 20
35.616
  0
LWPOLYLINE
  5
CC1
330
17
100
AcDbEntity
  8
PARTS
100
AcDbPolyline
 90
2
 70
0
 10
46.006450857210005
 20
35.616
 10
45.965750857210004
 20
35.616
  0
LWPOLYLINE
  5
CC2
330
17
100
AcDbEntity
  8
PARTS
100
AcDbPolyline
 90
2
 70
0
 10
45.965750857210004
 20
35.616
 10
45.965750857210004
 20
35.626000000000005
  0
LWPOLYLINE
  5
CC3
330
17
100
AcDbEntity
  8
PARTS
100
AcDbPolyline
 90
2
 70
0
 10
46.006450857210005
 20
35.616
 10
46.006450857210005
 20
35.626000000000005
  0
LWPOLYLINE
  5
CC4
330
17
100
AcDbEntity
  8
PARTS
100
AcDbPolyline
 90
2
 70
0
 10
45.965750857210004
 20
35.616
 10
45.942650857210005
 20
35.616
  0
LWPOLYLINE
  5
CC5
330
17
100
AcDbEntity
  8
PARTS
100
AcDbPolyline
 90
2
 70
0
 10
45.90055085721
 20
35.616
 10
45.89035085721
 20
35.616
  0
LWPOLYLINE
  5
CC6
330
17
100
AcDbEntity
  8
PARTS
100
AcDbPolyline
 90
2
 70
0
 10
46.02565085721
 20
35.616
 10
46.020150857210005
 20
35.616
  0
LWPOLYLINE
  5
CC7
330
17
100
AcDbEntity
  8
PARTS
100
AcDbPolyline
 90
2
 70
0
 10
45.89035085721
 20
35.616
 10
45.89035085721
 20
35.626000000000005
  0
LWPOLYLINE
  5
CC8
330
17
100
AcDbEntity
  8
PARTS
100
AcDbPolyline
 90
2
 70
0
 10
46.02565085721
 20
35.616
 10
46.02565085721
 20
35.626000000000005
  0
LWPOLYLINE
  5
CC9
330
17
100
AcDbEntity
  8
PARTS
100
AcDbPolyline
 90
2
 70
0
 10
45.72595085721
 20
32.551
 10
45.70095085721
 20
32.551
  0
LWPOLYLINE
  5
CCA
330
17
100
AcDbEntity
  8
PARTS
100
AcDbPolyline
 90
2
 70
0
 10
45.70095085721
 20
32.351
 10
45.70095085721
 20
32.551
  0
LWPOLYLINE
  5
CCB
330
17
100
AcDbEntity
  8
PARTS
100
AcDbPolyline
 90
2
 70
0
 10
45.70095085721
 20
32.351
 10
46.050950857210005
 20
32.351
  0
LWPOLYLINE
  5
CCC
330
17
100
AcDbEntity
  8
PARTS
100
AcDbPolyline
 90
2
 70
0
 10
46.050950857210005
 20
32.601
 10
46.02595085721
 20
32.601
  0
LWPOLYLINE
  5
CCD
330
17
100
AcDbEntity
  8
PARTS
100
AcDbPolyline
 90
2
 70
0
 10
46.02595085721
 20
32.601
 10
46.02595085721
 20
32.376000000000005
  0
LWPOLYLINE
  5
CCE
330
17
100
AcDbEntity
  8
PARTS
100
AcDbPolyline
 90
2
 70
0
 10
46.02595085721
 20
32.376000000000005
 10
45.72595085721
 20
32.376000000000005
  0
LWPOLYLINE
  5
CCF
330
17
100
AcDbEntity
  8
PARTS
100
AcDbPolyline
 90
2
 70
0
 10
45.72595085721
 20
32.376000000000005
 10
45.72595085721
 20
32.551
  0
LWPOLYLINE
  5
CD0
330
17
100
AcDbEntity
  8
PARTS
100
AcDbPolyline
 90
2
 70
0
 10
45.70095085721
 20
33.150999999999996
 10
45.72595085721
 20
33.150999999999996
  0
LWPOLYLINE
  5
CD1
330
17
100
AcDbEntity
  8
PARTS
100
AcDbPolyline
 90
2
 70
0
 10
45.72595085721
 20
33.150999999999996
 10
45.72595085721
 20
33.326
  0
LWPOLYLINE
  5
CD2
330
17
100
AcDbEntity
  8
PARTS
100
AcDbPolyline
 90
2
 70
0
 10
45.72595085721
 20
33.326
 10
46.02595085721
 20
33.326
  0
LWPOLYLINE
  5
CD3
330
17
100
AcDbEntity
  8
PARTS
100
AcDbPolyline
 90
2
 70
0
 10
46.02595085721
 20
33.326
 10
46.02595085721
 20
33.101
  0
LWPOLYLINE
  5
CD4
330
17
100
AcDbEntity
  8
PARTS
100
AcDbPolyline
 90
2
 70
0
 10
46.02595085721
 20
33.101
 10
46.050950857210005
 20
33.101
  0
LWPOLYLINE
  5
CD5
330
17
100
AcDbEntity
  8
PARTS
100
AcDbPolyline
 90
2
 70
0
 10
45.70095085721
 20
33.351
 10
46.050950857210005
 20
33.351
  0
LWPOLYLINE
  5
CD6
330
17
100
AcDbEntity
  8
PARTS
100
AcDbPolyline
 90
2
 70
0
 10
45.70095085721
 20
33.150999999999996
 10
45.70095085721
 20
33.351
  0
LWPOLYLINE
  5
CD7
330
17
100
AcDbEntity
  8
PARTS
100
AcDbPolyline
 90
2
 70
0
 10
45.70095085721
 20
33.150999999999996
 10
45.70095085721
 20
33.146
  0
LWPOLYLINE
  5
CD8
330
17
100
AcDbEntity
  8
PARTS
100
AcDbPolyline
 90
2
 70
0
 10
45.70095085721
 20
32.556
 10
45.70095085721
 20
32.551
  0
LWPOLYLINE
  5
CD9
330
17
100
AcDbEntity
  8
PARTS
100
AcDbPolyline
 90
2
 70
0
 10
45.72595085721
 20
32.551
 10
45.71095085721
 20
32.551
  0
LWPOLYLINE
  5
CDA
330
17
100
AcDbEntity
  8
PARTS
100
AcDbPolyline
 90
2
 70
0
 10
45.72595085721
 20
33.150999999999996
 10
45.71095085721
 20
33.150999999999996
  0
LWPOLYLINE
  5
CDB
330
17
100
AcDbEntity
  8
PARTS
100
AcDbPolyline
 90
2
 70
0
 10
45.71095085721
 20
33.150999999999996
 10
45.71095085721
 20
32.551
  0
LWPOLYLINE
  5
CDC
330
17
100
AcDbEntity
  8
PARTS
100
AcDbPolyline
 90
2
 70
0
 10
45.72595085721
 20
32.551
 10
45.72595085721
 20
33.150999999999996
  0
LWPOLYLINE
  5
CDD
330
17
100
AcDbEntity
  8
PARTS
100
AcDbPolyline
 90
2
 70
0
 10
45.690950857210005
 20
32.561
 10
45.690950857210005
 20
33.141000000000005
  0
LWPOLYLINE
  5
CDE
330
17
100
AcDbEntity
  8
PARTS
100
AcDbPolyline
 90
2
 70
0
 10
45.71095085721
 20
32.551
 10
45.690950857210005
 20
32.561
  0
LWPOLYLINE
  5
CDF
330
17
100
AcDbEntity
  8
PARTS
100
AcDbPolyline
 90
2
 70
0
 10
45.690950857210005
 20
33.141000000000005
 10
45.71095085721
 20
33.150999999999996
  0
LWPOLYLINE
  5
CE0
330
17
100
AcDbEntity
  8
PARTS
100
AcDbPolyline
 90
2
 70
0
 10
46.02595085721
 20
32.376000000000005
 10
45.72595085721
 20
32.376000000000005
  0
LWPOLYLINE
  5
CE1
330
17
100
AcDbEntity
  8
PARTS
100
AcDbPolyline
 90
2
 70
0
 10
46.02595085721
 20
33.326
 10
46.02595085721
 20
32.376000000000005
  0
LWPOLYLINE
  5
CE2
330
17
100
AcDbEntity
  8
PARTS
100
AcDbPolyline
 90
2
 70
0
 10
45.72595085721
 20
33.326
 10
46.02595085721
 20
33.326
  0
LWPOLYLINE
  5
CE3
330
17
100
AcDbEntity
  8
PARTS
100
AcDbPolyline
 90
2
 70
0
 10
45.72595085721
 20
32.376000000000005
 10
45.72595085721
 20
33.326
  0
LWPOLYLINE
  5
CE4
330
17
100
AcDbEntity
  8
PARTS
100
AcDbPolyline
 90
2
 70
0
 10
46.050950857210005
 20
37.824
 10
46.050950857210005
 20
37.124
  0
LWPOLYLINE
  5
CE5
330
17
100
AcDbEntity
  8
PARTS
100
AcDbPolyline
 90
2
 70
0
 10
46.050950857210005
 20
37.124
 10
45.90095085721
 20
37.124
  0
LWPOLYLINE
  5
CE6
330
17
100
AcDbEntity
  8
PARTS
100
AcDbPolyline
 90
2
 70
0
 10
45.90095085721
 20
37.124
 10
45.90095085721
 20
37.824
  0
LWPOLYLINE
  5
CE7
330
17
100
AcDbEntity
  8
PARTS
100
AcDbPolyline
 90
2
 70
0
 10
46.050950857210005
 20
38.824
 10
46.050950857210005
 20
47.123999999999995
  0
LWPOLYLINE
  5
CE8
330
17
100
AcDbEntity
  8
PARTS
100
AcDbPolyline
 90
2
 70
0
 10
46.050950857210005
 20
48.724000000000004
 10
46.050950857210005
 20
51.623999999999995
  0
LWPOLYLINE
  5
CE9
330
17
100
AcDbEntity
  8
PARTS
100
AcDbPolyline
 90
8
 70
0
 10
46.050950857210005
 20
52.324
 10
46.050950857210005
 20
52.224000000000004
 10
46.050950857210005
 20
52.123999999999995
 10
46.050950857210005
 20
52.024
 10
46.050950857210005
 20
51.924
 10
46.050950857210005
 20
51.824
 10
46.050950857210005
 20
51.724000000000004
 10
46.050950857210005
 20
51.623999999999995
  0
LWPOLYLINE
  5
CEA
330
17
100
AcDbEntity
  8
PARTS
100
AcDbPolyline
 90
2
 70
0
 10
46.050950857210005
 20
51.623999999999995
 10
46.00095085721
 20
51.623999999999995
  0
LWPOLYLINE
  5
CEB
330
17
100
AcDbEntity
  8
PARTS
100
AcDbPolyline
 90
2
 70
0
 10
44.15095085721
 20
52.324
 10
45.300950857210005
 20
52.324
  0
LWPOLYLINE
  5
CEC
330
17
100
AcDbEntity
  8
PARTS
100
AcDbPolyline
 90
2
 70
0
 10
46.050950857210005
 20
52.324
 10
45.300950857210005
 20
52.324
  0
LWPOLYLINE
  5
CED
330
17
100
AcDbEntity
  8
PARTS
100
AcDbPolyline
 90
8
 70
0
 10
45.300950857210005
 20
52.324
 10
45.300950857210005
 20
52.224000000000004
 10
45.300950857210005
 20
52.123999999999995
 10
45.300950857210005
 20
52.024
 10
45.300950857210005
 20
51.924
 10
45.300950857210005
 20
51.824
 10
45.300950857210005
 20
51.724000000000004
 10
45.300950857210005
 20
51.623999999999995
  0
LWPOLYLINE
  5
CEE
330
17
100
AcDbEntity
  8
PARTS
100
AcDbPolyline
 90
6
 70
0
 10
45.10095085721
 20
51.623999999999995
 10
45.10095085721
 20
51.7258
 10
45.10095085721
 20
51.827600000000004
 10
45.10095085721
 20
51.9294
 10
45.10095085721
 20
52.0312
 10
45.10095085721
 20
52.132999999999996
  0
LWPOLYLINE
  5
CEF
330
17
100
AcDbEntity
  8
PARTS
100
AcDbPolyline
 90
2
 70
0
 10
45.10095085721
 20
52.123999999999995
 10
44.15095085721
 20
52.123999999999995
  0
LWPOLYLINE
  5
CF0
330
17
100
AcDbEntity
  8
PARTS
100
AcDbPolyline
 90
3
 70
0
 10
45.10095085721
 20
52.123999999999995
 10
45.20095085721
 20
52.224000000000004
 10
45.300950857210005
 20
52.324
  0
LWPOLYLINE
  5
CF1
330
17
100
AcDbEntity
  8
PARTS
100
AcDbPolyline
 90
2
 70
0
 10
44.15095085721
 20
52.324
 10
44.00095085721
 20
52.324
  0
LWPOLYLINE
  5
CF2
330
17
100
AcDbEntity
  8
PARTS
100
AcDbPolyline
 90
2
 70
0
 10
45.300950857210005
 20
52.324
 10
46.00095085721
 20
52.324
  0
LWPOLYLINE
  5
CF3
330
17
100
AcDbEntity
  8
PARTS
100
AcDbPolyline
 90
2
 70
0
 10
46.00095085721
 20
48.924
 10
46.00095085721
 20
51.623999999999995
  0
LWPOLYLINE
  5
CF4
330
17
100
AcDbEntity
  8
PARTS
100
AcDbPolyline
 90
2
 70
0
 10
46.00095085721
 20
51.623999999999995
 10
44.15095085721
 20
51.623999999999995
  0
LWPOLYLINE
  5
CF5
330
17
100
AcDbEntity
  8
PARTS
100
AcDbPolyline
 90
2
 70
0
 10
44.15095085721
 20
37.824
 10
45.90095085721
 20
37.824
  0
LWPOLYLINE
  5
CF6
330
17
100
AcDbEntity
  8
PARTS
100
AcDbPolyline
 90
2
 70
0
 10
45.70095085721
 20
38.824
 10
45.90095085721
 20
38.824
  0
LWPOLYLINE
  5
CF7
330
17
100
AcDbEntity
  8
PARTS
100
AcDbPolyline
 90
2
 70
0
 10
45.70095085721
 20
39.024
 10
45.70095085721
 20
38.824
  0
LWPOLYLINE
  5
CF8
330
17
100
AcDbEntity
  8
PARTS
100
AcDbPolyline
 90
2
 70
0
 10
46.00095085721
 20
39.024
 10
45.70095085721
 20
39.024
  0
LWPOLYLINE
  5
CF9
330
17
100
AcDbEntity
  8
PARTS
100
AcDbPolyline
 90
2
 70
0
 10
46.00095085721
 20
39.024
 10
46.00095085721
 20
46.924
  0
LWPOLYLINE
  5
CFA
330
17
100
AcDbEntity
  8
PARTS
100
AcDbPolyline
 90
2
 70
0
 10
45.70095085721
 20
46.924
 10
46.00095085721
 20
46.924
  0
LWPOLYLINE
  5
CFB
330
17
100
AcDbEntity
  8
PARTS
100
AcDbPolyline
 90
2
 70
0
 10
45.70095085721
 20
47.123999999999995
 10
45.70095085721
 20
46.924
  0
LWPOLYLINE
  5
CFC
330
17
100
AcDbEntity
  8
PARTS
100
AcDbPolyline
 90
2
 70
0
 10
45.90095085721
 20
47.123999999999995
 10
45.70095085721
 20
47.123999999999995
  0
LWPOLYLINE
  5
CFD
330
17
100
AcDbEntity
  8
PARTS
100
AcDbPolyline
 90
2
 70
0
 10
45.70095085721
 20
48.724000000000004
 10
45.90095085721
 20
48.724000000000004
  0
LWPOLYLINE
  5
CFE
330
17
100
AcDbEntity
  8
PARTS
100
AcDbPolyline
 90
2
 70
0
 10
45.70095085721
 20
48.924
 10
45.70095085721
 20
48.724000000000004
  0
LWPOLYLINE
  5
CFF
330
17
100
AcDbEntity
  8
PARTS
100
AcDbPolyline
 90
2
 70
0
 10
46.00095085721
 20
48.924
 10
45.70095085721
 20
48.924
  0
LWPOLYLINE
  5
D00
330
17
100
AcDbEntity
  8
PARTS
100
AcDbPolyline
 90
2
 70
0
 10
44.15095085721
 20
52.324
 10
44.00095085721
 20
52.324
  0
LWPOLYLINE
  5
D01
330
17
100
AcDbEntity
  8
PARTS
100
AcDbPolyline
 90
2
 70
0
 10
44.00095085721
 20
37.824
 10
44.00095085721
 20
51.623999999999995
  0
LWPOLYLINE
  5
D02
330
17
100
AcDbEntity
  8
PARTS
100
AcDbPolyline
 90
8
 70
0
 10
44.00095085721
 20
52.324
 10
44.00095085721
 20
52.224000000000004
 10
44.00095085721
 20
52.123999999999995
 10
44.00095085721
 20
52.024
 10
44.00095085721
 20
51.924
 10
44.00095085721
 20
51.824
 10
44.00095085721
 20
51.724000000000004
 10
44.00095085721
 20
51.623999999999995
  0
LWPOLYLINE
  5
D03
330
17
100
AcDbEntity
  8
PARTS
100
AcDbPolyline
 90
8
 70
0
 10
44.15095085721
 20
51.623999999999995
 10
44.15095085721
 20
51.724000000000004
 10
44.15095085721
 20
51.824
 10
44.15095085721
 20
51.924
 10
44.15095085721
 20
52.024
 10
44.15095085721
 20
52.123999999999995
 10
44.15095085721
 20
52.224000000000004
 10
44.15095085721
 20
52.324
  0
LWPOLYLINE
  5
D04
330
17
100
AcDbEntity
  8
PARTS
100
AcDbPolyline
 90
2
 70
0
 10
45.90095085721
 20
37.824
 10
46.050950857210005
 20
37.824
  0
LWPOLYLINE
  5
D05
330
17
100
AcDbEntity
  8
PARTS
100
AcDbPolyline
 90
2
 70
0
 10
44.15095085721
 20
37.824
 10
44.00095085721
 20
37.824
  0
LWPOLYLINE
  5
D06
330
17
100
AcDbEntity
  8
PARTS
100
AcDbPolyline
 90
2
 70
0
 10
44.00095085721
 20
51.623999999999995
 10
44.15095085721
 20
51.623999999999995
  0
LWPOLYLINE
  5
D07
330
17
100
AcDbEntity
  8
PARTS
100
AcDbPolyline
 90
2
 70
0
 10
45.90095085721
 20
48.724000000000004
 10
45.90095085721
 20
47.123999999999995
  0
LWPOLYLINE
  5
D08
330
17
100
AcDbEntity
  8
PARTS
100
AcDbPolyline
 90
2
 70
0
 10
45.90095085721
 20
48.724000000000004
 10
46.050950857210005
 20
48.724000000000004
  0
LWPOLYLINE
  5
D09
330
17
100
AcDbEntity
  8
PARTS
100
AcDbPolyline
 90
2
 70
0
 10
45.90095085721
 20
47.123999999999995
 10
46.050950857210005
 20
47.123999999999995
  0
LWPOLYLINE
  5
D0A
330
17
100
AcDbEntity
  8
PARTS
100
AcDbPolyline
 90
2
 70
0
 10
46.050950857210005
 20
48.724000000000004
 10
46.050950857210005
 20
47.123999999999995
  0
LWPOLYLINE
  5
D0B
330
17
100
AcDbEntity
  8
PARTS
100
AcDbPolyline
 90
2
 70
0
 10
45.90095085721
 20
38.824
 10
46.050950857210005
 20
38.824
  0
LWPOLYLINE
  5
D0C
330
17
100
AcDbEntity
  8
PARTS
100
AcDbPolyline
 90
2
 70
0
 10
45.90095085721
 20
38.824
 10
45.90095085721
 20
37.824
  0
LWPOLYLINE
  5
D0D
330
17
100
AcDbEntity
  8
PARTS
100
AcDbPolyline
 90
2
 70
0
 10
46.050950857210005
 20
38.824
 10
46.050950857210005
 20
37.824
  0
LWPOLYLINE
  5
D0E
330
17
100
AcDbEntity
  8
PARTS
100
AcDbPolyline
 90
2
 70
0
 10
43.99995085721
 20
40.581
 10
43.99995085721
 20
40.6825
  0
LWPOLYLINE
  5
D0F
330
17
100
AcDbEntity
  8
PARTS
100
AcDbPolyline
 90
2
 70
0
 10
43.99995085721
 20
40.6825
 10
43.99995085721
 20
40.7918
  0
LWPOLYLINE
  5
D10
330
17
100
AcDbEntity
  8
PARTS
100
AcDbPolyline
 90
2
 70
0
 10
43.99995085721
 20
40.7918
 10
43.99995085721
 20
40.9167
  0
LWPOLYLINE
  5
D11
330
17
100
AcDbEntity
  8
PARTS
100
AcDbPolyline
 90
3
 70
0
 10
43.99995085721
 20
40.9167
 10
43.99995085721
 20
41.0651
 10
43.99995085721
 20
41.2134
  0
LWPOLYLINE
  5
D12
330
17
100
AcDbEntity
  8
PARTS
100
AcDbPolyline
 90
3
 70
0
 10
43.99995085721
 20
41.2134
 10
43.99995085721
 20
41.3553
 10
43.99995085721
 20
41.4971
  0
LWPOLYLINE
  5
D13
330
17
100
AcDbEntity
  8
PARTS
100
AcDbPolyline
 90
2
 70
0
 10
43.99995085721
 20
41.4971
 10
43.99995085721
 20
41.6221
  0
LWPOLYLINE
  5
D14
330
17
100
AcDbEntity
  8
PARTS
100
AcDbPolyline
 90
2
 70
0
 10
43.99995085721
 20
41.6221
 10
43.99995085721
 20
41.799099999999996
  0
LWPOLYLINE
  5
D15
330
17
100
AcDbEntity
  8
PARTS
100
AcDbPolyline
 90
2
 70
0
 10
43.99995085721
 20
40.581
 10
44.00095085721
 20
40.581
  0
LWPOLYLINE
  5
D16
330
17
100
AcDbEntity
  8
PARTS
100
AcDbPolyline
 90
2
 70
0
 10
43.99995085721
 20
40.7918
 10
44.00095085721
 20
40.7918
  0
LWPOLYLINE
  5
D17
330
17
100
AcDbEntity
  8
PARTS
100
AcDbPolyline
 90
2
 70
0
 10
43.99995085721
 20
41.6221
 10
44.00095085721
 20
41.6221
  0
LWPOLYLINE
  5
D18
330
17
100
AcDbEntity
  8
PARTS
100
AcDbPolyline
 90
2
 70
0
 10
43.99995085721
 20
41.799099999999996
 10
44.00095085721
 20
41.799099999999996
  0
LWPOLYLINE
  5
D19
330
17
100
AcDbEntity
  8
PARTS
100
AcDbPolyline
 90
2
 70
0
 10
44.800950857210005
 20
33.451
 10
44.800950857210005
 20
32.251000000000005
  0
LWPOLYLINE
  5
D1A
330
17
100
AcDbEntity
  8
PARTS
100
AcDbPolyline
 90
2
 70
0
 10
44.800950857210005
 20
32.251000000000005
 10
46.00095085721
 20
32.251000000000005
  0
LWPOLYLINE
  5
D1B
330
17
100
AcDbEntity
  8
PARTS
100
AcDbPolyline
 90
2
 70
0
 10
46.00095085721
 20
32.251000000000005
 10
46.00095085721
 20
32.351
  0
LWPOLYLINE
  5
D1C
330
17
100
AcDbEntity
  8
PARTS
100
AcDbPolyline
 90
2
 70
0
 10
46.00095085721
 20
33.351
 10
46.00095085721
 20
33.451
  0
LWPOLYLINE
  5
D1D
330
17
100
AcDbEntity
  8
PARTS
100
AcDbPolyline
 90
2
 70
0
 10
46.00095085721
 20
33.451
 10
44.800950857210005
 20
33.451
  0
LWPOLYLINE
  5
D1E
330
17
100
AcDbEntity
  8
PARTS
100
AcDbPolyline
 90
2
 70
0
 10
44.800950857210005
 20
33.501000000000005
 10
44.75095085721
 20
33.451
  0
LWPOLYLINE
  5
D1F
330
17
100
AcDbEntity
  8
PARTS
100
AcDbPolyline
 90
2
 70
0
 10
46.00095085721
 20
33.501000000000005
 10
46.00095085721
 20
33.451
  0
LWPOLYLINE
  5
D20
330
17
100
AcDbEntity
  8
PARTS
100
AcDbPolyline
 90
2
 70
0
 10
44.800950857210005
 20
33.451
 10
44.800950857210005
 20
33.501000000000005
  0
LWPOLYLINE
  5
D21
330
17
100
AcDbEntity
  8
PARTS
100
AcDbPolyline
 90
2
 70
0
 10
46.050950857210005
 20
33.451
 10
46.00095085721
 20
33.501000000000005
  0
LWPOLYLINE
  5
D22
330
17
100
AcDbEntity
  8
PARTS
100
AcDbPolyline
 90
2
 70
0
 10
44.800950857210005
 20
33.451
 10
44.75095085721
 20
33.451
  0
LWPOLYLINE
  5
D23
330
17
100
AcDbEntity
  8
PARTS
100
AcDbPolyline
 90
2
 70
0
 10
46.050950857210005
 20
33.451
 10
46.00095085721
 20
33.451
  0
LWPOLYLINE
  5
D24
330
17
100
AcDbEntity
  8
PARTS
100
AcDbPolyline
 90
2
 70
0
 10
44.75095085721
 20
32.251000000000005
 10
44.800950857210005
 20
32.201
  0
LWPOLYLINE
  5
D25
330
17
100
AcDbEntity
  8
PARTS
100
AcDbPolyline
 90
2
 70
0
 10
44.800950857210005
 20
32.251000000000005
 10
44.75095085721
 20
32.251000000000005
  0
LWPOLYLINE
  5
D26
330
17
100
AcDbEntity
  8
PARTS
100
AcDbPolyline
 90
2
 70
0
 10
46.050950857210005
 20
32.251000000000005
 10
46.00095085721
 20
32.251000000000005
  0
LWPOLYLINE
  5
D27
330
17
100
AcDbEntity
  8
PARTS
100
AcDbPolyline
 90
2
 70
0
 10
46.00095085721
 20
32.201
 10
46.050950857210005
 20
32.251000000000005
  0
LWPOLYLINE
  5
D28
330
17
100
AcDbEntity
  8
PARTS
100
AcDbPolyline
 90
2
 70
0
 10
44.800950857210005
 20
32.251000000000005
 10
44.800950857210005
 20
32.201
  0
LWPOLYLINE
  5
D29
330
17
100
AcDbEntity
  8
PARTS
100
AcDbPolyline
 90
2
 70
0
 10
46.00095085721
 20
32.201
 10
46.00095085721
 20
32.251000000000005
  0
LWPOLYLINE
  5
D2A
330
17
100
AcDbEntity
  8
PARTS
100
AcDbPolyline
 90
2
 70
0
 10
45.27095085721
 20
35.135999999999996
 10
45.27095085721
 20
34.376000000000005
  0
LWPOLYLINE
  5
D2B
330
17
100
AcDbEntity
  8
PARTS
100
AcDbPolyline
 90
2
 70
0
 10
45.27095085721
 20
34.376000000000005
 10
46.03095085721
 20
34.376000000000005
  0
LWPOLYLINE
  5
D2C
330
17
100
AcDbEntity
  8
PARTS
100
AcDbPolyline
 90
2
 70
0
 10
46.03095085721
 20
34.376000000000005
 10
46.03095085721
 20
35.135999999999996
  0
LWPOLYLINE
  5
D2D
330
17
100
AcDbEntity
  8
PARTS
100
AcDbPolyline
 90
2
 70
0
 10
46.03095085721
 20
35.135999999999996
 10
45.27095085721
 20
35.135999999999996
  0
LWPOLYLINE
  5
D2E
330
17
100
AcDbEntity
  8
PARTS
100
AcDbPolyline
 90
2
 70
0
 10
45.27095085721
 20
35.156
 10
45.25095085721
 20
35.135999999999996
  0
LWPOLYLINE
  5
D2F
330
17
100
AcDbEntity
  8
PARTS
100
AcDbPolyline
 90
2
 70
0
 10
46.03095085721
 20
35.156
 10
46.03095085721
 20
35.135999999999996
  0
LWPOLYLINE
  5
D30
330
17
100
AcDbEntity
  8
PARTS
100
AcDbPolyline
 90
2
 70
0
 10
45.27095085721
 20
35.135999999999996
 10
45.27095085721
 20
35.156
  0
LWPOLYLINE
  5
D31
330
17
100
AcDbEntity
  8
PARTS
100
AcDbPolyline
 90
2
 70
0
 10
46.050950857210005
 20
35.135999999999996
 10
46.03095085721
 20
35.156
  0
LWPOLYLINE
  5
D32
330
17
100
AcDbEntity
  8
PARTS
100
AcDbPolyline
 90
2
 70
0
 10
45.27095085721
 20
35.135999999999996
 10
45.25095085721
 20
35.135999999999996
  0
LWPOLYLINE
  5
D33
330
17
100
AcDbEntity
  8
PARTS
100
AcDbPolyline
 90
2
 70
0
 10
46.050950857210005
 20
35.135999999999996
 10
46.03095085721
 20
35.135999999999996
  0
LWPOLYLINE
  5
D34
330
17
100
AcDbEntity
  8
PARTS
100
AcDbPolyline
 90
2
 70
0
 10
45.25095085721
 20
34.376000000000005
 10
45.27095085721
 20
34.356
  0
LWPOLYLINE
  5
D35
330
17
100
AcDbEntity
  8
PARTS
100
AcDbPolyline
 90
2
 70
0
 10
45.27095085721
 20
34.376000000000005
 10
45.25095085721
 20
34.376000000000005
  0
LWPOLYLINE
  5
D36
330
17
100
AcDbEntity
  8
PARTS
100
AcDbPolyline
 90
2
 70
0
 10
46.050950857210005
 20
34.376000000000005
 10
46.03095085721
 20
34.376000000000005
  0
LWPOLYLINE
  5
D37
330
17
100
AcDbEntity
  8
PARTS
100
AcDbPolyline
 90
2
 70
0
 10
46.03095085721
 20
34.356
 10
46.050950857210005
 20
34.376000000000005
  0
LWPOLYLINE
  5
D38
330
17
100
AcDbEntity
  8
PARTS
100
AcDbPolyline
 90
2
 70
0
 10
45.27095085721
 20
34.376000000000005
 10
45.27095085721
 20
34.356
  0
LWPOLYLINE
  5
D39
330
17
100
AcDbEntity
  8
PARTS
100
AcDbPolyline
 90
2
 70
0
 10
46.03095085721
 20
34.356
 10
46.03095085721
 20
34.376000000000005
  0
LWPOLYLINE
  5
D3A
330
17
100
AcDbEntity
  8
PARTS
100
AcDbPolyline
 90
2
 70
0
 10
45.732250857210005
 20
35.676
 10
45.870950857210005
 20
35.676
  0
LWPOLYLINE
  5
D3B
330
17
100
AcDbEntity
  8
PARTS
100
AcDbPolyline
 90
2
 70
0
 10
45.732250857210005
 20
36.376
 10
45.870950857210005
 20
36.376
  0
LWPOLYLINE
  5
D3C
330
17
100
AcDbEntity
  8
PARTS
100
AcDbPolyline
 90
2
 70
0
 10
45.732250857210005
 20
36.376
 10
45.732250857210005
 20
35.676
  0
LWPOLYLINE
  5
D3D
330
17
100
AcDbEntity
  8
PARTS
100
AcDbPolyline
 90
2
 70
0
 10
46.01085085721
 20
35.616
 10
46.01085085721
 20
35.626000000000005
  0
LWPOLYLINE
  5
D3E
330
17
100
AcDbEntity
  8
PARTS
100
AcDbPolyline
 90
2
 70
0
 10
44.15095085721
 20
51.623999999999995
 10
44.15095085721
 20
37.824
  0
LWPOLYLINE
  5
D3F
330
17
100
AcDbEntity
  8
PARTS
100
AcDbPolyline
 90
2
 70
0
 10
43.99995085721
 20
40.6825
 10
44.00095085721
 20
40.6825
  0
LWPOLYLINE
  5
D40
330
17
100
AcDbEntity
  8
PARTS
100
AcDbPolyline
 90
2
 70
0
 10
43.99995085721
 20
40.9167
 10
44.00095085721
 20
40.9167
  0
LWPOLYLINE
  5
D41
330
17
100
AcDbEntity
  8
PARTS
100
AcDbPolyline
 90
2
 70
0
 10
43.99995085721
 20
41.2134
 10
44.00095085721
 20
41.2134
  0
LWPOLYLINE
  5
D42
330
17
100
AcDbEntity
  8
PARTS
100
AcDbPolyline
 90
2
 70
0
 10
43.99995085721
 20
41.4971
 10
44.00095085721
 20
41.4971
  0
LWPOLYLINE
  5
D43
330
17
100
AcDbEntity
  8
PARTS
100
AcDbPolyline
 90
2
 70
0
 10
45.72035085721
 20
35.6408
 10
45.718950857210004
 20
35.6411
  0
LWPOLYLINE
  5
D44
330
17
100
AcDbEntity
  8
PARTS
100
AcDbPolyline
 90
2
 70
0
 10
45.66645085721
 20
35.6719
 10
45.666350857210006
 20
35.672
  0
LWPOLYLINE
  5
D45
330
17
100
AcDbEntity
  8
PARTS
100
AcDbPolyline
 90
2
 70
0
 10
45.66615085721
 20
35.6723
 10
45.665050857210005
 20
35.6736
  0
LWPOLYLINE
  5
D46
330
17
100
AcDbEntity
  8
PARTS
100
AcDbPolyline
 90
2
 70
0
 10
45.664850857210006
 20
35.6738
 10
45.664850857210006
 20
35.6738
  0
LWPOLYLINE
  5
D47
330
17
100
AcDbEntity
  8
PARTS
100
AcDbPolyline
 90
2
 70
0
 10
45.66465085721
 20
35.674
 10
45.66465085721
 20
35.674099999999996
  0
LWPOLYLINE
  5
D48
330
17
100
AcDbEntity
  8
PARTS
100
AcDbPolyline
 90
2
 70
0
 10
45.66445085721
 20
35.6742
 10
45.66445085721
 20
35.6743
  0
LWPOLYLINE
  5
D49
330
17
100
AcDbEntity
  8
PARTS
100
AcDbPolyline
 90
2
 70
0
 10
45.66435085721
 20
35.6744
 10
45.66425085721
 20
35.674499999999995
  0
LWPOLYLINE
  5
D4A
330
17
100
AcDbEntity
  8
PARTS
100
AcDbPolyline
 90
2
 70
0
 10
45.664150857210004
 20
35.6747
 10
45.66405085721
 20
35.6747
  0
LWPOLYLINE
  5
D4B
330
17
100
AcDbEntity
  8
PARTS
100
AcDbPolyline
 90
2
 70
0
 10
45.663950857210004
 20
35.6749
 10
45.66385085721
 20
35.6749
  0
LWPOLYLINE
  5
D4C
330
17
100
AcDbEntity
  8
PARTS
100
AcDbPolyline
 90
2
 70
0
 10
45.663750857210005
 20
35.6751
 10
45.66365085721
 20
35.675200000000004
  0
LWPOLYLINE
  5
D4D
330
17
100
AcDbEntity
  8
PARTS
100
AcDbPolyline
 90
2
 70
0
 10
45.66365085721
 20
35.6753
 10
45.663550857210005
 20
35.675399999999996
  0
LWPOLYLINE
  5
D4E
330
17
100
AcDbEntity
  8
PARTS
100
AcDbPolyline
 90
2
 70
0
 10
45.66345085721
 20
35.6755
 10
45.663350857210006
 20
35.6756
  0
LWPOLYLINE
  5
D4F
330
17
100
AcDbEntity
  8
PARTS
100
AcDbPolyline
 90
2
 70
0
 10
45.66325085721
 20
35.6757
 10
45.66315085721
 20
35.675799999999995
  0
LWPOLYLINE
  5
D50
330
17
100
AcDbEntity
  8
PARTS
100
AcDbPolyline
 90
2
 70
0
 10
45.66305085721
 20
35.6759
 10
45.66295085721
 20
35.676
  0
LWPOLYLINE
  5
D51
330
17
100
AcDbEntity
  8
PARTS
100
AcDbPolyline
 90
2
 70
0
 10
45.66295085721
 20
35.676100000000005
 10
45.662650857210004
 20
35.6764
  0
LWPOLYLINE
  5
D52
330
17
100
AcDbEntity
  8
PARTS
100
AcDbPolyline
 90
2
 70
0
 10
45.662650857210004
 20
35.676500000000004
 10
45.662450857210004
 20
35.6767
  0
LWPOLYLINE
  5
D53
330
17
100
AcDbEntity
  8
PARTS
100
AcDbPolyline
 90
2
 70
0
 10
45.662450857210004
 20
35.6767
 10
45.66215085721
 20
35.677099999999996
  0
LWPOLYLINE
  5
D54
330
17
100
AcDbEntity
  8
PARTS
100
AcDbPolyline
 90
2
 70
0
 10
45.662050857210005
 20
35.6772
 10
45.66125085721
 20
35.6783
  0
LWPOLYLINE
  5
D55
330
17
100
AcDbEntity
  8
PARTS
100
AcDbPolyline
 90
2
 70
0
 10
45.65975085721
 20
35.6803
 10
45.65975085721
 20
35.6803
  0
LWPOLYLINE
  5
D56
330
17
100
AcDbEntity
  8
PARTS
100
AcDbPolyline
 90
2
 70
0
 10
45.65875085721
 20
35.681799999999996
 10
45.65875085721
 20
35.681799999999996
  0
LWPOLYLINE
  5
D57
330
17
100
AcDbEntity
  8
PARTS
100
AcDbPolyline
 90
2
 70
0
 10
45.65835085721
 20
35.6824
 10
45.65835085721
 20
35.6824
  0
LWPOLYLINE
  5
D58
330
17
100
AcDbEntity
  8
PARTS
100
AcDbPolyline
 90
2
 70
0
 10
45.65545085721
 20
35.687
 10
45.65545085721
 20
35.687
  0
LWPOLYLINE
  5
D59
330
17
100
AcDbEntity
  8
PARTS
100
AcDbPolyline
 90
2
 70
0
 10
45.65525085721
 20
35.6873
 10
45.654550857210005
 20
35.6884
  0
LWPOLYLINE
  5
D5A
330
17
100
AcDbEntity
  8
PARTS
100
AcDbPolyline
 90
2
 70
0
 10
45.65105085721
 20
35.6952
 10
45.64845085721
 20
35.7012
  0
LWPOLYLINE
  5
D5B
330
17
100
AcDbEntity
  8
PARTS
100
AcDbPolyline
 90
2
 70
0
 10
45.64775085721
 20
35.7029
 10
45.64735085721
 20
35.7041
  0
LWPOLYLINE
  5
D5C
330
17
100
AcDbEntity
  8
PARTS
100
AcDbPolyline
 90
2
 70
0
 10
45.647050857210004
 20
35.7047
 10
45.64645085721
 20
35.7067
  0
LWPOLYLINE
  5
D5D
330
17
100
AcDbEntity
  8
PARTS
100
AcDbPolyline
 90
2
 70
0
 10
45.64585085721
 20
35.7084
 10
45.64585085721
 20
35.7084
  0
LWPOLYLINE
  5
D5E
330
17
100
AcDbEntity
  8
PARTS
100
AcDbPolyline
 90
2
 70
0
 10
45.64565085721
 20
35.709
 10
45.64565085721
 20
35.709
  0
LWPOLYLINE
  5
D5F
330
17
100
AcDbEntity
  8
PARTS
100
AcDbPolyline
 90
2
 70
0
 10
45.645550857210004
 20
35.7094
 10
45.645550857210004
 20
35.7094
  0
LWPOLYLINE
  5
D60
330
17
100
AcDbEntity
  8
PARTS
100
AcDbPolyline
 90
2
 70
0
 10
45.64095085721
 20
35.7384
 10
45.64095085721
 20
35.738600000000005
  0
LWPOLYLINE
  5
D61
330
17
100
AcDbEntity
  8
PARTS
100
AcDbPolyline
 90
2
 70
0
 10
45.732250857210005
 20
35.638999999999996
 10
45.71435085721
 20
35.6423
  0
LWPOLYLINE
  5
D62
330
17
100
AcDbEntity
  8
PARTS
100
AcDbPolyline
 90
2
 70
0
 10
45.666350857210006
 20
35.672
 10
45.64095085721
 20
35.7385
  0
LWPOLYLINE
  5
D63
330
17
100
AcDbEntity
  8
PARTS
100
AcDbPolyline
 90
2
 70
0
 10
45.680250857210005
 20
35.659099999999995
 10
45.67365085721
 20
35.664699999999996
  0
LWPOLYLINE
  5
D64
330
17
100
AcDbEntity
  8
PARTS
100
AcDbPolyline
 90
2
 70
0
 10
45.69725085721
 20
35.648700000000005
 10
45.694350857210004
 20
35.650099999999995
  0
LWPOLYLINE
  5
D65
330
17
100
AcDbEntity
  8
PARTS
100
AcDbPolyline
 90
2
 70
0
 10
45.732250857210005
 20
36.413
 10
45.72805085721
 20
36.4125
  0
LWPOLYLINE
  5
D66
330
17
100
AcDbEntity
  8
PARTS
100
AcDbPolyline
 90
2
 70
0
 10
45.69535085721
 20
36.4023
 10
45.69525085721
 20
36.4023
  0
LWPOLYLINE
  5
D67
330
17
100
AcDbEntity
  8
PARTS
100
AcDbPolyline
 90
2
 70
0
 10
45.66665085721
 20
36.3802
 10
45.666350857210006
 20
36.3799
  0
LWPOLYLINE
  5
D68
330
17
100
AcDbEntity
  8
PARTS
100
AcDbPolyline
 90
2
 70
0
 10
45.66365085721
 20
36.3767
 10
45.66175085721
 20
36.3744
  0
LWPOLYLINE
  5
D69
330
17
100
AcDbEntity
  8
PARTS
100
AcDbPolyline
 90
2
 70
0
 10
45.65535085721
 20
36.3648
 10
45.65515085721
 20
36.364599999999996
  0
LWPOLYLINE
  5
D6A
330
17
100
AcDbEntity
  8
PARTS
100
AcDbPolyline
 90
2
 70
0
 10
45.647050857210004
 20
36.347
 10
45.64675085721
 20
36.3461
  0
LWPOLYLINE
  5
D6B
330
17
100
AcDbEntity
  8
PARTS
100
AcDbPolyline
 90
2
 70
0
 10
45.64345085721
 20
36.3349
 10
45.642150857210005
 20
36.327600000000004
  0
LWPOLYLINE
  5
D6C
330
17
100
AcDbEntity
  8
PARTS
100
AcDbPolyline
 90
2
 70
0
 10
45.64185085721
 20
36.3261
 10
45.64185085721
 20
36.3258
  0
LWPOLYLINE
  5
D6D
330
17
100
AcDbEntity
  8
PARTS
100
AcDbPolyline
 90
2
 70
0
 10
45.64115085721
 20
36.3178
 10
45.64115085721
 20
36.3178
  0
LWPOLYLINE
  5
D6E
330
17
100
AcDbEntity
  8
PARTS
100
AcDbPolyline
 90
2
 70
0
 10
45.641050857210004
 20
36.3142
 10
45.64095085721
 20
36.3133
  0
LWPOLYLINE
  5
D6F
330
17
100
AcDbEntity
  8
PARTS
100
AcDbPolyline
 90
2
 70
0
 10
45.732250857210005
 20
36.413
 10
45.71435085721
 20
36.4097
  0
LWPOLYLINE
  5
D70
330
17
100
AcDbEntity
  8
PARTS
100
AcDbPolyline
 90
2
 70
0
 10
45.680250857210005
 20
36.3928
 10
45.67365085721
 20
36.387299999999996
  0
LWPOLYLINE
  5
D71
330
17
100
AcDbEntity
  8
PARTS
100
AcDbPolyline
 90
2
 70
0
 10
45.666350857210006
 20
36.3799
 10
45.64095085721
 20
36.3133
  0
DIMENSION
  5
D72
330
17
100
AcDbEntity
  8
DIM
100
AcDbDimension
280
0
  2
*D20
  3
PCB2
 10
47.65105085721
 20
23.75
 30
0.0
 11
46.851025457159004
 21
22.9125
 31
0.0
 70
32
 71
5
  1
<>
100
AcDbAlignedDimension
 13
47.65105085721
 23
26.25
 33
0.0
 14
46.051000057108006
 24
26.25
 34
0.0
 50
0.0
100
AcDbRotatedDimension
  0
DIMENSION
  5
D81
330
17
100
AcDbEntity
  8
DIM
100
AcDbDimension
280
0
  2
*D21
  3
PCB2
 10
47.65105085721
 20
21.25
 30
0.0
 11
45.825525428605005
 21
20.7875
 31
0.0
 70
32
 71
5
  1
<>
100
AcDbAlignedDimension
 13
47.65105085721
 23
26.25
 33
0.0
 14
44.0
 24
26.25
 34
0.0
 50
0.0
100
AcDbRotatedDimension
  0
TEXT
  5
D90
330
17
100
AcDbEntity
  8
TEXT
100
AcDbText
 10
45.825525428605005
 20
18.25
 30
0.0
 40
0.875
  1
RIGHT
  7
CJK
 72
1
 11
45.825525428605005
 21
18.25
 31
0.0
100
AcDbText
  0
TEXT
  5
D91
330
17
100
AcDbEntity
  8
TEXT
100
AcDbText
 10
45.825525428605005
 20
17.0
 30
0.0
 40
0.875
  1
VIEW
  7
CJK
 72
1
 11
45.825525428605005
 21
17.0
 31
0.0
100
AcDbText
  0
TEXT
  5
D92
330
17
100
AcDbEntity
  8
TEXT
100
AcDbText
 10
51.65105085721
 20
70.3
 30
0.0
 40
0.75
  1
HOLE TABLE
  7
CJK
 11
51.65105085721
 21
70.3
 31
0.0
100
AcDbText
  0
LWPOLYLINE
  5
D93
330
17
100
AcDbEntity
  8
SHEET
100
AcDbPolyline
 90
2
 70
0
 10
51.65105085721
 20
69.75
 10
87.15105085721001
 20
69.75
  0
LWPOLYLINE
  5
D94
330
17
100
AcDbEntity
  8
SHEET
100
AcDbPolyline
 90
2
 70
0
 10
51.65105085721
 20
68.55
 10
87.15105085721001
 20
68.55
  0
LWPOLYLINE
  5
D95
330
17
100
AcDbEntity
  8
SHEET
100
AcDbPolyline
 90
2
 70
0
 10
51.65105085721
 20
67.35
 10
87.15105085721001
 20
67.35
  0
LWPOLYLINE
  5
D96
330
17
100
AcDbEntity
  8
SHEET
100
AcDbPolyline
 90
2
 70
0
 10
51.65105085721
 20
66.15
 10
87.15105085721001
 20
66.15
  0
LWPOLYLINE
  5
D97
330
17
100
AcDbEntity
  8
SHEET
100
AcDbPolyline
 90
2
 70
0
 10
51.65105085721
 20
64.95
 10
87.15105085721001
 20
64.95
  0
LWPOLYLINE
  5
D98
330
17
100
AcDbEntity
  8
SHEET
100
AcDbPolyline
 90
2
 70
0
 10
51.65105085721
 20
63.75
 10
87.15105085721001
 20
63.75
  0
LWPOLYLINE
  5
D99
330
17
100
AcDbEntity
  8
SHEET
100
AcDbPolyline
 90
2
 70
0
 10
51.65105085721
 20
62.55
 10
87.15105085721001
 20
62.55
  0
LWPOLYLINE
  5
D9A
330
17
100
AcDbEntity
  8
SHEET
100
AcDbPolyline
 90
2
 70
0
 10
51.65105085721
 20
61.35
 10
87.15105085721001
 20
61.35
  0
LWPOLYLINE
  5
D9B
330
17
100
AcDbEntity
  8
SHEET
100
AcDbPolyline
 90
2
 70
0
 10
51.65105085721
 20
69.75
 10
51.65105085721
 20
61.35
  0
LWPOLYLINE
  5
D9C
330
17
100
AcDbEntity
  8
SHEET
100
AcDbPolyline
 90
2
 70
0
 10
55.15105085721
 20
69.75
 10
55.15105085721
 20
61.35
  0
LWPOLYLINE
  5
D9D
330
17
100
AcDbEntity
  8
SHEET
100
AcDbPolyline
 90
2
 70
0
 10
60.65105085721
 20
69.75
 10
60.65105085721
 20
61.35
  0
LWPOLYLINE
  5
D9E
330
17
100
AcDbEntity
  8
SHEET
100
AcDbPolyline
 90
2
 70
0
 10
66.15105085721001
 20
69.75
 10
66.15105085721001
 20
61.35
  0
LWPOLYLINE
  5
D9F
330
17
100
AcDbEntity
  8
SHEET
100
AcDbPolyline
 90
2
 70
0
 10
70.15105085721001
 20
69.75
 10
70.15105085721001
 20
61.35
  0
LWPOLYLINE
  5
DA0
330
17
100
AcDbEntity
  8
SHEET
100
AcDbPolyline
 90
2
 70
0
 10
83.65105085721001
 20
69.75
 10
83.65105085721001
 20
61.35
  0
LWPOLYLINE
  5
DA1
330
17
100
AcDbEntity
  8
SHEET
100
AcDbPolyline
 90
2
 70
0
 10
87.15105085721001
 20
69.75
 10
87.15105085721001
 20
61.35
  0
LWPOLYLINE
  5
DA2
330
17
100
AcDbEntity
  8
SHEET
100
AcDbPolyline
 90
2
 70
0
 10
51.65105085721
 20
69.75
 10
51.65105085721
 20
61.35
  0
TEXT
  5
DA3
330
17
100
AcDbEntity
  8
TEXT
100
AcDbText
 10
52.02605085721
 20
68.89999999999999
 30
0.0
 40
0.575
  1
ID
  7
CJK
 11
52.02605085721
 21
68.89999999999999
 31
0.0
100
AcDbText
  0
TEXT
  5
DA4
330
17
100
AcDbEntity
  8
TEXT
100
AcDbText
 10
55.52605085721
 20
68.89999999999999
 30
0.0
 40
0.575
  1
X
  7
CJK
 11
55.52605085721
 21
68.89999999999999
 31
0.0
100
AcDbText
  0
TEXT
  5
DA5
330
17
100
AcDbEntity
  8
TEXT
100
AcDbText
 10
61.02605085721
 20
68.89999999999999
 30
0.0
 40
0.575
  1
Y
  7
CJK
 11
61.02605085721
 21
68.89999999999999
 31
0.0
100
AcDbText
  0
TEXT
  5
DA6
330
17
100
AcDbEntity
  8
TEXT
100
AcDbText
 10
66.52605085721001
 20
68.89999999999999
 30
0.0
 40
0.575
  1
%%c
  7
CJK
 11
66.52605085721001
 21
68.89999999999999
 31
0.0
100
AcDbText
  0
TEXT
  5
DA7
330
17
100
AcDbEntity
  8
TEXT
100
AcDbText
 10
70.52605085721001
 20
68.89999999999999
 30
0.0
 40
0.575
  1
TYPE
  7
CJK
 11
70.52605085721001
 21
68.89999999999999
 31
0.0
100
AcDbText
  0
TEXT
  5
DA8
330
17
100
AcDbEntity
  8
TEXT
100
AcDbText
 10
84.02605085721001
 20
68.89999999999999
 30
0.0
 40
0.575
  1
QTY
  7
CJK
 11
84.02605085721001
 21
68.89999999999999
 31
0.0
100
AcDbText
  0
TEXT
  5
DA9
330
17
100
AcDbEntity
  8
TEXT
100
AcDbText
 10
52.02605085721
 20
67.69999999999999
 30
0.0
 40
0.575
  1
H1
  7
CJK
 11
52.02605085721
 21
67.69999999999999
 31
0.0
100
AcDbText
  0
TEXT
  5
DAA
330
17
100
AcDbEntity
  8
TEXT
100
AcDbText
 10
55.52605085721
 20
67.69999999999999
 30
0.0
 40
0.575
  1
1.75
  7
CJK
 11
55.52605085721
 21
67.69999999999999
 31
0.0
100
AcDbText
  0
TEXT
  5
DAB
330
17
100
AcDbEntity
  8
TEXT
100
AcDbText
 10
61.02605085721
 20
67.69999999999999
 30
0.0
 40
0.575
  1
9.78
  7
CJK
 11
61.02605085721
 21
67.69999999999999
 31
0.0
100
AcDbText
  0
TEXT
  5
DAC
330
17
100
AcDbEntity
  8
TEXT
100
AcDbText
 10
66.52605085721001
 20
67.69999999999999
 30
0.0
 40
0.575
  1
2.50
  7
CJK
 11
66.52605085721001
 21
67.69999999999999
 31
0.0
100
AcDbText
  0
TEXT
  5
DAD
330
17
100
AcDbEntity
  8
TEXT
100
AcDbText
 10
70.52605085721001
 20
67.69999999999999
 30
0.0
 40
0.575
  1
PTH, mounting
  7
CJK
 11
70.52605085721001
 21
67.69999999999999
 31
0.0
100
AcDbText
  0
TEXT
  5
DAE
330
17
100
AcDbEntity
  8
TEXT
100
AcDbText
 10
84.02605085721001
 20
67.69999999999999
 30
0.0
 40
0.575
  1
1
  7
CJK
 11
84.02605085721001
 21
67.69999999999999
 31
0.0
100
AcDbText
  0
TEXT
  5
DAF
330
17
100
AcDbEntity
  8
TEXT
100
AcDbText
 10
52.02605085721
 20
66.49999999999999
 30
0.0
 40
0.575
  1
H2
  7
CJK
 11
52.02605085721
 21
66.49999999999999
 31
0.0
100
AcDbText
  0
TEXT
  5
DB0
330
17
100
AcDbEntity
  8
TEXT
100
AcDbText
 10
55.52605085721
 20
66.49999999999999
 30
0.0
 40
0.575
  1
18.74
  7
CJK
 11
55.52605085721
 21
66.49999999999999
 31
0.0
100
AcDbText
  0
TEXT
  5
DB1
330
17
100
AcDbEntity
  8
TEXT
100
AcDbText
 10
61.02605085721
 20
66.49999999999999
 30
0.0
 40
0.575
  1
9.78
  7
CJK
 11
61.02605085721
 21
66.49999999999999
 31
0.0
100
AcDbText
  0
TEXT
  5
DB2
330
17
100
AcDbEntity
  8
TEXT
100
AcDbText
 10
66.52605085721001
 20
66.49999999999999
 30
0.0
 40
0.575
  1
2.50
  7
CJK
 11
66.52605085721001
 21
66.49999999999999
 31
0.0
100
AcDbText
  0
TEXT
  5
DB3
330
17
100
AcDbEntity
  8
TEXT
100
AcDbText
 10
70.52605085721001
 20
66.49999999999999
 30
0.0
 40
0.575
  1
PTH, mounting
  7
CJK
 11
70.52605085721001
 21
66.49999999999999
 31
0.0
100
AcDbText
  0
TEXT
  5
DB4
330
17
100
AcDbEntity
  8
TEXT
100
AcDbText
 10
84.02605085721001
 20
66.49999999999999
 30
0.0
 40
0.575
  1
1
  7
CJK
 11
84.02605085721001
 21
66.49999999999999
 31
0.0
100
AcDbText
  0
TEXT
  5
DB5
330
17
100
AcDbEntity
  8
TEXT
100
AcDbText
 10
52.02605085721
 20
65.3
 30
0.0
 40
0.575
  1
-
  7
CJK
 11
52.02605085721
 21
65.3
 31
0.0
100
AcDbText
  0
TEXT
  5
DB6
330
17
100
AcDbEntity
  8
TEXT
100
AcDbText
 10
55.52605085721
 20
65.3
 30
0.0
 40
0.575
  1
see dwg
  7
CJK
 11
55.52605085721
 21
65.3
 31
0.0
100
AcDbText
  0
TEXT
  5
DB7
330
17
100
AcDbEntity
  8
TEXT
100
AcDbText
 10
61.02605085721
 20
65.3
 30
0.0
 40
0.575
  1
see dwg
  7
CJK
 11
61.02605085721
 21
65.3
 31
0.0
100
AcDbText
  0
TEXT
  5
DB8
330
17
100
AcDbEntity
  8
TEXT
100
AcDbText
 10
66.52605085721001
 20
65.3
 30
0.0
 40
0.575
  1
0.90
  7
CJK
 11
66.52605085721001
 21
65.3
 31
0.0
100
AcDbText
  0
TEXT
  5
DB9
330
17
100
AcDbEntity
  8
TEXT
100
AcDbText
 10
70.52605085721001
 20
65.3
 30
0.0
 40
0.575
  1
PTH, pin header
  7
CJK
 11
70.52605085721001
 21
65.3
 31
0.0
100
AcDbText
  0
TEXT
  5
DBA
330
17
100
AcDbEntity
  8
TEXT
100
AcDbText
 10
84.02605085721001
 20
65.3
 30
0.0
 40
0.575
  1
8
  7
CJK
 11
84.02605085721001
 21
65.3
 31
0.0
100
AcDbText
  0
TEXT
  5
DBB
330
17
100
AcDbEntity
  8
TEXT
100
AcDbText
 10
52.02605085721
 20
64.1
 30
0.0
 40
0.575
  1
-
  7
CJK
 11
52.02605085721
 21
64.1
 31
0.0
100
AcDbText
  0
TEXT
  5
DBC
330
17
100
AcDbEntity
  8
TEXT
100
AcDbText
 10
55.52605085721
 20
64.1
 30
0.0
 40
0.575
  1
7.20
  7
CJK
 11
55.52605085721
 21
64.1
 31
0.0
100
AcDbText
  0
TEXT
  5
DBD
330
17
100
AcDbEntity
  8
TEXT
100
AcDbText
 10
61.02605085721
 20
64.1
 30
0.0
 40
0.575
  1
22.08
  7
CJK
 11
61.02605085721
 21
64.1
 31
0.0
100
AcDbText
  0
TEXT
  5
DBE
330
17
100
AcDbEntity
  8
TEXT
100
AcDbText
 10
66.52605085721001
 20
64.1
 30
0.0
 40
0.575
  1
1.20
  7
CJK
 11
66.52605085721001
 21
64.1
 31
0.0
100
AcDbText
  0
TEXT
  5
DBF
330
17
100
AcDbEntity
  8
TEXT
100
AcDbText
 10
70.52605085721001
 20
64.1
 30
0.0
 40
0.575
  1
NPTH, part locating
  7
CJK
 11
70.52605085721001
 21
64.1
 31
0.0
100
AcDbText
  0
TEXT
  5
DC0
330
17
100
AcDbEntity
  8
TEXT
100
AcDbText
 10
84.02605085721001
 20
64.1
 30
0.0
 40
0.575
  1
1
  7
CJK
 11
84.02605085721001
 21
64.1
 31
0.0
100
AcDbText
  0
TEXT
  5
DC1
330
17
100
AcDbEntity
  8
TEXT
100
AcDbText
 10
52.02605085721
 20
62.9
 30
0.0
 40
0.575
  1
-
  7
CJK
 11
52.02605085721
 21
62.9
 31
0.0
100
AcDbText
  0
TEXT
  5
DC2
330
17
100
AcDbEntity
  8
TEXT
100
AcDbText
 10
55.52605085721
 20
62.9
 30
0.0
 40
0.575
  1
15.20
  7
CJK
 11
55.52605085721
 21
62.9
 31
0.0
100
AcDbText
  0
TEXT
  5
DC3
330
17
100
AcDbEntity
  8
TEXT
100
AcDbText
 10
61.02605085721
 20
62.9
 30
0.0
 40
0.575
  1
22.08
  7
CJK
 11
61.02605085721
 21
62.9
 31
0.0
100
AcDbText
  0
TEXT
  5
DC4
330
17
100
AcDbEntity
  8
TEXT
100
AcDbText
 10
66.52605085721001
 20
62.9
 30
0.0
 40
0.575
  1
1.20
  7
CJK
 11
66.52605085721001
 21
62.9
 31
0.0
100
AcDbText
  0
TEXT
  5
DC5
330
17
100
AcDbEntity
  8
TEXT
100
AcDbText
 10
70.52605085721001
 20
62.9
 30
0.0
 40
0.575
  1
NPTH, part locating
  7
CJK
 11
70.52605085721001
 21
62.9
 31
0.0
100
AcDbText
  0
TEXT
  5
DC6
330
17
100
AcDbEntity
  8
TEXT
100
AcDbText
 10
84.02605085721001
 20
62.9
 30
0.0
 40
0.575
  1
1
  7
CJK
 11
84.02605085721001
 21
62.9
 31
0.0
100
AcDbText
  0
TEXT
  5
DC7
330
17
100
AcDbEntity
  8
TEXT
100
AcDbText
 10
52.02605085721
 20
61.699999999999996
 30
0.0
 40
0.575
  1
-
  7
CJK
 11
52.02605085721
 21
61.699999999999996
 31
0.0
100
AcDbText
  0
TEXT
  5
DC8
330
17
100
AcDbEntity
  8
TEXT
100
AcDbText
 10
55.52605085721
 20
61.699999999999996
 30
0.0
 40
0.575
  1
-
  7
CJK
 11
55.52605085721
 21
61.699999999999996
 31
0.0
100
AcDbText
  0
TEXT
  5
DC9
330
17
100
AcDbEntity
  8
TEXT
100
AcDbText
 10
61.02605085721
 20
61.699999999999996
 30
0.0
 40
0.575
  1
-
  7
CJK
 11
61.02605085721
 21
61.699999999999996
 31
0.0
100
AcDbText
  0
TEXT
  5
DCA
330
17
100
AcDbEntity
  8
TEXT
100
AcDbText
 10
66.52605085721001
 20
61.699999999999996
 30
0.0
 40
0.575
  1
0.305
  7
CJK
 11
66.52605085721001
 21
61.699999999999996
 31
0.0
100
AcDbText
  0
TEXT
  5
DCB
330
17
100
AcDbEntity
  8
TEXT
100
AcDbText
 10
70.52605085721001
 20
61.699999999999996
 30
0.0
 40
0.575
  1
Via (not dimensioned)
  7
CJK
 11
70.52605085721001
 21
61.699999999999996
 31
0.0
100
AcDbText
  0
TEXT
  5
DCC
330
17
100
AcDbEntity
  8
TEXT
100
AcDbText
 10
84.02605085721001
 20
61.699999999999996
 30
0.0
 40
0.575
  1
14
  7
CJK
 11
84.02605085721001
 21
61.699999999999996
 31
0.0
100
AcDbText
  0
TEXT
  5
DCD
330
17
100
AcDbEntity
  8
TEXT
100
AcDbText
 10
51.65105085721
 20
59.4
 30
0.0
 40
0.75
  1
COMPONENT HEIGHTS
  7
CJK
 11
51.65105085721
 21
59.4
 31
0.0
100
AcDbText
  0
LWPOLYLINE
  5
DCE
330
17
100
AcDbEntity
  8
SHEET
100
AcDbPolyline
 90
2
 70
0
 10
51.65105085721
 20
58.85
 10
87.15105085721001
 20
58.85
  0
LWPOLYLINE
  5
DCF
330
17
100
AcDbEntity
  8
SHEET
100
AcDbPolyline
 90
2
 70
0
 10
51.65105085721
 20
57.65
 10
87.15105085721001
 20
57.65
  0
LWPOLYLINE
  5
DD0
330
17
100
AcDbEntity
  8
SHEET
100
AcDbPolyline
 90
2
 70
0
 10
51.65105085721
 20
56.45
 10
87.15105085721001
 20
56.45
  0
LWPOLYLINE
  5
DD1
330
17
100
AcDbEntity
  8
SHEET
100
AcDbPolyline
 90
2
 70
0
 10
51.65105085721
 20
55.25
 10
87.15105085721001
 20
55.25
  0
LWPOLYLINE
  5
DD2
330
17
100
AcDbEntity
  8
SHEET
100
AcDbPolyline
 90
2
 70
0
 10
51.65105085721
 20
54.050000000000004
 10
87.15105085721001
 20
54.050000000000004
  0
LWPOLYLINE
  5
DD3
330
17
100
AcDbEntity
  8
SHEET
100
AcDbPolyline
 90
2
 70
0
 10
51.65105085721
 20
52.85
 10
87.15105085721001
 20
52.85
  0
LWPOLYLINE
  5
DD4
330
17
100
AcDbEntity
  8
SHEET
100
AcDbPolyline
 90
2
 70
0
 10
51.65105085721
 20
51.650000000000006
 10
87.15105085721001
 20
51.650000000000006
  0
LWPOLYLINE
  5
DD5
330
17
100
AcDbEntity
  8
SHEET
100
AcDbPolyline
 90
2
 70
0
 10
51.65105085721
 20
58.85
 10
51.65105085721
 20
51.650000000000006
  0
LWPOLYLINE
  5
DD6
330
17
100
AcDbEntity
  8
SHEET
100
AcDbPolyline
 90
2
 70
0
 10
57.65105085721
 20
58.85
 10
57.65105085721
 20
51.650000000000006
  0
LWPOLYLINE
  5
DD7
330
17
100
AcDbEntity
  8
SHEET
100
AcDbPolyline
 90
2
 70
0
 10
67.15105085721001
 20
58.85
 10
67.15105085721001
 20
51.650000000000006
  0
LWPOLYLINE
  5
DD8
330
17
100
AcDbEntity
  8
SHEET
100
AcDbPolyline
 90
2
 70
0
 10
70.15105085721001
 20
58.85
 10
70.15105085721001
 20
51.650000000000006
  0
LWPOLYLINE
  5
DD9
330
17
100
AcDbEntity
  8
SHEET
100
AcDbPolyline
 90
2
 70
0
 10
77.15105085721001
 20
58.85
 10
77.15105085721001
 20
51.650000000000006
  0
LWPOLYLINE
  5
DDA
330
17
100
AcDbEntity
  8
SHEET
100
AcDbPolyline
 90
2
 70
0
 10
87.15105085721001
 20
58.85
 10
87.15105085721001
 20
51.650000000000006
  0
LWPOLYLINE
  5
DDB
330
17
100
AcDbEntity
  8
SHEET
100
AcDbPolyline
 90
2
 70
0
 10
51.65105085721
 20
58.85
 10
51.65105085721
 20
51.650000000000006
  0
TEXT
  5
DDC
330
17
100
AcDbEntity
  8
TEXT
100
AcDbText
 10
52.02605085721
 20
58.0
 30
0.0
 40
0.575
  1
REF
  7
CJK
 11
52.02605085721
 21
58.0
 31
0.0
100
AcDbText
  0
TEXT
  5
DDD
330
17
100
AcDbEntity
  8
TEXT
100
AcDbText
 10
58.02605085721
 20
58.0
 30
0.0
 40
0.575
  1
PACKAGE
  7
CJK
 11
58.02605085721
 21
58.0
 31
0.0
100
AcDbText
  0
TEXT
  5
DDE
330
17
100
AcDbEntity
  8
TEXT
100
AcDbText
 10
67.52605085721001
 20
58.0
 30
0.0
 40
0.575
  1
QTY
  7
CJK
 11
67.52605085721001
 21
58.0
 31
0.0
100
AcDbText
  0
TEXT
  5
DDF
330
17
100
AcDbEntity
  8
TEXT
100
AcDbText
 10
70.52605085721001
 20
58.0
 30
0.0
 40
0.575
  1
BODY LxW
  7
CJK
 11
70.52605085721001
 21
58.0
 31
0.0
100
AcDbText
  0
TEXT
  5
DE0
330
17
100
AcDbEntity
  8
TEXT
100
AcDbText
 10
77.52605085721001
 20
58.0
 30
0.0
 40
0.575
  1
HEIGHT ABOVE PCB
  7
CJK
 11
77.52605085721001
 21
58.0
 31
0.0
100
AcDbText
  0
TEXT
  5
DE1
330
17
100
AcDbEntity
  8
TEXT
100
AcDbText
 10
52.02605085721
 20
56.8
 30
0.0
 40
0.575
  1
CARD1
  7
CJK
 11
52.02605085721
 21
56.8
 31
0.0
100
AcDbText
  0
TEXT
  5
DE2
330
17
100
AcDbEntity
  8
TEXT
100
AcDbText
 10
58.02605085721
 20
56.8
 30
0.0
 40
0.575
  1
TF-SMD_TF-PUSH
  7
CJK
 11
58.02605085721
 21
56.8
 31
0.0
100
AcDbText
  0
TEXT
  5
DE3
330
17
100
AcDbEntity
  8
TEXT
100
AcDbText
 10
67.52605085721001
 20
56.8
 30
0.0
 40
0.575
  1
1
  7
CJK
 11
67.52605085721001
 21
56.8
 31
0.0
100
AcDbText
  0
TEXT
  5
DE4
330
17
100
AcDbEntity
  8
TEXT
100
AcDbText
 10
70.52605085721001
 20
56.8
 30
0.0
 40
0.575
  1
16.15x15.20
  7
CJK
 11
70.52605085721001
 21
56.8
 31
0.0
100
AcDbText
  0
TEXT
  5
DE5
330
17
100
AcDbEntity
  8
TEXT
100
AcDbText
 10
77.52605085721001
 20
56.8
 30
0.0
 40
0.575
  1
2.05
  7
CJK
 11
77.52605085721001
 21
56.8
 31
0.0
100
AcDbText
  0
TEXT
  5
DE6
330
17
100
AcDbEntity
  8
TEXT
100
AcDbText
 10
52.02605085721
 20
55.6
 30
0.0
 40
0.575
  1
C1
  7
CJK
 11
52.02605085721
 21
55.6
 31
0.0
100
AcDbText
  0
TEXT
  5
DE7
330
17
100
AcDbEntity
  8
TEXT
100
AcDbText
 10
58.02605085721
 20
55.6
 30
0.0
 40
0.575
  1
C0805_L2.0-W1.3-H1.3
  7
CJK
 11
58.02605085721
 21
55.6
 31
0.0
100
AcDbText
  0
TEXT
  5
DE8
330
17
100
AcDbEntity
  8
TEXT
100
AcDbText
 10
67.52605085721001
 20
55.6
 30
0.0
 40
0.575
  1
1
  7
CJK
 11
67.52605085721001
 21
55.6
 31
0.0
100
AcDbText
  0
TEXT
  5
DE9
330
17
100
AcDbEntity
  8
TEXT
100
AcDbText
 10
70.52605085721001
 20
55.6
 30
0.0
 40
0.575
  1
2.00x1.30
  7
CJK
 11
70.52605085721001
 21
55.6
 31
0.0
100
AcDbText
  0
TEXT
  5
DEA
330
17
100
AcDbEntity
  8
TEXT
100
AcDbText
 10
77.52605085721001
 20
55.6
 30
0.0
 40
0.575
  1
1.30
  7
CJK
 11
77.52605085721001
 21
55.6
 31
0.0
100
AcDbText
  0
TEXT
  5
DEB
330
17
100
AcDbEntity
  8
TEXT
100
AcDbText
 10
52.02605085721
 20
54.4
 30
0.0
 40
0.575
  1
C9
  7
CJK
 11
52.02605085721
 21
54.4
 31
0.0
100
AcDbText
  0
TEXT
  5
DEC
330
17
100
AcDbEntity
  8
TEXT
100
AcDbText
 10
58.02605085721
 20
54.4
 30
0.0
 40
0.575
  1
C0603_L1.6-W0.8-H0.8
  7
CJK
 11
58.02605085721
 21
54.4
 31
0.0
100
AcDbText
  0
TEXT
  5
DED
330
17
100
AcDbEntity
  8
TEXT
100
AcDbText
 10
67.52605085721001
 20
54.4
 30
0.0
 40
0.575
  1
1
  7
CJK
 11
67.52605085721001
 21
54.4
 31
0.0
100
AcDbText
  0
TEXT
  5
DEE
330
17
100
AcDbEntity
  8
TEXT
100
AcDbText
 10
70.52605085721001
 20
54.4
 30
0.0
 40
0.575
  1
1.60x0.80
  7
CJK
 11
70.52605085721001
 21
54.4
 31
0.0
100
AcDbText
  0
TEXT
  5
DEF
330
17
100
AcDbEntity
  8
TEXT
100
AcDbText
 10
77.52605085721001
 20
54.4
 30
0.0
 40
0.575
  1
0.80
  7
CJK
 11
77.52605085721001
 21
54.4
 31
0.0
100
AcDbText
  0
TEXT
  5
DF0
330
17
100
AcDbEntity
  8
TEXT
100
AcDbText
 10
52.02605085721
 20
53.2
 30
0.0
 40
0.575
  1
LED1
  7
CJK
 11
52.02605085721
 21
53.2
 31
0.0
100
AcDbText
  0
TEXT
  5
DF1
330
17
100
AcDbEntity
  8
TEXT
100
AcDbText
 10
58.02605085721
 20
53.2
 30
0.0
 40
0.575
  1
LED0603-R-RD
  7
CJK
 11
58.02605085721
 21
53.2
 31
0.0
100
AcDbText
  0
TEXT
  5
DF2
330
17
100
AcDbEntity
  8
TEXT
100
AcDbText
 10
67.52605085721001
 20
53.2
 30
0.0
 40
0.575
  1
1
  7
CJK
 11
67.52605085721001
 21
53.2
 31
0.0
100
AcDbText
  0
TEXT
  5
DF3
330
17
100
AcDbEntity
  8
TEXT
100
AcDbText
 10
70.52605085721001
 20
53.2
 30
0.0
 40
0.575
  1
1.62x0.81
  7
CJK
 11
70.52605085721001
 21
53.2
 31
0.0
100
AcDbText
  0
TEXT
  5
DF4
330
17
100
AcDbEntity
  8
TEXT
100
AcDbText
 10
77.52605085721001
 20
53.2
 30
0.0
 40
0.575
  1
0.41
  7
CJK
 11
77.52605085721001
 21
53.2
 31
0.0
100
AcDbText
  0
TEXT
  5
DF5
330
17
100
AcDbEntity
  8
TEXT
100
AcDbText
 10
52.02605085721
 20
52.0
 30
0.0
 40
0.575
  1
R1-R12
  7
CJK
 11
52.02605085721
 21
52.0
 31
0.0
100
AcDbText
  0
TEXT
  5
DF6
330
17
100
AcDbEntity
  8
TEXT
100
AcDbText
 10
58.02605085721
 20
52.0
 30
0.0
 40
0.575
  1
R0402_L1.0-W0.5-H0.4
  7
CJK
 11
58.02605085721
 21
52.0
 31
0.0
100
AcDbText
  0
TEXT
  5
DF7
330
17
100
AcDbEntity
  8
TEXT
100
AcDbText
 10
67.52605085721001
 20
52.0
 30
0.0
 40
0.575
  1
12
  7
CJK
 11
67.52605085721001
 21
52.0
 31
0.0
100
AcDbText
  0
TEXT
  5
DF8
330
17
100
AcDbEntity
  8
TEXT
100
AcDbText
 10
70.52605085721001
 20
52.0
 30
0.0
 40
0.575
  1
1.00x0.50
  7
CJK
 11
70.52605085721001
 21
52.0
 31
0.0
100
AcDbText
  0
TEXT
  5
DF9
330
17
100
AcDbEntity
  8
TEXT
100
AcDbText
 10
77.52605085721001
 20
52.0
 30
0.0
 40
0.575
  1
0.36
  7
CJK
 11
77.52605085721001
 21
52.0
 31
0.0
100
AcDbText
  0
TEXT
  5
DFA
330
17
100
AcDbEntity
  8
TEXT
100
AcDbText
 10
51.65105085721
 20
49.150000000000006
 30
0.0
 40
0.75
  1
NOTES
  7
CJK
 11
51.65105085721
 21
49.150000000000006
 31
0.0
100
AcDbText
  0
TEXT
  5
DFB
330
17
100
AcDbEntity
  8
TEXT
100
AcDbText
 10
51.65105085721
 20
48.00000000000001
 30
0.0
 40
0.575
  1
1. All dimensions in mm. Origin (0,0) = bottom-left corner of the board outline.
  7
CJK
 11
51.65105085721
 21
48.00000000000001
 31
0.0
100
AcDbText
  0
TEXT
  5
DFC
330
17
100
AcDbEntity
  8
TEXT
100
AcDbText
 10
51.65105085721
 20
46.85000000000001
 30
0.0
 40
0.575
  1
2. Board outline and hole positions from Gerber fabrication data (2026-09-16).
  7
CJK
 11
51.65105085721
 21
46.85000000000001
 31
0.0
100
AcDbText
  0
TEXT
  5
DFD
330
17
100
AcDbEntity
  8
TEXT
100
AcDbText
 10
51.65105085721
 20
45.7
 30
0.0
 40
0.575
  1
3. Component bodies and heights from the STEP model, measured from the PCB top surface.
  7
CJK
 11
51.65105085721
 21
45.7
 31
0.0
100
AcDbText
  0
TEXT
  5
DFE
330
17
100
AcDbEntity
  8
TEXT
100
AcDbText
 10
51.65105085721
 20
44.550000000000004
 30
0.0
 40
0.575
  1
4. PCB thickness 1.60. Height 3.65 from PCB bottom to top of tallest part.
  7
CJK
 11
51.65105085721
 21
44.550000000000004
 31
0.0
100
AcDbText
  0
TEXT
  5
DFF
330
17
100
AcDbEntity
  8
TEXT
100
AcDbText
 10
51.65105085721
 20
43.400000000000006
 30
0.0
 40
0.575
  1
5. Tolerances per PCB manufacturer standard unless otherwise specified.
  7
CJK
 11
51.65105085721
 21
43.400000000000006
 31
0.0
100
AcDbText
  0
ENDSEC
  0
SECTION
  2
OBJECTS
  0
DICTIONARY
  5
A
330
0
100
AcDbDictionary
281
1
  3
ACAD_COLOR
350
B
  3
ACAD_GROUP
350
C
  3
ACAD_LAYOUT
350
D
  3
ACAD_MATERIAL
350
E
  3
ACAD_MLEADERSTYLE
350
F
  3
ACAD_MLINESTYLE
350
10
  3
ACAD_PLOTSETTINGS
350
11
  3
ACAD_PLOTSTYLENAME
350
12
  3
ACAD_SCALELIST
350
14
  3
ACAD_TABLESTYLE
350
15
  3
ACAD_VISUALSTYLE
350
16
  3
EZDXF_META
350
2D
  0
DICTIONARY
  5
B
330
A
100
AcDbDictionary
281
1
  0
DICTIONARY
  5
C
330
A
100
AcDbDictionary
281
1
  0
DICTIONARY
  5
D
330
A
100
AcDbDictionary
281
1
  3
Model
350
1A
  3
Layout1
350
1E
  0
DICTIONARY
  5
E
330
A
100
AcDbDictionary
281
1
  3
ByBlock
350
1F
  3
ByLayer
350
20
  3
Global
350
21
  0
DICTIONARY
  5
F
330
A
100
AcDbDictionary
281
1
  3
Standard
350
2C
  0
DICTIONARY
  5
10
330
A
100
AcDbDictionary
281
1
  3
Standard
350
22
  0
DICTIONARY
  5
11
330
A
100
AcDbDictionary
281
1
  0
ACDBDICTIONARYWDFLT
  5
12
330
A
100
AcDbDictionary
281
1
  3
Normal
350
13
100
AcDbDictionaryWithDefault
340
13
  0
ACDBPLACEHOLDER
  5
13
330
12
  0
DICTIONARY
  5
14
330
A
100
AcDbDictionary
281
1
  0
DICTIONARY
  5
15
330
A
100
AcDbDictionary
281
1
  0
DICTIONARY
  5
16
330
A
100
AcDbDictionary
281
1
  3
2dWireframe
350
5A
  3
Basic
350
5B
  3
Brighten
350
5C
  3
ColorChange
350
5D
  3
Conceptual
350
5E
  3
Dim
350
5F
  3
EdgeColorOff
350
60
  3
Facepattern
350
61
  3
Flat
350
62
  3
FlatWithEdges
350
63
  3
Gouraud
350
64
  3
GouraudWithEdges
350
65
  3
Hidden
350
66
  3
JitterOff
350
67
  3
Linepattern
350
68
  3
Modeling
350
69
  3
OverhangOff
350
6A
  3
Realistic
350
6B
  3
Shaded
350
6C
  3
Shaded with edges
350
6D
  3
Shades of Gray
350
6E
  3
Sketchy
350
6F
  3
Thicken
350
70
  3
Wireframe
350
71
  3
X-Ray
350
72
  0
LAYOUT
  5
1A
330
D
100
AcDbPlotSettings
  1

  4
A3
  6

 40
7.5
 41
20.0
 42
7.5
 43
20.0
 44
420.0
 45
297.0
 46
0.0
 47
0.0
 48
0.0
 49
0.0
140
0.0
141
0.0
142
1.0
143
1.0
 70
1024
 72
1
 73
0
 74
5
  7

 75
16
 76
0
 77
2
 78
300
147
1.0
148
0.0
149
0.0
100
AcDbLayout
  1
Model
 70
1
 71
0
 10
0.0
 20
0.0
 11
420.0
 21
297.0
 12
0.0
 22
0.0
 32
0.0
 14
1e+20
 24
1e+20
 34
1e+20
 15
-1e+20
 25
-1e+20
 35
-1e+20
146
0.0
 13
0.0
 23
0.0
 33
0.0
 16
1.0
 26
0.0
 36
0.0
 17
0.0
 27
1.0
 37
0.0
 76
1
330
17
  0
LAYOUT
  5
1E
330
D
100
AcDbPlotSettings
  1

  4
A3
  6

 40
7.5
 41
20.0
 42
7.5
 43
20.0
 44
420.0
 45
297.0
 46
0.0
 47
0.0
 48
0.0
 49
0.0
140
0.0
141
0.0
142
1.0
143
1.0
 70
0
 72
1
 73
0
 74
5
  7

 75
16
 76
0
 77
2
 78
300
147
1.0
148
0.0
149
0.0
100
AcDbLayout
  1
Layout1
 70
1
 71
1
 10
0.0
 20
0.0
 11
420.0
 21
297.0
 12
0.0
 22
0.0
 32
0.0
 14
1e+20
 24
1e+20
 34
1e+20
 15
-1e+20
 25
-1e+20
 35
-1e+20
146
0.0
 13
0.0
 23
0.0
 33
0.0
 16
1.0
 26
0.0
 36
0.0
 17
0.0
 27
1.0
 37
0.0
 76
1
330
1B
  0
MATERIAL
  5
1F
102
{ACAD_REACTORS
330
E
102
}
330
E
100
AcDbMaterial
  1
ByBlock
  2

 70
0
 40
1.0
 71
1
 41
1.0
 91
-1023410177
 42
1.0
 72
1
  3

 73
1
 74
1
 75
1
 44
0.5
 73
0
 45
1.0
 46
1.0
 77
1
  4

 78
1
 79
1
170
1
 48
1.0
171
1
  6

172
1
173
1
174
1
140
1.0
141
1.0
175
1
  7

176
1
177
1
178
1
143
1.0
179
1
  8

270
1
271
1
272
1
145
1.0
146
1.0
273
1
  9

274
1
275
1
276
1
 42
1.0
 72
1
  3

 73
1
 74
1
 75
1
 94
63
  0
MATERIAL
  5
20
102
{ACAD_REACTORS
330
E
102
}
330
E
100
AcDbMaterial
  1
ByLayer
  2

 70
0
 40
1.0
 71
1
 41
1.0
 91
-1023410177
 42
1.0
 72
1
  3

 73
1
 74
1
 75
1
 44
0.5
 73
0
 45
1.0
 46
1.0
 77
1
  4

 78
1
 79
1
170
1
 48
1.0
171
1
  6

172
1
173
1
174
1
140
1.0
141
1.0
175
1
  7

176
1
177
1
178
1
143
1.0
179
1
  8

270
1
271
1
272
1
145
1.0
146
1.0
273
1
  9

274
1
275
1
276
1
 42
1.0
 72
1
  3

 73
1
 74
1
 75
1
 94
63
  0
MATERIAL
  5
21
102
{ACAD_REACTORS
330
E
102
}
330
E
100
AcDbMaterial
  1
Global
  2

 70
0
 40
1.0
 71
1
 41
1.0
 91
-1023410177
 42
1.0
 72
1
  3

 73
1
 74
1
 75
1
 44
0.5
 73
0
 45
1.0
 46
1.0
 77
1
  4

 78
1
 79
1
170
1
 48
1.0
171
1
  6

172
1
173
1
174
1
140
1.0
141
1.0
175
1
  7

176
1
177
1
178
1
143
1.0
179
1
  8

270
1
271
1
272
1
145
1.0
146
1.0
273
1
  9

274
1
275
1
276
1
 42
1.0
 72
1
  3

 73
1
 74
1
 75
1
 94
63
  0
MLINESTYLE
  5
22
102
{ACAD_REACTORS
330
10
102
}
330
10
100
AcDbMlineStyle
  2
Standard
 70
0
  3

 62
256
 51
90.0
 52
90.0
 71
2
 49
0.5
 62
256
  6
BYLAYER
 49
-0.5
 62
256
  6
BYLAYER
  0
MLEADERSTYLE
  5
2C
102
{ACAD_REACTORS
330
F
102
}
330
F
100
AcDbMLeaderStyle
179
2
170
2
171
1
172
0
 90
2
 40
0.0
 41
0.0
173
1
 91
-1056964608
 92
-2
290
1
 42
2.0
291
1
 43
8.0
  3
Standard
 44
4.0
300

342
29
174
1
175
1
176
0
178
1
 93
-1056964608
 45
4.0
292
0
297
0
 46
4.0
 94
-1056964608
 47
1.0
 49
1.0
140
1.0
294
1
141
0.0
177
0
142
1.0
295
0
296
0
143
3.75
271
0
272
9
273
9
  0
DICTIONARY
  5
2D
330
A
100
AcDbDictionary
280
1
281
1
  3
CREATED_BY_EZDXF
350
2E
  3
WRITTEN_BY_EZDXF
350
E02
  0
DICTIONARYVAR
  5
2E
330
2D
100
DictionaryVariables
280
0
  1
1.4.4 @ 2026-09-17T05:31:37.656092+00:00
  0
VISUALSTYLE
  5
5A
102
{ACAD_REACTORS
330
16
102
}
330
16
100
AcDbVisualStyle
  2
2dWireframe
 70
4
 90
0
 40
0.6
 62
7
290
0
291
0
  0
VISUALSTYLE
  5
5B
102
{ACAD_REACTORS
330
16
102
}
330
16
100
AcDbVisualStyle
  2
Basic
 70
7
 90
1
 40
0.6
 62
7
290
0
291
1
  0
VISUALSTYLE
  5
5C
102
{ACAD_REACTORS
330
16
102
}
330
16
100
AcDbVisualStyle
  2
Brighten
 70
12
 90
2
 40
0.6
 62
7
290
0
291
1
  0
VISUALSTYLE
  5
5D
102
{ACAD_REACTORS
330
16
102
}
330
16
100
AcDbVisualStyle
  2
ColorChange
 70
16
 90
2
 40
0.6
 62
8
290
0
291
1
  0
VISUALSTYLE
  5
5E
102
{ACAD_REACTORS
330
16
102
}
330
16
100
AcDbVisualStyle
  2
Conceptual
 70
9
 90
3
 40
0.6
 62
7
290
0
291
0
  0
VISUALSTYLE
  5
5F
102
{ACAD_REACTORS
330
16
102
}
330
16
100
AcDbVisualStyle
  2
Dim
 70
11
 90
2
 40
0.6
 62
7
290
0
291
1
  0
VISUALSTYLE
  5
60
102
{ACAD_REACTORS
330
16
102
}
330
16
100
AcDbVisualStyle
  2
EdgeColorOff
 70
22
 90
2
 40
0.6
 62
7
290
0
291
1
  0
VISUALSTYLE
  5
61
102
{ACAD_REACTORS
330
16
102
}
330
16
100
AcDbVisualStyle
  2
Facepattern
 70
15
 90
2
 40
0.6
 62
7
290
0
291
1
  0
VISUALSTYLE
  5
62
102
{ACAD_REACTORS
330
16
102
}
330
16
100
AcDbVisualStyle
  2
Flat
 70
0
 90
2
 40
0.6
 62
7
290
0
291
1
  0
VISUALSTYLE
  5
63
102
{ACAD_REACTORS
330
16
102
}
330
16
100
AcDbVisualStyle
  2
FlatWithEdges
 70
1
 90
2
 40
0.6
 62
7
290
0
291
1
  0
VISUALSTYLE
  5
64
102
{ACAD_REACTORS
330
16
102
}
330
16
100
AcDbVisualStyle
  2
Gouraud
 70
2
 90
2
 40
0.6
 62
7
290
0
291
1
  0
VISUALSTYLE
  5
65
102
{ACAD_REACTORS
330
16
102
}
330
16
100
AcDbVisualStyle
  2
GouraudWithEdges
 70
3
 90
2
 40
0.6
 62
7
290
0
291
1
  0
VISUALSTYLE
  5
66
102
{ACAD_REACTORS
330
16
102
}
330
16
100
AcDbVisualStyle
  2
Hidden
 70
6
 90
1
 40
0.6
 62
7
290
0
291
0
  0
VISUALSTYLE
  5
67
102
{ACAD_REACTORS
330
16
102
}
330
16
100
AcDbVisualStyle
  2
JitterOff
 70
20
 90
2
 40
0.6
 62
7
290
0
291
1
  0
VISUALSTYLE
  5
68
102
{ACAD_REACTORS
330
16
102
}
330
16
100
AcDbVisualStyle
  2
Linepattern
 70
14
 90
2
 40
0.6
 62
7
290
0
291
1
  0
VISUALSTYLE
  5
69
102
{ACAD_REACTORS
330
16
102
}
330
16
100
AcDbVisualStyle
  2
Modeling
 70
10
 90
2
 40
0.6
 62
7
290
0
291
0
  0
VISUALSTYLE
  5
6A
102
{ACAD_REACTORS
330
16
102
}
330
16
100
AcDbVisualStyle
  2
OverhangOff
 70
21
 90
2
 40
0.6
 62
7
290
0
291
1
  0
VISUALSTYLE
  5
6B
102
{ACAD_REACTORS
330
16
102
}
330
16
100
AcDbVisualStyle
  2
Realistic
 70
8
 90
2
 40
0.6
 62
7
290
0
291
0
  0
VISUALSTYLE
  5
6C
102
{ACAD_REACTORS
330
16
102
}
330
16
100
AcDbVisualStyle
  2
Shaded
 70
27
 90
2
 40
0.6
 62
7
290
0
291
0
  0
VISUALSTYLE
  5
6D
102
{ACAD_REACTORS
330
16
102
}
330
16
100
AcDbVisualStyle
  2
Shaded with edges
 70
26
 90
2
 40
0.6
 62
7
290
0
291
0
  0
VISUALSTYLE
  5
6E
102
{ACAD_REACTORS
330
16
102
}
330
16
100
AcDbVisualStyle
  2
Shades of Gray
 70
23
 90
2
 40
0.6
 62
7
290
0
291
0
  0
VISUALSTYLE
  5
6F
102
{ACAD_REACTORS
330
16
102
}
330
16
100
AcDbVisualStyle
  2
Sketchy
 70
24
 90
1
 40
0.6
 62
7
290
0
291
0
  0
VISUALSTYLE
  5
70
102
{ACAD_REACTORS
330
16
102
}
330
16
100
AcDbVisualStyle
  2
Thicken
 70
13
 90
2
 40
0.6
 62
7
290
0
291
1
  0
VISUALSTYLE
  5
71
102
{ACAD_REACTORS
330
16
102
}
330
16
100
AcDbVisualStyle
  2
Wireframe
 70
5
 90
0
 40
0.6
 62
7
290
0
291
0
  0
VISUALSTYLE
  5
72
102
{ACAD_REACTORS
330
16
102
}
330
16
100
AcDbVisualStyle
  2
X-Ray
 70
25
 90
2
 40
0.5
 62
7
290
0
291
0
  0
DICTIONARYVAR
  5
E02
330
2D
100
DictionaryVariables
280
0
  1
1.4.4 @ 2026-09-17T05:31:39.895017+00:00
  0
ENDSEC
  0
EOF
