  0
SECTION
  2
HEADER
  9
$ACADVER
  1
AC1024
  9
$ACADMAINTVER
 70
6
  9
$DWGCODEPAGE
  3
ANSI_1252
  9
$LASTSAVEDBY
  1
ezdxf
  9
$INSBASE
 10
0.0
 20
0.0
 30
0.0
  9
$EXTMIN
 10
1e+20
 20
1e+20
 30
1e+20
  9
$EXTMAX
 10
-1e+20
 20
-1e+20
 30
-1e+20
  9
$LIMMIN
 10
0.0
 20
0.0
  9
$LIMMAX
 10
420.0
 20
297.0
  9
$ORTHOMODE
 70
0
  9
$REGENMODE
 70
1
  9
$FILLMODE
 70
1
  9
$QTEXTMODE
 70
0
  9
$MIRRTEXT
 70
1
  9
$LTSCALE
 40
1.0
  9
$ATTMODE
 70
1
  9
$TEXTSIZE
 40
2.5
  9
$TRACEWID
 40
1.0
  9
$TEXTSTYLE
  7
OpenSans
  9
$CLAYER
  8
0
  9
$CELTYPE
  6
ByLayer
  9
$CECOLOR
 62
256
  9
$CELTSCALE
 40
1.0
  9
$DISPSILH
 70
0
  9
$DIMSCALE
 40
1.0
  9
$DIMASZ
 40
0.175
  9
$DIMEXO
 40
0.125
  9
$DIMDLI
 40
3.75
  9
$DIMRND
 40
0.0
  9
$DIMDLE
 40
0.0
  9
$DIMEXE
 40
0.375
  9
$DIMTP
 40
0.0
  9
$DIMTM
 40
0.0
  9
$DIMTXT
 40
0.25
  9
$DIMCEN
 40
2.5
  9
$DIMTSZ
 40
0.0
  9
$DIMTOL
 70
0
  9
$DIMLIM
 70
0
  9
$DIMTIH
 70
0
  9
$DIMTOH
 70
0
  9
$DIMSE1
 70
0
  9
$DIMSE2
 70
0
  9
$DIMTAD
 70
1
  9
$DIMZIN
 70
12
  9
$DIMBLK
  1
ARCHTICK
  9
$DIMASO
 70
1
  9
$DIMSHO
 70
1
  9
$DIMPOST
  1

  9
$DIMAPOST
  1

  9
$DIMALT
 70
0
  9
$DIMALTD
 70
3
  9
$DIMALTF
 40
0.03937007874
  9
$DIMLFAC
 40
100.0
  9
$DIMTOFL
 70
1
  9
$DIMTVP
 40
0.0
  9
$DIMTIX
 70
0
  9
$DIMSOXD
 70
0
  9
$DIMSAH
 70
0
  9
$DIMBLK1
  1

  9
$DIMBLK2
  1

  9
$DIMSTYLE
  2
EZDXF
  9
$DIMCLRD
 70
0
  9
$DIMCLRE
 70
0
  9
$DIMCLRT
 70
0
  9
$DIMTFAC
 40
0.5
  9
$DIMGAP
 40
0.1
  9
$DIMJUST
 70
0
  9
$DIMSD1
 70
0
  9
$DIMSD2
 70
0
  9
$DIMTOLJ
 70
0
  9
$DIMTZIN
 70
8
  9
$DIMALTZ
 70
0
  9
$DIMALTTZ
 70
0
  9
$DIMUPT
 70
1
  9
$DIMDEC
 70
2
  9
$DIMTDEC
 70
2
  9
$DIMALTU
 70
2
  9
$DIMALTTD
 70
3
  9
$DIMTXSTY
  7
OpenSansCondensed-Light
  9
$DIMAUNIT
 70
0
  9
$DIMADEC
 70
2
  9
$DIMALTRND
 40
0.0
  9
$DIMAZIN
 70
3
  9
$DIMDSEP
 70
46
  9
$DIMATFIT
 70
3
  9
$DIMFRAC
 70
0
  9
$DIMLDRBLK
  1

  9
$DIMLUNIT
 70
2
  9
$DIMLWD
 70
-2
  9
$DIMLWE
 70
-2
  9
$DIMTMOVE
 70
2
  9
$DIMFXL
 40
1.0
  9
$DIMFXLON
 70
0
  9
$DIMJOGANG
 40
0.785398163397
  9
$DIMTFILL
 70
0
  9
$DIMTFILLCLR
 70
0
  9
$DIMARCSYM
 70
0
  9
$DIMLTYPE
  6

  9
$DIMLTEX1
  6

  9
$DIMLTEX2
  6

  9
$DIMTXTDIRECTION
 70
0
  9
$LUNITS
 70
2
  9
$LUPREC
 70
4
  9
$SKETCHINC
 40
1.0
  9
$FILLETRAD
 40
10.0
  9
$AUNITS
 70
0
  9
$AUPREC
 70
2
  9
$MENU
  1
.
  9
$ELEVATION
 40
0.0
  9
$PELEVATION
 40
0.0
  9
$THICKNESS
 40
0.0
  9
$LIMCHECK
 70
0
  9
$CHAMFERA
 40
0.0
  9
$CHAMFERB
 40
0.0
  9
$CHAMFERC
 40
0.0
  9
$CHAMFERD
 40
0.0
  9
$SKPOLY
 70
0
  9
$TDCREATE
 40
2461301.765046296
  9
$TDUCREATE
 40
2458532.153996898
  9
$TDUPDATE
 40
2461301.7650694447
  9
$TDUUPDATE
 40
2458532.1544311
  9
$TDINDWG
 40
0.0
  9
$TDUSRTIMER
 40
0.0
  9
$USRTIMER
 70
1
  9
$ANGBASE
 50
0.0
  9
$ANGDIR
 70
0
  9
$PDMODE
 70
0
  9
$PDSIZE
 40
0.0
  9
$PLINEWID
 40
0.0
  9
$SPLFRAME
 70
0
  9
$SPLINETYPE
 70
6
  9
$SPLINESEGS
 70
8
  9
$HANDSEED
  5
10CA
  9
$SURFTAB1
 70
6
  9
$SURFTAB2
 70
6
  9
$SURFTYPE
 70
6
  9
$SURFU
 70
6
  9
$SURFV
 70
6
  9
$UCSBASE
  2

  9
$UCSNAME
  2

  9
$UCSORG
 10
0.0
 20
0.0
 30
0.0
  9
$UCSXDIR
 10
1.0
 20
0.0
 30
0.0
  9
$UCSYDIR
 10
0.0
 20
1.0
 30
0.0
  9
$UCSORTHOREF
  2

  9
$UCSORTHOVIEW
 70
0
  9
$UCSORGTOP
 10
0.0
 20
0.0
 30
0.0
  9
$UCSORGBOTTOM
 10
0.0
 20
0.0
 30
0.0
  9
$UCSORGLEFT
 10
0.0
 20
0.0
 30
0.0
  9
$UCSORGRIGHT
 10
0.0
 20
0.0
 30
0.0
  9
$UCSORGFRONT
 10
0.0
 20
0.0
 30
0.0
  9
$UCSORGBACK
 10
0.0
 20
0.0
 30
0.0
  9
$PUCSBASE
  2

  9
$PUCSNAME
  2

  9
$PUCSORG
 10
0.0
 20
0.0
 30
0.0
  9
$PUCSXDIR
 10
1.0
 20
0.0
 30
0.0
  9
$PUCSYDIR
 10
0.0
 20
1.0
 30
0.0
  9
$PUCSORTHOREF
  2

  9
$PUCSORTHOVIEW
 70
0
  9
$PUCSORGTOP
 10
0.0
 20
0.0
 30
0.0
  9
$PUCSORGBOTTOM
 10
0.0
 20
0.0
 30
0.0
  9
$PUCSORGLEFT
 10
0.0
 20
0.0
 30
0.0
  9
$PUCSORGRIGHT
 10
0.0
 20
0.0
 30
0.0
  9
$PUCSORGFRONT
 10
0.0
 20
0.0
 30
0.0
  9
$PUCSORGBACK
 10
0.0
 20
0.0
 30
0.0
  9
$USERI1
 70
0
  9
$USERI2
 70
0
  9
$USERI3
 70
0
  9
$USERI4
 70
0
  9
$USERI5
 70
0
  9
$USERR1
 40
0.0
  9
$USERR2
 40
0.0
  9
$USERR3
 40
0.0
  9
$USERR4
 40
0.0
  9
$USERR5
 40
0.0
  9
$WORLDVIEW
 70
1
  9
$SHADEDGE
 70
3
  9
$SHADEDIF
 70
70
  9
$TILEMODE
 70
1
  9
$MAXACTVP
 70
64
  9
$PINSBASE
 10
0.0
 20
0.0
 30
0.0
  9
$PLIMCHECK
 70
0
  9
$PEXTMIN
 10
1e+20
 20
1e+20
 30
1e+20
  9
$PEXTMAX
 10
-1e+20
 20
-1e+20
 30
-1e+20
  9
$PLIMMIN
 10
0.0
 20
0.0
  9
$PLIMMAX
 10
420.0
 20
297.0
  9
$UNITMODE
 70
0
  9
$VISRETAIN
 70
1
  9
$PLINEGEN
 70
0
  9
$PSLTSCALE
 70
1
  9
$TREEDEPTH
 70
3020
  9
$CMLSTYLE
  2
Standard
  9
$CMLJUST
 70
0
  9
$CMLSCALE
 40
20.0
  9
$PROXYGRAPHICS
 70
1
  9
$MEASUREMENT
 70
1
  9
$CELWEIGHT
370
-1
  9
$ENDCAPS
280
0
  9
$JOINSTYLE
280
0
  9
$LWDISPLAY
290
0
  9
$INSUNITS
 70
4
  9
$HYPERLINKBASE
  1

  9
$STYLESHEET
  1

  9
$XEDIT
290
1
  9
$CEPSNTYPE
380
0
  9
$PSTYLEMODE
290
1
  9
$FINGERPRINTGUID
  2
{629D7C5D-9485-4E8F-9F0C-FF62C51B85D5}
  9
$VERSIONGUID
  2
{D11DC9ED-8273-4417-AE52-9BACFFF5A3C9}
  9
$EXTNAMES
290
1
  9
$PSVPSCALE
 40
0.0
  9
$OLESTARTUP
290
0
  9
$SORTENTS
280
127
  9
$INDEXCTL
280
0
  9
$HIDETEXT
280
1
  9
$XCLIPFRAME
280
1
  9
$HALOGAP
280
0
  9
$OBSCOLOR
 70
257
  9
$OBSLTYPE
280
0
  9
$INTERSECTIONDISPLAY
280
0
  9
$INTERSECTIONCOLOR
 70
257
  9
$DIMASSOC
280
2
  9
$PROJECTNAME
  1

  9
$CAMERADISPLAY
290
0
  9
$LENSLENGTH
 40
50.0
  9
$CAMERAHEIGHT
 40
0.0
  9
$STEPSPERSEC
 40
24.0
  9
$STEPSIZE
 40
100.0
  9
$3DDWFPREC
 40
2.0
  9
$PSOLWIDTH
 40
0.005
  9
$PSOLHEIGHT
 40
0.08
  9
$LOFTANG1
 40
1.570796326795
  9
$LOFTANG2
 40
1.570796326795
  9
$LOFTMAG1
 40
0.0
  9
$LOFTMAG2
 40
0.0
  9
$LOFTPARAM
 70
7
  9
$LOFTNORMALS
280
1
  9
$LATITUDE
 40
37.795
  9
$LONGITUDE
 40
-122.394
  9
$NORTHDIRECTION
 40
0.0
  9
$TIMEZONE
 70
-8000
  9
$LIGHTGLYPHDISPLAY
280
1
  9
$TILEMODELIGHTSYNCH
280
1
  9
$CMATERIAL
347
20
  9
$SOLIDHIST
280
0
  9
$SHOWHIST
280
1
  9
$DWFFRAME
280
2
  9
$DGNFRAME
280
2
  9
$REALWORLDSCALE
290
1
  9
$INTERFERECOLOR
 62
256
  9
$CSHADOW
280
0
  9
$SHADOWPLANELOCATION
 40
0.0
  0
ENDSEC
  0
SECTION
  2
CLASSES
  0
CLASS
  1
ACDBDICTIONARYWDFLT
  2
AcDbDictionaryWithDefault
  3
ObjectDBX Classes
 90
0
 91
0
280
0
281
0
  0
CLASS
  1
SUN
  2
AcDbSun
  3
SCENEOE
 90
1153
 91
0
280
0
281
0
  0
CLASS
  1
VISUALSTYLE
  2
AcDbVisualStyle
  3
ObjectDBX Classes
 90
4095
 91
0
280
0
281
0
  0
CLASS
  1
MATERIAL
  2
AcDbMaterial
  3
ObjectDBX Classes
 90
1153
 91
0
280
0
281
0
  0
CLASS
  1
SCALE
  2
AcDbScale
  3
ObjectDBX Classes
 90
1153
 91
0
280
0
281
0
  0
CLASS
  1
TABLESTYLE
  2
AcDbTableStyle
  3
ObjectDBX Classes
 90
4095
 91
0
280
0
281
0
  0
CLASS
  1
MLEADERSTYLE
  2
AcDbMLeaderStyle
  3
ACDB_MLEADERSTYLE_CLASS
 90
4095
 91
0
280
0
281
0
  0
CLASS
  1
DICTIONARYVAR
  2
AcDbDictionaryVar
  3
ObjectDBX Classes
 90
0
 91
0
280
0
281
0
  0
CLASS
  1
CELLSTYLEMAP
  2
AcDbCellStyleMap
  3
ObjectDBX Classes
 90
1152
 91
0
280
0
281
0
  0
CLASS
  1
MENTALRAYRENDERSETTINGS
  2
AcDbMentalRayRenderSettings
  3
SCENEOE
 90
1024
 91
0
280
0
281
0
  0
CLASS
  1
ACDBDETAILVIEWSTYLE
  2
AcDbDetailViewStyle
  3
ObjectDBX Classes
 90
1025
 91
0
280
0
281
0
  0
CLASS
  1
ACDBSECTIONVIEWSTYLE
  2
AcDbSectionViewStyle
  3
ObjectDBX Classes
 90
1025
 91
0
280
0
281
0
  0
CLASS
  1
RASTERVARIABLES
  2
AcDbRasterVariables
  3
ISM
 90
0
 91
0
280
0
281
0
  0
CLASS
  1
LAYOUT
  2
AcDbLayout
  3
ObjectDBX Classes
 90
0
 91
0
280
0
281
0
  0
CLASS
  1
ACDBPLACEHOLDER
  2
AcDbPlaceHolder
  3
ObjectDBX Classes
 90
0
 91
0
280
0
281
0
  0
ENDSEC
  0
SECTION
  2
TABLES
  0
TABLE
  2
VPORT
  5
8
330
0
100
AcDbSymbolTable
 70
1
  0
VPORT
  5
23
330
8
100
AcDbSymbolTableRecord
100
AcDbViewportTableRecord
  2
*Active
 70
0
 10
0.0
 20
0.0
 11
1.0
 21
1.0
 12
0.0
 22
0.0
 13
0.0
 23
0.0
 14
0.5
 24
0.5
 15
0.5
 25
0.5
 16
0.0
 26
0.0
 36
1.0
 17
0.0
 27
0.0
 37
0.0
 40
1000.0
 41
1.34
 42
50.0
 43
0.0
 44
0.0
 50
0.0
 51
0.0
 71
0
 72
1000
 73
1
 74
3
 75
0
 76
0
 77
0
 78
0
281
0
 65
0
146
0.0
  0
ENDTAB
  0
TABLE
  2
LTYPE
  5
2
330
0
100
AcDbSymbolTable
 70
21
  0
LTYPE
  5
24
330
2
100
AcDbSymbolTableRecord
100
AcDbLinetypeTableRecord
  2
ByBlock
 70
0
  3

 72
65
 73
0
 40
0.0
  0
LTYPE
  5
25
330
2
100
AcDbSymbolTableRecord
100
AcDbLinetypeTableRecord
  2
ByLayer
 70
0
  3

 72
65
 73
0
 40
0.0
  0
LTYPE
  5
26
330
2
100
AcDbSymbolTableRecord
100
AcDbLinetypeTableRecord
  2
Continuous
 70
0
  3

 72
65
 73
0
 40
0.0
  0
LTYPE
  5
2F
330
2
100
AcDbSymbolTableRecord
100
AcDbLinetypeTableRecord
  2
CENTER
 70
0
  3
Center ____ _ ____ _ ____ _ ____ _ ____ _ ____
 72
65
 73
4
 40
5.08
 49
3.175
 74
0
 49
-0.635
 74
0
 49
0.635
 74
0
 49
-0.635
 74
0
  0
LTYPE
  5
30
330
2
100
AcDbSymbolTableRecord
100
AcDbLinetypeTableRecord
  2
CENTERX2
 70
0
  3
Center (2x) ________  __  ________  __  ________
 72
65
 73
4
 40
8.89
 49
6.35
 74
0
 49
-0.635
 74
0
 49
1.27
 74
0
 49
-0.635
 74
0
  0
LTYPE
  5
31
330
2
100
AcDbSymbolTableRecord
100
AcDbLinetypeTableRecord
  2
CENTER2
 70
0
  3
Center (.5x) ____ _ ____ _ ____ _ ____ _ ____
 72
65
 73
4
 40
2.54
 49
1.587
 74
0
 49
-0.318
 74
0
 49
0.318
 74
0
 49
-0.318
 74
0
  0
LTYPE
  5
32
330
2
100
AcDbSymbolTableRecord
100
AcDbLinetypeTableRecord
  2
DASHED
 70
0
  3
Dashed __ __ __ __ __ __ __ __ __ __ __ __ __ _
 72
65
 73
2
 40
1.524
 49
1.27
 74
0
 49
-0.254
 74
0
  0
LTYPE
  5
33
330
2
100
AcDbSymbolTableRecord
100
AcDbLinetypeTableRecord
  2
DASHEDX2
 70
0
  3
Dashed (2x) ____  ____  ____  ____  ____  ____
 72
65
 73
2
 40
3.048
 49
2.54
 74
0
 49
-0.508
 74
0
  0
LTYPE
  5
34
330
2
100
AcDbSymbolTableRecord
100
AcDbLinetypeTableRecord
  2
DASHED2
 70
0
  3
Dashed (.5x) _ _ _ _ _ _ _ _ _ _ _ _ _ _
 72
65
 73
2
 40
0.762
 49
0.635
 74
0
 49
-0.127
 74
0
  0
LTYPE
  5
35
330
2
100
AcDbSymbolTableRecord
100
AcDbLinetypeTableRecord
  2
PHANTOM
 70
0
  3
Phantom ______  __  __  ______  __  __  ______
 72
65
 73
6
 40
6.35
 49
3.175
 74
0
 49
-0.635
 74
0
 49
0.635
 74
0
 49
-0.635
 74
0
 49
0.635
 74
0
 49
-0.635
 74
0
  0
LTYPE
  5
36
330
2
100
AcDbSymbolTableRecord
100
AcDbLinetypeTableRecord
  2
PHANTOMX2
 70
0
  3
Phantom (2x)____________    ____    ____    ____________
 72
65
 73
6
 40
10.795
 49
6.35
 74
0
 49
-0.635
 74
0
 49
1.27
 74
0
 49
-0.635
 74
0
 49
1.27
 74
0
 49
-0.635
 74
0
  0
LTYPE
  5
37
330
2
100
AcDbSymbolTableRecord
100
AcDbLinetypeTableRecord
  2
PHANTOM2
 70
0
  3
Phantom (.5x) ___ _ _ ___ _ _ ___ _ _ ___ _ _ ___
 72
65
 73
6
 40
3.175
 49
1.587
 74
0
 49
-0.318
 74
0
 49
0.318
 74
0
 49
-0.318
 74
0
 49
0.318
 74
0
 49
-0.318
 74
0
  0
LTYPE
  5
38
330
2
100
AcDbSymbolTableRecord
100
AcDbLinetypeTableRecord
  2
DASHDOT
 70
0
  3
Dash dot __ . __ . __ . __ . __ . __ . __ . __
 72
65
 73
4
 40
3.556
 49
2.54
 74
0
 49
-0.508
 74
0
 49
0.0
 74
0
 49
-0.508
 74
0
  0
LTYPE
  5
39
330
2
100
AcDbSymbolTableRecord
100
AcDbLinetypeTableRecord
  2
DASHDOTX2
 70
0
  3
Dash dot (2x) ____  .  ____  .  ____  .  ____
 72
65
 73
4
 40
6.096
 49
5.08
 74
0
 49
-0.508
 74
0
 49
0.0
 74
0
 49
-0.508
 74
0
  0
LTYPE
  5
3A
330
2
100
AcDbSymbolTableRecord
100
AcDbLinetypeTableRecord
  2
DASHDOT2
 70
0
  3
Dash dot (.5x) _ . _ . _ . _ . _ . _ . _ . _
 72
65
 73
4
 40
1.778
 49
1.27
 74
0
 49
-0.254
 74
0
 49
0.0
 74
0
 49
-0.254
 74
0
  0
LTYPE
  5
3B
330
2
100
AcDbSymbolTableRecord
100
AcDbLinetypeTableRecord
  2
DOT
 70
0
  3
Dot .  .  .  .  .  .  .  .  .  .  .  .  .  .  .  .
 72
65
 73
2
 40
0.508
 49
0.0
 74
0
 49
-0.508
 74
0
  0
LTYPE
  5
3C
330
2
100
AcDbSymbolTableRecord
100
AcDbLinetypeTableRecord
  2
DOTX2
 70
0
  3
Dot (2x) .    .    .    .    .    .    .    . 
 72
65
 73
2
 40
1.016
 49
0.0
 74
0
 49
-1.016
 74
0
  0
LTYPE
  5
3D
330
2
100
AcDbSymbolTableRecord
100
AcDbLinetypeTableRecord
  2
DOT2
 70
0
  3
Dot (.5) . . . . . . . . . . . . . . . . . . . 
 72
65
 73
2
 40
0.254
 49
0.0
 74
0
 49
-0.254
 74
0
  0
LTYPE
  5
3E
330
2
100
AcDbSymbolTableRecord
100
AcDbLinetypeTableRecord
  2
DIVIDE
 70
0
  3
Divide __ . . __ . . __ . . __ . . __ . . __
 72
65
 73
6
 40
4.064
 49
2.54
 74
0
 49
-0.508
 74
0
 49
0.0
 74
0
 49
-0.508
 74
0
 49
0.0
 74
0
 49
-0.508
 74
0
  0
LTYPE
  5
3F
330
2
100
AcDbSymbolTableRecord
100
AcDbLinetypeTableRecord
  2
DIVIDEX2
 70
0
  3
Divide (2x) ____  . .  ____  . .  ____  . .  ____
 72
65
 73
6
 40
6.604
 49
5.08
 74
0
 49
-0.508
 74
0
 49
0.0
 74
0
 49
-0.508
 74
0
 49
0.0
 74
0
 49
-0.508
 74
0
  0
LTYPE
  5
40
330
2
100
AcDbSymbolTableRecord
100
AcDbLinetypeTableRecord
  2
DIVIDE2
 70
0
  3
Divide(.5x) _ . _ . _ . _ . _ . _ . _ . _
 72
65
 73
6
 40
2.032
 49
1.27
 74
0
 49
-0.254
 74
0
 49
0.0
 74
0
 49
-0.254
 74
0
 49
0.0
 74
0
 49
-0.254
 74
0
  0
ENDTAB
  0
TABLE
  2
LAYER
  5
1
330
0
100
AcDbSymbolTable
 70
9
  0
LAYER
  5
27
330
1
100
AcDbSymbolTableRecord
100
AcDbLayerTableRecord
  2
0
 70
0
 62
7
  6
Continuous
370
-3
390
13
347
21
  0
LAYER
  5
28
330
1
100
AcDbSymbolTableRecord
100
AcDbLayerTableRecord
  2
Defpoints
 70
0
 62
7
  6
Continuous
290
0
370
-3
390
13
347
21
  0
LAYER
  5
8B
330
1
100
AcDbSymbolTableRecord
100
AcDbLayerTableRecord
  2
OUTLINE
 70
0
 62
7
  6
CONTINUOUS
370
-3
390
13
347
21
  0
LAYER
  5
8C
330
1
100
AcDbSymbolTableRecord
100
AcDbLayerTableRecord
  2
HOLES
 70
0
 62
1
  6
CONTINUOUS
370
-3
390
13
347
21
  0
LAYER
  5
8D
330
1
100
AcDbSymbolTableRecord
100
AcDbLayerTableRecord
  2
PARTS
 70
0
 62
8
  6
CONTINUOUS
370
-3
390
13
347
21
  0
LAYER
  5
8E
330
1
100
AcDbSymbolTableRecord
100
AcDbLayerTableRecord
  2
CENTER
 70
0
 62
3
  6
DASHDOT
370
-3
390
13
347
21
  0
LAYER
  5
8F
330
1
100
AcDbSymbolTableRecord
100
AcDbLayerTableRecord
  2
DIM
 70
0
 62
4
  6
CONTINUOUS
370
-3
390
13
347
21
  0
LAYER
  5
90
330
1
100
AcDbSymbolTableRecord
100
AcDbLayerTableRecord
  2
TEXT
 70
0
 62
7
  6
CONTINUOUS
370
-3
390
13
347
21
  0
LAYER
  5
91
330
1
100
AcDbSymbolTableRecord
100
AcDbLayerTableRecord
  2
SHEET
 70
0
 62
7
  6
CONTINUOUS
370
-3
390
13
347
21
  0
ENDTAB
  0
TABLE
  2
STYLE
  5
5
330
0
100
AcDbSymbolTable
 70
27
  0
STYLE
  5
29
330
5
100
AcDbSymbolTableRecord
100
AcDbTextStyleTableRecord
  2
Standard
 70
0
 40
0.0
 41
1.0
 50
0.0
 71
0
 42
2.5
  3
txt
  4

  0
STYLE
  5
41
330
5
100
AcDbSymbolTableRecord
100
AcDbTextStyleTableRecord
  2
OpenSans-Light
 70
0
 40
0.0
 41
1.0
 50
0.0
 71
0
 42
2.5
  3
OpenSans-Light.ttf
  4

  0
STYLE
  5
42
330
5
100
AcDbSymbolTableRecord
100
AcDbTextStyleTableRecord
  2
OpenSans-Light-Italic
 70
0
 40
0.0
 41
1.0
 50
0.0
 71
0
 42
2.5
  3
OpenSans-LightItalic.ttf
  4

  0
STYLE
  5
43
330
5
100
AcDbSymbolTableRecord
100
AcDbTextStyleTableRecord
  2
OpenSans
 70
0
 40
0.0
 41
1.0
 50
0.0
 71
0
 42
2.5
  3
OpenSans-Regular.ttf
  4

  0
STYLE
  5
44
330
5
100
AcDbSymbolTableRecord
100
AcDbTextStyleTableRecord
  2
OpenSans-Italic
 70
0
 40
0.0
 41
1.0
 50
0.0
 71
0
 42
2.5
  3
OpenSans-Italic.ttf
  4

  0
STYLE
  5
45
330
5
100
AcDbSymbolTableRecord
100
AcDbTextStyleTableRecord
  2
OpenSans-SemiBold
 70
0
 40
0.0
 41
1.0
 50
0.0
 71
0
 42
2.5
  3
OpenSans-SemiBold.ttf
  4

  0
STYLE
  5
46
330
5
100
AcDbSymbolTableRecord
100
AcDbTextStyleTableRecord
  2
OpenSans-SemiBoldItalic
 70
0
 40
0.0
 41
1.0
 50
0.0
 71
0
 42
2.5
  3
OpenSans-SemiBoldItalic.ttf
  4

  0
STYLE
  5
47
330
5
100
AcDbSymbolTableRecord
100
AcDbTextStyleTableRecord
  2
OpenSans-Bold
 70
0
 40
0.0
 41
1.0
 50
0.0
 71
0
 42
2.5
  3
OpenSans-Bold.ttf
  4

  0
STYLE
  5
48
330
5
100
AcDbSymbolTableRecord
100
AcDbTextStyleTableRecord
  2
OpenSans-BoldItalic
 70
0
 40
0.0
 41
1.0
 50
0.0
 71
0
 42
2.5
  3
OpenSans-BoldItalic.ttf
  4

  0
STYLE
  5
49
330
5
100
AcDbSymbolTableRecord
100
AcDbTextStyleTableRecord
  2
OpenSans-ExtraBold
 70
0
 40
0.0
 41
1.0
 50
0.0
 71
0
 42
2.5
  3
OpenSans-ExtraBold.ttf
  4

  0
STYLE
  5
4A
330
5
100
AcDbSymbolTableRecord
100
AcDbTextStyleTableRecord
  2
OpenSans-ExtraBoldItalic
 70
0
 40
0.0
 41
1.0
 50
0.0
 71
0
 42
2.5
  3
OpenSans-ExtraBoldItalic.ttf
  4

  0
STYLE
  5
4B
330
5
100
AcDbSymbolTableRecord
100
AcDbTextStyleTableRecord
  2
OpenSansCondensed-Bold
 70
0
 40
0.0
 41
1.0
 50
0.0
 71
0
 42
2.5
  3
OpenSansCondensed-Bold.ttf
  4

  0
STYLE
  5
4C
330
5
100
AcDbSymbolTableRecord
100
AcDbTextStyleTableRecord
  2
OpenSansCondensed-Light
 70
0
 40
0.0
 41
1.0
 50
0.0
 71
0
 42
2.5
  3
OpenSansCondensed-Light.ttf
  4

  0
STYLE
  5
4D
330
5
100
AcDbSymbolTableRecord
100
AcDbTextStyleTableRecord
  2
OpenSansCondensed-Italic
 70
0
 40
0.0
 41
1.0
 50
0.0
 71
0
 42
2.5
  3
OpenSansCondensed-LightItalic.ttf
  4

  0
STYLE
  5
4E
330
5
100
AcDbSymbolTableRecord
100
AcDbTextStyleTableRecord
  2
LiberationSans
 70
0
 40
0.0
 41
1.0
 50
0.0
 71
0
 42
2.5
  3
LiberationSans-Regular.ttf
  4

  0
STYLE
  5
4F
330
5
100
AcDbSymbolTableRecord
100
AcDbTextStyleTableRecord
  2
LiberationSans-Bold
 70
0
 40
0.0
 41
1.0
 50
0.0
 71
0
 42
2.5
  3
LiberationSans-Bold.ttf
  4

  0
STYLE
  5
50
330
5
100
AcDbSymbolTableRecord
100
AcDbTextStyleTableRecord
  2
LiberationSans-BoldItalic
 70
0
 40
0.0
 41
1.0
 50
0.0
 71
0
 42
2.5
  3
LiberationSans-BoldItalic.ttf
  4

  0
STYLE
  5
51
330
5
100
AcDbSymbolTableRecord
100
AcDbTextStyleTableRecord
  2
LiberationSans-Italic
 70
0
 40
0.0
 41
1.0
 50
0.0
 71
0
 42
2.5
  3
LiberationSans-Italic.ttf
  4

  0
STYLE
  5
52
330
5
100
AcDbSymbolTableRecord
100
AcDbTextStyleTableRecord
  2
LiberationSerif
 70
0
 40
0.0
 41
1.0
 50
0.0
 71
0
 42
2.5
  3
LiberationSerif-Regular.ttf
  4

  0
STYLE
  5
53
330
5
100
AcDbSymbolTableRecord
100
AcDbTextStyleTableRecord
  2
LiberationSerif-Bold
 70
0
 40
0.0
 41
1.0
 50
0.0
 71
0
 42
2.5
  3
LiberationSerif-Bold.ttf
  4

  0
STYLE
  5
54
330
5
100
AcDbSymbolTableRecord
100
AcDbTextStyleTableRecord
  2
LiberationSerif-BoldItalic
 70
0
 40
0.0
 41
1.0
 50
0.0
 71
0
 42
2.5
  3
LiberationSerif-BoldItalic.ttf
  4

  0
STYLE
  5
55
330
5
100
AcDbSymbolTableRecord
100
AcDbTextStyleTableRecord
  2
LiberationSerif-Italic
 70
0
 40
0.0
 41
1.0
 50
0.0
 71
0
 42
2.5
  3
LiberationSerif-Italic.ttf
  4

  0
STYLE
  5
56
330
5
100
AcDbSymbolTableRecord
100
AcDbTextStyleTableRecord
  2
LiberationMono
 70
0
 40
0.0
 41
1.0
 50
0.0
 71
0
 42
2.5
  3
LiberationMono-Regular.ttf
  4

  0
STYLE
  5
57
330
5
100
AcDbSymbolTableRecord
100
AcDbTextStyleTableRecord
  2
LiberationMono-Bold
 70
0
 40
0.0
 41
1.0
 50
0.0
 71
0
 42
2.5
  3
LiberationMono-Bold.ttf
  4

  0
STYLE
  5
58
330
5
100
AcDbSymbolTableRecord
100
AcDbTextStyleTableRecord
  2
LiberationMono-BoldItalic
 70
0
 40
0.0
 41
1.0
 50
0.0
 71
0
 42
2.5
  3
LiberationMono-BoldItalic.ttf
  4

  0
STYLE
  5
59
330
5
100
AcDbSymbolTableRecord
100
AcDbTextStyleTableRecord
  2
LiberationMono-Italic
 70
0
 40
0.0
 41
1.0
 50
0.0
 71
0
 42
2.5
  3
LiberationMono-Italic.ttf
  4

  0
STYLE
  5
8A
330
5
100
AcDbSymbolTableRecord
100
AcDbTextStyleTableRecord
  2
CJK
 70
0
 40
0.0
 41
1.0
 50
0.0
 71
0
 42
2.5
  3
arial.ttf
  4

  0
ENDTAB
  0
TABLE
  2
VIEW
  5
7
330
0
100
AcDbSymbolTable
 70
0
  0
ENDTAB
  0
TABLE
  2
UCS
  5
6
330
0
100
AcDbSymbolTable
 70
0
  0
ENDTAB
  0
TABLE
  2
APPID
  5
3
330
0
100
AcDbSymbolTable
 70
3
  0
APPID
  5
2A
330
3
100
AcDbSymbolTableRecord
100
AcDbRegAppTableRecord
  2
ACAD
 70
0
  0
APPID
  5
10C7
330
3
100
AcDbSymbolTableRecord
100
AcDbRegAppTableRecord
  2
HATCHBACKGROUNDCOLOR
 70
0
  0
APPID
  5
10C8
330
3
100
AcDbSymbolTableRecord
100
AcDbRegAppTableRecord
  2
EZDXF
 70
0
  0
ENDTAB
  0
TABLE
  2
DIMSTYLE
  5
4
330
0
100
AcDbSymbolTable
 70
13
100
AcDbDimStyleTable
  0
DIMSTYLE
105
2B
330
4
100
AcDbSymbolTableRecord
100
AcDbDimStyleTableRecord
  2
Standard
 70
0
 40
1.0
 41
2.5
 42
0.625
 43
3.75
 44
1.25
 45
0.0
 46
0.0
 47
0.0
 48
0.0
 49
2.5
140
2.5
141
2.5
142
0.0
143
0.03937007874
144
1.0
145
0.0
146
1.0
147
0.625
148
0.0
 69
0
 70
0
 71
0
 72
0
 73
0
 74
0
 75
0
 76
0
 77
1
 78
8
 79
3
170
0
171
3
172
1
173
0
174
0
175
0
176
0
177
0
178
0
179
2
271
2
272
2
273
2
274
3
275
0
276
0
277
2
278
44
279
0
280
0
281
0
282
0
283
0
284
8
285
0
286
0
288
0
289
3
290
0
371
-2
372
-2
  0
DIMSTYLE
105
73
330
4
100
AcDbSymbolTableRecord
100
AcDbDimStyleTableRecord
  2
EZDXF
 70
0
 40
1.0
 41
0.175
 42
0.125
 43
3.75
 44
0.375
 45
0.0
 46
0.0
 47
0.0
 48
0.0
 49
2.5
140
0.25
141
2.5
142
0.0
143
0.03937007874
144
100.0
145
0.0
146
0.5
147
0.1
148
0.0
 69
0
 70
0
 71
0
 72
0
 73
0
 74
0
 75
0
 76
0
 77
1
 78
12
 79
3
170
0
171
3
172
1
173
0
174
0
175
0
176
0
177
0
178
0
179
2
271
2
272
2
273
2
274
3
275
0
276
0
277
2
278
46
279
2
280
0
281
0
282
0
283
0
284
8
285
0
286
0
288
1
289
3
290
0
340
4C
342
74
371
-2
372
-2
  0
DIMSTYLE
105
7C
330
4
100
AcDbSymbolTableRecord
100
AcDbDimStyleTableRecord
  2
EZ_M_100_H25_CM
 70
0
 40
1.0
 41
0.25
 42
0.125
 43
3.75
 44
0.375
 45
0.0
 46
0.0
 47
0.0
 48
0.0
 49
2.5
140
0.25
141
2.5
142
0.125
143
0.03937007874
144
100.0
145
0.0
146
0.5
147
0.1
148
0.0
 69
0
 70
0
 71
0
 72
0
 73
0
 74
0
 75
0
 76
0
 77
1
 78
12
 79
3
170
0
171
3
172
1
173
0
174
0
175
0
176
0
177
0
178
0
179
2
271
2
272
2
273
2
274
3
275
0
276
0
277
2
278
46
279
2
280
0
281
0
282
0
283
0
284
8
285
0
286
0
288
1
289
3
290
0
340
4C
371
-2
372
-2
  0
DIMSTYLE
105
7D
330
4
100
AcDbSymbolTableRecord
100
AcDbDimStyleTableRecord
  2
EZ_M_50_H25_CM
 70
0
 40
1.0
 41
0.125
 42
0.0625
 43
3.75
 44
0.1875
 45
0.0
 46
0.0
 47
0.0
 48
0.0
 49
2.5
140
0.125
141
2.5
142
0.0625
143
0.03937007874
144
100.0
145
0.0
146
0.5
147
0.05
148
0.0
 69
0
 70
0
 71
0
 72
0
 73
0
 74
0
 75
0
 76
0
 77
1
 78
12
 79
3
170
0
171
3
172
1
173
0
174
0
175
0
176
0
177
0
178
0
179
2
271
2
272
2
273
2
274
3
275
0
276
0
277
2
278
46
279
2
280
0
281
0
282
0
283
0
284
8
285
0
286
0
288
1
289
3
290
0
340
4C
371
-2
372
-2
  0
DIMSTYLE
105
7E
330
4
100
AcDbSymbolTableRecord
100
AcDbDimStyleTableRecord
  2
EZ_M_25_H25_CM
 70
0
 40
1.0
 41
0.0625
 42
0.03125
 43
3.75
 44
0.09375
 45
0.0
 46
0.0
 47
0.0
 48
0.0
 49
2.5
140
0.0625
141
2.5
142
0.03125
143
0.03937007874
144
100.0
145
0.0
146
0.5
147
0.025
148
0.0
 69
0
 70
0
 71
0
 72
0
 73
0
 74
0
 75
0
 76
0
 77
1
 78
12
 79
3
170
0
171
3
172
1
173
0
174
0
175
0
176
0
177
0
178
0
179
2
271
2
272
2
273
2
274
3
275
0
276
0
277
2
278
46
279
2
280
0
281
0
282
0
283
0
284
8
285
0
286
0
288
1
289
3
290
0
340
4C
371
-2
372
-2
  0
DIMSTYLE
105
7F
330
4
100
AcDbSymbolTableRecord
100
AcDbDimStyleTableRecord
  2
EZ_M_20_H25_CM
 70
0
 40
1.0
 41
0.05
 42
0.025
 43
3.75
 44
0.07500000000000001
 45
0.0
 46
0.0
 47
0.0
 48
0.0
 49
2.5
140
0.05
141
2.5
142
0.025
143
0.03937007874
144
100.0
145
0.0
146
0.5
147
0.020000000000000004
148
0.0
 69
0
 70
0
 71
0
 72
0
 73
0
 74
0
 75
0
 76
0
 77
1
 78
12
 79
3
170
0
171
3
172
1
173
0
174
0
175
0
176
0
177
0
178
0
179
2
271
2
272
2
273
2
274
3
275
0
276
0
277
2
278
46
279
2
280
0
281
0
282
0
283
0
284
8
285
0
286
0
288
1
289
3
290
0
340
4C
371
-2
372
-2
  0
DIMSTYLE
105
80
330
4
100
AcDbSymbolTableRecord
100
AcDbDimStyleTableRecord
  2
EZ_M_10_H25_CM
 70
0
 40
1.0
 41
0.025
 42
0.0125
 43
3.75
 44
0.037500000000000006
 45
0.0
 46
0.0
 47
0.0
 48
0.0
 49
2.5
140
0.025
141
2.5
142
0.0125
143
0.03937007874
144
100.0
145
0.0
146
0.5
147
0.010000000000000002
148
0.0
 69
0
 70
0
 71
0
 72
0
 73
0
 74
0
 75
0
 76
0
 77
1
 78
12
 79
3
170
0
171
3
172
1
173
0
174
0
175
0
176
0
177
0
178
0
179
2
271
2
272
2
273
2
274
3
275
0
276
0
277
2
278
46
279
2
280
0
281
0
282
0
283
0
284
8
285
0
286
0
288
1
289
3
290
0
340
4C
371
-2
372
-2
  0
DIMSTYLE
105
81
330
4
100
AcDbSymbolTableRecord
100
AcDbDimStyleTableRecord
  2
EZ_M_5_H25_CM
 70
0
 40
1.0
 41
0.0125
 42
0.00625
 43
3.75
 44
0.018750000000000003
 45
0.0
 46
0.0
 47
0.0
 48
0.0
 49
2.5
140
0.0125
141
2.5
142
0.00625
143
0.03937007874
144
100.0
145
0.0
146
0.5
147
0.005000000000000001
148
0.0
 69
0
 70
0
 71
0
 72
0
 73
0
 74
0
 75
0
 76
0
 77
1
 78
12
 79
3
170
0
171
3
172
1
173
0
174
0
175
0
176
0
177
0
178
0
179
2
271
2
272
2
273
2
274
3
275
0
276
0
277
2
278
46
279
2
280
0
281
0
282
0
283
0
284
8
285
0
286
0
288
1
289
3
290
0
340
4C
371
-2
372
-2
  0
DIMSTYLE
105
82
330
4
100
AcDbSymbolTableRecord
100
AcDbDimStyleTableRecord
  2
EZ_M_1_H25_CM
 70
0
 40
1.0
 41
0.0025
 42
0.00125
 43
3.75
 44
0.00375
 45
0.0
 46
0.0
 47
0.0
 48
0.0
 49
2.5
140
0.0025
141
2.5
142
0.00125
143
0.03937007874
144
100.0
145
0.0
146
0.5
147
0.001
148
0.0
 69
0
 70
0
 71
0
 72
0
 73
0
 74
0
 75
0
 76
0
 77
1
 78
12
 79
3
170
0
171
3
172
1
173
0
174
0
175
0
176
0
177
0
178
0
179
2
271
2
272
2
273
2
274
3
275
0
276
0
277
2
278
46
279
2
280
0
281
0
282
0
283
0
284
8
285
0
286
0
288
1
289
3
290
0
340
4C
371
-2
372
-2
  0
DIMSTYLE
105
83
330
4
100
AcDbSymbolTableRecord
100
AcDbDimStyleTableRecord
  2
EZ_RADIUS
 70
0
 40
1.0
 41
0.25
 42
0.125
 43
3.75
 44
0.375
 45
0.0
 46
0.0
 47
0.0
 48
0.0
 49
2.5
140
0.25
141
0.0
142
0.0
143
0.03937007874
144
100.0
145
0.0
146
0.5
147
0.1
148
0.0
 69
0
 70
0
 71
0
 72
0
 73
0
 74
0
 75
0
 76
0
 77
1
 78
12
 79
3
170
0
171
3
172
0
173
0
174
0
175
0
176
0
177
0
178
0
179
2
271
2
272
2
273
2
274
3
275
0
276
0
277
2
278
46
279
1
280
0
281
0
282
0
283
0
284
8
285
0
286
0
288
1
289
3
290
0
340
4C
342
84
371
-2
372
-2
  0
DIMSTYLE
105
88
330
4
100
AcDbSymbolTableRecord
100
AcDbDimStyleTableRecord
  2
EZ_RADIUS_INSIDE
 70
0
 40
1.0
 41
0.25
 42
0.125
 43
3.75
 44
0.375
 45
0.0
 46
0.0
 47
0.0
 48
0.0
 49
2.5
140
0.25
141
0.0
142
0.0
143
0.03937007874
144
100.0
145
0.0
146
0.5
147
0.1
148
0.0
 69
0
 70
0
 71
0
 72
0
 73
0
 74
0
 75
0
 76
0
 77
0
 78
12
 79
3
170
0
171
3
172
0
173
0
174
1
175
0
176
0
177
0
178
0
179
2
271
2
272
2
273
2
274
3
275
0
276
0
277
2
278
46
279
0
280
0
281
0
282
0
283
0
284
8
285
0
286
0
288
1
289
0
290
0
340
4C
342
84
371
-2
372
-2
  0
DIMSTYLE
105
89
330
4
100
AcDbSymbolTableRecord
100
AcDbDimStyleTableRecord
  2
EZ_CURVED
 70
0
 40
1.0
 41
0.25
 42
0.125
 43
3.75
 44
0.375
 45
0.0
 46
0.0
 47
0.0
 48
0.0
 49
2.5
140
0.25
141
2.5
142
0.0
143
0.03937007874
144
100.0
145
0.0
146
0.5
147
0.1
148
0.0
 69
0
 70
0
 71
0
 72
0
 73
0
 74
0
 75
0
 76
0
 77
1
 78
12
 79
2
 90
2
170
0
171
3
172
1
173
0
174
0
175
0
176
0
177
0
178
0
179
2
271
2
272
2
273
2
274
3
275
0
276
0
277
2
278
46
279
2
280
0
281
0
282
0
283
0
284
8
285
0
286
0
288
1
289
3
290
0
340
4C
371
-2
372
-2
  0
DIMSTYLE
105
92
330
4
100
AcDbSymbolTableRecord
100
AcDbDimStyleTableRecord
  2
PCB2
 70
0
 40
1.0
 41
0.8333333333333334
 42
0.3333333333333333
 43
3.75
 44
0.5
 45
0.0
 46
0.0
 47
0.0
 48
0.0
 49
2.5
140
0.8333333333333334
141
2.5
142
0.0
143
0.03937007874
144
1.0
145
0.0
146
1.0
147
0.19999999999999998
148
0.0
 69
0
 70
0
 71
0
 72
0
 73
0
 74
0
 75
0
 76
0
 77
1
 78
0
 79
3
170
0
171
3
172
1
173
0
174
0
175
0
176
4
177
4
178
4
179
2
271
2
272
2
273
2
274
3
275
0
276
0
277
2
278
44
279
0
280
0
281
0
282
0
283
0
284
8
285
0
286
0
288
0
289
3
290
0
340
8A
371
-2
372
-2
  0
ENDTAB
  0
TABLE
  2
BLOCK_RECORD
  5
9
330
0
100
AcDbSymbolTable
 70
26
  0
BLOCK_RECORD
  5
17
330
9
100
AcDbSymbolTableRecord
100
AcDbBlockTableRecord
  2
*Model_Space
340
1A
 70
0
280
1
281
0
  0
BLOCK_RECORD
  5
1B
330
9
100
AcDbSymbolTableRecord
100
AcDbBlockTableRecord
  2
*Paper_Space
340
1E
 70
0
280
1
281
0
  0
BLOCK_RECORD
  5
74
330
9
100
AcDbSymbolTableRecord
100
AcDbBlockTableRecord
  2
_ARCHTICK
340
0
 70
0
280
1
281
0
  0
BLOCK_RECORD
  5
78
330
9
100
AcDbSymbolTableRecord
100
AcDbBlockTableRecord
  2
_CLOSEDFILLED
340
0
 70
0
280
1
281
0
  0
BLOCK_RECORD
  5
84
330
9
100
AcDbSymbolTableRecord
100
AcDbBlockTableRecord
  2
_CLOSEDBLANK
340
0
 70
0
280
1
281
0
  0
BLOCK_RECORD
  5
A72
330
9
100
AcDbSymbolTableRecord
100
AcDbBlockTableRecord
  2
*D1
340
0
 70
0
280
1
281
0
  0
BLOCK_RECORD
  5
A81
330
9
100
AcDbSymbolTableRecord
100
AcDbBlockTableRecord
  2
*D2
340
0
 70
0
280
1
281
0
  0
BLOCK_RECORD
  5
A90
330
9
100
AcDbSymbolTableRecord
100
AcDbBlockTableRecord
  2
*D3
340
0
 70
0
280
1
281
0
  0
BLOCK_RECORD
  5
A9F
330
9
100
AcDbSymbolTableRecord
100
AcDbBlockTableRecord
  2
*D4
340
0
 70
0
280
1
281
0
  0
BLOCK_RECORD
  5
AAE
330
9
100
AcDbSymbolTableRecord
100
AcDbBlockTableRecord
  2
*D5
340
0
 70
0
280
1
281
0
  0
BLOCK_RECORD
  5
ABD
330
9
100
AcDbSymbolTableRecord
100
AcDbBlockTableRecord
  2
*D6
340
0
 70
0
280
1
281
0
  0
BLOCK_RECORD
  5
ACE
330
9
100
AcDbSymbolTableRecord
100
AcDbBlockTableRecord
  2
*D7
340
0
 70
0
280
1
281
0
  0
BLOCK_RECORD
  5
ADD
330
9
100
AcDbSymbolTableRecord
100
AcDbBlockTableRecord
  2
*D8
340
0
 70
0
280
1
281
0
  0
BLOCK_RECORD
  5
AEF
330
9
100
AcDbSymbolTableRecord
100
AcDbBlockTableRecord
  2
*D9
340
0
 70
0
280
1
281
0
  0
BLOCK_RECORD
  5
B00
330
9
100
AcDbSymbolTableRecord
100
AcDbBlockTableRecord
  2
*D10
340
0
 70
0
280
1
281
0
  0
BLOCK_RECORD
  5
B0F
330
9
100
AcDbSymbolTableRecord
100
AcDbBlockTableRecord
  2
*D11
340
0
 70
0
280
1
281
0
  0
BLOCK_RECORD
  5
B1E
330
9
100
AcDbSymbolTableRecord
100
AcDbBlockTableRecord
  2
*D12
340
0
 70
0
280
1
281
0
  0
BLOCK_RECORD
  5
B2D
330
9
100
AcDbSymbolTableRecord
100
AcDbBlockTableRecord
  2
*D13
340
0
 70
0
280
1
281
0
  0
BLOCK_RECORD
  5
B3C
330
9
100
AcDbSymbolTableRecord
100
AcDbBlockTableRecord
  2
*D14
340
0
 70
0
280
1
281
0
  0
BLOCK_RECORD
  5
B4B
330
9
100
AcDbSymbolTableRecord
100
AcDbBlockTableRecord
  2
*D15
340
0
 70
0
280
1
281
0
  0
BLOCK_RECORD
  5
B5A
330
9
100
AcDbSymbolTableRecord
100
AcDbBlockTableRecord
  2
*D16
340
0
 70
0
280
1
281
0
  0
BLOCK_RECORD
  5
ECF
330
9
100
AcDbSymbolTableRecord
100
AcDbBlockTableRecord
  2
*D17
340
0
 70
0
280
1
281
0
  0
BLOCK_RECORD
  5
EE0
330
9
100
AcDbSymbolTableRecord
100
AcDbBlockTableRecord
  2
*D18
340
0
 70
0
280
1
281
0
  0
BLOCK_RECORD
  5
EEF
330
9
100
AcDbSymbolTableRecord
100
AcDbBlockTableRecord
  2
*D19
340
0
 70
0
280
1
281
0
  0
BLOCK_RECORD
  5
1038
330
9
100
AcDbSymbolTableRecord
100
AcDbBlockTableRecord
  2
*D20
340
0
 70
0
280
1
281
0
  0
BLOCK_RECORD
  5
1049
330
9
100
AcDbSymbolTableRecord
100
AcDbBlockTableRecord
  2
*D21
340
0
 70
0
280
1
281
0
  0
ENDTAB
  0
ENDSEC
  0
SECTION
  2
BLOCKS
  0
BLOCK
  5
18
330
17
100
AcDbEntity
  8
0
100
AcDbBlockBegin
  2
*Model_Space
 70
0
 10
0.0
 20
0.0
 30
0.0
  3
*Model_Space
  1

  0
ENDBLK
  5
19
330
17
100
AcDbEntity
  8
0
100
AcDbBlockEnd
  0
BLOCK
  5
1C
330
1B
100
AcDbEntity
  8
0
100
AcDbBlockBegin
  2
*Paper_Space
 70
0
 10
0.0
 20
0.0
 30
0.0
  3
*Paper_Space
  1

  0
ENDBLK
  5
1D
330
1B
100
AcDbEntity
  8
0
100
AcDbBlockEnd
  0
BLOCK
  5
75
330
74
100
AcDbEntity
  8
0
100
AcDbBlockBegin
  2
_ARCHTICK
 70
0
 10
0.0
 20
0.0
 30
0.0
  3
_ARCHTICK
  1

  0
LWPOLYLINE
  5
77
330
74
100
AcDbEntity
  8
0
  6
BYBLOCK
 62
0
100
AcDbPolyline
 90
2
 70
0
 43
0.15
 10
-0.5
 20
-0.5
 10
0.5
 20
0.5
  0
ENDBLK
  5
76
330
74
100
AcDbEntity
  8
0
100
AcDbBlockEnd
  0
BLOCK
  5
79
330
78
100
AcDbEntity
  8
0
100
AcDbBlockBegin
  2
_CLOSEDFILLED
 70
0
 10
0.0
 20
0.0
 30
0.0
  3
_CLOSEDFILLED
  1

  0
SOLID
  5
7B
330
78
100
AcDbEntity
  8
0
  6
BYBLOCK
 62
0
100
AcDbTrace
 10
-1.0
 20
0.16439898372402537
 30
0.0
 11
0.0
 21
0.0
 31
0.0
 12
-1.0
 22
-0.16439898372402537
 32
0.0
 13
-1.0
 23
-0.16439898372402537
 33
0.0
  0
ENDBLK
  5
7A
330
78
100
AcDbEntity
  8
0
100
AcDbBlockEnd
  0
BLOCK
  5
85
330
84
100
AcDbEntity
  8
0
100
AcDbBlockBegin
  2
_CLOSEDBLANK
 70
0
 10
0.0
 20
0.0
 30
0.0
  3
_CLOSEDBLANK
  1

  0
LWPOLYLINE
  5
87
330
84
100
AcDbEntity
  8
0
  6
BYBLOCK
 62
0
100
AcDbPolyline
 90
3
 70
1
 10
-1.0
 20
0.16439898372402537
 10
0.0
 20
0.0
 10
-1.0
 20
-0.16439898372402537
  0
ENDBLK
  5
86
330
84
100
AcDbEntity
  8
0
100
AcDbBlockEnd
  0
BLOCK
  5
A73
330
A72
100
AcDbEntity
  8
0
100
AcDbBlockBegin
  2
*D1
 70
1
 10
0.0
 20
0.0
 30
0.0
  3
*D1
  1

  0
LINE
  5
A75
330
A72
100
AcDbEntity
  8
0
 62
4
100
AcDbLine
 10
20.666666666666668
 20
34.666666666666664
 30
0.0
 11
20.666666666666668
 21
24.5
 31
0.0
  0
LINE
  5
A76
330
A72
100
AcDbEntity
  8
0
 62
4
100
AcDbLine
 10
50.666666666666664
 20
34.666666666666664
 30
0.0
 11
50.666666666666664
 21
24.5
 31
0.0
  0
INSERT
  5
A77
330
A72
100
AcDbEntity
  8
DIM
 62
4
100
AcDbBlockReference
  2
_CLOSEDFILLED
 10
20.666666666666668
 20
25.0
 30
0.0
 41
0.8333333333333334
 42
0.8333333333333334
 50
180.0
  0
INSERT
  5
A79
330
A72
100
AcDbEntity
  8
DIM
 62
4
100
AcDbBlockReference
  2
_CLOSEDFILLED
 10
50.666666666666664
 20
25.0
 30
0.0
 41
0.8333333333333334
 42
0.8333333333333334
  0
LINE
  5
A7B
330
A72
100
AcDbEntity
  8
0
 62
4
100
AcDbLine
 10
21.5
 20
25.0
 30
0.0
 11
49.83333333333333
 21
25.0
 31
0.0
  0
MTEXT
  5
A7C
330
A72
100
AcDbEntity
  8
DIM
 62
4
100
AcDbMText
 10
35.666666666666664
 20
25.616666666666667
 30
0.0
 40
0.8333333333333334
 71
5
  1
30,00
  7
CJK
  0
POINT
  5
A7D
330
A72
100
AcDbEntity
  8
Defpoints
100
AcDbPoint
 10
20.666666666666668
 20
25.0
 30
0.0
  0
POINT
  5
A7E
330
A72
100
AcDbEntity
  8
Defpoints
100
AcDbPoint
 10
20.666666666666668
 20
35.0
 30
0.0
  0
POINT
  5
A7F
330
A72
100
AcDbEntity
  8
Defpoints
100
AcDbPoint
 10
50.666666666666664
 20
35.0
 30
0.0
  0
ENDBLK
  5
A74
330
A72
100
AcDbEntity
  8
0
100
AcDbBlockEnd
  0
BLOCK
  5
A82
330
A81
100
AcDbEntity
  8
0
100
AcDbBlockBegin
  2
*D2
 70
1
 10
0.0
 20
0.0
 30
0.0
  3
*D2
  1

  0
LINE
  5
A84
330
A81
100
AcDbEntity
  8
0
 62
4
100
AcDbLine
 10
20.333333333333336
 20
35.0
 30
0.0
 11
12.833333333333334
 21
35.0
 31
0.0
  0
LINE
  5
A85
330
A81
100
AcDbEntity
  8
0
 62
4
100
AcDbLine
 10
20.333333333333336
 20
75.0
 30
0.0
 11
12.833333333333334
 21
75.0
 31
0.0
  0
INSERT
  5
A86
330
A81
100
AcDbEntity
  8
DIM
 62
4
100
AcDbBlockReference
  2
_CLOSEDFILLED
 10
13.333333333333334
 20
35.0
 30
0.0
 41
0.8333333333333334
 42
0.8333333333333334
 50
270.0
  0
INSERT
  5
A88
330
A81
100
AcDbEntity
  8
DIM
 62
4
100
AcDbBlockReference
  2
_CLOSEDFILLED
 10
13.333333333333334
 20
75.0
 30
0.0
 41
0.8333333333333334
 42
0.8333333333333334
 50
90.0
  0
LINE
  5
A8A
330
A81
100
AcDbEntity
  8
0
 62
4
100
AcDbLine
 10
13.333333333333334
 20
35.833333333333336
 30
0.0
 11
13.333333333333334
 21
74.16666666666667
 31
0.0
  0
MTEXT
  5
A8B
330
A81
100
AcDbEntity
  8
DIM
 62
4
100
AcDbMText
 10
12.716666666666667
 20
55.0
 30
0.0
 40
0.8333333333333334
 71
5
  1
40,00
  7
CJK
 50
90.0
  0
POINT
  5
A8C
330
A81
100
AcDbEntity
  8
Defpoints
100
AcDbPoint
 10
13.333333333333334
 20
35.0
 30
0.0
  0
POINT
  5
A8D
330
A81
100
AcDbEntity
  8
Defpoints
100
AcDbPoint
 10
20.666666666666668
 20
35.0
 30
0.0
  0
POINT
  5
A8E
330
A81
100
AcDbEntity
  8
Defpoints
100
AcDbPoint
 10
20.666666666666668
 20
75.0
 30
0.0
  0
ENDBLK
  5
A83
330
A81
100
AcDbEntity
  8
0
100
AcDbBlockEnd
  0
BLOCK
  5
A91
330
A90
100
AcDbEntity
  8
0
100
AcDbBlockBegin
  2
*D3
 70
1
 10
0.0
 20
0.0
 30
0.0
  3
*D3
  1

  0
LINE
  5
A93
330
A90
100
AcDbEntity
  8
0
 62
4
100
AcDbLine
 10
20.666666666666668
 20
34.666666666666664
 30
0.0
 11
20.666666666666668
 21
31.166666666666668
 31
0.0
  0
LINE
  5
A94
330
A90
100
AcDbEntity
  8
0
 62
4
100
AcDbLine
 10
23.666666666666668
 20
42.26666666666666
 30
0.0
 11
23.666666666666668
 21
31.166666666666668
 31
0.0
  0
INSERT
  5
A95
330
A90
100
AcDbEntity
  8
DIM
 62
4
100
AcDbBlockReference
  2
_CLOSEDFILLED
 10
20.666666666666668
 20
31.666666666666668
 30
0.0
 41
0.8333333333333334
 42
0.8333333333333334
 50
180.0
  0
INSERT
  5
A97
330
A90
100
AcDbEntity
  8
DIM
 62
4
100
AcDbBlockReference
  2
_CLOSEDFILLED
 10
23.666666666666668
 20
31.666666666666668
 30
0.0
 41
0.8333333333333334
 42
0.8333333333333334
  0
LINE
  5
A99
330
A90
100
AcDbEntity
  8
0
 62
4
100
AcDbLine
 10
21.5
 20
31.666666666666668
 30
0.0
 11
22.833333333333336
 21
31.666666666666668
 31
0.0
  0
MTEXT
  5
A9A
330
A90
100
AcDbEntity
  8
DIM
 62
4
100
AcDbMText
 10
22.166666666666668
 20
32.78333333333333
 30
0.0
 40
0.8333333333333334
 71
5
  1
3,00
  7
CJK
  0
POINT
  5
A9B
330
A90
100
AcDbEntity
  8
Defpoints
100
AcDbPoint
 10
20.666666666666668
 20
31.666666666666668
 30
0.0
  0
POINT
  5
A9C
330
A90
100
AcDbEntity
  8
Defpoints
100
AcDbPoint
 10
20.666666666666668
 20
35.0
 30
0.0
  0
POINT
  5
A9D
330
A90
100
AcDbEntity
  8
Defpoints
100
AcDbPoint
 10
23.666666666666668
 20
42.599999999999994
 30
0.0
  0
ENDBLK
  5
A92
330
A90
100
AcDbEntity
  8
0
100
AcDbBlockEnd
  0
BLOCK
  5
AA0
330
A9F
100
AcDbEntity
  8
0
100
AcDbBlockBegin
  2
*D4
 70
1
 10
0.0
 20
0.0
 30
0.0
  3
*D4
  1

  0
LINE
  5
AA2
330
A9F
100
AcDbEntity
  8
0
 62
4
100
AcDbLine
 10
23.666666666666668
 20
42.26666666666666
 30
0.0
 11
23.666666666666668
 21
31.166666666666668
 31
0.0
  0
LINE
  5
AA3
330
A9F
100
AcDbEntity
  8
0
 62
4
100
AcDbLine
 10
47.666666666666664
 20
42.26666666666666
 30
0.0
 11
47.666666666666664
 21
31.166666666666668
 31
0.0
  0
INSERT
  5
AA4
330
A9F
100
AcDbEntity
  8
DIM
 62
4
100
AcDbBlockReference
  2
_CLOSEDFILLED
 10
23.666666666666668
 20
31.666666666666668
 30
0.0
 41
0.8333333333333334
 42
0.8333333333333334
 50
180.0
  0
INSERT
  5
AA6
330
A9F
100
AcDbEntity
  8
DIM
 62
4
100
AcDbBlockReference
  2
_CLOSEDFILLED
 10
47.666666666666664
 20
31.666666666666668
 30
0.0
 41
0.8333333333333334
 42
0.8333333333333334
  0
LINE
  5
AA8
330
A9F
100
AcDbEntity
  8
0
 62
4
100
AcDbLine
 10
24.5
 20
31.666666666666668
 30
0.0
 11
46.83333333333333
 21
31.666666666666668
 31
0.0
  0
MTEXT
  5
AA9
330
A9F
100
AcDbEntity
  8
DIM
 62
4
100
AcDbMText
 10
35.666666666666664
 20
32.28333333333333
 30
0.0
 40
0.8333333333333334
 71
5
  1
24,00
  7
CJK
  0
POINT
  5
AAA
330
A9F
100
AcDbEntity
  8
Defpoints
100
AcDbPoint
 10
23.666666666666668
 20
31.666666666666668
 30
0.0
  0
POINT
  5
AAB
330
A9F
100
AcDbEntity
  8
Defpoints
100
AcDbPoint
 10
23.666666666666668
 20
42.599999999999994
 30
0.0
  0
POINT
  5
AAC
330
A9F
100
AcDbEntity
  8
Defpoints
100
AcDbPoint
 10
47.666666666666664
 20
42.599999999999994
 30
0.0
  0
ENDBLK
  5
AA1
330
A9F
100
AcDbEntity
  8
0
100
AcDbBlockEnd
  0
BLOCK
  5
AAF
330
AAE
100
AcDbEntity
  8
0
100
AcDbBlockBegin
  2
*D5
 70
1
 10
0.0
 20
0.0
 30
0.0
  3
*D5
  1

  0
LINE
  5
AB1
330
AAE
100
AcDbEntity
  8
0
 62
4
100
AcDbLine
 10
47.666666666666664
 20
42.26666666666666
 30
0.0
 11
47.666666666666664
 21
31.166666666666668
 31
0.0
  0
LINE
  5
AB2
330
AAE
100
AcDbEntity
  8
0
 62
4
100
AcDbLine
 10
50.666666666666664
 20
34.666666666666664
 30
0.0
 11
50.666666666666664
 21
31.166666666666668
 31
0.0
  0
INSERT
  5
AB3
330
AAE
100
AcDbEntity
  8
DIM
 62
4
100
AcDbBlockReference
  2
_CLOSEDFILLED
 10
47.666666666666664
 20
31.666666666666668
 30
0.0
 41
0.8333333333333334
 42
0.8333333333333334
 50
180.0
  0
INSERT
  5
AB5
330
AAE
100
AcDbEntity
  8
DIM
 62
4
100
AcDbBlockReference
  2
_CLOSEDFILLED
 10
50.666666666666664
 20
31.666666666666668
 30
0.0
 41
0.8333333333333334
 42
0.8333333333333334
  0
LINE
  5
AB7
330
AAE
100
AcDbEntity
  8
0
 62
4
100
AcDbLine
 10
48.5
 20
31.666666666666668
 30
0.0
 11
49.83333333333333
 21
31.666666666666668
 31
0.0
  0
MTEXT
  5
AB8
330
AAE
100
AcDbEntity
  8
DIM
 62
4
100
AcDbMText
 10
49.166666666666664
 20
32.78333333333333
 30
0.0
 40
0.8333333333333334
 71
5
  1
3,00
  7
CJK
  0
POINT
  5
AB9
330
AAE
100
AcDbEntity
  8
Defpoints
100
AcDbPoint
 10
47.666666666666664
 20
31.666666666666668
 30
0.0
  0
POINT
  5
ABA
330
AAE
100
AcDbEntity
  8
Defpoints
100
AcDbPoint
 10
47.666666666666664
 20
42.599999999999994
 30
0.0
  0
POINT
  5
ABB
330
AAE
100
AcDbEntity
  8
Defpoints
100
AcDbPoint
 10
50.666666666666664
 20
35.0
 30
0.0
  0
ENDBLK
  5
AB0
330
AAE
100
AcDbEntity
  8
0
100
AcDbBlockEnd
  0
BLOCK
  5
ABE
330
ABD
100
AcDbEntity
  8
0
100
AcDbBlockBegin
  2
*D6
 70
1
 10
0.0
 20
0.0
 30
0.0
  3
*D6
  1

  0
LINE
  5
AC0
330
ABD
100
AcDbEntity
  8
0
 62
4
100
AcDbLine
 10
20.666666666666668
 20
75.33333333333333
 30
0.0
 11
20.666666666666668
 21
81.5
 31
0.0
  0
LINE
  5
AC1
330
ABD
100
AcDbEntity
  8
0
 62
4
100
AcDbLine
 10
21.253146663422665
 20
75.33333333333333
 30
0.0
 11
21.253146663422665
 21
81.5
 31
0.0
  0
INSERT
  5
AC2
330
ABD
100
AcDbEntity
  8
DIM
 62
4
100
AcDbBlockReference
  2
_CLOSEDFILLED
 10
20.666666666666668
 20
81.0
 30
0.0
 41
0.8333333333333334
 42
0.8333333333333334
  0
INSERT
  5
AC4
330
ABD
100
AcDbEntity
  8
DIM
 62
4
100
AcDbBlockReference
  2
_CLOSEDFILLED
 10
21.253146663422665
 20
81.0
 30
0.0
 41
0.8333333333333334
 42
0.8333333333333334
 50
180.0
  0
LINE
  5
AC6
330
ABD
100
AcDbEntity
  8
0
 62
4
100
AcDbLine
 10
19.833333333333336
 20
81.0
 30
0.0
 11
19.0
 21
81.0
 31
0.0
  0
LINE
  5
AC7
330
ABD
100
AcDbEntity
  8
0
 62
4
100
AcDbLine
 10
22.086479996755997
 20
81.0
 30
0.0
 11
22.919813330089333
 21
81.0
 31
0.0
  0
LINE
  5
AC8
330
ABD
100
AcDbEntity
  8
0
 62
4
100
AcDbLine
 10
20.666666666666668
 20
81.0
 30
0.0
 11
21.253146663422665
 21
81.0
 31
0.0
  0
MTEXT
  5
AC9
330
ABD
100
AcDbEntity
  8
DIM
 62
4
100
AcDbMText
 10
20.959906665044667
 20
82.11666666666666
 30
0.0
 40
0.8333333333333334
 71
5
  1
0,59
  7
CJK
  0
POINT
  5
ACA
330
ABD
100
AcDbEntity
  8
Defpoints
100
AcDbPoint
 10
20.666666666666668
 20
81.0
 30
0.0
  0
POINT
  5
ACB
330
ABD
100
AcDbEntity
  8
Defpoints
100
AcDbPoint
 10
20.666666666666668
 20
75.0
 30
0.0
  0
POINT
  5
ACC
330
ABD
100
AcDbEntity
  8
Defpoints
100
AcDbPoint
 10
21.253146663422665
 20
75.0
 30
0.0
  0
ENDBLK
  5
ABF
330
ABD
100
AcDbEntity
  8
0
100
AcDbBlockEnd
  0
BLOCK
  5
ACF
330
ACE
100
AcDbEntity
  8
0
100
AcDbBlockBegin
  2
*D7
 70
1
 10
0.0
 20
0.0
 30
0.0
  3
*D7
  1

  0
LINE
  5
AD1
330
ACE
100
AcDbEntity
  8
0
 62
4
100
AcDbLine
 10
21.253146663422665
 20
75.33333333333333
 30
0.0
 11
21.253146663422665
 21
81.5
 31
0.0
  0
LINE
  5
AD2
330
ACE
100
AcDbEntity
  8
0
 62
4
100
AcDbLine
 10
49.95314577582567
 20
75.33333333333333
 30
0.0
 11
49.95314577582567
 21
81.5
 31
0.0
  0
INSERT
  5
AD3
330
ACE
100
AcDbEntity
  8
DIM
 62
4
100
AcDbBlockReference
  2
_CLOSEDFILLED
 10
21.253146663422665
 20
81.0
 30
0.0
 41
0.8333333333333334
 42
0.8333333333333334
 50
180.0
  0
INSERT
  5
AD5
330
ACE
100
AcDbEntity
  8
DIM
 62
4
100
AcDbBlockReference
  2
_CLOSEDFILLED
 10
49.95314577582567
 20
81.0
 30
0.0
 41
0.8333333333333334
 42
0.8333333333333334
  0
LINE
  5
AD7
330
ACE
100
AcDbEntity
  8
0
 62
4
100
AcDbLine
 10
22.086479996755997
 20
81.0
 30
0.0
 11
49.11981244249233
 21
81.0
 31
0.0
  0
MTEXT
  5
AD8
330
ACE
100
AcDbEntity
  8
DIM
 62
4
100
AcDbMText
 10
35.603146219624165
 20
81.61666666666666
 30
0.0
 40
0.8333333333333334
 71
5
  1
28,70
  7
CJK
  0
POINT
  5
AD9
330
ACE
100
AcDbEntity
  8
Defpoints
100
AcDbPoint
 10
21.253146663422665
 20
81.0
 30
0.0
  0
POINT
  5
ADA
330
ACE
100
AcDbEntity
  8
Defpoints
100
AcDbPoint
 10
21.253146663422665
 20
75.0
 30
0.0
  0
POINT
  5
ADB
330
ACE
100
AcDbEntity
  8
Defpoints
100
AcDbPoint
 10
49.95314577582567
 20
75.0
 30
0.0
  0
ENDBLK
  5
AD0
330
ACE
100
AcDbEntity
  8
0
100
AcDbBlockEnd
  0
BLOCK
  5
ADE
330
ADD
100
AcDbEntity
  8
0
100
AcDbBlockBegin
  2
*D8
 70
1
 10
0.0
 20
0.0
 30
0.0
  3
*D8
  1

  0
LINE
  5
AE0
330
ADD
100
AcDbEntity
  8
0
 62
4
100
AcDbLine
 10
49.95314577582567
 20
75.33333333333333
 30
0.0
 11
49.95314577582567
 21
81.5
 31
0.0
  0
LINE
  5
AE1
330
ADD
100
AcDbEntity
  8
0
 62
4
100
AcDbLine
 10
50.666666666666664
 20
75.33333333333333
 30
0.0
 11
50.666666666666664
 21
81.5
 31
0.0
  0
INSERT
  5
AE2
330
ADD
100
AcDbEntity
  8
DIM
 62
4
100
AcDbBlockReference
  2
_CLOSEDFILLED
 10
49.95314577582567
 20
81.0
 30
0.0
 41
0.8333333333333334
 42
0.8333333333333334
  0
INSERT
  5
AE4
330
ADD
100
AcDbEntity
  8
DIM
 62
4
100
AcDbBlockReference
  2
_CLOSEDFILLED
 10
50.666666666666664
 20
81.0
 30
0.0
 41
0.8333333333333334
 42
0.8333333333333334
 50
180.0
  0
LINE
  5
AE6
330
ADD
100
AcDbEntity
  8
0
 62
4
100
AcDbLine
 10
49.11981244249233
 20
81.0
 30
0.0
 11
48.286479109159
 21
81.0
 31
0.0
  0
LINE
  5
AE7
330
ADD
100
AcDbEntity
  8
0
 62
4
100
AcDbLine
 10
51.5
 20
81.0
 30
0.0
 11
52.33333333333333
 21
81.0
 31
0.0
  0
LINE
  5
AE8
330
ADD
100
AcDbEntity
  8
0
 62
4
100
AcDbLine
 10
49.95314577582567
 20
81.0
 30
0.0
 11
50.666666666666664
 21
81.0
 31
0.0
  0
MTEXT
  5
AE9
330
ADD
100
AcDbEntity
  8
DIM
 62
4
100
AcDbMText
 10
50.309906221246166
 20
82.11666666666666
 30
0.0
 40
0.8333333333333334
 71
5
  1
0,71
  7
CJK
  0
POINT
  5
AEA
330
ADD
100
AcDbEntity
  8
Defpoints
100
AcDbPoint
 10
49.95314577582567
 20
81.0
 30
0.0
  0
POINT
  5
AEB
330
ADD
100
AcDbEntity
  8
Defpoints
100
AcDbPoint
 10
49.95314577582567
 20
75.0
 30
0.0
  0
POINT
  5
AEC
330
ADD
100
AcDbEntity
  8
Defpoints
100
AcDbPoint
 10
50.666666666666664
 20
75.0
 30
0.0
  0
ENDBLK
  5
ADF
330
ADD
100
AcDbEntity
  8
0
100
AcDbBlockEnd
  0
BLOCK
  5
AF0
330
AEF
100
AcDbEntity
  8
0
100
AcDbBlockBegin
  2
*D9
 70
1
 10
0.0
 20
0.0
 30
0.0
  3
*D9
  1

  0
LINE
  5
AF2
330
AEF
100
AcDbEntity
  8
0
 62
4
100
AcDbLine
 10
51.0
 20
75.0
 30
0.0
 11
54.5
 21
75.0
 31
0.0
  0
LINE
  5
AF3
330
AEF
100
AcDbEntity
  8
0
 62
4
100
AcDbLine
 10
50.286479109159
 20
76.387946475915
 30
0.0
 11
54.5
 21
76.387946475915
 31
0.0
  0
INSERT
  5
AF4
330
AEF
100
AcDbEntity
  8
DIM
 62
4
100
AcDbBlockReference
  2
_CLOSEDFILLED
 10
54.0
 20
75.0
 30
0.0
 41
0.8333333333333334
 42
0.8333333333333334
 50
90.0
  0
INSERT
  5
AF6
330
AEF
100
AcDbEntity
  8
DIM
 62
4
100
AcDbBlockReference
  2
_CLOSEDFILLED
 10
54.0
 20
76.387946475915
 30
0.0
 41
0.8333333333333334
 42
0.8333333333333334
 50
270.0
  0
LINE
  5
AF8
330
AEF
100
AcDbEntity
  8
0
 62
4
100
AcDbLine
 10
54.0
 20
74.16666666666667
 30
0.0
 11
54.0
 21
73.33333333333333
 31
0.0
  0
LINE
  5
AF9
330
AEF
100
AcDbEntity
  8
0
 62
4
100
AcDbLine
 10
54.0
 20
77.22127980924833
 30
0.0
 11
54.0
 21
78.05461314258167
 31
0.0
  0
LINE
  5
AFA
330
AEF
100
AcDbEntity
  8
0
 62
4
100
AcDbLine
 10
54.0
 20
75.0
 30
0.0
 11
54.0
 21
76.387946475915
 31
0.0
  0
MTEXT
  5
AFB
330
AEF
100
AcDbEntity
  8
DIM
 62
4
100
AcDbMText
 10
52.88333333333333
 20
75.6939732379575
 30
0.0
 40
0.8333333333333334
 71
5
  1
1,39
  7
CJK
 50
90.0
  0
POINT
  5
AFC
330
AEF
100
AcDbEntity
  8
Defpoints
100
AcDbPoint
 10
54.0
 20
75.0
 30
0.0
  0
POINT
  5
AFD
330
AEF
100
AcDbEntity
  8
Defpoints
100
AcDbPoint
 10
50.666666666666664
 20
75.0
 30
0.0
  0
POINT
  5
AFE
330
AEF
100
AcDbEntity
  8
Defpoints
100
AcDbPoint
 10
49.95314577582567
 20
76.387946475915
 30
0.0
  0
ENDBLK
  5
AF1
330
AEF
100
AcDbEntity
  8
0
100
AcDbBlockEnd
  0
BLOCK
  5
B01
330
B00
100
AcDbEntity
  8
0
100
AcDbBlockBegin
  2
*D10
 70
1
 10
0.0
 20
0.0
 30
0.0
  3
*D10
  1

  0
LINE
  5
B03
330
B00
100
AcDbEntity
  8
0
 62
4
100
AcDbLine
 10
20.333333333333336
 20
35.0
 30
0.0
 11
16.5
 21
35.0
 31
0.0
  0
LINE
  5
B04
330
B00
100
AcDbEntity
  8
0
 62
4
100
AcDbLine
 10
23.333333333333336
 20
42.599999999999994
 30
0.0
 11
16.5
 21
42.599999999999994
 31
0.0
  0
INSERT
  5
B05
330
B00
100
AcDbEntity
  8
DIM
 62
4
100
AcDbBlockReference
  2
_CLOSEDFILLED
 10
17.0
 20
35.0
 30
0.0
 41
0.8333333333333334
 42
0.8333333333333334
 50
270.0
  0
INSERT
  5
B07
330
B00
100
AcDbEntity
  8
DIM
 62
4
100
AcDbBlockReference
  2
_CLOSEDFILLED
 10
17.0
 20
42.599999999999994
 30
0.0
 41
0.8333333333333334
 42
0.8333333333333334
 50
90.0
  0
LINE
  5
B09
330
B00
100
AcDbEntity
  8
0
 62
4
100
AcDbLine
 10
17.0
 20
35.833333333333336
 30
0.0
 11
17.0
 21
41.76666666666666
 31
0.0
  0
MTEXT
  5
B0A
330
B00
100
AcDbEntity
  8
DIM
 62
4
100
AcDbMText
 10
16.383333333333333
 20
38.8
 30
0.0
 40
0.8333333333333334
 71
5
  1
7,60
  7
CJK
 50
90.0
  0
POINT
  5
B0B
330
B00
100
AcDbEntity
  8
Defpoints
100
AcDbPoint
 10
17.0
 20
35.0
 30
0.0
  0
POINT
  5
B0C
330
B00
100
AcDbEntity
  8
Defpoints
100
AcDbPoint
 10
20.666666666666668
 20
35.0
 30
0.0
  0
POINT
  5
B0D
330
B00
100
AcDbEntity
  8
Defpoints
100
AcDbPoint
 10
23.666666666666668
 20
42.599999999999994
 30
0.0
  0
ENDBLK
  5
B02
330
B00
100
AcDbEntity
  8
0
100
AcDbBlockEnd
  0
BLOCK
  5
B10
330
B0F
100
AcDbEntity
  8
0
100
AcDbBlockBegin
  2
*D11
 70
1
 10
0.0
 20
0.0
 30
0.0
  3
*D11
  1

  0
LINE
  5
B12
330
B0F
100
AcDbEntity
  8
0
 62
4
100
AcDbLine
 10
23.333333333333336
 20
42.599999999999994
 30
0.0
 11
16.5
 21
42.599999999999994
 31
0.0
  0
LINE
  5
B13
330
B0F
100
AcDbEntity
  8
0
 62
4
100
AcDbLine
 10
20.333333333333336
 20
75.0
 30
0.0
 11
16.5
 21
75.0
 31
0.0
  0
INSERT
  5
B14
330
B0F
100
AcDbEntity
  8
DIM
 62
4
100
AcDbBlockReference
  2
_CLOSEDFILLED
 10
17.0
 20
42.599999999999994
 30
0.0
 41
0.8333333333333334
 42
0.8333333333333334
 50
270.0
  0
INSERT
  5
B16
330
B0F
100
AcDbEntity
  8
DIM
 62
4
100
AcDbBlockReference
  2
_CLOSEDFILLED
 10
17.0
 20
75.0
 30
0.0
 41
0.8333333333333334
 42
0.8333333333333334
 50
90.0
  0
LINE
  5
B18
330
B0F
100
AcDbEntity
  8
0
 62
4
100
AcDbLine
 10
17.0
 20
43.43333333333333
 30
0.0
 11
17.0
 21
74.16666666666667
 31
0.0
  0
MTEXT
  5
B19
330
B0F
100
AcDbEntity
  8
DIM
 62
4
100
AcDbMText
 10
16.383333333333333
 20
58.8
 30
0.0
 40
0.8333333333333334
 71
5
  1
32,40
  7
CJK
 50
90.0
  0
POINT
  5
B1A
330
B0F
100
AcDbEntity
  8
Defpoints
100
AcDbPoint
 10
17.0
 20
42.599999999999994
 30
0.0
  0
POINT
  5
B1B
330
B0F
100
AcDbEntity
  8
Defpoints
100
AcDbPoint
 10
23.666666666666668
 20
42.599999999999994
 30
0.0
  0
POINT
  5
B1C
330
B0F
100
AcDbEntity
  8
Defpoints
100
AcDbPoint
 10
20.666666666666668
 20
75.0
 30
0.0
  0
ENDBLK
  5
B11
330
B0F
100
AcDbEntity
  8
0
100
AcDbBlockEnd
  0
BLOCK
  5
B1F
330
B1E
100
AcDbEntity
  8
0
100
AcDbBlockBegin
  2
*D12
 70
1
 10
0.0
 20
0.0
 30
0.0
  3
*D12
  1

  0
LINE
  5
B21
330
B1E
100
AcDbEntity
  8
0
 62
4
100
AcDbLine
 10
20.666666666666668
 20
34.666666666666664
 30
0.0
 11
20.666666666666668
 21
27.833333333333332
 31
0.0
  0
LINE
  5
B22
330
B1E
100
AcDbEntity
  8
0
 62
4
100
AcDbLine
 10
24.236666666666665
 20
35.916666666666664
 30
0.0
 11
24.236666666666665
 21
27.833333333333332
 31
0.0
  0
INSERT
  5
B23
330
B1E
100
AcDbEntity
  8
DIM
 62
4
100
AcDbBlockReference
  2
_CLOSEDFILLED
 10
20.666666666666668
 20
28.333333333333332
 30
0.0
 41
0.8333333333333334
 42
0.8333333333333334
 50
180.0
  0
INSERT
  5
B25
330
B1E
100
AcDbEntity
  8
DIM
 62
4
100
AcDbBlockReference
  2
_CLOSEDFILLED
 10
24.236666666666665
 20
28.333333333333332
 30
0.0
 41
0.8333333333333334
 42
0.8333333333333334
  0
LINE
  5
B27
330
B1E
100
AcDbEntity
  8
0
 62
4
100
AcDbLine
 10
21.5
 20
28.333333333333332
 30
0.0
 11
23.403333333333332
 21
28.333333333333332
 31
0.0
  0
MTEXT
  5
B28
330
B1E
100
AcDbEntity
  8
DIM
 62
4
100
AcDbMText
 10
22.451666666666668
 20
28.95
 30
0.0
 40
0.8333333333333334
 71
5
  1
3,57
  7
CJK
  0
POINT
  5
B29
330
B1E
100
AcDbEntity
  8
Defpoints
100
AcDbPoint
 10
20.666666666666668
 20
28.333333333333332
 30
0.0
  0
POINT
  5
B2A
330
B1E
100
AcDbEntity
  8
Defpoints
100
AcDbPoint
 10
20.666666666666668
 20
35.0
 30
0.0
  0
POINT
  5
B2B
330
B1E
100
AcDbEntity
  8
Defpoints
100
AcDbPoint
 10
24.236666666666665
 20
36.25
 30
0.0
  0
ENDBLK
  5
B20
330
B1E
100
AcDbEntity
  8
0
100
AcDbBlockEnd
  0
BLOCK
  5
B2E
330
B2D
100
AcDbEntity
  8
0
100
AcDbBlockBegin
  2
*D13
 70
1
 10
0.0
 20
0.0
 30
0.0
  3
*D13
  1

  0
LINE
  5
B30
330
B2D
100
AcDbEntity
  8
0
 62
4
100
AcDbLine
 10
24.236666666666665
 20
35.916666666666664
 30
0.0
 11
24.236666666666665
 21
27.833333333333332
 31
0.0
  0
LINE
  5
B31
330
B2D
100
AcDbEntity
  8
0
 62
4
100
AcDbLine
 10
47.096666666666664
 20
35.916666666666664
 30
0.0
 11
47.096666666666664
 21
27.833333333333332
 31
0.0
  0
INSERT
  5
B32
330
B2D
100
AcDbEntity
  8
DIM
 62
4
100
AcDbBlockReference
  2
_CLOSEDFILLED
 10
24.236666666666665
 20
28.333333333333332
 30
0.0
 41
0.8333333333333334
 42
0.8333333333333334
 50
180.0
  0
INSERT
  5
B34
330
B2D
100
AcDbEntity
  8
DIM
 62
4
100
AcDbBlockReference
  2
_CLOSEDFILLED
 10
47.096666666666664
 20
28.333333333333332
 30
0.0
 41
0.8333333333333334
 42
0.8333333333333334
  0
LINE
  5
B36
330
B2D
100
AcDbEntity
  8
0
 62
4
100
AcDbLine
 10
25.069999999999997
 20
28.333333333333332
 30
0.0
 11
46.26333333333333
 21
28.333333333333332
 31
0.0
  0
MTEXT
  5
B37
330
B2D
100
AcDbEntity
  8
DIM
 62
4
100
AcDbMText
 10
35.666666666666664
 20
28.95
 30
0.0
 40
0.8333333333333334
 71
5
  1
9x2.54=22.86
  7
CJK
  0
POINT
  5
B38
330
B2D
100
AcDbEntity
  8
Defpoints
100
AcDbPoint
 10
24.236666666666665
 20
28.333333333333332
 30
0.0
  0
POINT
  5
B39
330
B2D
100
AcDbEntity
  8
Defpoints
100
AcDbPoint
 10
24.236666666666665
 20
36.25
 30
0.0
  0
POINT
  5
B3A
330
B2D
100
AcDbEntity
  8
Defpoints
100
AcDbPoint
 10
47.096666666666664
 20
36.25
 30
0.0
  0
ENDBLK
  5
B2F
330
B2D
100
AcDbEntity
  8
0
100
AcDbBlockEnd
  0
BLOCK
  5
B3D
330
B3C
100
AcDbEntity
  8
0
100
AcDbBlockBegin
  2
*D14
 70
1
 10
0.0
 20
0.0
 30
0.0
  3
*D14
  1

  0
LINE
  5
B3F
330
B3C
100
AcDbEntity
  8
0
 62
4
100
AcDbLine
 10
47.096666666666664
 20
35.916666666666664
 30
0.0
 11
47.096666666666664
 21
27.833333333333332
 31
0.0
  0
LINE
  5
B40
330
B3C
100
AcDbEntity
  8
0
 62
4
100
AcDbLine
 10
50.666666666666664
 20
34.666666666666664
 30
0.0
 11
50.666666666666664
 21
27.833333333333332
 31
0.0
  0
INSERT
  5
B41
330
B3C
100
AcDbEntity
  8
DIM
 62
4
100
AcDbBlockReference
  2
_CLOSEDFILLED
 10
47.096666666666664
 20
28.333333333333332
 30
0.0
 41
0.8333333333333334
 42
0.8333333333333334
 50
180.0
  0
INSERT
  5
B43
330
B3C
100
AcDbEntity
  8
DIM
 62
4
100
AcDbBlockReference
  2
_CLOSEDFILLED
 10
50.666666666666664
 20
28.333333333333332
 30
0.0
 41
0.8333333333333334
 42
0.8333333333333334
  0
LINE
  5
B45
330
B3C
100
AcDbEntity
  8
0
 62
4
100
AcDbLine
 10
47.93
 20
28.333333333333332
 30
0.0
 11
49.83333333333333
 21
28.333333333333332
 31
0.0
  0
MTEXT
  5
B46
330
B3C
100
AcDbEntity
  8
DIM
 62
4
100
AcDbMText
 10
48.88166666666666
 20
28.95
 30
0.0
 40
0.8333333333333334
 71
5
  1
3,57
  7
CJK
  0
POINT
  5
B47
330
B3C
100
AcDbEntity
  8
Defpoints
100
AcDbPoint
 10
47.096666666666664
 20
28.333333333333332
 30
0.0
  0
POINT
  5
B48
330
B3C
100
AcDbEntity
  8
Defpoints
100
AcDbPoint
 10
47.096666666666664
 20
36.25
 30
0.0
  0
POINT
  5
B49
330
B3C
100
AcDbEntity
  8
Defpoints
100
AcDbPoint
 10
50.666666666666664
 20
35.0
 30
0.0
  0
ENDBLK
  5
B3E
330
B3C
100
AcDbEntity
  8
0
100
AcDbBlockEnd
  0
BLOCK
  5
B4C
330
B4B
100
AcDbEntity
  8
0
100
AcDbBlockBegin
  2
*D15
 70
1
 10
0.0
 20
0.0
 30
0.0
  3
*D15
  1

  0
LINE
  5
B4E
330
B4B
100
AcDbEntity
  8
0
 62
4
100
AcDbLine
 10
24.236666666666665
 20
35.916666666666664
 30
0.0
 11
24.236666666666665
 21
24.833333333333332
 31
0.0
  0
LINE
  5
B4F
330
B4B
100
AcDbEntity
  8
0
 62
4
100
AcDbLine
 10
26.776666666666667
 20
35.916666666666664
 30
0.0
 11
26.776666666666667
 21
24.833333333333332
 31
0.0
  0
INSERT
  5
B50
330
B4B
100
AcDbEntity
  8
DIM
 62
4
100
AcDbBlockReference
  2
_CLOSEDFILLED
 10
24.236666666666665
 20
25.333333333333332
 30
0.0
 41
0.8333333333333334
 42
0.8333333333333334
 50
180.0
  0
INSERT
  5
B52
330
B4B
100
AcDbEntity
  8
DIM
 62
4
100
AcDbBlockReference
  2
_CLOSEDFILLED
 10
26.776666666666667
 20
25.333333333333332
 30
0.0
 41
0.8333333333333334
 42
0.8333333333333334
  0
LINE
  5
B54
330
B4B
100
AcDbEntity
  8
0
 62
4
100
AcDbLine
 10
25.069999999999997
 20
25.333333333333332
 30
0.0
 11
25.943333333333335
 21
25.333333333333332
 31
0.0
  0
MTEXT
  5
B55
330
B4B
100
AcDbEntity
  8
DIM
 62
4
100
AcDbMText
 10
25.506666666666668
 20
26.45
 30
0.0
 40
0.8333333333333334
 71
5
  1
2,54
  7
CJK
  0
POINT
  5
B56
330
B4B
100
AcDbEntity
  8
Defpoints
100
AcDbPoint
 10
24.236666666666665
 20
25.333333333333332
 30
0.0
  0
POINT
  5
B57
330
B4B
100
AcDbEntity
  8
Defpoints
100
AcDbPoint
 10
24.236666666666665
 20
36.25
 30
0.0
  0
POINT
  5
B58
330
B4B
100
AcDbEntity
  8
Defpoints
100
AcDbPoint
 10
26.776666666666667
 20
36.25
 30
0.0
  0
ENDBLK
  5
B4D
330
B4B
100
AcDbEntity
  8
0
100
AcDbBlockEnd
  0
BLOCK
  5
B5B
330
B5A
100
AcDbEntity
  8
0
100
AcDbBlockBegin
  2
*D16
 70
1
 10
0.0
 20
0.0
 30
0.0
  3
*D16
  1

  0
LINE
  5
B5D
330
B5A
100
AcDbEntity
  8
0
 62
4
100
AcDbLine
 10
51.0
 20
35.0
 30
0.0
 11
54.5
 21
35.0
 31
0.0
  0
LINE
  5
B5E
330
B5A
100
AcDbEntity
  8
0
 62
4
100
AcDbLine
 10
47.43
 20
36.25
 30
0.0
 11
54.5
 21
36.25
 31
0.0
  0
INSERT
  5
B5F
330
B5A
100
AcDbEntity
  8
DIM
 62
4
100
AcDbBlockReference
  2
_CLOSEDFILLED
 10
54.0
 20
35.0
 30
0.0
 41
0.8333333333333334
 42
0.8333333333333334
 50
90.0
  0
INSERT
  5
B61
330
B5A
100
AcDbEntity
  8
DIM
 62
4
100
AcDbBlockReference
  2
_CLOSEDFILLED
 10
54.0
 20
36.25
 30
0.0
 41
0.8333333333333334
 42
0.8333333333333334
 50
270.0
  0
LINE
  5
B63
330
B5A
100
AcDbEntity
  8
0
 62
4
100
AcDbLine
 10
54.0
 20
34.166666666666664
 30
0.0
 11
54.0
 21
33.333333333333336
 31
0.0
  0
LINE
  5
B64
330
B5A
100
AcDbEntity
  8
0
 62
4
100
AcDbLine
 10
54.0
 20
37.083333333333336
 30
0.0
 11
54.0
 21
37.916666666666664
 31
0.0
  0
LINE
  5
B65
330
B5A
100
AcDbEntity
  8
0
 62
4
100
AcDbLine
 10
54.0
 20
35.0
 30
0.0
 11
54.0
 21
36.25
 31
0.0
  0
MTEXT
  5
B66
330
B5A
100
AcDbEntity
  8
DIM
 62
4
100
AcDbMText
 10
52.88333333333333
 20
35.625
 30
0.0
 40
0.8333333333333334
 71
5
  1
1,25
  7
CJK
 50
90.0
  0
POINT
  5
B67
330
B5A
100
AcDbEntity
  8
Defpoints
100
AcDbPoint
 10
54.0
 20
35.0
 30
0.0
  0
POINT
  5
B68
330
B5A
100
AcDbEntity
  8
Defpoints
100
AcDbPoint
 10
50.666666666666664
 20
35.0
 30
0.0
  0
POINT
  5
B69
330
B5A
100
AcDbEntity
  8
Defpoints
100
AcDbPoint
 10
47.096666666666664
 20
36.25
 30
0.0
  0
ENDBLK
  5
B5C
330
B5A
100
AcDbEntity
  8
0
100
AcDbBlockEnd
  0
BLOCK
  5
ED0
330
ECF
100
AcDbEntity
  8
0
100
AcDbBlockBegin
  2
*D17
 70
1
 10
0.0
 20
0.0
 30
0.0
  3
*D17
  1

  0
LINE
  5
ED2
330
ECF
100
AcDbEntity
  8
0
 62
4
100
AcDbLine
 10
51.0
 20
14.498949284330001
 30
0.0
 11
54.5
 21
14.498949284330001
 31
0.0
  0
LINE
  5
ED3
330
ECF
100
AcDbEntity
  8
0
 62
4
100
AcDbLine
 10
51.0
 20
16.099000084432
 30
0.0
 11
54.5
 21
16.099000084432
 31
0.0
  0
INSERT
  5
ED4
330
ECF
100
AcDbEntity
  8
DIM
 62
4
100
AcDbBlockReference
  2
_CLOSEDFILLED
 10
54.0
 20
14.498949284330001
 30
0.0
 41
0.8333333333333334
 42
0.8333333333333334
 50
90.0
  0
INSERT
  5
ED6
330
ECF
100
AcDbEntity
  8
DIM
 62
4
100
AcDbBlockReference
  2
_CLOSEDFILLED
 10
54.0
 20
16.099000084432
 30
0.0
 41
0.8333333333333334
 42
0.8333333333333334
 50
270.0
  0
LINE
  5
ED8
330
ECF
100
AcDbEntity
  8
0
 62
4
100
AcDbLine
 10
54.0
 20
13.665615950996667
 30
0.0
 11
54.0
 21
12.832282617663335
 31
0.0
  0
LINE
  5
ED9
330
ECF
100
AcDbEntity
  8
0
 62
4
100
AcDbLine
 10
54.0
 20
16.93233341776533
 30
0.0
 11
54.0
 21
17.765666751098667
 31
0.0
  0
LINE
  5
EDA
330
ECF
100
AcDbEntity
  8
0
 62
4
100
AcDbLine
 10
54.0
 20
14.498949284330001
 30
0.0
 11
54.0
 21
16.099000084432
 31
0.0
  0
MTEXT
  5
EDB
330
ECF
100
AcDbEntity
  8
DIM
 62
4
100
AcDbMText
 10
52.88333333333333
 20
15.298974684381001
 30
0.0
 40
0.8333333333333334
 71
5
  1
1,60
  7
CJK
 50
90.0
  0
POINT
  5
EDC
330
ECF
100
AcDbEntity
  8
Defpoints
100
AcDbPoint
 10
54.0
 20
14.498949284330001
 30
0.0
  0
POINT
  5
EDD
330
ECF
100
AcDbEntity
  8
Defpoints
100
AcDbPoint
 10
50.666666666666664
 20
14.498949284330001
 30
0.0
  0
POINT
  5
EDE
330
ECF
100
AcDbEntity
  8
Defpoints
100
AcDbPoint
 10
50.666666666666664
 20
16.099000084432
 30
0.0
  0
ENDBLK
  5
ED1
330
ECF
100
AcDbEntity
  8
0
100
AcDbBlockEnd
  0
BLOCK
  5
EE1
330
EE0
100
AcDbEntity
  8
0
100
AcDbBlockBegin
  2
*D18
 70
1
 10
0.0
 20
0.0
 30
0.0
  3
*D18
  1

  0
LINE
  5
EE3
330
EE0
100
AcDbEntity
  8
0
 62
4
100
AcDbLine
 10
51.0
 20
14.498949284330001
 30
0.0
 11
58.5
 21
14.498949284330001
 31
0.0
  0
LINE
  5
EE4
330
EE0
100
AcDbEntity
  8
0
 62
4
100
AcDbLine
 10
51.0
 20
19.0
 30
0.0
 11
58.5
 21
19.0
 31
0.0
  0
INSERT
  5
EE5
330
EE0
100
AcDbEntity
  8
DIM
 62
4
100
AcDbBlockReference
  2
_CLOSEDFILLED
 10
58.0
 20
14.498949284330001
 30
0.0
 41
0.8333333333333334
 42
0.8333333333333334
 50
270.0
  0
INSERT
  5
EE7
330
EE0
100
AcDbEntity
  8
DIM
 62
4
100
AcDbBlockReference
  2
_CLOSEDFILLED
 10
58.0
 20
19.0
 30
0.0
 41
0.8333333333333334
 42
0.8333333333333334
 50
90.0
  0
LINE
  5
EE9
330
EE0
100
AcDbEntity
  8
0
 62
4
100
AcDbLine
 10
58.0
 20
15.332282617663335
 30
0.0
 11
58.0
 21
18.166666666666668
 31
0.0
  0
MTEXT
  5
EEA
330
EE0
100
AcDbEntity
  8
DIM
 62
4
100
AcDbMText
 10
57.38333333333333
 20
16.749474642165
 30
0.0
 40
0.8333333333333334
 71
5
  1
4,50
  7
CJK
 50
90.0
  0
POINT
  5
EEB
330
EE0
100
AcDbEntity
  8
Defpoints
100
AcDbPoint
 10
58.0
 20
14.498949284330001
 30
0.0
  0
POINT
  5
EEC
330
EE0
100
AcDbEntity
  8
Defpoints
100
AcDbPoint
 10
50.666666666666664
 20
14.498949284330001
 30
0.0
  0
POINT
  5
EED
330
EE0
100
AcDbEntity
  8
Defpoints
100
AcDbPoint
 10
50.666666666666664
 20
19.0
 30
0.0
  0
ENDBLK
  5
EE2
330
EE0
100
AcDbEntity
  8
0
100
AcDbBlockEnd
  0
BLOCK
  5
EF0
330
EEF
100
AcDbEntity
  8
0
100
AcDbBlockBegin
  2
*D19
 70
1
 10
0.0
 20
0.0
 30
0.0
  3
*D19
  1

  0
LINE
  5
EF2
330
EEF
100
AcDbEntity
  8
0
 62
4
100
AcDbLine
 10
20.919813330089333
 20
16.099000084432
 30
0.0
 11
16.833333333333332
 21
16.099000084432
 31
0.0
  0
LINE
  5
EF3
330
EEF
100
AcDbEntity
  8
0
 62
4
100
AcDbLine
 10
20.919813330089333
 20
19.0
 30
0.0
 11
16.833333333333332
 21
19.0
 31
0.0
  0
INSERT
  5
EF4
330
EEF
100
AcDbEntity
  8
DIM
 62
4
100
AcDbBlockReference
  2
_CLOSEDFILLED
 10
17.333333333333332
 20
16.099000084432
 30
0.0
 41
0.8333333333333334
 42
0.8333333333333334
 50
270.0
  0
INSERT
  5
EF6
330
EEF
100
AcDbEntity
  8
DIM
 62
4
100
AcDbBlockReference
  2
_CLOSEDFILLED
 10
17.333333333333332
 20
19.0
 30
0.0
 41
0.8333333333333334
 42
0.8333333333333334
 50
90.0
  0
LINE
  5
EF8
330
EEF
100
AcDbEntity
  8
0
 62
4
100
AcDbLine
 10
17.333333333333332
 20
16.93233341776533
 30
0.0
 11
17.333333333333332
 21
18.166666666666668
 31
0.0
  0
MTEXT
  5
EF9
330
EEF
100
AcDbEntity
  8
DIM
 62
4
100
AcDbMText
 10
16.216666666666665
 20
17.549500042216
 30
0.0
 40
0.8333333333333334
 71
5
  1
2,90
  7
CJK
 50
90.0
  0
POINT
  5
EFA
330
EEF
100
AcDbEntity
  8
Defpoints
100
AcDbPoint
 10
17.333333333333332
 20
16.099000084432
 30
0.0
  0
POINT
  5
EFB
330
EEF
100
AcDbEntity
  8
Defpoints
100
AcDbPoint
 10
21.253146663422665
 20
16.099000084432
 30
0.0
  0
POINT
  5
EFC
330
EEF
100
AcDbEntity
  8
Defpoints
100
AcDbPoint
 10
21.253146663422665
 20
19.0
 30
0.0
  0
ENDBLK
  5
EF1
330
EEF
100
AcDbEntity
  8
0
100
AcDbBlockEnd
  0
BLOCK
  5
1039
330
1038
100
AcDbEntity
  8
0
100
AcDbBlockBegin
  2
*D20
 70
1
 10
0.0
 20
0.0
 30
0.0
  3
*D20
  1

  0
LINE
  5
103B
330
1038
100
AcDbEntity
  8
0
 62
4
100
AcDbLine
 10
65.83438404900333
 20
34.666666666666664
 30
0.0
 11
65.83438404900333
 21
31.166666666666668
 31
0.0
  0
LINE
  5
103C
330
1038
100
AcDbEntity
  8
0
 62
4
100
AcDbLine
 10
64.23433324890134
 20
34.666666666666664
 30
0.0
 11
64.23433324890134
 21
31.166666666666668
 31
0.0
  0
INSERT
  5
103D
330
1038
100
AcDbEntity
  8
DIM
 62
4
100
AcDbBlockReference
  2
_CLOSEDFILLED
 10
65.83438404900333
 20
31.666666666666668
 30
0.0
 41
0.8333333333333334
 42
0.8333333333333334
  0
INSERT
  5
103F
330
1038
100
AcDbEntity
  8
DIM
 62
4
100
AcDbBlockReference
  2
_CLOSEDFILLED
 10
64.23433324890134
 20
31.666666666666668
 30
0.0
 41
0.8333333333333334
 42
0.8333333333333334
 50
180.0
  0
LINE
  5
1041
330
1038
100
AcDbEntity
  8
0
 62
4
100
AcDbLine
 10
66.66771738233666
 20
31.666666666666668
 30
0.0
 11
67.50105071567
 21
31.666666666666668
 31
0.0
  0
LINE
  5
1042
330
1038
100
AcDbEntity
  8
0
 62
4
100
AcDbLine
 10
63.400999915568
 20
31.666666666666668
 30
0.0
 11
62.56766658223467
 21
31.666666666666668
 31
0.0
  0
LINE
  5
1043
330
1038
100
AcDbEntity
  8
0
 62
4
100
AcDbLine
 10
65.83438404900333
 20
31.666666666666668
 30
0.0
 11
64.23433324890134
 21
31.666666666666668
 31
0.0
  0
MTEXT
  5
1044
330
1038
100
AcDbEntity
  8
DIM
 62
4
100
AcDbMText
 10
65.03435864895233
 20
30.55
 30
0.0
 40
0.8333333333333334
 71
5
  1
1,60
  7
CJK
  0
POINT
  5
1045
330
1038
100
AcDbEntity
  8
Defpoints
100
AcDbPoint
 10
65.83438404900333
 20
31.666666666666668
 30
0.0
  0
POINT
  5
1046
330
1038
100
AcDbEntity
  8
Defpoints
100
AcDbPoint
 10
65.83438404900333
 20
35.0
 30
0.0
  0
POINT
  5
1047
330
1038
100
AcDbEntity
  8
Defpoints
100
AcDbPoint
 10
64.23433324890134
 20
35.0
 30
0.0
  0
ENDBLK
  5
103A
330
1038
100
AcDbEntity
  8
0
100
AcDbBlockEnd
  0
BLOCK
  5
104A
330
1049
100
AcDbEntity
  8
0
100
AcDbBlockBegin
  2
*D21
 70
1
 10
0.0
 20
0.0
 30
0.0
  3
*D21
  1

  0
LINE
  5
104C
330
1049
100
AcDbEntity
  8
0
 62
4
100
AcDbLine
 10
65.83438404900333
 20
34.666666666666664
 30
0.0
 11
65.83438404900333
 21
27.833333333333332
 31
0.0
  0
LINE
  5
104D
330
1049
100
AcDbEntity
  8
0
 62
4
100
AcDbLine
 10
61.333333333333336
 20
34.666666666666664
 30
0.0
 11
61.333333333333336
 21
27.833333333333332
 31
0.0
  0
INSERT
  5
104E
330
1049
100
AcDbEntity
  8
DIM
 62
4
100
AcDbBlockReference
  2
_CLOSEDFILLED
 10
65.83438404900333
 20
28.333333333333332
 30
0.0
 41
0.8333333333333334
 42
0.8333333333333334
 50
180.0
  0
INSERT
  5
1050
330
1049
100
AcDbEntity
  8
DIM
 62
4
100
AcDbBlockReference
  2
_CLOSEDFILLED
 10
61.333333333333336
 20
28.333333333333332
 30
0.0
 41
0.8333333333333334
 42
0.8333333333333334
  0
LINE
  5
1052
330
1049
100
AcDbEntity
  8
0
 62
4
100
AcDbLine
 10
66.66771738233666
 20
28.333333333333332
 30
0.0
 11
60.5
 21
28.333333333333332
 31
0.0
  0
MTEXT
  5
1053
330
1049
100
AcDbEntity
  8
DIM
 62
4
100
AcDbMText
 10
63.58385869116833
 20
27.716666666666665
 30
0.0
 40
0.8333333333333334
 71
5
  1
4,50
  7
CJK
  0
POINT
  5
1054
330
1049
100
AcDbEntity
  8
Defpoints
100
AcDbPoint
 10
65.83438404900333
 20
28.333333333333332
 30
0.0
  0
POINT
  5
1055
330
1049
100
AcDbEntity
  8
Defpoints
100
AcDbPoint
 10
65.83438404900333
 20
35.0
 30
0.0
  0
POINT
  5
1056
330
1049
100
AcDbEntity
  8
Defpoints
100
AcDbPoint
 10
61.333333333333336
 20
35.0
 30
0.0
  0
ENDBLK
  5
104B
330
1049
100
AcDbEntity
  8
0
100
AcDbBlockEnd
  0
ENDSEC
  0
SECTION
  2
ENTITIES
  0
LWPOLYLINE
  5
93
330
17
100
AcDbEntity
  8
SHEET
100
AcDbPolyline
 90
5
 70
0
 10
3.3333333333333335
 20
3.3333333333333335
 10
136.66666666666666
 20
3.3333333333333335
 10
136.66666666666666
 20
95.66666666666667
 10
3.3333333333333335
 20
95.66666666666667
 10
3.3333333333333335
 20
3.3333333333333335
  0
LWPOLYLINE
  5
94
330
17
100
AcDbEntity
  8
SHEET
100
AcDbPolyline
 90
5
 70
0
 10
76.66666666666667
 20
3.3333333333333335
 10
136.66666666666666
 20
3.3333333333333335
 10
136.66666666666666
 20
15.333333333333334
 10
76.66666666666667
 20
15.333333333333334
 10
76.66666666666667
 20
3.3333333333333335
  0
LWPOLYLINE
  5
95
330
17
100
AcDbEntity
  8
SHEET
100
AcDbPolyline
 90
2
 70
0
 10
76.66666666666667
 20
7.333333333333333
 10
126.66666666666667
 20
7.333333333333333
  0
LWPOLYLINE
  5
96
330
17
100
AcDbEntity
  8
SHEET
100
AcDbPolyline
 90
2
 70
0
 10
76.66666666666667
 20
11.333333333333334
 10
126.66666666666667
 20
11.333333333333334
  0
LWPOLYLINE
  5
97
330
17
100
AcDbEntity
  8
SHEET
100
AcDbPolyline
 90
2
 70
0
 10
84.0
 20
3.3333333333333335
 10
84.0
 20
15.333333333333334
  0
LWPOLYLINE
  5
98
330
17
100
AcDbEntity
  8
SHEET
100
AcDbPolyline
 90
2
 70
0
 10
110.0
 20
3.3333333333333335
 10
110.0
 20
15.333333333333334
  0
LWPOLYLINE
  5
99
330
17
100
AcDbEntity
  8
SHEET
100
AcDbPolyline
 90
2
 70
0
 10
116.0
 20
3.3333333333333335
 10
116.0
 20
15.333333333333334
  0
LWPOLYLINE
  5
9A
330
17
100
AcDbEntity
  8
SHEET
100
AcDbPolyline
 90
2
 70
0
 10
126.66666666666667
 20
3.3333333333333335
 10
126.66666666666667
 20
15.333333333333334
  0
TEXT
  5
9B
330
17
100
AcDbEntity
  8
TEXT
100
AcDbText
 10
77.33333333333333
 20
12.733333333333334
 30
0.0
 40
0.6666666666666666
  1
PRODUCT
  7
CJK
 11
77.33333333333333
 21
12.733333333333334
 31
0.0
100
AcDbText
  0
TEXT
  5
9C
330
17
100
AcDbEntity
  8
TEXT
100
AcDbText
 10
84.66666666666667
 20
12.733333333333334
 30
0.0
 40
1.1333333333333333
  1
TK104 SD Card Reader
  7
CJK
 11
84.66666666666667
 21
12.733333333333334
 31
0.0
100
AcDbText
  0
TEXT
  5
9D
330
17
100
AcDbEntity
  8
TEXT
100
AcDbText
 10
110.66666666666667
 20
12.733333333333334
 30
0.0
 40
0.6666666666666666
  1
SCALE
  7
CJK
 11
110.66666666666667
 21
12.733333333333334
 31
0.0
100
AcDbText
  0
TEXT
  5
9E
330
17
100
AcDbEntity
  8
TEXT
100
AcDbText
 10
116.66666666666667
 20
12.733333333333334
 30
0.0
 40
0.9
  1
3:1
  7
CJK
 11
116.66666666666667
 21
12.733333333333334
 31
0.0
100
AcDbText
  0
TEXT
  5
9F
330
17
100
AcDbEntity
  8
TEXT
100
AcDbText
 10
77.33333333333333
 20
8.733333333333333
 30
0.0
 40
0.6666666666666666
  1
TITLE
  7
CJK
 11
77.33333333333333
 21
8.733333333333333
 31
0.0
100
AcDbText
  0
TEXT
  5
A0
330
17
100
AcDbEntity
  8
TEXT
100
AcDbText
 10
84.66666666666667
 20
8.733333333333333
 30
0.0
 40
0.9
  1
PCB MECHANICAL DRAWING
  7
CJK
 11
84.66666666666667
 21
8.733333333333333
 31
0.0
100
AcDbText
  0
TEXT
  5
A1
330
17
100
AcDbEntity
  8
TEXT
100
AcDbText
 10
110.66666666666667
 20
8.733333333333333
 30
0.0
 40
0.6666666666666666
  1
UNIT
  7
CJK
 11
110.66666666666667
 21
8.733333333333333
 31
0.0
100
AcDbText
  0
TEXT
  5
A2
330
17
100
AcDbEntity
  8
TEXT
100
AcDbText
 10
116.66666666666667
 20
8.733333333333333
 30
0.0
 40
0.9
  1
mm
  7
CJK
 11
116.66666666666667
 21
8.733333333333333
 31
0.0
100
AcDbText
  0
TEXT
  5
A3
330
17
100
AcDbEntity
  8
TEXT
100
AcDbText
 10
77.33333333333333
 20
4.733333333333333
 30
0.0
 40
0.6666666666666666
  1
COMPANY
  7
CJK
 11
77.33333333333333
 21
4.733333333333333
 31
0.0
100
AcDbText
  0
TEXT
  5
A4
330
17
100
AcDbEntity
  8
TEXT
100
AcDbText
 10
84.66666666666667
 20
4.733333333333333
 30
0.0
 40
0.9
  1
Lonely Binary
  7
CJK
 11
84.66666666666667
 21
4.733333333333333
 31
0.0
100
AcDbText
  0
TEXT
  5
A5
330
17
100
AcDbEntity
  8
TEXT
100
AcDbText
 10
110.66666666666667
 20
4.733333333333333
 30
0.0
 40
0.6666666666666666
  1
DATE
  7
CJK
 11
110.66666666666667
 21
4.733333333333333
 31
0.0
100
AcDbText
  0
TEXT
  5
A6
330
17
100
AcDbEntity
  8
TEXT
100
AcDbText
 10
116.66666666666667
 20
4.733333333333333
 30
0.0
 40
0.9
  1
2026-09-16
  7
CJK
 11
116.66666666666667
 21
4.733333333333333
 31
0.0
100
AcDbText
  0
CIRCLE
  5
A7
330
17
100
AcDbEntity
  8
SHEET
100
AcDbCircle
 10
129.0
 20
10.0
 30
0.0
 40
1.6666666666666667
  0
CIRCLE
  5
A8
330
17
100
AcDbEntity
  8
SHEET
100
AcDbCircle
 10
129.0
 20
10.0
 30
0.0
 40
0.8666666666666667
  0
LWPOLYLINE
  5
A9
330
17
100
AcDbEntity
  8
SHEET
100
AcDbPolyline
 90
5
 70
0
 10
131.33333333333334
 20
9.133333333333333
 10
135.33333333333334
 20
8.333333333333334
 10
135.33333333333334
 20
11.666666666666666
 10
131.33333333333334
 20
10.866666666666667
 10
131.33333333333334
 20
9.133333333333333
  0
LWPOLYLINE
  5
AA
330
17
100
AcDbEntity
  8
CENTER
100
AcDbPolyline
 90
2
 70
0
 10
126.66666666666667
 20
10.0
 10
136.0
 20
10.0
  0
TEXT
  5
AB
330
17
100
AcDbEntity
  8
TEXT
100
AcDbText
 10
131.66666666666666
 20
5.333333333333333
 30
0.0
 40
0.6666666666666666
  1
THIRD ANGLE
  7
CJK
 72
1
 11
131.66666666666666
 21
5.333333333333333
 31
0.0
100
AcDbText
  0
TEXT
  5
AC
330
17
100
AcDbEntity
  8
TEXT
100
AcDbText
 10
131.66666666666666
 20
4.166666666666667
 30
0.0
 40
0.6666666666666666
  1
PROJECTION
  7
CJK
 72
1
 11
131.66666666666666
 21
4.166666666666667
 31
0.0
100
AcDbText
  0
LWPOLYLINE
  5
AD
330
17
100
AcDbEntity
  8
PARTS
100
AcDbPolyline
 90
2
 70
0
 10
20.679366666666667
 20
74.98729999999999
 10
21.25316666666667
 20
74.98729999999999
  0
LWPOLYLINE
  5
AE
330
17
100
AcDbEntity
  8
PARTS
100
AcDbPolyline
 90
2
 70
0
 10
25.84396666666667
 20
74.98729999999999
 10
46.853166666666674
 20
74.98729999999999
  0
LWPOLYLINE
  5
AF
330
17
100
AcDbEntity
  8
PARTS
100
AcDbPolyline
 90
2
 70
0
 10
49.95316666666667
 20
74.98729999999999
 10
50.654066666666665
 20
74.98729999999999
  0
LWPOLYLINE
  5
B0
330
17
100
AcDbEntity
  8
PARTS
100
AcDbPolyline
 90
2
 70
0
 10
50.654066666666665
 20
74.98729999999999
 10
50.654066666666665
 20
35.0126
  0
LWPOLYLINE
  5
B1
330
17
100
AcDbEntity
  8
PARTS
100
AcDbPolyline
 90
2
 70
0
 10
50.654066666666665
 20
35.0126
 10
20.679366666666667
 20
35.0126
  0
LWPOLYLINE
  5
B2
330
17
100
AcDbEntity
  8
PARTS
100
AcDbPolyline
 90
2
 70
0
 10
20.679366666666667
 20
35.0126
 10
20.679366666666667
 20
74.98729999999999
  0
LWPOLYLINE
  5
B3
330
17
100
AcDbEntity
  8
PARTS
100
AcDbPolyline
 90
76
 70
0
 10
26.066666666666666
 20
42.5999
 10
26.064566666666668
 20
42.700399999999995
 10
26.05826666666667
 20
42.8008
 10
26.047766666666664
 20
42.9007
 10
26.033066666666667
 20
43.0002
 10
26.014266666666668
 20
43.09889999999999
 10
25.991266666666665
 20
43.196799999999996
 10
25.964266666666663
 20
43.2936
 10
25.933166666666665
 20
43.389199999999995
 10
25.89816666666667
 20
43.483399999999996
 10
25.859166666666667
 20
43.5761
 10
25.816366666666667
 20
43.6671
 10
25.76976666666667
 20
43.756099999999996
 10
25.719566666666665
 20
43.843199999999996
 10
25.665666666666667
 20
43.9281
 10
25.608266666666665
 20
44.01059999999999
 10
25.547566666666665
 20
44.0907
 10
25.48346666666667
 20
44.1681
 10
25.41616666666667
 20
44.24289999999999
 10
25.345866666666666
 20
44.314699999999995
 10
25.272566666666666
 20
44.3835
 10
25.196466666666666
 20
44.4492
 10
25.117666666666665
 20
44.511599999999994
 10
25.036366666666666
 20
44.570699999999995
 10
24.95266666666667
 20
44.62629999999999
 10
24.866666666666664
 20
44.67839999999999
 10
24.778566666666666
 20
44.7268
 10
24.688566666666663
 20
44.771499999999996
 10
24.596666666666668
 20
44.8124
 10
24.503266666666665
 20
44.849399999999996
 10
24.408266666666666
 20
44.88249999999999
 10
24.312066666666666
 20
44.9115
 10
24.21466666666667
 20
44.936499999999995
 10
24.116366666666664
 20
44.9574
 10
24.017266666666668
 20
44.974199999999996
 10
23.91756666666667
 20
44.986799999999995
 10
23.81736666666667
 20
44.99519999999999
 10
23.716966666666668
 20
44.9994
 10
23.616366666666664
 20
44.9994
 10
23.515966666666667
 20
44.99519999999999
 10
23.415766666666666
 20
44.986799999999995
 10
23.316066666666668
 20
44.974199999999996
 10
23.216966666666668
 20
44.9574
 10
23.118666666666666
 20
44.936499999999995
 10
23.021266666666666
 20
44.9115
 10
22.925066666666666
 20
44.88249999999999
 10
22.830066666666667
 20
44.849399999999996
 10
22.736666666666665
 20
44.8124
 10
22.64476666666667
 20
44.771499999999996
 10
22.554766666666666
 20
44.7268
 10
22.46666666666667
 20
44.67839999999999
 10
22.380666666666666
 20
44.62629999999999
 10
22.296966666666666
 20
44.570699999999995
 10
22.215666666666667
 20
44.511599999999994
 10
22.136866666666666
 20
44.4492
 10
22.060766666666666
 20
44.3835
 10
21.987466666666666
 20
44.314699999999995
 10
21.917166666666663
 20
44.24289999999999
 10
21.849866666666667
 20
44.1681
 10
21.785766666666664
 20
44.0907
 10
21.725066666666667
 20
44.01059999999999
 10
21.667666666666666
 20
43.9281
 10
21.613766666666667
 20
43.843199999999996
 10
21.56356666666667
 20
43.756099999999996
 10
21.516966666666665
 20
43.6671
 10
21.474166666666665
 20
43.5761
 10
21.435166666666664
 20
43.483399999999996
 10
21.400166666666667
 20
43.389199999999995
 10
21.36906666666667
 20
43.2936
 10
21.342066666666668
 20
43.196799999999996
 10
21.319066666666668
 20
43.09889999999999
 10
21.30026666666667
 20
43.0002
 10
21.285566666666668
 20
42.9007
 10
21.275066666666667
 20
42.8008
 10
21.268766666666668
 20
42.700399999999995
 10
21.266666666666666
 20
42.5999
  0
LWPOLYLINE
  5
B4
330
17
100
AcDbEntity
  8
PARTS
100
AcDbPolyline
 90
76
 70
0
 10
21.266666666666666
 20
42.5999
 10
21.268766666666668
 20
42.499399999999994
 10
21.275066666666667
 20
42.3991
 10
21.285566666666668
 20
42.299099999999996
 10
21.30026666666667
 20
42.1997
 10
21.319066666666668
 20
42.100899999999996
 10
21.342066666666668
 20
42.003099999999996
 10
21.36906666666667
 20
41.906299999999995
 10
21.400166666666667
 20
41.8107
 10
21.435166666666664
 20
41.7164
 10
21.474166666666665
 20
41.623799999999996
 10
21.516966666666665
 20
41.532799999999995
 10
21.56356666666667
 20
41.4437
 10
21.613766666666667
 20
41.3567
 10
21.667666666666666
 20
41.2718
 10
21.725066666666667
 20
41.1892
 10
21.785766666666664
 20
41.109199999999994
 10
21.849866666666667
 20
41.031699999999994
 10
21.917166666666663
 20
40.956999999999994
 10
21.987466666666666
 20
40.8852
 10
22.060766666666666
 20
40.816399999999994
 10
22.136866666666666
 20
40.750699999999995
 10
22.215666666666667
 20
40.6883
 10
22.296966666666666
 20
40.6292
 10
22.380666666666666
 20
40.573499999999996
 10
22.46666666666667
 20
40.521499999999996
 10
22.554766666666666
 20
40.473
 10
22.64476666666667
 20
40.4283
 10
22.736666666666665
 20
40.387499999999996
 10
22.830066666666667
 20
40.3505
 10
22.925066666666666
 20
40.3174
 10
23.021266666666666
 20
40.2883
 10
23.118666666666666
 20
40.263299999999994
 10
23.216966666666668
 20
40.242399999999996
 10
23.316066666666668
 20
40.225699999999996
 10
23.415766666666666
 20
40.2131
 10
23.515966666666667
 20
40.204699999999995
 10
23.616366666666664
 20
40.2005
 10
23.716966666666668
 20
40.2005
 10
23.81736666666667
 20
40.204699999999995
 10
23.91756666666667
 20
40.2131
 10
24.017266666666668
 20
40.225699999999996
 10
24.116366666666664
 20
40.242399999999996
 10
24.21466666666667
 20
40.263299999999994
 10
24.312066666666666
 20
40.2883
 10
24.408266666666666
 20
40.3174
 10
24.503266666666665
 20
40.3505
 10
24.596666666666668
 20
40.387499999999996
 10
24.688566666666663
 20
40.4283
 10
24.778566666666666
 20
40.473
 10
24.866666666666664
 20
40.521499999999996
 10
24.95266666666667
 20
40.573499999999996
 10
25.036366666666666
 20
40.6292
 10
25.117666666666665
 20
40.6883
 10
25.196466666666666
 20
40.750699999999995
 10
25.272566666666666
 20
40.816399999999994
 10
25.345866666666666
 20
40.8852
 10
25.41616666666667
 20
40.956999999999994
 10
25.48346666666667
 20
41.031699999999994
 10
25.547566666666665
 20
41.109199999999994
 10
25.608266666666665
 20
41.1892
 10
25.665666666666667
 20
41.2718
 10
25.719566666666665
 20
41.3567
 10
25.76976666666667
 20
41.4437
 10
25.816366666666667
 20
41.532799999999995
 10
25.859166666666667
 20
41.623799999999996
 10
25.89816666666667
 20
41.7164
 10
25.933166666666665
 20
41.8107
 10
25.964266666666663
 20
41.906299999999995
 10
25.991266666666665
 20
42.003099999999996
 10
26.014266666666668
 20
42.100899999999996
 10
26.033066666666667
 20
42.1997
 10
26.047766666666664
 20
42.299099999999996
 10
26.05826666666667
 20
42.3991
 10
26.064566666666668
 20
42.499399999999994
 10
26.066666666666666
 20
42.5999
  0
LWPOLYLINE
  5
B5
330
17
100
AcDbEntity
  8
PARTS
100
AcDbPolyline
 90
15
 70
0
 10
24.686666666666667
 20
36.2499
 10
24.675366666666665
 20
36.3501
 10
24.642066666666665
 20
36.4452
 10
24.588466666666665
 20
36.530499999999996
 10
24.517266666666668
 20
36.601699999999994
 10
24.431966666666668
 20
36.6554
 10
24.336766666666666
 20
36.688599999999994
 10
24.236666666666665
 20
36.6999
 10
24.136566666666667
 20
36.688599999999994
 10
24.041466666666665
 20
36.6554
 10
23.95606666666667
 20
36.601699999999994
 10
23.884866666666667
 20
36.530499999999996
 10
23.831266666666664
 20
36.4452
 10
23.797966666666667
 20
36.3501
 10
23.786666666666665
 20
36.2499
  0
LWPOLYLINE
  5
B6
330
17
100
AcDbEntity
  8
PARTS
100
AcDbPolyline
 90
15
 70
0
 10
23.786666666666665
 20
36.2499
 10
23.797966666666667
 20
36.1498
 10
23.831266666666664
 20
36.0547
 10
23.884866666666667
 20
35.9694
 10
23.95606666666667
 20
35.8981
 10
24.041466666666665
 20
35.8445
 10
24.136566666666667
 20
35.8112
 10
24.236666666666665
 20
35.799899999999994
 10
24.336766666666666
 20
35.8112
 10
24.431966666666668
 20
35.8445
 10
24.517266666666668
 20
35.8981
 10
24.588466666666665
 20
35.9694
 10
24.642066666666665
 20
36.0547
 10
24.675366666666665
 20
36.1498
 10
24.686666666666667
 20
36.2499
  0
LWPOLYLINE
  5
B7
330
17
100
AcDbEntity
  8
PARTS
100
AcDbPolyline
 90
15
 70
0
 10
27.22666666666667
 20
36.2499
 10
27.215366666666668
 20
36.3501
 10
27.182066666666667
 20
36.4452
 10
27.128466666666668
 20
36.530499999999996
 10
27.057266666666667
 20
36.601699999999994
 10
26.971966666666663
 20
36.6554
 10
26.87676666666667
 20
36.688599999999994
 10
26.776666666666667
 20
36.6999
 10
26.676566666666663
 20
36.688599999999994
 10
26.581466666666667
 20
36.6554
 10
26.496066666666668
 20
36.601699999999994
 10
26.424866666666663
 20
36.530499999999996
 10
26.371266666666667
 20
36.4452
 10
26.33796666666667
 20
36.3501
 10
26.326666666666668
 20
36.2499
  0
LWPOLYLINE
  5
B8
330
17
100
AcDbEntity
  8
PARTS
100
AcDbPolyline
 90
15
 70
0
 10
26.326666666666668
 20
36.2499
 10
26.33796666666667
 20
36.1498
 10
26.371266666666667
 20
36.0547
 10
26.424866666666663
 20
35.9694
 10
26.496066666666668
 20
35.8981
 10
26.581466666666667
 20
35.8445
 10
26.676566666666663
 20
35.8112
 10
26.776666666666667
 20
35.799899999999994
 10
26.87676666666667
 20
35.8112
 10
26.971966666666663
 20
35.8445
 10
27.057266666666667
 20
35.8981
 10
27.128466666666668
 20
35.9694
 10
27.182066666666667
 20
36.0547
 10
27.215366666666668
 20
36.1498
 10
27.22666666666667
 20
36.2499
  0
LWPOLYLINE
  5
B9
330
17
100
AcDbEntity
  8
PARTS
100
AcDbPolyline
 90
15
 70
0
 10
29.766666666666666
 20
36.2499
 10
29.755366666666664
 20
36.3501
 10
29.722166666666666
 20
36.4452
 10
29.668466666666664
 20
36.530499999999996
 10
29.597266666666666
 20
36.601699999999994
 10
29.511966666666666
 20
36.6554
 10
29.416866666666664
 20
36.688599999999994
 10
29.316666666666666
 20
36.6999
 10
29.216566666666665
 20
36.688599999999994
 10
29.121466666666667
 20
36.6554
 10
29.03606666666667
 20
36.601699999999994
 10
28.964866666666666
 20
36.530499999999996
 10
28.911266666666666
 20
36.4452
 10
28.877966666666666
 20
36.3501
 10
28.866666666666664
 20
36.2499
  0
LWPOLYLINE
  5
BA
330
17
100
AcDbEntity
  8
PARTS
100
AcDbPolyline
 90
15
 70
0
 10
28.866666666666664
 20
36.2499
 10
28.877966666666666
 20
36.1498
 10
28.911266666666666
 20
36.0547
 10
28.964866666666666
 20
35.9694
 10
29.03606666666667
 20
35.8981
 10
29.121466666666667
 20
35.8445
 10
29.216566666666665
 20
35.8112
 10
29.316666666666666
 20
35.799899999999994
 10
29.416866666666664
 20
35.8112
 10
29.511966666666666
 20
35.8445
 10
29.597266666666666
 20
35.8981
 10
29.668466666666664
 20
35.9694
 10
29.722166666666666
 20
36.0547
 10
29.755366666666664
 20
36.1498
 10
29.766666666666666
 20
36.2499
  0
LWPOLYLINE
  5
BB
330
17
100
AcDbEntity
  8
PARTS
100
AcDbPolyline
 90
15
 70
0
 10
32.306666666666665
 20
36.2499
 10
32.295366666666666
 20
36.3501
 10
32.262166666666666
 20
36.4452
 10
32.208466666666666
 20
36.530499999999996
 10
32.13726666666667
 20
36.601699999999994
 10
32.051966666666665
 20
36.6554
 10
31.956866666666667
 20
36.688599999999994
 10
31.856666666666666
 20
36.6999
 10
31.756566666666668
 20
36.688599999999994
 10
31.661466666666666
 20
36.6554
 10
31.576166666666666
 20
36.601699999999994
 10
31.50486666666667
 20
36.530499999999996
 10
31.45126666666667
 20
36.4452
 10
31.41796666666667
 20
36.3501
 10
31.406666666666666
 20
36.2499
  0
LWPOLYLINE
  5
BC
330
17
100
AcDbEntity
  8
PARTS
100
AcDbPolyline
 90
15
 70
0
 10
31.406666666666666
 20
36.2499
 10
31.41796666666667
 20
36.1498
 10
31.45126666666667
 20
36.0547
 10
31.50486666666667
 20
35.9694
 10
31.576166666666666
 20
35.8981
 10
31.661466666666666
 20
35.8445
 10
31.756566666666668
 20
35.8112
 10
31.856666666666666
 20
35.799899999999994
 10
31.956866666666667
 20
35.8112
 10
32.051966666666665
 20
35.8445
 10
32.13726666666667
 20
35.8981
 10
32.208466666666666
 20
35.9694
 10
32.262166666666666
 20
36.0547
 10
32.295366666666666
 20
36.1498
 10
32.306666666666665
 20
36.2499
  0
LWPOLYLINE
  5
BD
330
17
100
AcDbEntity
  8
PARTS
100
AcDbPolyline
 90
15
 70
0
 10
34.846666666666664
 20
36.2499
 10
34.835366666666665
 20
36.3501
 10
34.802166666666665
 20
36.4452
 10
34.74856666666667
 20
36.530499999999996
 10
34.67726666666667
 20
36.601699999999994
 10
34.59196666666667
 20
36.6554
 10
34.49686666666667
 20
36.688599999999994
 10
34.39666666666667
 20
36.6999
 10
34.29656666666667
 20
36.688599999999994
 10
34.20146666666667
 20
36.6554
 10
34.116166666666665
 20
36.601699999999994
 10
34.04486666666667
 20
36.530499999999996
 10
33.99126666666667
 20
36.4452
 10
33.957966666666664
 20
36.3501
 10
33.946666666666665
 20
36.2499
  0
LWPOLYLINE
  5
BE
330
17
100
AcDbEntity
  8
PARTS
100
AcDbPolyline
 90
15
 70
0
 10
33.946666666666665
 20
36.2499
 10
33.957966666666664
 20
36.1498
 10
33.99126666666667
 20
36.0547
 10
34.04486666666667
 20
35.9694
 10
34.116166666666665
 20
35.8981
 10
34.20146666666667
 20
35.8445
 10
34.29656666666667
 20
35.8112
 10
34.39666666666667
 20
35.799899999999994
 10
34.49686666666667
 20
35.8112
 10
34.59196666666667
 20
35.8445
 10
34.67726666666667
 20
35.8981
 10
34.74856666666667
 20
35.9694
 10
34.802166666666665
 20
36.0547
 10
34.835366666666665
 20
36.1498
 10
34.846666666666664
 20
36.2499
  0
LWPOLYLINE
  5
BF
330
17
100
AcDbEntity
  8
PARTS
100
AcDbPolyline
 90
15
 70
0
 10
37.38666666666666
 20
36.2499
 10
37.37546666666667
 20
36.3501
 10
37.342166666666664
 20
36.4452
 10
37.28856666666667
 20
36.530499999999996
 10
37.21726666666667
 20
36.601699999999994
 10
37.13196666666666
 20
36.6554
 10
37.03686666666667
 20
36.688599999999994
 10
36.93666666666667
 20
36.6999
 10
36.83656666666666
 20
36.688599999999994
 10
36.74146666666667
 20
36.6554
 10
36.65616666666667
 20
36.601699999999994
 10
36.58486666666667
 20
36.530499999999996
 10
36.53126666666667
 20
36.4452
 10
36.49796666666666
 20
36.3501
 10
36.48666666666667
 20
36.2499
  0
LWPOLYLINE
  5
C0
330
17
100
AcDbEntity
  8
PARTS
100
AcDbPolyline
 90
15
 70
0
 10
36.48666666666667
 20
36.2499
 10
36.49796666666666
 20
36.1498
 10
36.53126666666667
 20
36.0547
 10
36.58486666666667
 20
35.9694
 10
36.65616666666667
 20
35.8981
 10
36.74146666666667
 20
35.8445
 10
36.83656666666666
 20
35.8112
 10
36.93666666666667
 20
35.799899999999994
 10
37.03686666666667
 20
35.8112
 10
37.13196666666666
 20
35.8445
 10
37.21726666666667
 20
35.8981
 10
37.28856666666667
 20
35.9694
 10
37.342166666666664
 20
36.0547
 10
37.37546666666667
 20
36.1498
 10
37.38666666666666
 20
36.2499
  0
LWPOLYLINE
  5
C1
330
17
100
AcDbEntity
  8
PARTS
100
AcDbPolyline
 90
15
 70
0
 10
39.92666666666667
 20
36.2499
 10
39.91546666666667
 20
36.3501
 10
39.88216666666667
 20
36.4452
 10
39.82856666666667
 20
36.530499999999996
 10
39.757266666666666
 20
36.601699999999994
 10
39.67196666666666
 20
36.6554
 10
39.57686666666667
 20
36.688599999999994
 10
39.47666666666667
 20
36.6999
 10
39.37656666666667
 20
36.688599999999994
 10
39.28146666666667
 20
36.6554
 10
39.19616666666666
 20
36.601699999999994
 10
39.12486666666667
 20
36.530499999999996
 10
39.071266666666666
 20
36.4452
 10
39.03796666666667
 20
36.3501
 10
39.026666666666664
 20
36.2499
  0
LWPOLYLINE
  5
C2
330
17
100
AcDbEntity
  8
PARTS
100
AcDbPolyline
 90
15
 70
0
 10
39.026666666666664
 20
36.2499
 10
39.03796666666667
 20
36.1498
 10
39.071266666666666
 20
36.0547
 10
39.12486666666667
 20
35.9694
 10
39.19616666666666
 20
35.8981
 10
39.28146666666667
 20
35.8445
 10
39.37656666666667
 20
35.8112
 10
39.47666666666667
 20
35.799899999999994
 10
39.57686666666667
 20
35.8112
 10
39.67196666666666
 20
35.8445
 10
39.757266666666666
 20
35.8981
 10
39.82856666666667
 20
35.9694
 10
39.88216666666667
 20
36.0547
 10
39.91546666666667
 20
36.1498
 10
39.92666666666667
 20
36.2499
  0
LWPOLYLINE
  5
C3
330
17
100
AcDbEntity
  8
PARTS
100
AcDbPolyline
 90
15
 70
0
 10
42.46666666666667
 20
36.2499
 10
42.455466666666666
 20
36.3501
 10
42.42216666666667
 20
36.4452
 10
42.368566666666666
 20
36.530499999999996
 10
42.297266666666665
 20
36.601699999999994
 10
42.21196666666667
 20
36.6554
 10
42.11686666666667
 20
36.688599999999994
 10
42.01666666666667
 20
36.6999
 10
41.91656666666667
 20
36.688599999999994
 10
41.82146666666667
 20
36.6554
 10
41.73616666666667
 20
36.601699999999994
 10
41.66486666666667
 20
36.530499999999996
 10
41.611266666666666
 20
36.4452
 10
41.57796666666667
 20
36.3501
 10
41.56666666666666
 20
36.2499
  0
LWPOLYLINE
  5
C4
330
17
100
AcDbEntity
  8
PARTS
100
AcDbPolyline
 90
15
 70
0
 10
41.56666666666666
 20
36.2499
 10
41.57796666666667
 20
36.1498
 10
41.611266666666666
 20
36.0547
 10
41.66486666666667
 20
35.9694
 10
41.73616666666667
 20
35.8981
 10
41.82146666666667
 20
35.8445
 10
41.91656666666667
 20
35.8112
 10
42.01666666666667
 20
35.799899999999994
 10
42.11686666666667
 20
35.8112
 10
42.21196666666667
 20
35.8445
 10
42.297266666666665
 20
35.8981
 10
42.368566666666666
 20
35.9694
 10
42.42216666666667
 20
36.0547
 10
42.455466666666666
 20
36.1498
 10
42.46666666666667
 20
36.2499
  0
LWPOLYLINE
  5
C5
330
17
100
AcDbEntity
  8
PARTS
100
AcDbPolyline
 90
15
 70
0
 10
45.00666666666666
 20
36.2499
 10
44.995466666666665
 20
36.3501
 10
44.96216666666667
 20
36.4452
 10
44.90856666666667
 20
36.530499999999996
 10
44.837266666666665
 20
36.601699999999994
 10
44.75196666666667
 20
36.6554
 10
44.656866666666666
 20
36.688599999999994
 10
44.55666666666667
 20
36.6999
 10
44.45656666666667
 20
36.688599999999994
 10
44.36146666666667
 20
36.6554
 10
44.276166666666676
 20
36.601699999999994
 10
44.20486666666667
 20
36.530499999999996
 10
44.151266666666665
 20
36.4452
 10
44.11796666666667
 20
36.3501
 10
44.10666666666666
 20
36.2499
  0
LWPOLYLINE
  5
C6
330
17
100
AcDbEntity
  8
PARTS
100
AcDbPolyline
 90
15
 70
0
 10
44.10666666666666
 20
36.2499
 10
44.11796666666667
 20
36.1498
 10
44.151266666666665
 20
36.0547
 10
44.20486666666667
 20
35.9694
 10
44.276166666666676
 20
35.8981
 10
44.36146666666667
 20
35.8445
 10
44.45656666666667
 20
35.8112
 10
44.55666666666667
 20
35.799899999999994
 10
44.656866666666666
 20
35.8112
 10
44.75196666666667
 20
35.8445
 10
44.837266666666665
 20
35.8981
 10
44.90856666666667
 20
35.9694
 10
44.96216666666667
 20
36.0547
 10
44.995466666666665
 20
36.1498
 10
45.00666666666666
 20
36.2499
  0
LWPOLYLINE
  5
C7
330
17
100
AcDbEntity
  8
PARTS
100
AcDbPolyline
 90
76
 70
0
 10
50.066766666666666
 20
42.5999
 10
50.064666666666675
 20
42.700399999999995
 10
50.05826666666667
 20
42.8008
 10
50.04776666666667
 20
42.9007
 10
50.03306666666666
 20
43.0002
 10
50.014266666666664
 20
43.09889999999999
 10
49.991366666666664
 20
43.196799999999996
 10
49.96426666666667
 20
43.2936
 10
49.93326666666667
 20
43.389199999999995
 10
49.89816666666667
 20
43.483399999999996
 10
49.85926666666666
 20
43.5761
 10
49.81646666666666
 20
43.6671
 10
49.769866666666665
 20
43.756099999999996
 10
49.71956666666667
 20
43.843199999999996
 10
49.66576666666666
 20
43.9281
 10
49.608366666666676
 20
44.01059999999999
 10
49.54756666666666
 20
44.0907
 10
49.483466666666665
 20
44.1681
 10
49.41626666666667
 20
44.24289999999999
 10
49.345866666666666
 20
44.314699999999995
 10
49.27266666666667
 20
44.3835
 10
49.19656666666666
 20
44.4492
 10
49.11776666666666
 20
44.511599999999994
 10
49.03646666666666
 20
44.570699999999995
 10
48.952666666666666
 20
44.62629999999999
 10
48.86676666666667
 20
44.67839999999999
 10
48.77866666666667
 20
44.7268
 10
48.68856666666667
 20
44.771499999999996
 10
48.59676666666667
 20
44.8124
 10
48.50326666666666
 20
44.849399999999996
 10
48.408366666666666
 20
44.88249999999999
 10
48.31216666666666
 20
44.9115
 10
48.21476666666666
 20
44.936499999999995
 10
48.11646666666667
 20
44.9574
 10
48.01736666666667
 20
44.974199999999996
 10
47.917566666666666
 20
44.986799999999995
 10
47.81746666666667
 20
44.99519999999999
 10
47.71696666666667
 20
44.9994
 10
47.61646666666667
 20
44.9994
 10
47.51606666666667
 20
44.99519999999999
 10
47.41586666666666
 20
44.986799999999995
 10
47.31616666666667
 20
44.974199999999996
 10
47.21696666666667
 20
44.9574
 10
47.11866666666666
 20
44.936499999999995
 10
47.02126666666667
 20
44.9115
 10
46.92506666666667
 20
44.88249999999999
 10
46.83016666666666
 20
44.849399999999996
 10
46.73666666666667
 20
44.8124
 10
46.644866666666665
 20
44.771499999999996
 10
46.554766666666666
 20
44.7268
 10
46.46676666666667
 20
44.67839999999999
 10
46.38076666666666
 20
44.62629999999999
 10
46.29696666666666
 20
44.570699999999995
 10
46.215666666666664
 20
44.511599999999994
 10
46.13686666666666
 20
44.4492
 10
46.060766666666666
 20
44.3835
 10
45.98756666666667
 20
44.314699999999995
 10
45.91716666666667
 20
44.24289999999999
 10
45.84996666666666
 20
44.1681
 10
45.785866666666664
 20
44.0907
 10
45.72506666666666
 20
44.01059999999999
 10
45.66766666666666
 20
43.9281
 10
45.61386666666667
 20
43.843199999999996
 10
45.56356666666667
 20
43.756099999999996
 10
45.51696666666667
 20
43.6671
 10
45.47416666666667
 20
43.5761
 10
45.43526666666667
 20
43.483399999999996
 10
45.40016666666667
 20
43.389199999999995
 10
45.36916666666667
 20
43.2936
 10
45.342066666666675
 20
43.196799999999996
 10
45.31916666666666
 20
43.09889999999999
 10
45.30036666666666
 20
43.0002
 10
45.285666666666664
 20
42.9007
 10
45.27516666666667
 20
42.8008
 10
45.26886666666667
 20
42.700399999999995
 10
45.26666666666667
 20
42.5999
  0
LWPOLYLINE
  5
C8
330
17
100
AcDbEntity
  8
PARTS
100
AcDbPolyline
 90
76
 70
0
 10
45.26666666666667
 20
42.5999
 10
45.26886666666667
 20
42.499399999999994
 10
45.27516666666667
 20
42.3991
 10
45.285666666666664
 20
42.299099999999996
 10
45.30036666666666
 20
42.1997
 10
45.31916666666666
 20
42.100899999999996
 10
45.342066666666675
 20
42.003099999999996
 10
45.36916666666667
 20
41.906299999999995
 10
45.40016666666667
 20
41.8107
 10
45.43526666666667
 20
41.7164
 10
45.47416666666667
 20
41.623799999999996
 10
45.51696666666667
 20
41.532799999999995
 10
45.56356666666667
 20
41.4437
 10
45.61386666666667
 20
41.3567
 10
45.66766666666666
 20
41.2718
 10
45.72506666666666
 20
41.1892
 10
45.785866666666664
 20
41.109199999999994
 10
45.84996666666666
 20
41.031699999999994
 10
45.91716666666667
 20
40.956999999999994
 10
45.98756666666667
 20
40.8852
 10
46.060766666666666
 20
40.816399999999994
 10
46.13686666666666
 20
40.750699999999995
 10
46.215666666666664
 20
40.6883
 10
46.29696666666666
 20
40.6292
 10
46.38076666666666
 20
40.573499999999996
 10
46.46676666666667
 20
40.521499999999996
 10
46.554766666666666
 20
40.473
 10
46.644866666666665
 20
40.4283
 10
46.73666666666667
 20
40.387499999999996
 10
46.83016666666666
 20
40.3505
 10
46.92506666666667
 20
40.3174
 10
47.02126666666667
 20
40.2883
 10
47.11866666666666
 20
40.263299999999994
 10
47.21696666666667
 20
40.242399999999996
 10
47.31616666666667
 20
40.225699999999996
 10
47.41586666666666
 20
40.2131
 10
47.51606666666667
 20
40.204699999999995
 10
47.61646666666667
 20
40.2005
 10
47.71696666666667
 20
40.2005
 10
47.81746666666667
 20
40.204699999999995
 10
47.917566666666666
 20
40.2131
 10
48.01736666666667
 20
40.225699999999996
 10
48.11646666666667
 20
40.242399999999996
 10
48.21476666666666
 20
40.263299999999994
 10
48.31216666666666
 20
40.2883
 10
48.408366666666666
 20
40.3174
 10
48.50326666666666
 20
40.3505
 10
48.59676666666667
 20
40.387499999999996
 10
48.68856666666667
 20
40.4283
 10
48.77866666666667
 20
40.473
 10
48.86676666666667
 20
40.521499999999996
 10
48.952666666666666
 20
40.573499999999996
 10
49.03646666666666
 20
40.6292
 10
49.11776666666666
 20
40.6883
 10
49.19656666666666
 20
40.750699999999995
 10
49.27266666666667
 20
40.816399999999994
 10
49.345866666666666
 20
40.8852
 10
49.41626666666667
 20
40.956999999999994
 10
49.483466666666665
 20
41.031699999999994
 10
49.54756666666666
 20
41.109199999999994
 10
49.608366666666676
 20
41.1892
 10
49.66576666666666
 20
41.2718
 10
49.71956666666667
 20
41.3567
 10
49.769866666666665
 20
41.4437
 10
49.81646666666666
 20
41.532799999999995
 10
49.85926666666666
 20
41.623799999999996
 10
49.89816666666667
 20
41.7164
 10
49.93326666666667
 20
41.8107
 10
49.96426666666667
 20
41.906299999999995
 10
49.991366666666664
 20
42.003099999999996
 10
50.014266666666664
 20
42.100899999999996
 10
50.03306666666666
 20
42.1997
 10
50.04776666666667
 20
42.299099999999996
 10
50.05826666666667
 20
42.3991
 10
50.064666666666675
 20
42.499399999999994
 10
50.066766666666666
 20
42.5999
  0
LWPOLYLINE
  5
C9
330
17
100
AcDbEntity
  8
PARTS
100
AcDbPolyline
 90
15
 70
0
 10
47.54676666666666
 20
36.2499
 10
47.53546666666667
 20
36.3501
 10
47.502166666666675
 20
36.4452
 10
47.448566666666665
 20
36.530499999999996
 10
47.377266666666664
 20
36.601699999999994
 10
47.29196666666667
 20
36.6554
 10
47.196866666666665
 20
36.688599999999994
 10
47.09676666666667
 20
36.6999
 10
46.996566666666666
 20
36.688599999999994
 10
46.901466666666664
 20
36.6554
 10
46.81616666666667
 20
36.601699999999994
 10
46.74486666666667
 20
36.530499999999996
 10
46.69126666666667
 20
36.4452
 10
46.657966666666674
 20
36.3501
 10
46.64676666666667
 20
36.2499
  0
LWPOLYLINE
  5
CA
330
17
100
AcDbEntity
  8
PARTS
100
AcDbPolyline
 90
15
 70
0
 10
46.64676666666667
 20
36.2499
 10
46.657966666666674
 20
36.1498
 10
46.69126666666667
 20
36.0547
 10
46.74486666666667
 20
35.9694
 10
46.81616666666667
 20
35.8981
 10
46.901466666666664
 20
35.8445
 10
46.996566666666666
 20
35.8112
 10
47.09676666666667
 20
35.799899999999994
 10
47.196866666666665
 20
35.8112
 10
47.29196666666667
 20
35.8445
 10
47.377266666666664
 20
35.8981
 10
47.448566666666665
 20
35.9694
 10
47.502166666666675
 20
36.0547
 10
47.53546666666667
 20
36.1498
 10
47.54676666666666
 20
36.2499
  0
LWPOLYLINE
  5
CB
330
17
100
AcDbEntity
  8
PARTS
100
AcDbPolyline
 90
2
 70
0
 10
36.35516666666667
 20
44.0019
 10
36.34676666666667
 20
44.0019
  0
LWPOLYLINE
  5
CC
330
17
100
AcDbEntity
  8
PARTS
100
AcDbPolyline
 90
2
 70
0
 10
36.378366666666665
 20
44.0019
 10
36.35516666666667
 20
44.0019
  0
LWPOLYLINE
  5
CD
330
17
100
AcDbEntity
  8
PARTS
100
AcDbPolyline
 90
2
 70
0
 10
36.34676666666667
 20
44.0019
 10
36.32346666666667
 20
44.0019
  0
LWPOLYLINE
  5
CE
330
17
100
AcDbEntity
  8
PARTS
100
AcDbPolyline
 90
2
 70
0
 10
36.24706666666666
 20
44.0019
 10
36.24366666666666
 20
44.0019
  0
LWPOLYLINE
  5
CF
330
17
100
AcDbEntity
  8
PARTS
100
AcDbPolyline
 90
2
 70
0
 10
36.18456666666666
 20
44.0019
 10
36.18246666666667
 20
44.0019
  0
LWPOLYLINE
  5
D0
330
17
100
AcDbEntity
  8
PARTS
100
AcDbPolyline
 90
2
 70
0
 10
36.194066666666664
 20
44.0019
 10
36.18456666666666
 20
44.0019
  0
LWPOLYLINE
  5
D1
330
17
100
AcDbEntity
  8
PARTS
100
AcDbPolyline
 90
2
 70
0
 10
36.14266666666666
 20
44.0019
 10
36.14266666666666
 20
44.0019
  0
LWPOLYLINE
  5
D2
330
17
100
AcDbEntity
  8
PARTS
100
AcDbPolyline
 90
2
 70
0
 10
36.14756666666667
 20
44.0019
 10
36.14266666666666
 20
44.0019
  0
LWPOLYLINE
  5
D3
330
17
100
AcDbEntity
  8
PARTS
100
AcDbPolyline
 90
2
 70
0
 10
36.14966666666667
 20
44.0019
 10
36.14756666666667
 20
44.0019
  0
LWPOLYLINE
  5
D4
330
17
100
AcDbEntity
  8
PARTS
100
AcDbPolyline
 90
2
 70
0
 10
36.21146666666667
 20
44.0019
 10
36.194066666666664
 20
44.0019
  0
LWPOLYLINE
  5
D5
330
17
100
AcDbEntity
  8
PARTS
100
AcDbPolyline
 90
2
 70
0
 10
36.23446666666667
 20
44.0019
 10
36.21146666666667
 20
44.0019
  0
LWPOLYLINE
  5
D6
330
17
100
AcDbEntity
  8
PARTS
100
AcDbPolyline
 90
2
 70
0
 10
36.24366666666666
 20
44.0019
 10
36.23446666666667
 20
44.0019
  0
LWPOLYLINE
  5
D7
330
17
100
AcDbEntity
  8
PARTS
100
AcDbPolyline
 90
2
 70
0
 10
35.457166666666666
 20
44.0019
 10
35.53366666666667
 20
44.0019
  0
LWPOLYLINE
  5
D8
330
17
100
AcDbEntity
  8
PARTS
100
AcDbPolyline
 90
2
 70
0
 10
35.53366666666667
 20
44.0019
 10
35.73036666666667
 20
44.0019
  0
LWPOLYLINE
  5
D9
330
17
100
AcDbEntity
  8
PARTS
100
AcDbPolyline
 90
2
 70
0
 10
36.00716666666667
 20
44.0019
 10
36.05716666666667
 20
44.0019
  0
LWPOLYLINE
  5
DA
330
17
100
AcDbEntity
  8
PARTS
100
AcDbPolyline
 90
2
 70
0
 10
36.08996666666667
 20
44.0019
 10
36.091766666666665
 20
44.0019
  0
LWPOLYLINE
  5
DB
330
17
100
AcDbEntity
  8
PARTS
100
AcDbPolyline
 90
2
 70
0
 10
36.13746666666667
 20
44.0019
 10
36.14266666666666
 20
44.0019
  0
LWPOLYLINE
  5
DC
330
17
100
AcDbEntity
  8
PARTS
100
AcDbPolyline
 90
2
 70
0
 10
36.32006666666667
 20
44.0019
 10
36.32346666666667
 20
44.0019
  0
LWPOLYLINE
  5
DD
330
17
100
AcDbEntity
  8
PARTS
100
AcDbPolyline
 90
2
 70
0
 10
36.378366666666665
 20
44.0019
 10
36.53366666666667
 20
44.0019
  0
LWPOLYLINE
  5
DE
330
17
100
AcDbEntity
  8
PARTS
100
AcDbPolyline
 90
2
 70
0
 10
36.610166666666665
 20
44.0019
 10
36.53366666666667
 20
44.0019
  0
LWPOLYLINE
  5
DF
330
17
100
AcDbEntity
  8
PARTS
100
AcDbPolyline
 90
2
 70
0
 10
36.610166666666665
 20
44.0019
 10
35.457166666666666
 20
44.0019
  0
LWPOLYLINE
  5
E0
330
17
100
AcDbEntity
  8
PARTS
100
AcDbPolyline
 90
2
 70
0
 10
36.08926666666667
 20
44.0019
 10
36.06496666666667
 20
44.0019
  0
LWPOLYLINE
  5
E1
330
17
100
AcDbEntity
  8
PARTS
100
AcDbPolyline
 90
2
 70
0
 10
36.06496666666667
 20
44.0019
 10
36.05716666666667
 20
44.0019
  0
LWPOLYLINE
  5
E2
330
17
100
AcDbEntity
  8
PARTS
100
AcDbPolyline
 90
2
 70
0
 10
36.100566666666666
 20
44.0019
 10
36.091766666666665
 20
44.0019
  0
LWPOLYLINE
  5
E3
330
17
100
AcDbEntity
  8
PARTS
100
AcDbPolyline
 90
2
 70
0
 10
36.123066666666666
 20
44.0019
 10
36.100566666666666
 20
44.0019
  0
LWPOLYLINE
  5
E4
330
17
100
AcDbEntity
  8
PARTS
100
AcDbPolyline
 90
2
 70
0
 10
36.13746666666667
 20
44.0019
 10
36.123066666666666
 20
44.0019
  0
LWPOLYLINE
  5
E5
330
17
100
AcDbEntity
  8
PARTS
100
AcDbPolyline
 90
2
 70
0
 10
36.18246666666667
 20
44.0019
 10
36.18116666666666
 20
44.0019
  0
LWPOLYLINE
  5
E6
330
17
100
AcDbEntity
  8
PARTS
100
AcDbPolyline
 90
2
 70
0
 10
36.18116666666666
 20
44.0019
 10
36.14966666666667
 20
44.0019
  0
LWPOLYLINE
  5
E7
330
17
100
AcDbEntity
  8
PARTS
100
AcDbPolyline
 90
2
 70
0
 10
36.27876666666666
 20
44.0019
 10
36.27036666666667
 20
44.0019
  0
LWPOLYLINE
  5
E8
330
17
100
AcDbEntity
  8
PARTS
100
AcDbPolyline
 90
2
 70
0
 10
36.301966666666665
 20
44.0019
 10
36.27876666666666
 20
44.0019
  0
LWPOLYLINE
  5
E9
330
17
100
AcDbEntity
  8
PARTS
100
AcDbPolyline
 90
2
 70
0
 10
36.27036666666667
 20
44.0019
 10
36.24706666666666
 20
44.0019
  0
LWPOLYLINE
  5
EA
330
17
100
AcDbEntity
  8
PARTS
100
AcDbPolyline
 90
2
 70
0
 10
36.08996666666667
 20
44.0019
 10
36.08926666666667
 20
44.0019
  0
LWPOLYLINE
  5
EB
330
17
100
AcDbEntity
  8
PARTS
100
AcDbPolyline
 90
2
 70
0
 10
36.31086666666667
 20
44.0019
 10
36.301966666666665
 20
44.0019
  0
LWPOLYLINE
  5
EC
330
17
100
AcDbEntity
  8
PARTS
100
AcDbPolyline
 90
2
 70
0
 10
36.32006666666667
 20
44.0019
 10
36.31086666666667
 20
44.0019
  0
LWPOLYLINE
  5
ED
330
17
100
AcDbEntity
  8
PARTS
100
AcDbPolyline
 90
2
 70
0
 10
35.964166666666664
 20
44.0019
 10
35.94076666666667
 20
44.0019
  0
LWPOLYLINE
  5
EE
330
17
100
AcDbEntity
  8
PARTS
100
AcDbPolyline
 90
2
 70
0
 10
36.00716666666667
 20
44.0019
 10
35.964166666666664
 20
44.0019
  0
LWPOLYLINE
  5
EF
330
17
100
AcDbEntity
  8
PARTS
100
AcDbPolyline
 90
2
 70
0
 10
35.750766666666664
 20
44.0019
 10
35.73036666666667
 20
44.0019
  0
LWPOLYLINE
  5
F0
330
17
100
AcDbEntity
  8
PARTS
100
AcDbPolyline
 90
2
 70
0
 10
35.800666666666665
 20
44.0019
 10
35.750766666666664
 20
44.0019
  0
LWPOLYLINE
  5
F1
330
17
100
AcDbEntity
  8
PARTS
100
AcDbPolyline
 90
2
 70
0
 10
35.81066666666667
 20
44.0019
 10
35.800666666666665
 20
44.0019
  0
LWPOLYLINE
  5
F2
330
17
100
AcDbEntity
  8
PARTS
100
AcDbPolyline
 90
2
 70
0
 10
35.829766666666664
 20
44.0019
 10
35.81066666666667
 20
44.0019
  0
LWPOLYLINE
  5
F3
330
17
100
AcDbEntity
  8
PARTS
100
AcDbPolyline
 90
2
 70
0
 10
35.881766666666664
 20
44.0019
 10
35.829766666666664
 20
44.0019
  0
LWPOLYLINE
  5
F4
330
17
100
AcDbEntity
  8
PARTS
100
AcDbPolyline
 90
2
 70
0
 10
35.94076666666667
 20
44.0019
 10
35.881766666666664
 20
44.0019
  0
LWPOLYLINE
  5
F5
330
17
100
AcDbEntity
  8
PARTS
100
AcDbPolyline
 90
2
 70
0
 10
36.62716666666667
 20
45.2619
 10
36.62586666666667
 20
45.2673
  0
LWPOLYLINE
  5
F6
330
17
100
AcDbEntity
  8
PARTS
100
AcDbPolyline
 90
2
 70
0
 10
36.624266666666664
 20
45.271899999999995
 10
36.620466666666665
 20
45.278999999999996
  0
LWPOLYLINE
  5
F7
330
17
100
AcDbEntity
  8
PARTS
100
AcDbPolyline
 90
2
 70
0
 10
36.617466666666665
 20
45.281499999999994
 10
36.61566666666667
 20
45.2819
  0
LWPOLYLINE
  5
F8
330
17
100
AcDbEntity
  8
PARTS
100
AcDbPolyline
 90
2
 70
0
 10
36.983666666666664
 20
45.2819
 10
36.61566666666667
 20
45.2819
  0
LWPOLYLINE
  5
F9
330
17
100
AcDbEntity
  8
PARTS
100
AcDbPolyline
 90
2
 70
0
 10
36.62586666666667
 20
43.9966
 10
36.626266666666666
 20
43.9982
  0
LWPOLYLINE
  5
FA
330
17
100
AcDbEntity
  8
PARTS
100
AcDbPolyline
 90
2
 70
0
 10
36.61986666666667
 20
44.01689999999999
 10
36.61566666666667
 20
44.0319
  0
LWPOLYLINE
  5
FB
330
17
100
AcDbEntity
  8
PARTS
100
AcDbPolyline
 90
2
 70
0
 10
36.61566666666667
 20
43.981899999999996
 10
36.61766666666667
 20
43.982499999999995
  0
LWPOLYLINE
  5
FC
330
17
100
AcDbEntity
  8
PARTS
100
AcDbPolyline
 90
2
 70
0
 10
36.61566666666667
 20
43.981899999999996
 10
36.53366666666667
 20
43.981899999999996
  0
LWPOLYLINE
  5
FD
330
17
100
AcDbEntity
  8
PARTS
100
AcDbPolyline
 90
2
 70
0
 10
36.53366666666667
 20
43.981899999999996
 10
36.61566666666667
 20
43.981899999999996
  0
LWPOLYLINE
  5
FE
330
17
100
AcDbEntity
  8
PARTS
100
AcDbPolyline
 90
2
 70
0
 10
36.983666666666664
 20
43.981899999999996
 10
36.61566666666667
 20
43.981899999999996
  0
LWPOLYLINE
  5
FF
330
17
100
AcDbEntity
  8
PARTS
100
AcDbPolyline
 90
13
 70
0
 10
36.61566666666667
 20
45.231899999999996
 10
36.59076666666667
 20
45.1338
 10
36.57026666666667
 20
45.034699999999994
 10
36.55426666666667
 20
44.93469999999999
 10
36.54286666666667
 20
44.8341
 10
36.53596666666667
 20
44.7331
 10
36.53366666666667
 20
44.6319
 10
36.53596666666667
 20
44.530699999999996
 10
36.54286666666667
 20
44.4297
 10
36.55426666666667
 20
44.329100000000004
 10
36.57026666666667
 20
44.2292
 10
36.59076666666667
 20
44.129999999999995
 10
36.61566666666667
 20
44.0319
  0
LWPOLYLINE
  5
100
330
17
100
AcDbEntity
  8
PARTS
100
AcDbPolyline
 90
2
 70
0
 10
36.61566666666667
 20
45.2819
 10
36.53366666666667
 20
45.2819
  0
LWPOLYLINE
  5
101
330
17
100
AcDbEntity
  8
PARTS
100
AcDbPolyline
 90
2
 70
0
 10
36.53366666666667
 20
45.2819
 10
36.61566666666667
 20
45.2819
  0
LWPOLYLINE
  5
102
330
17
100
AcDbEntity
  8
PARTS
100
AcDbPolyline
 90
2
 70
0
 10
36.61566666666667
 20
45.2819
 10
36.983666666666664
 20
45.2819
  0
LWPOLYLINE
  5
103
330
17
100
AcDbEntity
  8
PARTS
100
AcDbPolyline
 90
2
 70
0
 10
36.62716666666667
 20
45.2619
 10
36.624266666666664
 20
45.2619
  0
LWPOLYLINE
  5
104
330
17
100
AcDbEntity
  8
PARTS
100
AcDbPolyline
 90
2
 70
0
 10
36.624266666666664
 20
45.2619
 10
36.61566666666667
 20
45.231899999999996
  0
LWPOLYLINE
  5
105
330
17
100
AcDbEntity
  8
PARTS
100
AcDbPolyline
 90
2
 70
0
 10
36.61566666666667
 20
45.2819
 10
36.624266666666664
 20
45.271899999999995
  0
LWPOLYLINE
  5
106
330
17
100
AcDbEntity
  8
PARTS
100
AcDbPolyline
 90
2
 70
0
 10
36.624266666666664
 20
45.271899999999995
 10
36.62716666666667
 20
45.271899999999995
  0
LWPOLYLINE
  5
107
330
17
100
AcDbEntity
  8
PARTS
100
AcDbPolyline
 90
2
 70
0
 10
36.62716666666667
 20
45.271899999999995
 10
36.62586666666667
 20
45.2673
  0
LWPOLYLINE
  5
108
330
17
100
AcDbEntity
  8
PARTS
100
AcDbPolyline
 90
2
 70
0
 10
36.62586666666667
 20
45.2673
 10
36.62716666666667
 20
45.2619
  0
LWPOLYLINE
  5
109
330
17
100
AcDbEntity
  8
PARTS
100
AcDbPolyline
 90
2
 70
0
 10
36.62716666666667
 20
43.991899999999994
 10
36.624266666666664
 20
43.991899999999994
  0
LWPOLYLINE
  5
10A
330
17
100
AcDbEntity
  8
PARTS
100
AcDbPolyline
 90
2
 70
0
 10
36.624266666666664
 20
43.991899999999994
 10
36.61566666666667
 20
43.981899999999996
  0
LWPOLYLINE
  5
10B
330
17
100
AcDbEntity
  8
PARTS
100
AcDbPolyline
 90
2
 70
0
 10
36.61566666666667
 20
44.0319
 10
36.624266666666664
 20
44.0019
  0
LWPOLYLINE
  5
10C
330
17
100
AcDbEntity
  8
PARTS
100
AcDbPolyline
 90
2
 70
0
 10
36.624266666666664
 20
44.0019
 10
36.62716666666667
 20
44.0019
  0
LWPOLYLINE
  5
10D
330
17
100
AcDbEntity
  8
PARTS
100
AcDbPolyline
 90
2
 70
0
 10
36.62716666666667
 20
44.0019
 10
36.62586666666667
 20
43.9966
  0
LWPOLYLINE
  5
10E
330
17
100
AcDbEntity
  8
PARTS
100
AcDbPolyline
 90
2
 70
0
 10
36.62586666666667
 20
43.9966
 10
36.62716666666667
 20
43.991899999999994
  0
LWPOLYLINE
  5
10F
330
17
100
AcDbEntity
  8
PARTS
100
AcDbPolyline
 90
2
 70
0
 10
35.53366666666667
 20
45.2619
 10
35.457166666666666
 20
45.2619
  0
LWPOLYLINE
  5
110
330
17
100
AcDbEntity
  8
PARTS
100
AcDbPolyline
 90
2
 70
0
 10
35.457166666666666
 20
45.2619
 10
36.610166666666665
 20
45.2619
  0
LWPOLYLINE
  5
111
330
17
100
AcDbEntity
  8
PARTS
100
AcDbPolyline
 90
2
 70
0
 10
36.53366666666667
 20
45.2619
 10
36.610166666666665
 20
45.2619
  0
LWPOLYLINE
  5
112
330
17
100
AcDbEntity
  8
PARTS
100
AcDbPolyline
 90
2
 70
0
 10
36.53366666666667
 20
45.2619
 10
35.53366666666667
 20
45.2619
  0
LWPOLYLINE
  5
113
330
17
100
AcDbEntity
  8
PARTS
100
AcDbPolyline
 90
2
 70
0
 10
35.451766666666664
 20
45.2819
 10
35.53366666666667
 20
45.2819
  0
LWPOLYLINE
  5
114
330
17
100
AcDbEntity
  8
PARTS
100
AcDbPolyline
 90
2
 70
0
 10
35.53366666666667
 20
45.2819
 10
35.451766666666664
 20
45.2819
  0
LWPOLYLINE
  5
115
330
17
100
AcDbEntity
  8
PARTS
100
AcDbPolyline
 90
2
 70
0
 10
35.451766666666664
 20
45.2819
 10
35.083666666666666
 20
45.2819
  0
LWPOLYLINE
  5
116
330
17
100
AcDbEntity
  8
PARTS
100
AcDbPolyline
 90
2
 70
0
 10
35.083666666666666
 20
45.2819
 10
35.451766666666664
 20
45.2819
  0
LWPOLYLINE
  5
117
330
17
100
AcDbEntity
  8
PARTS
100
AcDbPolyline
 90
13
 70
0
 10
35.451766666666664
 20
45.231899999999996
 10
35.47666666666667
 20
45.1338
 10
35.497166666666665
 20
45.034699999999994
 10
35.51306666666667
 20
44.93469999999999
 10
35.524566666666665
 20
44.8341
 10
35.53136666666666
 20
44.7331
 10
35.53366666666667
 20
44.6319
 10
35.53136666666666
 20
44.530699999999996
 10
35.524566666666665
 20
44.4297
 10
35.51306666666667
 20
44.329100000000004
 10
35.497166666666665
 20
44.2292
 10
35.47666666666667
 20
44.129999999999995
 10
35.451766666666664
 20
44.0319
  0
LWPOLYLINE
  5
118
330
17
100
AcDbEntity
  8
PARTS
100
AcDbPolyline
 90
2
 70
0
 10
35.451766666666664
 20
43.981899999999996
 10
35.53366666666667
 20
43.981899999999996
  0
LWPOLYLINE
  5
119
330
17
100
AcDbEntity
  8
PARTS
100
AcDbPolyline
 90
2
 70
0
 10
35.53366666666667
 20
43.981899999999996
 10
35.451766666666664
 20
43.981899999999996
  0
LWPOLYLINE
  5
11A
330
17
100
AcDbEntity
  8
PARTS
100
AcDbPolyline
 90
2
 70
0
 10
35.451766666666664
 20
43.981899999999996
 10
35.083666666666666
 20
43.981899999999996
  0
LWPOLYLINE
  5
11B
330
17
100
AcDbEntity
  8
PARTS
100
AcDbPolyline
 90
2
 70
0
 10
35.447466666666664
 20
44.01689999999999
 10
35.451766666666664
 20
44.0319
  0
LWPOLYLINE
  5
11C
330
17
100
AcDbEntity
  8
PARTS
100
AcDbPolyline
 90
2
 70
0
 10
35.03366666666667
 20
44.0319
 10
35.03366666666667
 20
45.231899999999996
  0
LWPOLYLINE
  5
11D
330
17
100
AcDbEntity
  8
PARTS
100
AcDbPolyline
 90
2
 70
0
 10
35.451766666666664
 20
44.0319
 10
35.44316666666666
 20
44.0019
  0
LWPOLYLINE
  5
11E
330
17
100
AcDbEntity
  8
PARTS
100
AcDbPolyline
 90
2
 70
0
 10
35.44316666666666
 20
43.991899999999994
 10
35.451766666666664
 20
43.981899999999996
  0
LWPOLYLINE
  5
11F
330
17
100
AcDbEntity
  8
PARTS
100
AcDbPolyline
 90
2
 70
0
 10
35.44316666666666
 20
43.991899999999994
 10
35.44016666666667
 20
43.991899999999994
  0
LWPOLYLINE
  5
120
330
17
100
AcDbEntity
  8
PARTS
100
AcDbPolyline
 90
2
 70
0
 10
35.44156666666667
 20
43.9966
 10
35.44016666666667
 20
43.991899999999994
  0
LWPOLYLINE
  5
121
330
17
100
AcDbEntity
  8
PARTS
100
AcDbPolyline
 90
2
 70
0
 10
35.44016666666667
 20
44.0019
 10
35.44156666666667
 20
43.9966
  0
LWPOLYLINE
  5
122
330
17
100
AcDbEntity
  8
PARTS
100
AcDbPolyline
 90
2
 70
0
 10
35.44016666666667
 20
44.0019
 10
35.44316666666666
 20
44.0019
  0
LWPOLYLINE
  5
123
330
17
100
AcDbEntity
  8
PARTS
100
AcDbPolyline
 90
2
 70
0
 10
35.44766666666667
 20
43.98409999999999
 10
35.44526666666667
 20
43.98749999999999
  0
LWPOLYLINE
  5
124
330
17
100
AcDbEntity
  8
PARTS
100
AcDbPolyline
 90
2
 70
0
 10
35.03366666666667
 20
44.0319
 10
35.083666666666666
 20
43.981899999999996
  0
LWPOLYLINE
  5
125
330
17
100
AcDbEntity
  8
PARTS
100
AcDbPolyline
 90
2
 70
0
 10
35.451766666666664
 20
45.2819
 10
35.44316666666666
 20
45.271899999999995
  0
LWPOLYLINE
  5
126
330
17
100
AcDbEntity
  8
PARTS
100
AcDbPolyline
 90
2
 70
0
 10
35.44316666666666
 20
45.2619
 10
35.451766666666664
 20
45.231899999999996
  0
LWPOLYLINE
  5
127
330
17
100
AcDbEntity
  8
PARTS
100
AcDbPolyline
 90
2
 70
0
 10
35.44316666666666
 20
45.2619
 10
35.44016666666667
 20
45.2619
  0
LWPOLYLINE
  5
128
330
17
100
AcDbEntity
  8
PARTS
100
AcDbPolyline
 90
2
 70
0
 10
35.44156666666667
 20
45.2673
 10
35.44016666666667
 20
45.2619
  0
LWPOLYLINE
  5
129
330
17
100
AcDbEntity
  8
PARTS
100
AcDbPolyline
 90
2
 70
0
 10
35.44016666666667
 20
45.271899999999995
 10
35.44156666666667
 20
45.2673
  0
LWPOLYLINE
  5
12A
330
17
100
AcDbEntity
  8
PARTS
100
AcDbPolyline
 90
2
 70
0
 10
35.44016666666667
 20
45.271899999999995
 10
35.44316666666666
 20
45.271899999999995
  0
LWPOLYLINE
  5
12B
330
17
100
AcDbEntity
  8
PARTS
100
AcDbPolyline
 90
2
 70
0
 10
35.447466666666664
 20
45.279599999999995
 10
35.451766666666664
 20
45.2819
  0
LWPOLYLINE
  5
12C
330
17
100
AcDbEntity
  8
PARTS
100
AcDbPolyline
 90
2
 70
0
 10
35.44016666666667
 20
45.2619
 10
35.44156666666667
 20
45.2673
  0
LWPOLYLINE
  5
12D
330
17
100
AcDbEntity
  8
PARTS
100
AcDbPolyline
 90
2
 70
0
 10
35.03366666666667
 20
45.231899999999996
 10
35.083666666666666
 20
45.2819
  0
LWPOLYLINE
  5
12E
330
17
100
AcDbEntity
  8
PARTS
100
AcDbPolyline
 90
2
 70
0
 10
35.446866666666665
 20
44.01489999999999
 10
35.44736666666667
 20
44.016600000000004
  0
LWPOLYLINE
  5
12F
330
17
100
AcDbEntity
  8
PARTS
100
AcDbPolyline
 90
2
 70
0
 10
35.44316666666666
 20
45.2619
 10
35.44316666666666
 20
45.271899999999995
  0
LWPOLYLINE
  5
130
330
17
100
AcDbEntity
  8
PARTS
100
AcDbPolyline
 90
2
 70
0
 10
35.44736666666667
 20
45.247299999999996
 10
35.457166666666666
 20
45.2619
  0
LWPOLYLINE
  5
131
330
17
100
AcDbEntity
  8
PARTS
100
AcDbPolyline
 90
2
 70
0
 10
35.457166666666666
 20
44.0019
 10
35.44736666666667
 20
44.016600000000004
  0
LWPOLYLINE
  5
132
330
17
100
AcDbEntity
  8
PARTS
100
AcDbPolyline
 90
2
 70
0
 10
35.44316666666666
 20
44.0019
 10
35.44316666666666
 20
43.991899999999994
  0
LWPOLYLINE
  5
133
330
17
100
AcDbEntity
  8
PARTS
100
AcDbPolyline
 90
2
 70
0
 10
35.44316666666666
 20
45.2619
 10
35.44156666666667
 20
45.2673
  0
LWPOLYLINE
  5
134
330
17
100
AcDbEntity
  8
PARTS
100
AcDbPolyline
 90
2
 70
0
 10
35.44016666666667
 20
45.271899999999995
 10
35.44096666666667
 20
45.269499999999994
  0
LWPOLYLINE
  5
135
330
17
100
AcDbEntity
  8
PARTS
100
AcDbPolyline
 90
2
 70
0
 10
35.44156666666667
 20
45.2673
 10
35.44316666666666
 20
45.2619
  0
LWPOLYLINE
  5
136
330
17
100
AcDbEntity
  8
PARTS
100
AcDbPolyline
 90
2
 70
0
 10
35.44316666666666
 20
44.0019
 10
35.44156666666667
 20
43.9966
  0
LWPOLYLINE
  5
137
330
17
100
AcDbEntity
  8
PARTS
100
AcDbPolyline
 90
2
 70
0
 10
35.44096666666667
 20
43.99439999999999
 10
35.44016666666667
 20
43.991899999999994
  0
LWPOLYLINE
  5
138
330
17
100
AcDbEntity
  8
PARTS
100
AcDbPolyline
 90
2
 70
0
 10
35.44316666666666
 20
44.0019
 10
35.44156666666667
 20
43.9966
  0
LWPOLYLINE
  5
139
330
17
100
AcDbEntity
  8
PARTS
100
AcDbPolyline
 90
2
 70
0
 10
37.03366666666667
 20
45.231899999999996
 10
37.03366666666667
 20
44.0319
  0
LWPOLYLINE
  5
13A
330
17
100
AcDbEntity
  8
PARTS
100
AcDbPolyline
 90
2
 70
0
 10
37.03366666666667
 20
45.231899999999996
 10
36.983666666666664
 20
45.2819
  0
LWPOLYLINE
  5
13B
330
17
100
AcDbEntity
  8
PARTS
100
AcDbPolyline
 90
2
 70
0
 10
37.03366666666667
 20
44.0319
 10
36.983666666666664
 20
43.981899999999996
  0
LWPOLYLINE
  5
13C
330
17
100
AcDbEntity
  8
PARTS
100
AcDbPolyline
 90
2
 70
0
 10
36.62276666666667
 20
45.2568
 10
36.61996666666667
 20
45.247299999999996
  0
LWPOLYLINE
  5
13D
330
17
100
AcDbEntity
  8
PARTS
100
AcDbPolyline
 90
2
 70
0
 10
36.620466666666665
 20
44.01489999999999
 10
36.61996666666667
 20
44.016600000000004
  0
LWPOLYLINE
  5
13E
330
17
100
AcDbEntity
  8
PARTS
100
AcDbPolyline
 90
2
 70
0
 10
36.610166666666665
 20
45.2619
 10
36.61996666666667
 20
45.247299999999996
  0
LWPOLYLINE
  5
13F
330
17
100
AcDbEntity
  8
PARTS
100
AcDbPolyline
 90
2
 70
0
 10
36.624266666666664
 20
45.2619
 10
36.624266666666664
 20
45.271899999999995
  0
LWPOLYLINE
  5
140
330
17
100
AcDbEntity
  8
PARTS
100
AcDbPolyline
 90
2
 70
0
 10
36.624266666666664
 20
44.0019
 10
36.624266666666664
 20
43.991899999999994
  0
LWPOLYLINE
  5
141
330
17
100
AcDbEntity
  8
PARTS
100
AcDbPolyline
 90
2
 70
0
 10
36.61996666666667
 20
44.016600000000004
 10
36.610166666666665
 20
44.0019
  0
LWPOLYLINE
  5
142
330
17
100
AcDbEntity
  8
PARTS
100
AcDbPolyline
 90
2
 70
0
 10
36.62586666666667
 20
43.9966
 10
36.624266666666664
 20
44.0019
  0
LWPOLYLINE
  5
143
330
17
100
AcDbEntity
  8
PARTS
100
AcDbPolyline
 90
2
 70
0
 10
36.624266666666664
 20
44.0019
 10
36.62586666666667
 20
43.9966
  0
LWPOLYLINE
  5
144
330
17
100
AcDbEntity
  8
PARTS
100
AcDbPolyline
 90
2
 70
0
 10
36.626466666666666
 20
43.99439999999999
 10
36.62716666666667
 20
43.991899999999994
  0
LWPOLYLINE
  5
145
330
17
100
AcDbEntity
  8
PARTS
100
AcDbPolyline
 90
2
 70
0
 10
36.62586666666667
 20
45.2673
 10
36.624266666666664
 20
45.2619
  0
LWPOLYLINE
  5
146
330
17
100
AcDbEntity
  8
PARTS
100
AcDbPolyline
 90
2
 70
0
 10
36.62586666666667
 20
45.2673
 10
36.624266666666664
 20
45.2619
  0
LWPOLYLINE
  5
147
330
17
100
AcDbEntity
  8
PARTS
100
AcDbPolyline
 90
2
 70
0
 10
36.08926666666667
 20
43.991899999999994
 10
36.08926666666667
 20
44.0019
  0
LWPOLYLINE
  5
148
330
17
100
AcDbEntity
  8
PARTS
100
AcDbPolyline
 90
2
 70
0
 10
36.08926666666667
 20
43.991899999999994
 10
36.06496666666667
 20
43.991899999999994
  0
LWPOLYLINE
  5
149
330
17
100
AcDbEntity
  8
PARTS
100
AcDbPolyline
 90
2
 70
0
 10
36.06496666666667
 20
43.991899999999994
 10
36.06496666666667
 20
44.0019
  0
LWPOLYLINE
  5
14A
330
17
100
AcDbEntity
  8
PARTS
100
AcDbPolyline
 90
2
 70
0
 10
36.05716666666667
 20
43.991899999999994
 10
36.05716666666667
 20
44.0019
  0
LWPOLYLINE
  5
14B
330
17
100
AcDbEntity
  8
PARTS
100
AcDbPolyline
 90
2
 70
0
 10
36.06496666666667
 20
43.991899999999994
 10
36.05716666666667
 20
43.991899999999994
  0
LWPOLYLINE
  5
14C
330
17
100
AcDbEntity
  8
PARTS
100
AcDbPolyline
 90
2
 70
0
 10
36.13746666666667
 20
43.991899999999994
 10
36.13746666666667
 20
44.0019
  0
LWPOLYLINE
  5
14D
330
17
100
AcDbEntity
  8
PARTS
100
AcDbPolyline
 90
2
 70
0
 10
36.13746666666667
 20
43.991899999999994
 10
36.123066666666666
 20
43.991899999999994
  0
LWPOLYLINE
  5
14E
330
17
100
AcDbEntity
  8
PARTS
100
AcDbPolyline
 90
2
 70
0
 10
36.123066666666666
 20
43.991899999999994
 10
36.100566666666666
 20
43.991899999999994
  0
LWPOLYLINE
  5
14F
330
17
100
AcDbEntity
  8
PARTS
100
AcDbPolyline
 90
2
 70
0
 10
36.100566666666666
 20
43.991899999999994
 10
36.091766666666665
 20
43.991899999999994
  0
LWPOLYLINE
  5
150
330
17
100
AcDbEntity
  8
PARTS
100
AcDbPolyline
 90
2
 70
0
 10
36.091766666666665
 20
43.991899999999994
 10
36.091766666666665
 20
44.0019
  0
LWPOLYLINE
  5
151
330
17
100
AcDbEntity
  8
PARTS
100
AcDbPolyline
 90
2
 70
0
 10
36.18246666666667
 20
43.991899999999994
 10
36.18246666666667
 20
44.0019
  0
LWPOLYLINE
  5
152
330
17
100
AcDbEntity
  8
PARTS
100
AcDbPolyline
 90
2
 70
0
 10
36.18246666666667
 20
43.991899999999994
 10
36.18116666666666
 20
43.991899999999994
  0
LWPOLYLINE
  5
153
330
17
100
AcDbEntity
  8
PARTS
100
AcDbPolyline
 90
2
 70
0
 10
36.18116666666666
 20
43.991899999999994
 10
36.18116666666666
 20
44.0019
  0
LWPOLYLINE
  5
154
330
17
100
AcDbEntity
  8
PARTS
100
AcDbPolyline
 90
2
 70
0
 10
36.14966666666667
 20
43.991899999999994
 10
36.14966666666667
 20
44.0019
  0
LWPOLYLINE
  5
155
330
17
100
AcDbEntity
  8
PARTS
100
AcDbPolyline
 90
2
 70
0
 10
36.18116666666666
 20
43.991899999999994
 10
36.14966666666667
 20
43.991899999999994
  0
LWPOLYLINE
  5
156
330
17
100
AcDbEntity
  8
PARTS
100
AcDbPolyline
 90
2
 70
0
 10
36.24366666666666
 20
43.991899999999994
 10
36.23446666666667
 20
43.991899999999994
  0
LWPOLYLINE
  5
157
330
17
100
AcDbEntity
  8
PARTS
100
AcDbPolyline
 90
2
 70
0
 10
36.23446666666667
 20
43.991899999999994
 10
36.21146666666667
 20
43.991899999999994
  0
LWPOLYLINE
  5
158
330
17
100
AcDbEntity
  8
PARTS
100
AcDbPolyline
 90
2
 70
0
 10
36.21146666666667
 20
43.991899999999994
 10
36.194066666666664
 20
43.991899999999994
  0
LWPOLYLINE
  5
159
330
17
100
AcDbEntity
  8
PARTS
100
AcDbPolyline
 90
2
 70
0
 10
36.24366666666666
 20
43.991899999999994
 10
36.24366666666666
 20
44.0019
  0
LWPOLYLINE
  5
15A
330
17
100
AcDbEntity
  8
PARTS
100
AcDbPolyline
 90
2
 70
0
 10
36.194066666666664
 20
43.991899999999994
 10
36.194066666666664
 20
44.0019
  0
LWPOLYLINE
  5
15B
330
17
100
AcDbEntity
  8
PARTS
100
AcDbPolyline
 90
2
 70
0
 10
36.301966666666665
 20
43.991899999999994
 10
36.27876666666666
 20
43.991899999999994
  0
LWPOLYLINE
  5
15C
330
17
100
AcDbEntity
  8
PARTS
100
AcDbPolyline
 90
2
 70
0
 10
36.27876666666666
 20
43.991899999999994
 10
36.27036666666667
 20
43.991899999999994
  0
LWPOLYLINE
  5
15D
330
17
100
AcDbEntity
  8
PARTS
100
AcDbPolyline
 90
2
 70
0
 10
36.27036666666667
 20
43.991899999999994
 10
36.24706666666666
 20
43.991899999999994
  0
LWPOLYLINE
  5
15E
330
17
100
AcDbEntity
  8
PARTS
100
AcDbPolyline
 90
2
 70
0
 10
36.27876666666666
 20
43.991899999999994
 10
36.27876666666666
 20
44.0019
  0
LWPOLYLINE
  5
15F
330
17
100
AcDbEntity
  8
PARTS
100
AcDbPolyline
 90
2
 70
0
 10
36.301966666666665
 20
43.991899999999994
 10
36.301966666666665
 20
44.0019
  0
LWPOLYLINE
  5
160
330
17
100
AcDbEntity
  8
PARTS
100
AcDbPolyline
 90
2
 70
0
 10
36.27036666666667
 20
43.991899999999994
 10
36.27036666666667
 20
44.0019
  0
LWPOLYLINE
  5
161
330
17
100
AcDbEntity
  8
PARTS
100
AcDbPolyline
 90
2
 70
0
 10
36.24706666666666
 20
43.991899999999994
 10
36.24706666666666
 20
44.0019
  0
LWPOLYLINE
  5
162
330
17
100
AcDbEntity
  8
PARTS
100
AcDbPolyline
 90
2
 70
0
 10
36.08996666666667
 20
43.991899999999994
 10
36.08996666666667
 20
44.0019
  0
LWPOLYLINE
  5
163
330
17
100
AcDbEntity
  8
PARTS
100
AcDbPolyline
 90
2
 70
0
 10
36.08996666666667
 20
43.991899999999994
 10
36.08926666666667
 20
43.991899999999994
  0
LWPOLYLINE
  5
164
330
17
100
AcDbEntity
  8
PARTS
100
AcDbPolyline
 90
2
 70
0
 10
36.14266666666666
 20
43.991899999999994
 10
36.14266666666666
 20
43.991899999999994
  0
LWPOLYLINE
  5
165
330
17
100
AcDbEntity
  8
PARTS
100
AcDbPolyline
 90
2
 70
0
 10
36.14266666666666
 20
43.991899999999994
 10
36.14266666666666
 20
44.0019
  0
LWPOLYLINE
  5
166
330
17
100
AcDbEntity
  8
PARTS
100
AcDbPolyline
 90
2
 70
0
 10
36.14966666666667
 20
43.991899999999994
 10
36.14756666666667
 20
43.991899999999994
  0
LWPOLYLINE
  5
167
330
17
100
AcDbEntity
  8
PARTS
100
AcDbPolyline
 90
2
 70
0
 10
36.14756666666667
 20
43.991899999999994
 10
36.14266666666666
 20
43.991899999999994
  0
LWPOLYLINE
  5
168
330
17
100
AcDbEntity
  8
PARTS
100
AcDbPolyline
 90
2
 70
0
 10
36.14266666666666
 20
43.991899999999994
 10
36.14266666666666
 20
44.0019
  0
LWPOLYLINE
  5
169
330
17
100
AcDbEntity
  8
PARTS
100
AcDbPolyline
 90
2
 70
0
 10
36.18456666666666
 20
43.991899999999994
 10
36.18456666666666
 20
44.0019
  0
LWPOLYLINE
  5
16A
330
17
100
AcDbEntity
  8
PARTS
100
AcDbPolyline
 90
2
 70
0
 10
36.194066666666664
 20
43.991899999999994
 10
36.18456666666666
 20
43.991899999999994
  0
LWPOLYLINE
  5
16B
330
17
100
AcDbEntity
  8
PARTS
100
AcDbPolyline
 90
2
 70
0
 10
36.18456666666666
 20
43.991899999999994
 10
36.18246666666667
 20
43.991899999999994
  0
LWPOLYLINE
  5
16C
330
17
100
AcDbEntity
  8
PARTS
100
AcDbPolyline
 90
2
 70
0
 10
36.24706666666666
 20
43.991899999999994
 10
36.24366666666666
 20
43.991899999999994
  0
LWPOLYLINE
  5
16D
330
17
100
AcDbEntity
  8
PARTS
100
AcDbPolyline
 90
2
 70
0
 10
36.32006666666667
 20
43.991899999999994
 10
36.31086666666667
 20
43.991899999999994
  0
LWPOLYLINE
  5
16E
330
17
100
AcDbEntity
  8
PARTS
100
AcDbPolyline
 90
2
 70
0
 10
36.31086666666667
 20
43.991899999999994
 10
36.301966666666665
 20
43.991899999999994
  0
LWPOLYLINE
  5
16F
330
17
100
AcDbEntity
  8
PARTS
100
AcDbPolyline
 90
2
 70
0
 10
36.32006666666667
 20
43.991899999999994
 10
36.32006666666667
 20
44.0019
  0
LWPOLYLINE
  5
170
330
17
100
AcDbEntity
  8
PARTS
100
AcDbPolyline
 90
2
 70
0
 10
36.378366666666665
 20
43.991899999999994
 10
36.35516666666667
 20
43.991899999999994
  0
LWPOLYLINE
  5
171
330
17
100
AcDbEntity
  8
PARTS
100
AcDbPolyline
 90
2
 70
0
 10
36.35516666666667
 20
43.991899999999994
 10
36.34676666666667
 20
43.991899999999994
  0
LWPOLYLINE
  5
172
330
17
100
AcDbEntity
  8
PARTS
100
AcDbPolyline
 90
2
 70
0
 10
36.34676666666667
 20
43.991899999999994
 10
36.32346666666667
 20
43.991899999999994
  0
LWPOLYLINE
  5
173
330
17
100
AcDbEntity
  8
PARTS
100
AcDbPolyline
 90
2
 70
0
 10
36.35516666666667
 20
43.991899999999994
 10
36.35516666666667
 20
44.0019
  0
LWPOLYLINE
  5
174
330
17
100
AcDbEntity
  8
PARTS
100
AcDbPolyline
 90
2
 70
0
 10
36.378366666666665
 20
43.991899999999994
 10
36.378366666666665
 20
44.0019
  0
LWPOLYLINE
  5
175
330
17
100
AcDbEntity
  8
PARTS
100
AcDbPolyline
 90
2
 70
0
 10
36.34676666666667
 20
43.991899999999994
 10
36.34676666666667
 20
44.0019
  0
LWPOLYLINE
  5
176
330
17
100
AcDbEntity
  8
PARTS
100
AcDbPolyline
 90
2
 70
0
 10
36.32346666666667
 20
43.991899999999994
 10
36.32346666666667
 20
44.0019
  0
LWPOLYLINE
  5
177
330
17
100
AcDbEntity
  8
PARTS
100
AcDbPolyline
 90
2
 70
0
 10
36.00716666666667
 20
43.991899999999994
 10
35.964166666666664
 20
43.991899999999994
  0
LWPOLYLINE
  5
178
330
17
100
AcDbEntity
  8
PARTS
100
AcDbPolyline
 90
2
 70
0
 10
35.964166666666664
 20
43.991899999999994
 10
35.94076666666667
 20
43.991899999999994
  0
LWPOLYLINE
  5
179
330
17
100
AcDbEntity
  8
PARTS
100
AcDbPolyline
 90
2
 70
0
 10
35.94076666666667
 20
43.991899999999994
 10
35.881766666666664
 20
43.991899999999994
  0
LWPOLYLINE
  5
17A
330
17
100
AcDbEntity
  8
PARTS
100
AcDbPolyline
 90
2
 70
0
 10
35.881766666666664
 20
43.991899999999994
 10
35.829766666666664
 20
43.991899999999994
  0
LWPOLYLINE
  5
17B
330
17
100
AcDbEntity
  8
PARTS
100
AcDbPolyline
 90
2
 70
0
 10
35.829766666666664
 20
43.991899999999994
 10
35.81066666666667
 20
43.991899999999994
  0
LWPOLYLINE
  5
17C
330
17
100
AcDbEntity
  8
PARTS
100
AcDbPolyline
 90
2
 70
0
 10
35.81066666666667
 20
43.991899999999994
 10
35.800666666666665
 20
43.991899999999994
  0
LWPOLYLINE
  5
17D
330
17
100
AcDbEntity
  8
PARTS
100
AcDbPolyline
 90
2
 70
0
 10
35.800666666666665
 20
43.991899999999994
 10
35.750766666666664
 20
43.991899999999994
  0
LWPOLYLINE
  5
17E
330
17
100
AcDbEntity
  8
PARTS
100
AcDbPolyline
 90
2
 70
0
 10
35.750766666666664
 20
43.991899999999994
 10
35.73036666666667
 20
43.991899999999994
  0
LWPOLYLINE
  5
17F
330
17
100
AcDbEntity
  8
PARTS
100
AcDbPolyline
 90
2
 70
0
 10
36.00716666666667
 20
43.991899999999994
 10
36.00716666666667
 20
44.0019
  0
LWPOLYLINE
  5
180
330
17
100
AcDbEntity
  8
PARTS
100
AcDbPolyline
 90
2
 70
0
 10
35.964166666666664
 20
43.991899999999994
 10
35.964166666666664
 20
44.0019
  0
LWPOLYLINE
  5
181
330
17
100
AcDbEntity
  8
PARTS
100
AcDbPolyline
 90
2
 70
0
 10
35.94076666666667
 20
43.991899999999994
 10
35.94076666666667
 20
44.0019
  0
LWPOLYLINE
  5
182
330
17
100
AcDbEntity
  8
PARTS
100
AcDbPolyline
 90
2
 70
0
 10
35.81066666666667
 20
43.991899999999994
 10
35.81066666666667
 20
44.0019
  0
LWPOLYLINE
  5
183
330
17
100
AcDbEntity
  8
PARTS
100
AcDbPolyline
 90
2
 70
0
 10
35.73036666666667
 20
43.991899999999994
 10
35.73036666666667
 20
44.0019
  0
LWPOLYLINE
  5
184
330
17
100
AcDbEntity
  8
PARTS
100
AcDbPolyline
 90
2
 70
0
 10
36.31386666666666
 20
42.3369
 10
36.30546666666667
 20
42.3369
  0
LWPOLYLINE
  5
185
330
17
100
AcDbEntity
  8
PARTS
100
AcDbPolyline
 90
2
 70
0
 10
36.337066666666665
 20
42.3369
 10
36.31386666666666
 20
42.3369
  0
LWPOLYLINE
  5
186
330
17
100
AcDbEntity
  8
PARTS
100
AcDbPolyline
 90
2
 70
0
 10
36.30546666666667
 20
42.3369
 10
36.28216666666667
 20
42.3369
  0
LWPOLYLINE
  5
187
330
17
100
AcDbEntity
  8
PARTS
100
AcDbPolyline
 90
2
 70
0
 10
36.20576666666667
 20
42.3369
 10
36.202466666666666
 20
42.3369
  0
LWPOLYLINE
  5
188
330
17
100
AcDbEntity
  8
PARTS
100
AcDbPolyline
 90
2
 70
0
 10
36.14326666666667
 20
42.3369
 10
36.14126666666667
 20
42.3369
  0
LWPOLYLINE
  5
189
330
17
100
AcDbEntity
  8
PARTS
100
AcDbPolyline
 90
2
 70
0
 10
36.15276666666667
 20
42.3369
 10
36.14326666666667
 20
42.3369
  0
LWPOLYLINE
  5
18A
330
17
100
AcDbEntity
  8
PARTS
100
AcDbPolyline
 90
2
 70
0
 10
36.10136666666667
 20
42.3369
 10
36.10136666666667
 20
42.3369
  0
LWPOLYLINE
  5
18B
330
17
100
AcDbEntity
  8
PARTS
100
AcDbPolyline
 90
2
 70
0
 10
36.10626666666667
 20
42.3369
 10
36.10136666666667
 20
42.3369
  0
LWPOLYLINE
  5
18C
330
17
100
AcDbEntity
  8
PARTS
100
AcDbPolyline
 90
2
 70
0
 10
36.10836666666667
 20
42.3369
 10
36.10626666666667
 20
42.3369
  0
LWPOLYLINE
  5
18D
330
17
100
AcDbEntity
  8
PARTS
100
AcDbPolyline
 90
2
 70
0
 10
36.17016666666667
 20
42.3369
 10
36.15276666666667
 20
42.3369
  0
LWPOLYLINE
  5
18E
330
17
100
AcDbEntity
  8
PARTS
100
AcDbPolyline
 90
2
 70
0
 10
36.193266666666666
 20
42.3369
 10
36.17016666666667
 20
42.3369
  0
LWPOLYLINE
  5
18F
330
17
100
AcDbEntity
  8
PARTS
100
AcDbPolyline
 90
2
 70
0
 10
36.202466666666666
 20
42.3369
 10
36.193266666666666
 20
42.3369
  0
LWPOLYLINE
  5
190
330
17
100
AcDbEntity
  8
PARTS
100
AcDbPolyline
 90
2
 70
0
 10
35.48546666666667
 20
42.3369
 10
35.53366666666667
 20
42.3369
  0
LWPOLYLINE
  5
191
330
17
100
AcDbEntity
  8
PARTS
100
AcDbPolyline
 90
2
 70
0
 10
35.53366666666667
 20
42.3369
 10
35.68906666666667
 20
42.3369
  0
LWPOLYLINE
  5
192
330
17
100
AcDbEntity
  8
PARTS
100
AcDbPolyline
 90
2
 70
0
 10
35.96586666666667
 20
42.3369
 10
36.01586666666667
 20
42.3369
  0
LWPOLYLINE
  5
193
330
17
100
AcDbEntity
  8
PARTS
100
AcDbPolyline
 90
2
 70
0
 10
36.04866666666667
 20
42.3369
 10
36.050466666666665
 20
42.3369
  0
LWPOLYLINE
  5
194
330
17
100
AcDbEntity
  8
PARTS
100
AcDbPolyline
 90
2
 70
0
 10
36.09616666666667
 20
42.3369
 10
36.10136666666667
 20
42.3369
  0
LWPOLYLINE
  5
195
330
17
100
AcDbEntity
  8
PARTS
100
AcDbPolyline
 90
2
 70
0
 10
36.278866666666666
 20
42.3369
 10
36.28216666666667
 20
42.3369
  0
LWPOLYLINE
  5
196
330
17
100
AcDbEntity
  8
PARTS
100
AcDbPolyline
 90
2
 70
0
 10
36.337066666666665
 20
42.3369
 10
36.53366666666667
 20
42.3369
  0
LWPOLYLINE
  5
197
330
17
100
AcDbEntity
  8
PARTS
100
AcDbPolyline
 90
2
 70
0
 10
36.58186666666666
 20
42.3369
 10
36.53366666666667
 20
42.3369
  0
LWPOLYLINE
  5
198
330
17
100
AcDbEntity
  8
PARTS
100
AcDbPolyline
 90
2
 70
0
 10
36.58186666666666
 20
42.3369
 10
35.48546666666667
 20
42.3369
  0
LWPOLYLINE
  5
199
330
17
100
AcDbEntity
  8
PARTS
100
AcDbPolyline
 90
2
 70
0
 10
36.048066666666664
 20
42.3369
 10
36.02376666666667
 20
42.3369
  0
LWPOLYLINE
  5
19A
330
17
100
AcDbEntity
  8
PARTS
100
AcDbPolyline
 90
2
 70
0
 10
36.02376666666667
 20
42.3369
 10
36.01586666666667
 20
42.3369
  0
LWPOLYLINE
  5
19B
330
17
100
AcDbEntity
  8
PARTS
100
AcDbPolyline
 90
2
 70
0
 10
36.05936666666667
 20
42.3369
 10
36.050466666666665
 20
42.3369
  0
LWPOLYLINE
  5
19C
330
17
100
AcDbEntity
  8
PARTS
100
AcDbPolyline
 90
2
 70
0
 10
36.08176666666667
 20
42.3369
 10
36.05936666666667
 20
42.3369
  0
LWPOLYLINE
  5
19D
330
17
100
AcDbEntity
  8
PARTS
100
AcDbPolyline
 90
2
 70
0
 10
36.09616666666667
 20
42.3369
 10
36.08176666666667
 20
42.3369
  0
LWPOLYLINE
  5
19E
330
17
100
AcDbEntity
  8
PARTS
100
AcDbPolyline
 90
2
 70
0
 10
36.14126666666667
 20
42.3369
 10
36.13986666666667
 20
42.3369
  0
LWPOLYLINE
  5
19F
330
17
100
AcDbEntity
  8
PARTS
100
AcDbPolyline
 90
2
 70
0
 10
36.13986666666667
 20
42.3369
 10
36.10836666666667
 20
42.3369
  0
LWPOLYLINE
  5
1A0
330
17
100
AcDbEntity
  8
PARTS
100
AcDbPolyline
 90
2
 70
0
 10
36.23746666666667
 20
42.3369
 10
36.22906666666667
 20
42.3369
  0
LWPOLYLINE
  5
1A1
330
17
100
AcDbEntity
  8
PARTS
100
AcDbPolyline
 90
2
 70
0
 10
36.260666666666665
 20
42.3369
 10
36.23746666666667
 20
42.3369
  0
LWPOLYLINE
  5
1A2
330
17
100
AcDbEntity
  8
PARTS
100
AcDbPolyline
 90
2
 70
0
 10
36.22906666666667
 20
42.3369
 10
36.20576666666667
 20
42.3369
  0
LWPOLYLINE
  5
1A3
330
17
100
AcDbEntity
  8
PARTS
100
AcDbPolyline
 90
2
 70
0
 10
36.04866666666667
 20
42.3369
 10
36.048066666666664
 20
42.3369
  0
LWPOLYLINE
  5
1A4
330
17
100
AcDbEntity
  8
PARTS
100
AcDbPolyline
 90
2
 70
0
 10
36.269666666666666
 20
42.3369
 10
36.260666666666665
 20
42.3369
  0
LWPOLYLINE
  5
1A5
330
17
100
AcDbEntity
  8
PARTS
100
AcDbPolyline
 90
2
 70
0
 10
36.278866666666666
 20
42.3369
 10
36.269666666666666
 20
42.3369
  0
LWPOLYLINE
  5
1A6
330
17
100
AcDbEntity
  8
PARTS
100
AcDbPolyline
 90
2
 70
0
 10
35.92296666666667
 20
42.3369
 10
35.89946666666666
 20
42.3369
  0
LWPOLYLINE
  5
1A7
330
17
100
AcDbEntity
  8
PARTS
100
AcDbPolyline
 90
2
 70
0
 10
35.96586666666667
 20
42.3369
 10
35.92296666666667
 20
42.3369
  0
LWPOLYLINE
  5
1A8
330
17
100
AcDbEntity
  8
PARTS
100
AcDbPolyline
 90
2
 70
0
 10
35.709466666666664
 20
42.3369
 10
35.68906666666667
 20
42.3369
  0
LWPOLYLINE
  5
1A9
330
17
100
AcDbEntity
  8
PARTS
100
AcDbPolyline
 90
2
 70
0
 10
35.759366666666665
 20
42.3369
 10
35.709466666666664
 20
42.3369
  0
LWPOLYLINE
  5
1AA
330
17
100
AcDbEntity
  8
PARTS
100
AcDbPolyline
 90
2
 70
0
 10
35.76936666666666
 20
42.3369
 10
35.759366666666665
 20
42.3369
  0
LWPOLYLINE
  5
1AB
330
17
100
AcDbEntity
  8
PARTS
100
AcDbPolyline
 90
2
 70
0
 10
35.788466666666665
 20
42.3369
 10
35.76936666666666
 20
42.3369
  0
LWPOLYLINE
  5
1AC
330
17
100
AcDbEntity
  8
PARTS
100
AcDbPolyline
 90
2
 70
0
 10
35.840466666666664
 20
42.3369
 10
35.788466666666665
 20
42.3369
  0
LWPOLYLINE
  5
1AD
330
17
100
AcDbEntity
  8
PARTS
100
AcDbPolyline
 90
2
 70
0
 10
35.89946666666666
 20
42.3369
 10
35.840466666666664
 20
42.3369
  0
LWPOLYLINE
  5
1AE
330
17
100
AcDbEntity
  8
PARTS
100
AcDbPolyline
 90
2
 70
0
 10
35.482866666666666
 20
43.116899999999994
 10
35.479366666666664
 20
43.116899999999994
  0
LWPOLYLINE
  5
1AF
330
17
100
AcDbEntity
  8
PARTS
100
AcDbPolyline
 90
2
 70
0
 10
35.53366666666667
 20
43.116899999999994
 10
35.48396666666667
 20
43.116899999999994
  0
LWPOLYLINE
  5
1B0
330
17
100
AcDbEntity
  8
PARTS
100
AcDbPolyline
 90
2
 70
0
 10
35.48396666666667
 20
43.116899999999994
 10
36.58336666666667
 20
43.116899999999994
  0
LWPOLYLINE
  5
1B1
330
17
100
AcDbEntity
  8
PARTS
100
AcDbPolyline
 90
2
 70
0
 10
36.53366666666667
 20
43.116899999999994
 10
36.58336666666667
 20
43.116899999999994
  0
LWPOLYLINE
  5
1B2
330
17
100
AcDbEntity
  8
PARTS
100
AcDbPolyline
 90
2
 70
0
 10
36.53366666666667
 20
43.116899999999994
 10
35.53366666666667
 20
43.116899999999994
  0
LWPOLYLINE
  5
1B3
330
17
100
AcDbEntity
  8
PARTS
100
AcDbPolyline
 90
2
 70
0
 10
35.482866666666666
 20
42.342699999999994
 10
35.482866666666666
 20
42.3296
  0
LWPOLYLINE
  5
1B4
330
17
100
AcDbEntity
  8
PARTS
100
AcDbPolyline
 90
2
 70
0
 10
35.481366666666666
 20
42.3369
 10
35.48106666666666
 20
42.335899999999995
  0
LWPOLYLINE
  5
1B5
330
17
100
AcDbEntity
  8
PARTS
100
AcDbPolyline
 90
2
 70
0
 10
35.482866666666666
 20
42.3296
 10
35.479366666666664
 20
42.3296
  0
LWPOLYLINE
  5
1B6
330
17
100
AcDbEntity
  8
PARTS
100
AcDbPolyline
 90
2
 70
0
 10
36.58336666666667
 20
42.326899999999995
 10
36.81366666666667
 20
42.326899999999995
  0
LWPOLYLINE
  5
1B7
330
17
100
AcDbEntity
  8
PARTS
100
AcDbPolyline
 90
2
 70
0
 10
36.58186666666666
 20
42.326899999999995
 10
36.53366666666667
 20
42.326899999999995
  0
LWPOLYLINE
  5
1B8
330
17
100
AcDbEntity
  8
PARTS
100
AcDbPolyline
 90
2
 70
0
 10
36.53366666666667
 20
42.326899999999995
 10
36.58336666666667
 20
42.326899999999995
  0
LWPOLYLINE
  5
1B9
330
17
100
AcDbEntity
  8
PARTS
100
AcDbPolyline
 90
2
 70
0
 10
36.81366666666667
 20
42.326899999999995
 10
36.58186666666666
 20
42.326899999999995
  0
LWPOLYLINE
  5
1BA
330
17
100
AcDbEntity
  8
PARTS
100
AcDbPolyline
 90
8
 70
0
 10
36.58186666666666
 20
43.106899999999996
 10
36.558166666666665
 20
42.99979999999999
 10
36.542366666666666
 20
42.8912
 10
36.53456666666667
 20
42.781699999999994
 10
36.53476666666666
 20
42.672
 10
36.54306666666667
 20
42.5625
 10
36.559266666666666
 20
42.45399999999999
 10
36.58336666666667
 20
42.3469
  0
LWPOLYLINE
  5
1BB
330
17
100
AcDbEntity
  8
PARTS
100
AcDbPolyline
 90
2
 70
0
 10
36.53366666666667
 20
43.1269
 10
36.58336666666667
 20
43.1269
  0
LWPOLYLINE
  5
1BC
330
17
100
AcDbEntity
  8
PARTS
100
AcDbPolyline
 90
2
 70
0
 10
36.58336666666667
 20
43.1269
 10
36.81366666666667
 20
43.1269
  0
LWPOLYLINE
  5
1BD
330
17
100
AcDbEntity
  8
PARTS
100
AcDbPolyline
 90
2
 70
0
 10
36.58336666666667
 20
43.1269
 10
36.58606666666667
 20
43.1243
  0
LWPOLYLINE
  5
1BE
330
17
100
AcDbEntity
  8
PARTS
100
AcDbPolyline
 90
2
 70
0
 10
36.58606666666667
 20
43.1243
 10
36.58646666666667
 20
43.1243
  0
LWPOLYLINE
  5
1BF
330
17
100
AcDbEntity
  8
PARTS
100
AcDbPolyline
 90
2
 70
0
 10
36.58646666666667
 20
43.1243
 10
36.58636666666667
 20
43.12359999999999
  0
LWPOLYLINE
  5
1C0
330
17
100
AcDbEntity
  8
PARTS
100
AcDbPolyline
 90
2
 70
0
 10
36.58636666666667
 20
43.12359999999999
 10
36.58806666666667
 20
43.116899999999994
  0
LWPOLYLINE
  5
1C1
330
17
100
AcDbEntity
  8
PARTS
100
AcDbPolyline
 90
2
 70
0
 10
36.58806666666667
 20
43.116899999999994
 10
36.58456666666667
 20
43.116899999999994
  0
LWPOLYLINE
  5
1C2
330
17
100
AcDbEntity
  8
PARTS
100
AcDbPolyline
 90
2
 70
0
 10
36.58456666666667
 20
43.116899999999994
 10
36.58186666666666
 20
43.106899999999996
  0
LWPOLYLINE
  5
1C3
330
17
100
AcDbEntity
  8
PARTS
100
AcDbPolyline
 90
2
 70
0
 10
36.58336666666667
 20
42.3469
 10
36.58606666666667
 20
42.3369
  0
LWPOLYLINE
  5
1C4
330
17
100
AcDbEntity
  8
PARTS
100
AcDbPolyline
 90
2
 70
0
 10
36.58606666666667
 20
42.3369
 10
36.58646666666667
 20
42.3369
  0
LWPOLYLINE
  5
1C5
330
17
100
AcDbEntity
  8
PARTS
100
AcDbPolyline
 90
2
 70
0
 10
36.58646666666667
 20
42.3369
 10
36.58636666666667
 20
42.335899999999995
  0
LWPOLYLINE
  5
1C6
330
17
100
AcDbEntity
  8
PARTS
100
AcDbPolyline
 90
2
 70
0
 10
36.58636666666667
 20
42.335899999999995
 10
36.58806666666667
 20
42.3296
  0
LWPOLYLINE
  5
1C7
330
17
100
AcDbEntity
  8
PARTS
100
AcDbPolyline
 90
2
 70
0
 10
36.58806666666667
 20
42.3296
 10
36.58456666666667
 20
42.3296
  0
LWPOLYLINE
  5
1C8
330
17
100
AcDbEntity
  8
PARTS
100
AcDbPolyline
 90
2
 70
0
 10
36.58456666666667
 20
42.3296
 10
36.58186666666666
 20
42.326899999999995
  0
LWPOLYLINE
  5
1C9
330
17
100
AcDbEntity
  8
PARTS
100
AcDbPolyline
 90
2
 70
0
 10
36.58606666666667
 20
42.3369
 10
36.58636666666667
 20
42.335899999999995
  0
LWPOLYLINE
  5
1CA
330
17
100
AcDbEntity
  8
PARTS
100
AcDbPolyline
 90
2
 70
0
 10
36.58456666666667
 20
42.342699999999994
 10
36.58456666666667
 20
42.3296
  0
LWPOLYLINE
  5
1CB
330
17
100
AcDbEntity
  8
PARTS
100
AcDbPolyline
 90
2
 70
0
 10
35.53366666666667
 20
43.1269
 10
35.48396666666667
 20
43.1269
  0
LWPOLYLINE
  5
1CC
330
17
100
AcDbEntity
  8
PARTS
100
AcDbPolyline
 90
2
 70
0
 10
35.25366666666667
 20
43.1269
 10
35.48396666666667
 20
43.1269
  0
LWPOLYLINE
  5
1CD
330
17
100
AcDbEntity
  8
PARTS
100
AcDbPolyline
 90
8
 70
0
 10
35.48546666666667
 20
43.106899999999996
 10
35.509166666666665
 20
42.99979999999999
 10
35.524966666666664
 20
42.8912
 10
35.53276666666667
 20
42.781699999999994
 10
35.53256666666667
 20
42.672
 10
35.524366666666666
 20
42.5625
 10
35.50816666666667
 20
42.45399999999999
 10
35.48396666666667
 20
42.3469
  0
LWPOLYLINE
  5
1CE
330
17
100
AcDbEntity
  8
PARTS
100
AcDbPolyline
 90
2
 70
0
 10
35.48546666666667
 20
42.326899999999995
 10
35.53366666666667
 20
42.326899999999995
  0
LWPOLYLINE
  5
1CF
330
17
100
AcDbEntity
  8
PARTS
100
AcDbPolyline
 90
2
 70
0
 10
35.53366666666667
 20
42.326899999999995
 10
35.48396666666667
 20
42.326899999999995
  0
LWPOLYLINE
  5
1D0
330
17
100
AcDbEntity
  8
PARTS
100
AcDbPolyline
 90
2
 70
0
 10
35.48546666666667
 20
42.326899999999995
 10
35.25366666666667
 20
42.326899999999995
  0
LWPOLYLINE
  5
1D1
330
17
100
AcDbEntity
  8
PARTS
100
AcDbPolyline
 90
2
 70
0
 10
35.25366666666667
 20
42.326899999999995
 10
35.48396666666667
 20
42.326899999999995
  0
LWPOLYLINE
  5
1D2
330
17
100
AcDbEntity
  8
PARTS
100
AcDbPolyline
 90
2
 70
0
 10
35.233666666666664
 20
42.3469
 10
35.233666666666664
 20
43.106899999999996
  0
LWPOLYLINE
  5
1D3
330
17
100
AcDbEntity
  8
PARTS
100
AcDbPolyline
 90
2
 70
0
 10
35.233666666666664
 20
43.106899999999996
 10
35.233666666666664
 20
42.3469
  0
LWPOLYLINE
  5
1D4
330
17
100
AcDbEntity
  8
PARTS
100
AcDbPolyline
 90
2
 70
0
 10
35.48396666666667
 20
42.3469
 10
35.481366666666666
 20
42.3369
  0
LWPOLYLINE
  5
1D5
330
17
100
AcDbEntity
  8
PARTS
100
AcDbPolyline
 90
2
 70
0
 10
35.482866666666666
 20
42.3296
 10
35.48546666666667
 20
42.326899999999995
  0
LWPOLYLINE
  5
1D6
330
17
100
AcDbEntity
  8
PARTS
100
AcDbPolyline
 90
2
 70
0
 10
35.48106666666666
 20
42.335899999999995
 10
35.479366666666664
 20
42.3296
  0
LWPOLYLINE
  5
1D7
330
17
100
AcDbEntity
  8
PARTS
100
AcDbPolyline
 90
2
 70
0
 10
35.480866666666664
 20
42.3369
 10
35.48106666666666
 20
42.335899999999995
  0
LWPOLYLINE
  5
1D8
330
17
100
AcDbEntity
  8
PARTS
100
AcDbPolyline
 90
2
 70
0
 10
35.480866666666664
 20
42.3369
 10
35.481366666666666
 20
42.3369
  0
LWPOLYLINE
  5
1D9
330
17
100
AcDbEntity
  8
PARTS
100
AcDbPolyline
 90
2
 70
0
 10
35.233666666666664
 20
42.3469
 10
35.25366666666667
 20
42.326899999999995
  0
LWPOLYLINE
  5
1DA
330
17
100
AcDbEntity
  8
PARTS
100
AcDbPolyline
 90
2
 70
0
 10
35.25366666666667
 20
42.326899999999995
 10
35.233666666666664
 20
42.3469
  0
LWPOLYLINE
  5
1DB
330
17
100
AcDbEntity
  8
PARTS
100
AcDbPolyline
 90
2
 70
0
 10
35.48396666666667
 20
43.1269
 10
35.481366666666666
 20
43.1243
  0
LWPOLYLINE
  5
1DC
330
17
100
AcDbEntity
  8
PARTS
100
AcDbPolyline
 90
2
 70
0
 10
35.482866666666666
 20
43.116899999999994
 10
35.48546666666667
 20
43.106899999999996
  0
LWPOLYLINE
  5
1DD
330
17
100
AcDbEntity
  8
PARTS
100
AcDbPolyline
 90
2
 70
0
 10
35.48106666666666
 20
43.12359999999999
 10
35.479366666666664
 20
43.116899999999994
  0
LWPOLYLINE
  5
1DE
330
17
100
AcDbEntity
  8
PARTS
100
AcDbPolyline
 90
2
 70
0
 10
35.480866666666664
 20
43.1243
 10
35.48106666666666
 20
43.12359999999999
  0
LWPOLYLINE
  5
1DF
330
17
100
AcDbEntity
  8
PARTS
100
AcDbPolyline
 90
2
 70
0
 10
35.480866666666664
 20
43.1243
 10
35.481366666666666
 20
43.1243
  0
LWPOLYLINE
  5
1E0
330
17
100
AcDbEntity
  8
PARTS
100
AcDbPolyline
 90
2
 70
0
 10
35.233666666666664
 20
43.106899999999996
 10
35.25366666666667
 20
43.1269
  0
LWPOLYLINE
  5
1E1
330
17
100
AcDbEntity
  8
PARTS
100
AcDbPolyline
 90
2
 70
0
 10
35.25366666666667
 20
43.1269
 10
35.233666666666664
 20
43.106899999999996
  0
LWPOLYLINE
  5
1E2
330
17
100
AcDbEntity
  8
PARTS
100
AcDbPolyline
 90
2
 70
0
 10
35.481366666666666
 20
42.3369
 10
35.48106666666666
 20
42.335899999999995
  0
LWPOLYLINE
  5
1E3
330
17
100
AcDbEntity
  8
PARTS
100
AcDbPolyline
 90
2
 70
0
 10
35.48106666666666
 20
43.12359999999999
 10
35.481366666666666
 20
43.1227
  0
LWPOLYLINE
  5
1E4
330
17
100
AcDbEntity
  8
PARTS
100
AcDbPolyline
 90
2
 70
0
 10
35.481366666666666
 20
43.1227
 10
35.481366666666666
 20
43.1243
  0
LWPOLYLINE
  5
1E5
330
17
100
AcDbEntity
  8
PARTS
100
AcDbPolyline
 90
2
 70
0
 10
35.481366666666666
 20
43.1227
 10
35.48106666666666
 20
43.12359999999999
  0
LWPOLYLINE
  5
1E6
330
17
100
AcDbEntity
  8
PARTS
100
AcDbPolyline
 90
2
 70
0
 10
35.48296666666667
 20
43.1164
 10
35.483066666666666
 20
43.116299999999995
  0
LWPOLYLINE
  5
1E7
330
17
100
AcDbEntity
  8
PARTS
100
AcDbPolyline
 90
2
 70
0
 10
35.483066666666666
 20
43.116299999999995
 10
35.48396666666667
 20
43.116899999999994
  0
LWPOLYLINE
  5
1E8
330
17
100
AcDbEntity
  8
PARTS
100
AcDbPolyline
 90
2
 70
0
 10
35.483066666666666
 20
42.3433
 10
35.483066666666666
 20
42.3433
  0
LWPOLYLINE
  5
1E9
330
17
100
AcDbEntity
  8
PARTS
100
AcDbPolyline
 90
2
 70
0
 10
35.48546666666667
 20
42.3369
 10
35.483066666666666
 20
42.3433
  0
LWPOLYLINE
  5
1EA
330
17
100
AcDbEntity
  8
PARTS
100
AcDbPolyline
 90
2
 70
0
 10
36.833666666666666
 20
43.106899999999996
 10
36.833666666666666
 20
42.3469
  0
LWPOLYLINE
  5
1EB
330
17
100
AcDbEntity
  8
PARTS
100
AcDbPolyline
 90
2
 70
0
 10
36.833666666666666
 20
42.3469
 10
36.833666666666666
 20
43.106899999999996
  0
LWPOLYLINE
  5
1EC
330
17
100
AcDbEntity
  8
PARTS
100
AcDbPolyline
 90
2
 70
0
 10
36.833666666666666
 20
43.106899999999996
 10
36.81366666666667
 20
43.1269
  0
LWPOLYLINE
  5
1ED
330
17
100
AcDbEntity
  8
PARTS
100
AcDbPolyline
 90
2
 70
0
 10
36.81366666666667
 20
42.326899999999995
 10
36.833666666666666
 20
42.3469
  0
LWPOLYLINE
  5
1EE
330
17
100
AcDbEntity
  8
PARTS
100
AcDbPolyline
 90
2
 70
0
 10
36.833666666666666
 20
42.3469
 10
36.81366666666667
 20
42.326899999999995
  0
LWPOLYLINE
  5
1EF
330
17
100
AcDbEntity
  8
PARTS
100
AcDbPolyline
 90
2
 70
0
 10
36.58336666666667
 20
43.116899999999994
 10
36.58436666666667
 20
43.116299999999995
  0
LWPOLYLINE
  5
1F0
330
17
100
AcDbEntity
  8
PARTS
100
AcDbPolyline
 90
2
 70
0
 10
36.58436666666667
 20
43.1164
 10
36.58436666666667
 20
43.116299999999995
  0
LWPOLYLINE
  5
1F1
330
17
100
AcDbEntity
  8
PARTS
100
AcDbPolyline
 90
2
 70
0
 10
36.58636666666667
 20
43.12359999999999
 10
36.58606666666667
 20
43.1227
  0
LWPOLYLINE
  5
1F2
330
17
100
AcDbEntity
  8
PARTS
100
AcDbPolyline
 90
2
 70
0
 10
36.58606666666667
 20
43.1227
 10
36.58606666666667
 20
43.1243
  0
LWPOLYLINE
  5
1F3
330
17
100
AcDbEntity
  8
PARTS
100
AcDbPolyline
 90
2
 70
0
 10
36.58436666666667
 20
42.3433
 10
36.58436666666667
 20
42.3433
  0
LWPOLYLINE
  5
1F4
330
17
100
AcDbEntity
  8
PARTS
100
AcDbPolyline
 90
2
 70
0
 10
36.58636666666667
 20
42.335899999999995
 10
36.58606666666667
 20
42.3369
  0
LWPOLYLINE
  5
1F5
330
17
100
AcDbEntity
  8
PARTS
100
AcDbPolyline
 90
2
 70
0
 10
36.58436666666667
 20
42.3433
 10
36.58186666666666
 20
42.3369
  0
LWPOLYLINE
  5
1F6
330
17
100
AcDbEntity
  8
PARTS
100
AcDbPolyline
 90
2
 70
0
 10
36.58636666666667
 20
43.12359999999999
 10
36.58606666666667
 20
43.1227
  0
LWPOLYLINE
  5
1F7
330
17
100
AcDbEntity
  8
PARTS
100
AcDbPolyline
 90
2
 70
0
 10
36.048066666666664
 20
42.326899999999995
 10
36.048066666666664
 20
42.3369
  0
LWPOLYLINE
  5
1F8
330
17
100
AcDbEntity
  8
PARTS
100
AcDbPolyline
 90
2
 70
0
 10
36.048066666666664
 20
42.326899999999995
 10
36.02376666666667
 20
42.326899999999995
  0
LWPOLYLINE
  5
1F9
330
17
100
AcDbEntity
  8
PARTS
100
AcDbPolyline
 90
2
 70
0
 10
36.02376666666667
 20
42.326899999999995
 10
36.02376666666667
 20
42.3369
  0
LWPOLYLINE
  5
1FA
330
17
100
AcDbEntity
  8
PARTS
100
AcDbPolyline
 90
2
 70
0
 10
36.01586666666667
 20
42.326899999999995
 10
36.01586666666667
 20
42.3369
  0
LWPOLYLINE
  5
1FB
330
17
100
AcDbEntity
  8
PARTS
100
AcDbPolyline
 90
2
 70
0
 10
36.02376666666667
 20
42.326899999999995
 10
36.01586666666667
 20
42.326899999999995
  0
LWPOLYLINE
  5
1FC
330
17
100
AcDbEntity
  8
PARTS
100
AcDbPolyline
 90
2
 70
0
 10
36.09616666666667
 20
42.326899999999995
 10
36.09616666666667
 20
42.3369
  0
LWPOLYLINE
  5
1FD
330
17
100
AcDbEntity
  8
PARTS
100
AcDbPolyline
 90
2
 70
0
 10
36.09616666666667
 20
42.326899999999995
 10
36.08176666666667
 20
42.326899999999995
  0
LWPOLYLINE
  5
1FE
330
17
100
AcDbEntity
  8
PARTS
100
AcDbPolyline
 90
2
 70
0
 10
36.08176666666667
 20
42.326899999999995
 10
36.05936666666667
 20
42.326899999999995
  0
LWPOLYLINE
  5
1FF
330
17
100
AcDbEntity
  8
PARTS
100
AcDbPolyline
 90
2
 70
0
 10
36.05936666666667
 20
42.326899999999995
 10
36.050466666666665
 20
42.326899999999995
  0
LWPOLYLINE
  5
200
330
17
100
AcDbEntity
  8
PARTS
100
AcDbPolyline
 90
2
 70
0
 10
36.050466666666665
 20
42.326899999999995
 10
36.050466666666665
 20
42.3369
  0
LWPOLYLINE
  5
201
330
17
100
AcDbEntity
  8
PARTS
100
AcDbPolyline
 90
2
 70
0
 10
36.14126666666667
 20
42.326899999999995
 10
36.14126666666667
 20
42.3369
  0
LWPOLYLINE
  5
202
330
17
100
AcDbEntity
  8
PARTS
100
AcDbPolyline
 90
2
 70
0
 10
36.14126666666667
 20
42.326899999999995
 10
36.13986666666667
 20
42.326899999999995
  0
LWPOLYLINE
  5
203
330
17
100
AcDbEntity
  8
PARTS
100
AcDbPolyline
 90
2
 70
0
 10
36.13986666666667
 20
42.326899999999995
 10
36.13986666666667
 20
42.3369
  0
LWPOLYLINE
  5
204
330
17
100
AcDbEntity
  8
PARTS
100
AcDbPolyline
 90
2
 70
0
 10
36.10836666666667
 20
42.326899999999995
 10
36.10836666666667
 20
42.3369
  0
LWPOLYLINE
  5
205
330
17
100
AcDbEntity
  8
PARTS
100
AcDbPolyline
 90
2
 70
0
 10
36.13986666666667
 20
42.326899999999995
 10
36.10836666666667
 20
42.326899999999995
  0
LWPOLYLINE
  5
206
330
17
100
AcDbEntity
  8
PARTS
100
AcDbPolyline
 90
2
 70
0
 10
36.202466666666666
 20
42.326899999999995
 10
36.193266666666666
 20
42.326899999999995
  0
LWPOLYLINE
  5
207
330
17
100
AcDbEntity
  8
PARTS
100
AcDbPolyline
 90
2
 70
0
 10
36.193266666666666
 20
42.326899999999995
 10
36.17016666666667
 20
42.326899999999995
  0
LWPOLYLINE
  5
208
330
17
100
AcDbEntity
  8
PARTS
100
AcDbPolyline
 90
2
 70
0
 10
36.17016666666667
 20
42.326899999999995
 10
36.15276666666667
 20
42.326899999999995
  0
LWPOLYLINE
  5
209
330
17
100
AcDbEntity
  8
PARTS
100
AcDbPolyline
 90
2
 70
0
 10
36.202466666666666
 20
42.326899999999995
 10
36.202466666666666
 20
42.3369
  0
LWPOLYLINE
  5
20A
330
17
100
AcDbEntity
  8
PARTS
100
AcDbPolyline
 90
2
 70
0
 10
36.15276666666667
 20
42.326899999999995
 10
36.15276666666667
 20
42.3369
  0
LWPOLYLINE
  5
20B
330
17
100
AcDbEntity
  8
PARTS
100
AcDbPolyline
 90
2
 70
0
 10
36.260666666666665
 20
42.326899999999995
 10
36.23746666666667
 20
42.326899999999995
  0
LWPOLYLINE
  5
20C
330
17
100
AcDbEntity
  8
PARTS
100
AcDbPolyline
 90
2
 70
0
 10
36.23746666666667
 20
42.326899999999995
 10
36.22906666666667
 20
42.326899999999995
  0
LWPOLYLINE
  5
20D
330
17
100
AcDbEntity
  8
PARTS
100
AcDbPolyline
 90
2
 70
0
 10
36.22906666666667
 20
42.326899999999995
 10
36.20576666666667
 20
42.326899999999995
  0
LWPOLYLINE
  5
20E
330
17
100
AcDbEntity
  8
PARTS
100
AcDbPolyline
 90
2
 70
0
 10
36.23746666666667
 20
42.326899999999995
 10
36.23746666666667
 20
42.3369
  0
LWPOLYLINE
  5
20F
330
17
100
AcDbEntity
  8
PARTS
100
AcDbPolyline
 90
2
 70
0
 10
36.260666666666665
 20
42.326899999999995
 10
36.260666666666665
 20
42.3369
  0
LWPOLYLINE
  5
210
330
17
100
AcDbEntity
  8
PARTS
100
AcDbPolyline
 90
2
 70
0
 10
36.22906666666667
 20
42.326899999999995
 10
36.22906666666667
 20
42.3369
  0
LWPOLYLINE
  5
211
330
17
100
AcDbEntity
  8
PARTS
100
AcDbPolyline
 90
2
 70
0
 10
36.20576666666667
 20
42.326899999999995
 10
36.20576666666667
 20
42.3369
  0
LWPOLYLINE
  5
212
330
17
100
AcDbEntity
  8
PARTS
100
AcDbPolyline
 90
2
 70
0
 10
36.04866666666667
 20
42.326899999999995
 10
36.04866666666667
 20
42.3369
  0
LWPOLYLINE
  5
213
330
17
100
AcDbEntity
  8
PARTS
100
AcDbPolyline
 90
2
 70
0
 10
36.04866666666667
 20
42.326899999999995
 10
36.048066666666664
 20
42.326899999999995
  0
LWPOLYLINE
  5
214
330
17
100
AcDbEntity
  8
PARTS
100
AcDbPolyline
 90
2
 70
0
 10
36.10136666666667
 20
42.326899999999995
 10
36.10136666666667
 20
42.326899999999995
  0
LWPOLYLINE
  5
215
330
17
100
AcDbEntity
  8
PARTS
100
AcDbPolyline
 90
2
 70
0
 10
36.10136666666667
 20
42.326899999999995
 10
36.10136666666667
 20
42.3369
  0
LWPOLYLINE
  5
216
330
17
100
AcDbEntity
  8
PARTS
100
AcDbPolyline
 90
2
 70
0
 10
36.10836666666667
 20
42.326899999999995
 10
36.10626666666667
 20
42.326899999999995
  0
LWPOLYLINE
  5
217
330
17
100
AcDbEntity
  8
PARTS
100
AcDbPolyline
 90
2
 70
0
 10
36.10626666666667
 20
42.326899999999995
 10
36.10136666666667
 20
42.326899999999995
  0
LWPOLYLINE
  5
218
330
17
100
AcDbEntity
  8
PARTS
100
AcDbPolyline
 90
2
 70
0
 10
36.10136666666667
 20
42.326899999999995
 10
36.10136666666667
 20
42.3369
  0
LWPOLYLINE
  5
219
330
17
100
AcDbEntity
  8
PARTS
100
AcDbPolyline
 90
2
 70
0
 10
36.14326666666667
 20
42.326899999999995
 10
36.14326666666667
 20
42.3369
  0
LWPOLYLINE
  5
21A
330
17
100
AcDbEntity
  8
PARTS
100
AcDbPolyline
 90
2
 70
0
 10
36.15276666666667
 20
42.326899999999995
 10
36.14326666666667
 20
42.326899999999995
  0
LWPOLYLINE
  5
21B
330
17
100
AcDbEntity
  8
PARTS
100
AcDbPolyline
 90
2
 70
0
 10
36.14326666666667
 20
42.326899999999995
 10
36.14126666666667
 20
42.326899999999995
  0
LWPOLYLINE
  5
21C
330
17
100
AcDbEntity
  8
PARTS
100
AcDbPolyline
 90
2
 70
0
 10
36.20576666666667
 20
42.326899999999995
 10
36.202466666666666
 20
42.326899999999995
  0
LWPOLYLINE
  5
21D
330
17
100
AcDbEntity
  8
PARTS
100
AcDbPolyline
 90
2
 70
0
 10
36.278866666666666
 20
42.326899999999995
 10
36.269666666666666
 20
42.326899999999995
  0
LWPOLYLINE
  5
21E
330
17
100
AcDbEntity
  8
PARTS
100
AcDbPolyline
 90
2
 70
0
 10
36.269666666666666
 20
42.326899999999995
 10
36.260666666666665
 20
42.326899999999995
  0
LWPOLYLINE
  5
21F
330
17
100
AcDbEntity
  8
PARTS
100
AcDbPolyline
 90
2
 70
0
 10
36.278866666666666
 20
42.326899999999995
 10
36.278866666666666
 20
42.3369
  0
LWPOLYLINE
  5
220
330
17
100
AcDbEntity
  8
PARTS
100
AcDbPolyline
 90
2
 70
0
 10
36.337066666666665
 20
42.326899999999995
 10
36.31386666666666
 20
42.326899999999995
  0
LWPOLYLINE
  5
221
330
17
100
AcDbEntity
  8
PARTS
100
AcDbPolyline
 90
2
 70
0
 10
36.31386666666666
 20
42.326899999999995
 10
36.30546666666667
 20
42.326899999999995
  0
LWPOLYLINE
  5
222
330
17
100
AcDbEntity
  8
PARTS
100
AcDbPolyline
 90
2
 70
0
 10
36.30546666666667
 20
42.326899999999995
 10
36.28216666666667
 20
42.326899999999995
  0
LWPOLYLINE
  5
223
330
17
100
AcDbEntity
  8
PARTS
100
AcDbPolyline
 90
2
 70
0
 10
36.31386666666666
 20
42.326899999999995
 10
36.31386666666666
 20
42.3369
  0
LWPOLYLINE
  5
224
330
17
100
AcDbEntity
  8
PARTS
100
AcDbPolyline
 90
2
 70
0
 10
36.337066666666665
 20
42.326899999999995
 10
36.337066666666665
 20
42.3369
  0
LWPOLYLINE
  5
225
330
17
100
AcDbEntity
  8
PARTS
100
AcDbPolyline
 90
2
 70
0
 10
36.30546666666667
 20
42.326899999999995
 10
36.30546666666667
 20
42.3369
  0
LWPOLYLINE
  5
226
330
17
100
AcDbEntity
  8
PARTS
100
AcDbPolyline
 90
2
 70
0
 10
36.28216666666667
 20
42.326899999999995
 10
36.28216666666667
 20
42.3369
  0
LWPOLYLINE
  5
227
330
17
100
AcDbEntity
  8
PARTS
100
AcDbPolyline
 90
2
 70
0
 10
35.96586666666667
 20
42.326899999999995
 10
35.92296666666667
 20
42.326899999999995
  0
LWPOLYLINE
  5
228
330
17
100
AcDbEntity
  8
PARTS
100
AcDbPolyline
 90
2
 70
0
 10
35.92296666666667
 20
42.326899999999995
 10
35.89946666666666
 20
42.326899999999995
  0
LWPOLYLINE
  5
229
330
17
100
AcDbEntity
  8
PARTS
100
AcDbPolyline
 90
2
 70
0
 10
35.89946666666666
 20
42.326899999999995
 10
35.840466666666664
 20
42.326899999999995
  0
LWPOLYLINE
  5
22A
330
17
100
AcDbEntity
  8
PARTS
100
AcDbPolyline
 90
2
 70
0
 10
35.840466666666664
 20
42.326899999999995
 10
35.788466666666665
 20
42.326899999999995
  0
LWPOLYLINE
  5
22B
330
17
100
AcDbEntity
  8
PARTS
100
AcDbPolyline
 90
2
 70
0
 10
35.788466666666665
 20
42.326899999999995
 10
35.76936666666666
 20
42.326899999999995
  0
LWPOLYLINE
  5
22C
330
17
100
AcDbEntity
  8
PARTS
100
AcDbPolyline
 90
2
 70
0
 10
35.76936666666666
 20
42.326899999999995
 10
35.759366666666665
 20
42.326899999999995
  0
LWPOLYLINE
  5
22D
330
17
100
AcDbEntity
  8
PARTS
100
AcDbPolyline
 90
2
 70
0
 10
35.759366666666665
 20
42.326899999999995
 10
35.709466666666664
 20
42.326899999999995
  0
LWPOLYLINE
  5
22E
330
17
100
AcDbEntity
  8
PARTS
100
AcDbPolyline
 90
2
 70
0
 10
35.709466666666664
 20
42.326899999999995
 10
35.68906666666667
 20
42.326899999999995
  0
LWPOLYLINE
  5
22F
330
17
100
AcDbEntity
  8
PARTS
100
AcDbPolyline
 90
2
 70
0
 10
35.96586666666667
 20
42.326899999999995
 10
35.96586666666667
 20
42.3369
  0
LWPOLYLINE
  5
230
330
17
100
AcDbEntity
  8
PARTS
100
AcDbPolyline
 90
2
 70
0
 10
35.92296666666667
 20
42.326899999999995
 10
35.92296666666667
 20
42.3369
  0
LWPOLYLINE
  5
231
330
17
100
AcDbEntity
  8
PARTS
100
AcDbPolyline
 90
2
 70
0
 10
35.89946666666666
 20
42.326899999999995
 10
35.89946666666666
 20
42.3369
  0
LWPOLYLINE
  5
232
330
17
100
AcDbEntity
  8
PARTS
100
AcDbPolyline
 90
2
 70
0
 10
35.76936666666666
 20
42.326899999999995
 10
35.76936666666666
 20
42.3369
  0
LWPOLYLINE
  5
233
330
17
100
AcDbEntity
  8
PARTS
100
AcDbPolyline
 90
2
 70
0
 10
35.68906666666667
 20
42.326899999999995
 10
35.68906666666667
 20
42.3369
  0
LWPOLYLINE
  5
234
330
17
100
AcDbEntity
  8
PARTS
100
AcDbPolyline
 90
2
 70
0
 10
22.413666666666668
 20
37.725899999999996
 10
22.450666666666667
 20
37.6889
  0
LWPOLYLINE
  5
235
330
17
100
AcDbEntity
  8
PARTS
100
AcDbPolyline
 90
2
 70
0
 10
22.46366666666667
 20
37.6889
 10
22.413666666666668
 20
37.738899999999994
  0
LWPOLYLINE
  5
236
330
17
100
AcDbEntity
  8
PARTS
100
AcDbPolyline
 90
2
 70
0
 10
21.676666666666666
 20
37.6889
 10
21.71366666666667
 20
37.725899999999996
  0
LWPOLYLINE
  5
237
330
17
100
AcDbEntity
  8
PARTS
100
AcDbPolyline
 90
2
 70
0
 10
21.71366666666667
 20
37.738899999999994
 10
21.663666666666668
 20
37.6889
  0
LWPOLYLINE
  5
238
330
17
100
AcDbEntity
  8
PARTS
100
AcDbPolyline
 90
2
 70
0
 10
21.663666666666668
 20
37.6889
 10
21.663666666666668
 20
36.588899999999995
  0
LWPOLYLINE
  5
239
330
17
100
AcDbEntity
  8
PARTS
100
AcDbPolyline
 90
2
 70
0
 10
21.71366666666667
 20
36.551899999999996
 10
21.676666666666666
 20
36.588899999999995
  0
LWPOLYLINE
  5
23A
330
17
100
AcDbEntity
  8
PARTS
100
AcDbPolyline
 90
2
 70
0
 10
21.663666666666668
 20
36.588899999999995
 10
21.71366666666667
 20
36.5389
  0
LWPOLYLINE
  5
23B
330
17
100
AcDbEntity
  8
PARTS
100
AcDbPolyline
 90
2
 70
0
 10
22.450666666666667
 20
36.588899999999995
 10
22.413666666666668
 20
36.551899999999996
  0
LWPOLYLINE
  5
23C
330
17
100
AcDbEntity
  8
PARTS
100
AcDbPolyline
 90
2
 70
0
 10
22.413666666666668
 20
36.5389
 10
22.46366666666667
 20
36.588899999999995
  0
LWPOLYLINE
  5
23D
330
17
100
AcDbEntity
  8
PARTS
100
AcDbPolyline
 90
2
 70
0
 10
22.46366666666667
 20
36.588899999999995
 10
22.46366666666667
 20
37.6889
  0
LWPOLYLINE
  5
23E
330
17
100
AcDbEntity
  8
PARTS
100
AcDbPolyline
 90
2
 70
0
 10
21.71366666666667
 20
37.725899999999996
 10
21.776266666666668
 20
37.6263
  0
LWPOLYLINE
  5
23F
330
17
100
AcDbEntity
  8
PARTS
100
AcDbPolyline
 90
2
 70
0
 10
21.776266666666668
 20
37.6263
 10
21.676666666666666
 20
37.6889
  0
LWPOLYLINE
  5
240
330
17
100
AcDbEntity
  8
PARTS
100
AcDbPolyline
 90
2
 70
0
 10
21.776266666666668
 20
36.651599999999995
 10
21.676666666666666
 20
36.588899999999995
  0
LWPOLYLINE
  5
241
330
17
100
AcDbEntity
  8
PARTS
100
AcDbPolyline
 90
2
 70
0
 10
22.413666666666668
 20
37.725899999999996
 10
22.351066666666668
 20
37.6263
  0
LWPOLYLINE
  5
242
330
17
100
AcDbEntity
  8
PARTS
100
AcDbPolyline
 90
2
 70
0
 10
21.776266666666668
 20
36.651599999999995
 10
21.71366666666667
 20
36.551899999999996
  0
LWPOLYLINE
  5
243
330
17
100
AcDbEntity
  8
PARTS
100
AcDbPolyline
 90
2
 70
0
 10
22.450666666666667
 20
37.6889
 10
22.351066666666668
 20
37.6263
  0
LWPOLYLINE
  5
244
330
17
100
AcDbEntity
  8
PARTS
100
AcDbPolyline
 90
2
 70
0
 10
22.351066666666668
 20
36.651599999999995
 10
22.413666666666668
 20
36.551899999999996
  0
LWPOLYLINE
  5
245
330
17
100
AcDbEntity
  8
PARTS
100
AcDbPolyline
 90
2
 70
0
 10
22.450666666666667
 20
36.588899999999995
 10
22.351066666666668
 20
36.651599999999995
  0
LWPOLYLINE
  5
246
330
17
100
AcDbEntity
  8
PARTS
100
AcDbPolyline
 90
2
 70
0
 10
22.46366666666667
 20
37.948899999999995
 10
22.46366666666667
 20
37.738899999999994
  0
LWPOLYLINE
  5
247
330
17
100
AcDbEntity
  8
PARTS
100
AcDbPolyline
 90
2
 70
0
 10
21.663666666666668
 20
37.948899999999995
 10
22.46366666666667
 20
37.948899999999995
  0
LWPOLYLINE
  5
248
330
17
100
AcDbEntity
  8
PARTS
100
AcDbPolyline
 90
2
 70
0
 10
21.663666666666668
 20
37.948899999999995
 10
21.663666666666668
 20
37.738899999999994
  0
LWPOLYLINE
  5
249
330
17
100
AcDbEntity
  8
PARTS
100
AcDbPolyline
 90
2
 70
0
 10
21.663666666666668
 20
37.738899999999994
 10
22.46366666666667
 20
37.738899999999994
  0
LWPOLYLINE
  5
24A
330
17
100
AcDbEntity
  8
PARTS
100
AcDbPolyline
 90
2
 70
0
 10
21.806466666666665
 20
36.3696
 10
21.806466666666665
 20
36.523999999999994
  0
LWPOLYLINE
  5
24B
330
17
100
AcDbEntity
  8
PARTS
100
AcDbPolyline
 90
2
 70
0
 10
21.687966666666668
 20
36.3696
 10
21.806466666666665
 20
36.3696
  0
LWPOLYLINE
  5
24C
330
17
100
AcDbEntity
  8
PARTS
100
AcDbPolyline
 90
2
 70
0
 10
21.687966666666668
 20
36.523999999999994
 10
21.687966666666668
 20
36.3696
  0
LWPOLYLINE
  5
24D
330
17
100
AcDbEntity
  8
PARTS
100
AcDbPolyline
 90
2
 70
0
 10
21.806466666666665
 20
36.523999999999994
 10
21.687966666666668
 20
36.523999999999994
  0
LWPOLYLINE
  5
24E
330
17
100
AcDbEntity
  8
PARTS
100
AcDbPolyline
 90
2
 70
0
 10
22.46366666666667
 20
36.3289
 10
22.46366666666667
 20
36.5389
  0
LWPOLYLINE
  5
24F
330
17
100
AcDbEntity
  8
PARTS
100
AcDbPolyline
 90
2
 70
0
 10
21.663666666666668
 20
36.5389
 10
22.46366666666667
 20
36.5389
  0
LWPOLYLINE
  5
250
330
17
100
AcDbEntity
  8
PARTS
100
AcDbPolyline
 90
2
 70
0
 10
21.663666666666668
 20
36.3289
 10
21.663666666666668
 20
36.5389
  0
LWPOLYLINE
  5
251
330
17
100
AcDbEntity
  8
PARTS
100
AcDbPolyline
 90
2
 70
0
 10
21.663666666666668
 20
36.3289
 10
22.46366666666667
 20
36.3289
  0
LWPOLYLINE
  5
252
330
17
100
AcDbEntity
  8
PARTS
100
AcDbPolyline
 90
2
 70
0
 10
21.663666666666668
 20
37.738899999999994
 10
21.663666666666668
 20
36.5389
  0
LWPOLYLINE
  5
253
330
17
100
AcDbEntity
  8
PARTS
100
AcDbPolyline
 90
2
 70
0
 10
22.46366666666667
 20
36.5389
 10
22.46366666666667
 20
37.738899999999994
  0
LWPOLYLINE
  5
254
330
17
100
AcDbEntity
  8
PARTS
100
AcDbPolyline
 90
2
 70
0
 10
21.653666666666666
 20
37.1258
 10
21.663666666666668
 20
37.1258
  0
LWPOLYLINE
  5
255
330
17
100
AcDbEntity
  8
PARTS
100
AcDbPolyline
 90
2
 70
0
 10
21.653666666666666
 20
37.1258
 10
21.653666666666666
 20
37.141999999999996
  0
LWPOLYLINE
  5
256
330
17
100
AcDbEntity
  8
PARTS
100
AcDbPolyline
 90
2
 70
0
 10
21.653666666666666
 20
37.141999999999996
 10
21.663666666666668
 20
37.141999999999996
  0
LWPOLYLINE
  5
257
330
17
100
AcDbEntity
  8
PARTS
100
AcDbPolyline
 90
2
 70
0
 10
21.653666666666666
 20
37.147299999999994
 10
21.663666666666668
 20
37.147299999999994
  0
LWPOLYLINE
  5
258
330
17
100
AcDbEntity
  8
PARTS
100
AcDbPolyline
 90
2
 70
0
 10
21.653666666666666
 20
37.141999999999996
 10
21.653666666666666
 20
37.147299999999994
  0
LWPOLYLINE
  5
259
330
17
100
AcDbEntity
  8
PARTS
100
AcDbPolyline
 90
2
 70
0
 10
21.653666666666666
 20
37.0937
 10
21.663666666666668
 20
37.0937
  0
LWPOLYLINE
  5
25A
330
17
100
AcDbEntity
  8
PARTS
100
AcDbPolyline
 90
2
 70
0
 10
21.653666666666666
 20
37.0937
 10
21.653666666666666
 20
37.1033
  0
LWPOLYLINE
  5
25B
330
17
100
AcDbEntity
  8
PARTS
100
AcDbPolyline
 90
2
 70
0
 10
21.653666666666666
 20
37.1033
 10
21.653666666666666
 20
37.1183
  0
LWPOLYLINE
  5
25C
330
17
100
AcDbEntity
  8
PARTS
100
AcDbPolyline
 90
2
 70
0
 10
21.653666666666666
 20
37.1183
 10
21.653666666666666
 20
37.124199999999995
  0
LWPOLYLINE
  5
25D
330
17
100
AcDbEntity
  8
PARTS
100
AcDbPolyline
 90
2
 70
0
 10
21.653666666666666
 20
37.124199999999995
 10
21.663666666666668
 20
37.124199999999995
  0
LWPOLYLINE
  5
25E
330
17
100
AcDbEntity
  8
PARTS
100
AcDbPolyline
 90
2
 70
0
 10
21.653666666666666
 20
37.0637
 10
21.663666666666668
 20
37.0637
  0
LWPOLYLINE
  5
25F
330
17
100
AcDbEntity
  8
PARTS
100
AcDbPolyline
 90
2
 70
0
 10
21.653666666666666
 20
37.0637
 10
21.653666666666666
 20
37.0646
  0
LWPOLYLINE
  5
260
330
17
100
AcDbEntity
  8
PARTS
100
AcDbPolyline
 90
2
 70
0
 10
21.653666666666666
 20
37.0646
 10
21.663666666666668
 20
37.0646
  0
LWPOLYLINE
  5
261
330
17
100
AcDbEntity
  8
PARTS
100
AcDbPolyline
 90
2
 70
0
 10
21.653666666666666
 20
37.0856
 10
21.663666666666668
 20
37.0856
  0
LWPOLYLINE
  5
262
330
17
100
AcDbEntity
  8
PARTS
100
AcDbPolyline
 90
2
 70
0
 10
21.653666666666666
 20
37.0646
 10
21.653666666666666
 20
37.0856
  0
LWPOLYLINE
  5
263
330
17
100
AcDbEntity
  8
PARTS
100
AcDbPolyline
 90
2
 70
0
 10
21.653666666666666
 20
37.0229
 10
21.653666666666666
 20
37.028999999999996
  0
LWPOLYLINE
  5
264
330
17
100
AcDbEntity
  8
PARTS
100
AcDbPolyline
 90
2
 70
0
 10
21.653666666666666
 20
37.028999999999996
 10
21.653666666666666
 20
37.044399999999996
  0
LWPOLYLINE
  5
265
330
17
100
AcDbEntity
  8
PARTS
100
AcDbPolyline
 90
2
 70
0
 10
21.653666666666666
 20
37.044399999999996
 10
21.653666666666666
 20
37.056
  0
LWPOLYLINE
  5
266
330
17
100
AcDbEntity
  8
PARTS
100
AcDbPolyline
 90
2
 70
0
 10
21.653666666666666
 20
37.0229
 10
21.663666666666668
 20
37.0229
  0
LWPOLYLINE
  5
267
330
17
100
AcDbEntity
  8
PARTS
100
AcDbPolyline
 90
2
 70
0
 10
21.653666666666666
 20
37.056
 10
21.663666666666668
 20
37.056
  0
LWPOLYLINE
  5
268
330
17
100
AcDbEntity
  8
PARTS
100
AcDbPolyline
 90
2
 70
0
 10
21.653666666666666
 20
36.983999999999995
 10
21.653666666666666
 20
36.9995
  0
LWPOLYLINE
  5
269
330
17
100
AcDbEntity
  8
PARTS
100
AcDbPolyline
 90
2
 70
0
 10
21.653666666666666
 20
36.9995
 10
21.653666666666666
 20
37.0051
  0
LWPOLYLINE
  5
26A
330
17
100
AcDbEntity
  8
PARTS
100
AcDbPolyline
 90
2
 70
0
 10
21.653666666666666
 20
37.0051
 10
21.653666666666666
 20
37.020599999999995
  0
LWPOLYLINE
  5
26B
330
17
100
AcDbEntity
  8
PARTS
100
AcDbPolyline
 90
2
 70
0
 10
21.653666666666666
 20
36.9995
 10
21.663666666666668
 20
36.9995
  0
LWPOLYLINE
  5
26C
330
17
100
AcDbEntity
  8
PARTS
100
AcDbPolyline
 90
2
 70
0
 10
21.653666666666666
 20
36.983999999999995
 10
21.663666666666668
 20
36.983999999999995
  0
LWPOLYLINE
  5
26D
330
17
100
AcDbEntity
  8
PARTS
100
AcDbPolyline
 90
2
 70
0
 10
21.653666666666666
 20
37.0051
 10
21.663666666666668
 20
37.0051
  0
LWPOLYLINE
  5
26E
330
17
100
AcDbEntity
  8
PARTS
100
AcDbPolyline
 90
2
 70
0
 10
21.653666666666666
 20
37.020599999999995
 10
21.663666666666668
 20
37.020599999999995
  0
LWPOLYLINE
  5
26F
330
17
100
AcDbEntity
  8
PARTS
100
AcDbPolyline
 90
2
 70
0
 10
21.653666666666666
 20
37.1254
 10
21.663666666666668
 20
37.1254
  0
LWPOLYLINE
  5
270
330
17
100
AcDbEntity
  8
PARTS
100
AcDbPolyline
 90
2
 70
0
 10
21.653666666666666
 20
37.1254
 10
21.653666666666666
 20
37.1258
  0
LWPOLYLINE
  5
271
330
17
100
AcDbEntity
  8
PARTS
100
AcDbPolyline
 90
2
 70
0
 10
21.653666666666666
 20
37.090199999999996
 10
21.653666666666666
 20
37.0903
  0
LWPOLYLINE
  5
272
330
17
100
AcDbEntity
  8
PARTS
100
AcDbPolyline
 90
2
 70
0
 10
21.653666666666666
 20
37.0903
 10
21.663666666666668
 20
37.0903
  0
LWPOLYLINE
  5
273
330
17
100
AcDbEntity
  8
PARTS
100
AcDbPolyline
 90
2
 70
0
 10
21.653666666666666
 20
37.0856
 10
21.653666666666666
 20
37.086999999999996
  0
LWPOLYLINE
  5
274
330
17
100
AcDbEntity
  8
PARTS
100
AcDbPolyline
 90
2
 70
0
 10
21.653666666666666
 20
37.086999999999996
 10
21.653666666666666
 20
37.090199999999996
  0
LWPOLYLINE
  5
275
330
17
100
AcDbEntity
  8
PARTS
100
AcDbPolyline
 90
2
 70
0
 10
21.653666666666666
 20
37.090199999999996
 10
21.663666666666668
 20
37.090199999999996
  0
LWPOLYLINE
  5
276
330
17
100
AcDbEntity
  8
PARTS
100
AcDbPolyline
 90
2
 70
0
 10
21.653666666666666
 20
37.0623
 10
21.663666666666668
 20
37.0623
  0
LWPOLYLINE
  5
277
330
17
100
AcDbEntity
  8
PARTS
100
AcDbPolyline
 90
2
 70
0
 10
21.653666666666666
 20
37.056
 10
21.653666666666666
 20
37.0623
  0
LWPOLYLINE
  5
278
330
17
100
AcDbEntity
  8
PARTS
100
AcDbPolyline
 90
2
 70
0
 10
21.653666666666666
 20
37.0623
 10
21.653666666666666
 20
37.0637
  0
LWPOLYLINE
  5
279
330
17
100
AcDbEntity
  8
PARTS
100
AcDbPolyline
 90
2
 70
0
 10
21.653666666666666
 20
37.020599999999995
 10
21.653666666666666
 20
37.0229
  0
LWPOLYLINE
  5
27A
330
17
100
AcDbEntity
  8
PARTS
100
AcDbPolyline
 90
2
 70
0
 10
21.653666666666666
 20
36.9719
 10
21.653666666666666
 20
36.9781
  0
LWPOLYLINE
  5
27B
330
17
100
AcDbEntity
  8
PARTS
100
AcDbPolyline
 90
2
 70
0
 10
21.653666666666666
 20
36.9781
 10
21.653666666666666
 20
36.983999999999995
  0
LWPOLYLINE
  5
27C
330
17
100
AcDbEntity
  8
PARTS
100
AcDbPolyline
 90
2
 70
0
 10
21.653666666666666
 20
36.9719
 10
21.663666666666668
 20
36.9719
  0
LWPOLYLINE
  5
27D
330
17
100
AcDbEntity
  8
PARTS
100
AcDbPolyline
 90
2
 70
0
 10
21.653666666666666
 20
36.933099999999996
 10
21.653666666666666
 20
36.9486
  0
LWPOLYLINE
  5
27E
330
17
100
AcDbEntity
  8
PARTS
100
AcDbPolyline
 90
2
 70
0
 10
21.653666666666666
 20
36.9486
 10
21.653666666666666
 20
36.9542
  0
LWPOLYLINE
  5
27F
330
17
100
AcDbEntity
  8
PARTS
100
AcDbPolyline
 90
2
 70
0
 10
21.653666666666666
 20
36.9542
 10
21.653666666666666
 20
36.969699999999996
  0
LWPOLYLINE
  5
280
330
17
100
AcDbEntity
  8
PARTS
100
AcDbPolyline
 90
2
 70
0
 10
21.653666666666666
 20
36.9486
 10
21.663666666666668
 20
36.9486
  0
LWPOLYLINE
  5
281
330
17
100
AcDbEntity
  8
PARTS
100
AcDbPolyline
 90
2
 70
0
 10
21.653666666666666
 20
36.933099999999996
 10
21.663666666666668
 20
36.933099999999996
  0
LWPOLYLINE
  5
282
330
17
100
AcDbEntity
  8
PARTS
100
AcDbPolyline
 90
2
 70
0
 10
21.653666666666666
 20
36.9542
 10
21.663666666666668
 20
36.9542
  0
LWPOLYLINE
  5
283
330
17
100
AcDbEntity
  8
PARTS
100
AcDbPolyline
 90
2
 70
0
 10
21.653666666666666
 20
36.969699999999996
 10
21.663666666666668
 20
36.969699999999996
  0
LWPOLYLINE
  5
284
330
17
100
AcDbEntity
  8
PARTS
100
AcDbPolyline
 90
2
 70
0
 10
21.653666666666666
 20
37.1806
 10
21.653666666666666
 20
37.209199999999996
  0
LWPOLYLINE
  5
285
330
17
100
AcDbEntity
  8
PARTS
100
AcDbPolyline
 90
2
 70
0
 10
21.653666666666666
 20
37.209199999999996
 10
21.653666666666666
 20
37.224799999999995
  0
LWPOLYLINE
  5
286
330
17
100
AcDbEntity
  8
PARTS
100
AcDbPolyline
 90
2
 70
0
 10
21.653666666666666
 20
37.224799999999995
 10
21.653666666666666
 20
37.264199999999995
  0
LWPOLYLINE
  5
287
330
17
100
AcDbEntity
  8
PARTS
100
AcDbPolyline
 90
2
 70
0
 10
21.653666666666666
 20
37.264199999999995
 10
21.653666666666666
 20
37.298899999999996
  0
LWPOLYLINE
  5
288
330
17
100
AcDbEntity
  8
PARTS
100
AcDbPolyline
 90
2
 70
0
 10
21.653666666666666
 20
37.298899999999996
 10
21.653666666666666
 20
37.3116
  0
LWPOLYLINE
  5
289
330
17
100
AcDbEntity
  8
PARTS
100
AcDbPolyline
 90
2
 70
0
 10
21.653666666666666
 20
37.3116
 10
21.653666666666666
 20
37.3182
  0
LWPOLYLINE
  5
28A
330
17
100
AcDbEntity
  8
PARTS
100
AcDbPolyline
 90
2
 70
0
 10
21.653666666666666
 20
37.3182
 10
21.653666666666666
 20
37.351499999999994
  0
LWPOLYLINE
  5
28B
330
17
100
AcDbEntity
  8
PARTS
100
AcDbPolyline
 90
2
 70
0
 10
21.653666666666666
 20
37.351499999999994
 10
21.653666666666666
 20
37.3651
  0
LWPOLYLINE
  5
28C
330
17
100
AcDbEntity
  8
PARTS
100
AcDbPolyline
 90
2
 70
0
 10
21.653666666666666
 20
37.1806
 10
21.663666666666668
 20
37.1806
  0
LWPOLYLINE
  5
28D
330
17
100
AcDbEntity
  8
PARTS
100
AcDbPolyline
 90
2
 70
0
 10
21.653666666666666
 20
37.209199999999996
 10
21.663666666666668
 20
37.209199999999996
  0
LWPOLYLINE
  5
28E
330
17
100
AcDbEntity
  8
PARTS
100
AcDbPolyline
 90
2
 70
0
 10
21.653666666666666
 20
37.224799999999995
 10
21.663666666666668
 20
37.224799999999995
  0
LWPOLYLINE
  5
28F
330
17
100
AcDbEntity
  8
PARTS
100
AcDbPolyline
 90
2
 70
0
 10
21.653666666666666
 20
37.3116
 10
21.663666666666668
 20
37.3116
  0
LWPOLYLINE
  5
290
330
17
100
AcDbEntity
  8
PARTS
100
AcDbPolyline
 90
2
 70
0
 10
21.653666666666666
 20
37.3651
 10
21.663666666666668
 20
37.3651
  0
LWPOLYLINE
  5
291
330
17
100
AcDbEntity
  8
PARTS
100
AcDbPolyline
 90
2
 70
0
 10
32.092666666666666
 20
40.3219
 10
32.092666666666666
 20
40.521899999999995
  0
LWPOLYLINE
  5
292
330
17
100
AcDbEntity
  8
PARTS
100
AcDbPolyline
 90
2
 70
0
 10
32.092666666666666
 20
41.1219
 10
32.092666666666666
 20
41.3219
  0
LWPOLYLINE
  5
293
330
17
100
AcDbEntity
  8
PARTS
100
AcDbPolyline
 90
2
 70
0
 10
32.04266666666667
 20
40.521899999999995
 10
32.092666666666666
 20
40.521899999999995
  0
LWPOLYLINE
  5
294
330
17
100
AcDbEntity
  8
PARTS
100
AcDbPolyline
 90
2
 70
0
 10
32.04266666666667
 20
41.1219
 10
32.04266666666667
 20
41.1119
  0
LWPOLYLINE
  5
295
330
17
100
AcDbEntity
  8
PARTS
100
AcDbPolyline
 90
2
 70
0
 10
32.04266666666667
 20
40.5319
 10
32.04266666666667
 20
40.521899999999995
  0
LWPOLYLINE
  5
296
330
17
100
AcDbEntity
  8
PARTS
100
AcDbPolyline
 90
2
 70
0
 10
32.092666666666666
 20
41.1219
 10
32.04266666666667
 20
41.1219
  0
LWPOLYLINE
  5
297
330
17
100
AcDbEntity
  8
PARTS
100
AcDbPolyline
 90
2
 70
0
 10
32.092666666666666
 20
41.3219
 10
31.592666666666663
 20
41.3219
  0
LWPOLYLINE
  5
298
330
17
100
AcDbEntity
  8
PARTS
100
AcDbPolyline
 90
2
 70
0
 10
31.592666666666663
 20
41.3219
 10
31.592666666666663
 20
41.1219
  0
LWPOLYLINE
  5
299
330
17
100
AcDbEntity
  8
PARTS
100
AcDbPolyline
 90
2
 70
0
 10
31.592666666666663
 20
41.1219
 10
31.642666666666667
 20
41.1219
  0
LWPOLYLINE
  5
29A
330
17
100
AcDbEntity
  8
PARTS
100
AcDbPolyline
 90
2
 70
0
 10
31.642666666666667
 20
40.521899999999995
 10
31.642666666666667
 20
40.5319
  0
LWPOLYLINE
  5
29B
330
17
100
AcDbEntity
  8
PARTS
100
AcDbPolyline
 90
2
 70
0
 10
31.642666666666667
 20
41.1119
 10
31.642666666666667
 20
41.1219
  0
LWPOLYLINE
  5
29C
330
17
100
AcDbEntity
  8
PARTS
100
AcDbPolyline
 90
2
 70
0
 10
31.642666666666667
 20
40.521899999999995
 10
31.592666666666663
 20
40.521899999999995
  0
LWPOLYLINE
  5
29D
330
17
100
AcDbEntity
  8
PARTS
100
AcDbPolyline
 90
2
 70
0
 10
31.592666666666663
 20
40.521899999999995
 10
31.592666666666663
 20
40.3219
  0
LWPOLYLINE
  5
29E
330
17
100
AcDbEntity
  8
PARTS
100
AcDbPolyline
 90
2
 70
0
 10
31.592666666666663
 20
40.3219
 10
32.092666666666666
 20
40.3219
  0
LWPOLYLINE
  5
29F
330
17
100
AcDbEntity
  8
PARTS
100
AcDbPolyline
 90
2
 70
0
 10
31.592666666666663
 20
40.521899999999995
 10
31.592666666666663
 20
41.1219
  0
LWPOLYLINE
  5
2A0
330
17
100
AcDbEntity
  8
PARTS
100
AcDbPolyline
 90
2
 70
0
 10
32.092666666666666
 20
41.1219
 10
32.092666666666666
 20
40.521899999999995
  0
LWPOLYLINE
  5
2A1
330
17
100
AcDbEntity
  8
PARTS
100
AcDbPolyline
 90
2
 70
0
 10
32.08266666666667
 20
41.1119
 10
31.602666666666664
 20
41.1119
  0
LWPOLYLINE
  5
2A2
330
17
100
AcDbEntity
  8
PARTS
100
AcDbPolyline
 90
2
 70
0
 10
31.602666666666664
 20
41.1119
 10
31.602666666666664
 20
40.5319
  0
LWPOLYLINE
  5
2A3
330
17
100
AcDbEntity
  8
PARTS
100
AcDbPolyline
 90
2
 70
0
 10
31.602666666666664
 20
40.5319
 10
32.08266666666667
 20
40.5319
  0
LWPOLYLINE
  5
2A4
330
17
100
AcDbEntity
  8
PARTS
100
AcDbPolyline
 90
2
 70
0
 10
32.08266666666667
 20
40.5319
 10
32.08266666666667
 20
41.1119
  0
LWPOLYLINE
  5
2A5
330
17
100
AcDbEntity
  8
PARTS
100
AcDbPolyline
 90
2
 70
0
 10
32.092666666666666
 20
40.521899999999995
 10
32.08266666666667
 20
40.5319
  0
LWPOLYLINE
  5
2A6
330
17
100
AcDbEntity
  8
PARTS
100
AcDbPolyline
 90
2
 70
0
 10
32.08266666666667
 20
41.1119
 10
32.092666666666666
 20
41.1219
  0
LWPOLYLINE
  5
2A7
330
17
100
AcDbEntity
  8
PARTS
100
AcDbPolyline
 90
2
 70
0
 10
31.602666666666664
 20
41.1119
 10
31.592666666666663
 20
41.1219
  0
LWPOLYLINE
  5
2A8
330
17
100
AcDbEntity
  8
PARTS
100
AcDbPolyline
 90
2
 70
0
 10
31.592666666666663
 20
40.521899999999995
 10
31.602666666666664
 20
40.5319
  0
LWPOLYLINE
  5
2A9
330
17
100
AcDbEntity
  8
PARTS
100
AcDbPolyline
 90
2
 70
0
 10
32.09366666666667
 20
40.869499999999995
 10
32.092666666666666
 20
40.869499999999995
  0
LWPOLYLINE
  5
2AA
330
17
100
AcDbEntity
  8
PARTS
100
AcDbPolyline
 90
2
 70
0
 10
32.09366666666667
 20
40.869499999999995
 10
32.09366666666667
 20
40.8535
  0
LWPOLYLINE
  5
2AB
330
17
100
AcDbEntity
  8
PARTS
100
AcDbPolyline
 90
2
 70
0
 10
32.09366666666667
 20
40.8535
 10
32.092666666666666
 20
40.8535
  0
LWPOLYLINE
  5
2AC
330
17
100
AcDbEntity
  8
PARTS
100
AcDbPolyline
 90
2
 70
0
 10
32.09366666666667
 20
40.848299999999995
 10
32.092666666666666
 20
40.848299999999995
  0
LWPOLYLINE
  5
2AD
330
17
100
AcDbEntity
  8
PARTS
100
AcDbPolyline
 90
2
 70
0
 10
32.09366666666667
 20
40.8535
 10
32.09366666666667
 20
40.848299999999995
  0
LWPOLYLINE
  5
2AE
330
17
100
AcDbEntity
  8
PARTS
100
AcDbPolyline
 90
2
 70
0
 10
32.09366666666667
 20
40.848
 10
32.092666666666666
 20
40.848
  0
LWPOLYLINE
  5
2AF
330
17
100
AcDbEntity
  8
PARTS
100
AcDbPolyline
 90
2
 70
0
 10
32.09366666666667
 20
40.848299999999995
 10
32.09366666666667
 20
40.848
  0
LWPOLYLINE
  5
2B0
330
17
100
AcDbEntity
  8
PARTS
100
AcDbPolyline
 90
2
 70
0
 10
32.09366666666667
 20
40.901799999999994
 10
32.092666666666666
 20
40.901799999999994
  0
LWPOLYLINE
  5
2B1
330
17
100
AcDbEntity
  8
PARTS
100
AcDbPolyline
 90
2
 70
0
 10
32.09366666666667
 20
40.901799999999994
 10
32.09366666666667
 20
40.892199999999995
  0
LWPOLYLINE
  5
2B2
330
17
100
AcDbEntity
  8
PARTS
100
AcDbPolyline
 90
2
 70
0
 10
32.09366666666667
 20
40.892199999999995
 10
32.09366666666667
 20
40.877199999999995
  0
LWPOLYLINE
  5
2B3
330
17
100
AcDbEntity
  8
PARTS
100
AcDbPolyline
 90
2
 70
0
 10
32.09366666666667
 20
40.877199999999995
 10
32.09366666666667
 20
40.871199999999995
  0
LWPOLYLINE
  5
2B4
330
17
100
AcDbEntity
  8
PARTS
100
AcDbPolyline
 90
2
 70
0
 10
32.09366666666667
 20
40.871199999999995
 10
32.09366666666667
 20
40.871199999999995
  0
LWPOLYLINE
  5
2B5
330
17
100
AcDbEntity
  8
PARTS
100
AcDbPolyline
 90
2
 70
0
 10
32.09366666666667
 20
40.871199999999995
 10
32.09366666666667
 20
40.871199999999995
  0
LWPOLYLINE
  5
2B6
330
17
100
AcDbEntity
  8
PARTS
100
AcDbPolyline
 90
2
 70
0
 10
32.09366666666667
 20
40.931599999999996
 10
32.092666666666666
 20
40.931599999999996
  0
LWPOLYLINE
  5
2B7
330
17
100
AcDbEntity
  8
PARTS
100
AcDbPolyline
 90
2
 70
0
 10
32.09366666666667
 20
40.931599999999996
 10
32.09366666666667
 20
40.930899999999994
  0
LWPOLYLINE
  5
2B8
330
17
100
AcDbEntity
  8
PARTS
100
AcDbPolyline
 90
2
 70
0
 10
32.09366666666667
 20
40.930899999999994
 10
32.092666666666666
 20
40.930899999999994
  0
LWPOLYLINE
  5
2B9
330
17
100
AcDbEntity
  8
PARTS
100
AcDbPolyline
 90
2
 70
0
 10
32.09366666666667
 20
40.91
 10
32.092666666666666
 20
40.91
  0
LWPOLYLINE
  5
2BA
330
17
100
AcDbEntity
  8
PARTS
100
AcDbPolyline
 90
2
 70
0
 10
32.09366666666667
 20
40.930899999999994
 10
32.09366666666667
 20
40.91
  0
LWPOLYLINE
  5
2BB
330
17
100
AcDbEntity
  8
PARTS
100
AcDbPolyline
 90
2
 70
0
 10
32.09366666666667
 20
40.909699999999994
 10
32.092666666666666
 20
40.909699999999994
  0
LWPOLYLINE
  5
2BC
330
17
100
AcDbEntity
  8
PARTS
100
AcDbPolyline
 90
2
 70
0
 10
32.09366666666667
 20
40.91
 10
32.09366666666667
 20
40.909699999999994
  0
LWPOLYLINE
  5
2BD
330
17
100
AcDbEntity
  8
PARTS
100
AcDbPolyline
 90
2
 70
0
 10
32.09366666666667
 20
40.9725
 10
32.09366666666667
 20
40.9725
  0
LWPOLYLINE
  5
2BE
330
17
100
AcDbEntity
  8
PARTS
100
AcDbPolyline
 90
2
 70
0
 10
32.09366666666667
 20
40.9725
 10
32.09366666666667
 20
40.966499999999996
  0
LWPOLYLINE
  5
2BF
330
17
100
AcDbEntity
  8
PARTS
100
AcDbPolyline
 90
2
 70
0
 10
32.09366666666667
 20
40.966499999999996
 10
32.09366666666667
 20
40.9511
  0
LWPOLYLINE
  5
2C0
330
17
100
AcDbEntity
  8
PARTS
100
AcDbPolyline
 90
2
 70
0
 10
32.09366666666667
 20
40.9511
 10
32.09366666666667
 20
40.939499999999995
  0
LWPOLYLINE
  5
2C1
330
17
100
AcDbEntity
  8
PARTS
100
AcDbPolyline
 90
2
 70
0
 10
32.09366666666667
 20
40.939499999999995
 10
32.09366666666667
 20
40.9392
  0
LWPOLYLINE
  5
2C2
330
17
100
AcDbEntity
  8
PARTS
100
AcDbPolyline
 90
2
 70
0
 10
32.09366666666667
 20
40.9392
 10
32.092666666666666
 20
40.9392
  0
LWPOLYLINE
  5
2C3
330
17
100
AcDbEntity
  8
PARTS
100
AcDbPolyline
 90
2
 70
0
 10
32.09366666666667
 20
40.939499999999995
 10
32.092666666666666
 20
40.939499999999995
  0
LWPOLYLINE
  5
2C4
330
17
100
AcDbEntity
  8
PARTS
100
AcDbPolyline
 90
2
 70
0
 10
32.09366666666667
 20
41.011199999999995
 10
32.09366666666667
 20
40.995999999999995
  0
LWPOLYLINE
  5
2C5
330
17
100
AcDbEntity
  8
PARTS
100
AcDbPolyline
 90
2
 70
0
 10
32.09366666666667
 20
40.995999999999995
 10
32.09366666666667
 20
40.990399999999994
  0
LWPOLYLINE
  5
2C6
330
17
100
AcDbEntity
  8
PARTS
100
AcDbPolyline
 90
2
 70
0
 10
32.09366666666667
 20
40.990399999999994
 10
32.09366666666667
 20
40.974599999999995
  0
LWPOLYLINE
  5
2C7
330
17
100
AcDbEntity
  8
PARTS
100
AcDbPolyline
 90
2
 70
0
 10
32.09366666666667
 20
40.995999999999995
 10
32.092666666666666
 20
40.995999999999995
  0
LWPOLYLINE
  5
2C8
330
17
100
AcDbEntity
  8
PARTS
100
AcDbPolyline
 90
2
 70
0
 10
32.09366666666667
 20
41.011199999999995
 10
32.092666666666666
 20
41.011199999999995
  0
LWPOLYLINE
  5
2C9
330
17
100
AcDbEntity
  8
PARTS
100
AcDbPolyline
 90
2
 70
0
 10
32.09366666666667
 20
40.990399999999994
 10
32.092666666666666
 20
40.990399999999994
  0
LWPOLYLINE
  5
2CA
330
17
100
AcDbEntity
  8
PARTS
100
AcDbPolyline
 90
2
 70
0
 10
32.09366666666667
 20
40.974599999999995
 10
32.092666666666666
 20
40.974599999999995
  0
LWPOLYLINE
  5
2CB
330
17
100
AcDbEntity
  8
PARTS
100
AcDbPolyline
 90
2
 70
0
 10
32.09366666666667
 20
40.8478
 10
32.092666666666666
 20
40.8478
  0
LWPOLYLINE
  5
2CC
330
17
100
AcDbEntity
  8
PARTS
100
AcDbPolyline
 90
2
 70
0
 10
32.09366666666667
 20
40.848
 10
32.09366666666667
 20
40.8478
  0
LWPOLYLINE
  5
2CD
330
17
100
AcDbEntity
  8
PARTS
100
AcDbPolyline
 90
2
 70
0
 10
32.09366666666667
 20
40.8475
 10
32.092666666666666
 20
40.8475
  0
LWPOLYLINE
  5
2CE
330
17
100
AcDbEntity
  8
PARTS
100
AcDbPolyline
 90
2
 70
0
 10
32.09366666666667
 20
40.8478
 10
32.09366666666667
 20
40.8475
  0
LWPOLYLINE
  5
2CF
330
17
100
AcDbEntity
  8
PARTS
100
AcDbPolyline
 90
2
 70
0
 10
32.09366666666667
 20
40.9047
 10
32.09366666666667
 20
40.904599999999995
  0
LWPOLYLINE
  5
2D0
330
17
100
AcDbEntity
  8
PARTS
100
AcDbPolyline
 90
2
 70
0
 10
32.09366666666667
 20
40.904599999999995
 10
32.092666666666666
 20
40.904599999999995
  0
LWPOLYLINE
  5
2D1
330
17
100
AcDbEntity
  8
PARTS
100
AcDbPolyline
 90
2
 70
0
 10
32.09366666666667
 20
40.9045
 10
32.092666666666666
 20
40.9045
  0
LWPOLYLINE
  5
2D2
330
17
100
AcDbEntity
  8
PARTS
100
AcDbPolyline
 90
2
 70
0
 10
32.09366666666667
 20
40.904599999999995
 10
32.09366666666667
 20
40.9045
  0
LWPOLYLINE
  5
2D3
330
17
100
AcDbEntity
  8
PARTS
100
AcDbPolyline
 90
2
 70
0
 10
32.09366666666667
 20
40.909699999999994
 10
32.09366666666667
 20
40.907999999999994
  0
LWPOLYLINE
  5
2D4
330
17
100
AcDbEntity
  8
PARTS
100
AcDbPolyline
 90
2
 70
0
 10
32.09366666666667
 20
40.907999999999994
 10
32.09366666666667
 20
40.9047
  0
LWPOLYLINE
  5
2D5
330
17
100
AcDbEntity
  8
PARTS
100
AcDbPolyline
 90
2
 70
0
 10
32.09366666666667
 20
40.9047
 10
32.09366666666667
 20
40.9047
  0
LWPOLYLINE
  5
2D6
330
17
100
AcDbEntity
  8
PARTS
100
AcDbPolyline
 90
2
 70
0
 10
32.09366666666667
 20
40.9047
 10
32.09366666666667
 20
40.9047
  0
LWPOLYLINE
  5
2D7
330
17
100
AcDbEntity
  8
PARTS
100
AcDbPolyline
 90
2
 70
0
 10
32.09366666666667
 20
40.9327
 10
32.092666666666666
 20
40.9327
  0
LWPOLYLINE
  5
2D8
330
17
100
AcDbEntity
  8
PARTS
100
AcDbPolyline
 90
2
 70
0
 10
32.09366666666667
 20
40.9392
 10
32.09366666666667
 20
40.9327
  0
LWPOLYLINE
  5
2D9
330
17
100
AcDbEntity
  8
PARTS
100
AcDbPolyline
 90
2
 70
0
 10
32.09366666666667
 20
40.9327
 10
32.09366666666667
 20
40.931599999999996
  0
LWPOLYLINE
  5
2DA
330
17
100
AcDbEntity
  8
PARTS
100
AcDbPolyline
 90
2
 70
0
 10
32.09366666666667
 20
40.974599999999995
 10
32.09366666666667
 20
40.9725
  0
LWPOLYLINE
  5
2DB
330
17
100
AcDbEntity
  8
PARTS
100
AcDbPolyline
 90
2
 70
0
 10
32.09366666666667
 20
41.022999999999996
 10
32.09366666666667
 20
41.022999999999996
  0
LWPOLYLINE
  5
2DC
330
17
100
AcDbEntity
  8
PARTS
100
AcDbPolyline
 90
2
 70
0
 10
32.09366666666667
 20
41.022999999999996
 10
32.09366666666667
 20
41.016999999999996
  0
LWPOLYLINE
  5
2DD
330
17
100
AcDbEntity
  8
PARTS
100
AcDbPolyline
 90
2
 70
0
 10
32.09366666666667
 20
41.016999999999996
 10
32.09366666666667
 20
41.011199999999995
  0
LWPOLYLINE
  5
2DE
330
17
100
AcDbEntity
  8
PARTS
100
AcDbPolyline
 90
2
 70
0
 10
32.09366666666667
 20
41.061699999999995
 10
32.09366666666667
 20
41.046499999999995
  0
LWPOLYLINE
  5
2DF
330
17
100
AcDbEntity
  8
PARTS
100
AcDbPolyline
 90
2
 70
0
 10
32.09366666666667
 20
41.046499999999995
 10
32.09366666666667
 20
41.04089999999999
  0
LWPOLYLINE
  5
2E0
330
17
100
AcDbEntity
  8
PARTS
100
AcDbPolyline
 90
2
 70
0
 10
32.09366666666667
 20
41.04089999999999
 10
32.09366666666667
 20
41.025099999999995
  0
LWPOLYLINE
  5
2E1
330
17
100
AcDbEntity
  8
PARTS
100
AcDbPolyline
 90
2
 70
0
 10
32.09366666666667
 20
41.046499999999995
 10
32.092666666666666
 20
41.046499999999995
  0
LWPOLYLINE
  5
2E2
330
17
100
AcDbEntity
  8
PARTS
100
AcDbPolyline
 90
2
 70
0
 10
32.09366666666667
 20
41.061699999999995
 10
32.092666666666666
 20
41.061699999999995
  0
LWPOLYLINE
  5
2E3
330
17
100
AcDbEntity
  8
PARTS
100
AcDbPolyline
 90
2
 70
0
 10
32.09366666666667
 20
41.04089999999999
 10
32.092666666666666
 20
41.04089999999999
  0
LWPOLYLINE
  5
2E4
330
17
100
AcDbEntity
  8
PARTS
100
AcDbPolyline
 90
2
 70
0
 10
32.09366666666667
 20
41.025099999999995
 10
32.092666666666666
 20
41.025099999999995
  0
LWPOLYLINE
  5
2E5
330
17
100
AcDbEntity
  8
PARTS
100
AcDbPolyline
 90
2
 70
0
 10
32.09366666666667
 20
40.814499999999995
 10
32.09366666666667
 20
40.7861
  0
LWPOLYLINE
  5
2E6
330
17
100
AcDbEntity
  8
PARTS
100
AcDbPolyline
 90
2
 70
0
 10
32.09366666666667
 20
40.7861
 10
32.09366666666667
 20
40.7707
  0
LWPOLYLINE
  5
2E7
330
17
100
AcDbEntity
  8
PARTS
100
AcDbPolyline
 90
2
 70
0
 10
32.09366666666667
 20
40.7707
 10
32.09366666666667
 20
40.7315
  0
LWPOLYLINE
  5
2E8
330
17
100
AcDbEntity
  8
PARTS
100
AcDbPolyline
 90
2
 70
0
 10
32.09366666666667
 20
40.7315
 10
32.09366666666667
 20
40.6967
  0
LWPOLYLINE
  5
2E9
330
17
100
AcDbEntity
  8
PARTS
100
AcDbPolyline
 90
2
 70
0
 10
32.09366666666667
 20
40.6967
 10
32.09366666666667
 20
40.683899999999994
  0
LWPOLYLINE
  5
2EA
330
17
100
AcDbEntity
  8
PARTS
100
AcDbPolyline
 90
2
 70
0
 10
32.09366666666667
 20
40.683899999999994
 10
32.09366666666667
 20
40.6772
  0
LWPOLYLINE
  5
2EB
330
17
100
AcDbEntity
  8
PARTS
100
AcDbPolyline
 90
2
 70
0
 10
32.09366666666667
 20
40.6772
 10
32.09366666666667
 20
40.643899999999995
  0
LWPOLYLINE
  5
2EC
330
17
100
AcDbEntity
  8
PARTS
100
AcDbPolyline
 90
2
 70
0
 10
32.09366666666667
 20
40.643899999999995
 10
32.09366666666667
 20
40.629999999999995
  0
LWPOLYLINE
  5
2ED
330
17
100
AcDbEntity
  8
PARTS
100
AcDbPolyline
 90
2
 70
0
 10
32.09366666666667
 20
40.629999999999995
 10
32.09366666666667
 20
40.629999999999995
  0
LWPOLYLINE
  5
2EE
330
17
100
AcDbEntity
  8
PARTS
100
AcDbPolyline
 90
2
 70
0
 10
32.09366666666667
 20
40.629999999999995
 10
32.09366666666667
 20
40.629999999999995
  0
LWPOLYLINE
  5
2EF
330
17
100
AcDbEntity
  8
PARTS
100
AcDbPolyline
 90
2
 70
0
 10
32.09366666666667
 20
40.814499999999995
 10
32.092666666666666
 20
40.814499999999995
  0
LWPOLYLINE
  5
2F0
330
17
100
AcDbEntity
  8
PARTS
100
AcDbPolyline
 90
2
 70
0
 10
32.09366666666667
 20
40.7861
 10
32.092666666666666
 20
40.7861
  0
LWPOLYLINE
  5
2F1
330
17
100
AcDbEntity
  8
PARTS
100
AcDbPolyline
 90
2
 70
0
 10
32.09366666666667
 20
40.7707
 10
32.092666666666666
 20
40.7707
  0
LWPOLYLINE
  5
2F2
330
17
100
AcDbEntity
  8
PARTS
100
AcDbPolyline
 90
2
 70
0
 10
32.09366666666667
 20
40.683899999999994
 10
32.092666666666666
 20
40.683899999999994
  0
LWPOLYLINE
  5
2F3
330
17
100
AcDbEntity
  8
PARTS
100
AcDbPolyline
 90
2
 70
0
 10
38.45336666666667
 20
40.3443
 10
38.45336666666667
 20
40.5443
  0
LWPOLYLINE
  5
2F4
330
17
100
AcDbEntity
  8
PARTS
100
AcDbPolyline
 90
2
 70
0
 10
38.45336666666667
 20
41.144299999999994
 10
38.45336666666667
 20
41.3443
  0
LWPOLYLINE
  5
2F5
330
17
100
AcDbEntity
  8
PARTS
100
AcDbPolyline
 90
2
 70
0
 10
38.40336666666666
 20
40.5443
 10
38.45336666666667
 20
40.5443
  0
LWPOLYLINE
  5
2F6
330
17
100
AcDbEntity
  8
PARTS
100
AcDbPolyline
 90
2
 70
0
 10
38.40336666666666
 20
41.144299999999994
 10
38.40336666666666
 20
41.134299999999996
  0
LWPOLYLINE
  5
2F7
330
17
100
AcDbEntity
  8
PARTS
100
AcDbPolyline
 90
2
 70
0
 10
38.40336666666666
 20
40.5543
 10
38.40336666666666
 20
40.5443
  0
LWPOLYLINE
  5
2F8
330
17
100
AcDbEntity
  8
PARTS
100
AcDbPolyline
 90
2
 70
0
 10
38.45336666666667
 20
41.144299999999994
 10
38.40336666666666
 20
41.144299999999994
  0
LWPOLYLINE
  5
2F9
330
17
100
AcDbEntity
  8
PARTS
100
AcDbPolyline
 90
2
 70
0
 10
38.45336666666667
 20
41.3443
 10
37.95336666666667
 20
41.3443
  0
LWPOLYLINE
  5
2FA
330
17
100
AcDbEntity
  8
PARTS
100
AcDbPolyline
 90
2
 70
0
 10
37.95336666666667
 20
41.3443
 10
37.95336666666667
 20
41.144299999999994
  0
LWPOLYLINE
  5
2FB
330
17
100
AcDbEntity
  8
PARTS
100
AcDbPolyline
 90
2
 70
0
 10
37.95336666666667
 20
41.144299999999994
 10
38.003366666666665
 20
41.144299999999994
  0
LWPOLYLINE
  5
2FC
330
17
100
AcDbEntity
  8
PARTS
100
AcDbPolyline
 90
2
 70
0
 10
38.003366666666665
 20
40.5443
 10
38.003366666666665
 20
40.5543
  0
LWPOLYLINE
  5
2FD
330
17
100
AcDbEntity
  8
PARTS
100
AcDbPolyline
 90
2
 70
0
 10
38.003366666666665
 20
41.134299999999996
 10
38.003366666666665
 20
41.144299999999994
  0
LWPOLYLINE
  5
2FE
330
17
100
AcDbEntity
  8
PARTS
100
AcDbPolyline
 90
2
 70
0
 10
38.003366666666665
 20
40.5443
 10
37.95336666666667
 20
40.5443
  0
LWPOLYLINE
  5
2FF
330
17
100
AcDbEntity
  8
PARTS
100
AcDbPolyline
 90
2
 70
0
 10
37.95336666666667
 20
40.5443
 10
37.95336666666667
 20
40.3443
  0
LWPOLYLINE
  5
300
330
17
100
AcDbEntity
  8
PARTS
100
AcDbPolyline
 90
2
 70
0
 10
37.95336666666667
 20
40.3443
 10
38.45336666666667
 20
40.3443
  0
LWPOLYLINE
  5
301
330
17
100
AcDbEntity
  8
PARTS
100
AcDbPolyline
 90
2
 70
0
 10
37.95336666666667
 20
40.5443
 10
37.95336666666667
 20
41.144299999999994
  0
LWPOLYLINE
  5
302
330
17
100
AcDbEntity
  8
PARTS
100
AcDbPolyline
 90
2
 70
0
 10
38.45336666666667
 20
41.144299999999994
 10
38.45336666666667
 20
40.5443
  0
LWPOLYLINE
  5
303
330
17
100
AcDbEntity
  8
PARTS
100
AcDbPolyline
 90
2
 70
0
 10
38.44336666666667
 20
41.134299999999996
 10
37.963366666666666
 20
41.134299999999996
  0
LWPOLYLINE
  5
304
330
17
100
AcDbEntity
  8
PARTS
100
AcDbPolyline
 90
2
 70
0
 10
37.963366666666666
 20
41.134299999999996
 10
37.963366666666666
 20
40.5543
  0
LWPOLYLINE
  5
305
330
17
100
AcDbEntity
  8
PARTS
100
AcDbPolyline
 90
2
 70
0
 10
37.963366666666666
 20
40.5543
 10
38.44336666666667
 20
40.5543
  0
LWPOLYLINE
  5
306
330
17
100
AcDbEntity
  8
PARTS
100
AcDbPolyline
 90
2
 70
0
 10
38.44336666666667
 20
40.5543
 10
38.44336666666667
 20
41.134299999999996
  0
LWPOLYLINE
  5
307
330
17
100
AcDbEntity
  8
PARTS
100
AcDbPolyline
 90
2
 70
0
 10
38.45336666666667
 20
40.5443
 10
38.44336666666667
 20
40.5543
  0
LWPOLYLINE
  5
308
330
17
100
AcDbEntity
  8
PARTS
100
AcDbPolyline
 90
2
 70
0
 10
38.44336666666667
 20
41.134299999999996
 10
38.45336666666667
 20
41.144299999999994
  0
LWPOLYLINE
  5
309
330
17
100
AcDbEntity
  8
PARTS
100
AcDbPolyline
 90
2
 70
0
 10
37.963366666666666
 20
41.134299999999996
 10
37.95336666666667
 20
41.144299999999994
  0
LWPOLYLINE
  5
30A
330
17
100
AcDbEntity
  8
PARTS
100
AcDbPolyline
 90
2
 70
0
 10
37.95336666666667
 20
40.5443
 10
37.963366666666666
 20
40.5543
  0
LWPOLYLINE
  5
30B
330
17
100
AcDbEntity
  8
PARTS
100
AcDbPolyline
 90
2
 70
0
 10
38.454366666666665
 20
40.891799999999996
 10
38.45336666666667
 20
40.891799999999996
  0
LWPOLYLINE
  5
30C
330
17
100
AcDbEntity
  8
PARTS
100
AcDbPolyline
 90
2
 70
0
 10
38.454366666666665
 20
40.891799999999996
 10
38.454366666666665
 20
40.875899999999994
  0
LWPOLYLINE
  5
30D
330
17
100
AcDbEntity
  8
PARTS
100
AcDbPolyline
 90
2
 70
0
 10
38.454366666666665
 20
40.875899999999994
 10
38.45336666666667
 20
40.875899999999994
  0
LWPOLYLINE
  5
30E
330
17
100
AcDbEntity
  8
PARTS
100
AcDbPolyline
 90
2
 70
0
 10
38.454366666666665
 20
40.870599999999996
 10
38.45336666666667
 20
40.870599999999996
  0
LWPOLYLINE
  5
30F
330
17
100
AcDbEntity
  8
PARTS
100
AcDbPolyline
 90
2
 70
0
 10
38.454366666666665
 20
40.875899999999994
 10
38.454366666666665
 20
40.870599999999996
  0
LWPOLYLINE
  5
310
330
17
100
AcDbEntity
  8
PARTS
100
AcDbPolyline
 90
2
 70
0
 10
38.454366666666665
 20
40.8704
 10
38.45336666666667
 20
40.8704
  0
LWPOLYLINE
  5
311
330
17
100
AcDbEntity
  8
PARTS
100
AcDbPolyline
 90
2
 70
0
 10
38.454366666666665
 20
40.870599999999996
 10
38.454366666666665
 20
40.8704
  0
LWPOLYLINE
  5
312
330
17
100
AcDbEntity
  8
PARTS
100
AcDbPolyline
 90
2
 70
0
 10
38.454366666666665
 20
40.9242
 10
38.45336666666667
 20
40.9242
  0
LWPOLYLINE
  5
313
330
17
100
AcDbEntity
  8
PARTS
100
AcDbPolyline
 90
2
 70
0
 10
38.454366666666665
 20
40.9242
 10
38.454366666666665
 20
40.9146
  0
LWPOLYLINE
  5
314
330
17
100
AcDbEntity
  8
PARTS
100
AcDbPolyline
 90
2
 70
0
 10
38.454366666666665
 20
40.9146
 10
38.454366666666665
 20
40.8996
  0
LWPOLYLINE
  5
315
330
17
100
AcDbEntity
  8
PARTS
100
AcDbPolyline
 90
2
 70
0
 10
38.454366666666665
 20
40.8996
 10
38.454366666666665
 20
40.8936
  0
LWPOLYLINE
  5
316
330
17
100
AcDbEntity
  8
PARTS
100
AcDbPolyline
 90
2
 70
0
 10
38.454366666666665
 20
40.8936
 10
38.454366666666665
 20
40.8936
  0
LWPOLYLINE
  5
317
330
17
100
AcDbEntity
  8
PARTS
100
AcDbPolyline
 90
2
 70
0
 10
38.454366666666665
 20
40.8936
 10
38.454366666666665
 20
40.8936
  0
LWPOLYLINE
  5
318
330
17
100
AcDbEntity
  8
PARTS
100
AcDbPolyline
 90
2
 70
0
 10
38.454366666666665
 20
40.95399999999999
 10
38.45336666666667
 20
40.95399999999999
  0
LWPOLYLINE
  5
319
330
17
100
AcDbEntity
  8
PARTS
100
AcDbPolyline
 90
2
 70
0
 10
38.454366666666665
 20
40.95399999999999
 10
38.454366666666665
 20
40.9533
  0
LWPOLYLINE
  5
31A
330
17
100
AcDbEntity
  8
PARTS
100
AcDbPolyline
 90
2
 70
0
 10
38.454366666666665
 20
40.9533
 10
38.45336666666667
 20
40.9533
  0
LWPOLYLINE
  5
31B
330
17
100
AcDbEntity
  8
PARTS
100
AcDbPolyline
 90
2
 70
0
 10
38.454366666666665
 20
40.932399999999994
 10
38.45336666666667
 20
40.932399999999994
  0
LWPOLYLINE
  5
31C
330
17
100
AcDbEntity
  8
PARTS
100
AcDbPolyline
 90
2
 70
0
 10
38.454366666666665
 20
40.9533
 10
38.454366666666665
 20
40.932399999999994
  0
LWPOLYLINE
  5
31D
330
17
100
AcDbEntity
  8
PARTS
100
AcDbPolyline
 90
2
 70
0
 10
38.454366666666665
 20
40.9321
 10
38.45336666666667
 20
40.9321
  0
LWPOLYLINE
  5
31E
330
17
100
AcDbEntity
  8
PARTS
100
AcDbPolyline
 90
2
 70
0
 10
38.454366666666665
 20
40.932399999999994
 10
38.454366666666665
 20
40.9321
  0
LWPOLYLINE
  5
31F
330
17
100
AcDbEntity
  8
PARTS
100
AcDbPolyline
 90
2
 70
0
 10
38.454366666666665
 20
40.994899999999994
 10
38.454366666666665
 20
40.994899999999994
  0
LWPOLYLINE
  5
320
330
17
100
AcDbEntity
  8
PARTS
100
AcDbPolyline
 90
2
 70
0
 10
38.454366666666665
 20
40.994899999999994
 10
38.454366666666665
 20
40.988899999999994
  0
LWPOLYLINE
  5
321
330
17
100
AcDbEntity
  8
PARTS
100
AcDbPolyline
 90
2
 70
0
 10
38.454366666666665
 20
40.988899999999994
 10
38.454366666666665
 20
40.973499999999994
  0
LWPOLYLINE
  5
322
330
17
100
AcDbEntity
  8
PARTS
100
AcDbPolyline
 90
2
 70
0
 10
38.454366666666665
 20
40.973499999999994
 10
38.454366666666665
 20
40.9619
  0
LWPOLYLINE
  5
323
330
17
100
AcDbEntity
  8
PARTS
100
AcDbPolyline
 90
2
 70
0
 10
38.454366666666665
 20
40.9619
 10
38.454366666666665
 20
40.9616
  0
LWPOLYLINE
  5
324
330
17
100
AcDbEntity
  8
PARTS
100
AcDbPolyline
 90
2
 70
0
 10
38.454366666666665
 20
40.9616
 10
38.45336666666667
 20
40.9616
  0
LWPOLYLINE
  5
325
330
17
100
AcDbEntity
  8
PARTS
100
AcDbPolyline
 90
2
 70
0
 10
38.454366666666665
 20
40.9619
 10
38.45336666666667
 20
40.9619
  0
LWPOLYLINE
  5
326
330
17
100
AcDbEntity
  8
PARTS
100
AcDbPolyline
 90
2
 70
0
 10
38.454366666666665
 20
41.0336
 10
38.454366666666665
 20
41.0184
  0
LWPOLYLINE
  5
327
330
17
100
AcDbEntity
  8
PARTS
100
AcDbPolyline
 90
2
 70
0
 10
38.454366666666665
 20
41.0184
 10
38.454366666666665
 20
41.0128
  0
LWPOLYLINE
  5
328
330
17
100
AcDbEntity
  8
PARTS
100
AcDbPolyline
 90
2
 70
0
 10
38.454366666666665
 20
41.0128
 10
38.454366666666665
 20
40.997
  0
LWPOLYLINE
  5
329
330
17
100
AcDbEntity
  8
PARTS
100
AcDbPolyline
 90
2
 70
0
 10
38.454366666666665
 20
41.0184
 10
38.45336666666667
 20
41.0184
  0
LWPOLYLINE
  5
32A
330
17
100
AcDbEntity
  8
PARTS
100
AcDbPolyline
 90
2
 70
0
 10
38.454366666666665
 20
41.0336
 10
38.45336666666667
 20
41.0336
  0
LWPOLYLINE
  5
32B
330
17
100
AcDbEntity
  8
PARTS
100
AcDbPolyline
 90
2
 70
0
 10
38.454366666666665
 20
41.0128
 10
38.45336666666667
 20
41.0128
  0
LWPOLYLINE
  5
32C
330
17
100
AcDbEntity
  8
PARTS
100
AcDbPolyline
 90
2
 70
0
 10
38.454366666666665
 20
40.997
 10
38.45336666666667
 20
40.997
  0
LWPOLYLINE
  5
32D
330
17
100
AcDbEntity
  8
PARTS
100
AcDbPolyline
 90
2
 70
0
 10
38.454366666666665
 20
40.8702
 10
38.45336666666667
 20
40.8702
  0
LWPOLYLINE
  5
32E
330
17
100
AcDbEntity
  8
PARTS
100
AcDbPolyline
 90
2
 70
0
 10
38.454366666666665
 20
40.8704
 10
38.454366666666665
 20
40.8702
  0
LWPOLYLINE
  5
32F
330
17
100
AcDbEntity
  8
PARTS
100
AcDbPolyline
 90
2
 70
0
 10
38.454366666666665
 20
40.869899999999994
 10
38.45336666666667
 20
40.869899999999994
  0
LWPOLYLINE
  5
330
330
17
100
AcDbEntity
  8
PARTS
100
AcDbPolyline
 90
2
 70
0
 10
38.454366666666665
 20
40.8702
 10
38.454366666666665
 20
40.869899999999994
  0
LWPOLYLINE
  5
331
330
17
100
AcDbEntity
  8
PARTS
100
AcDbPolyline
 90
2
 70
0
 10
38.454366666666665
 20
40.927099999999996
 10
38.454366666666665
 20
40.926899999999996
  0
LWPOLYLINE
  5
332
330
17
100
AcDbEntity
  8
PARTS
100
AcDbPolyline
 90
2
 70
0
 10
38.454366666666665
 20
40.926899999999996
 10
38.45336666666667
 20
40.926899999999996
  0
LWPOLYLINE
  5
333
330
17
100
AcDbEntity
  8
PARTS
100
AcDbPolyline
 90
2
 70
0
 10
38.454366666666665
 20
40.926899999999996
 10
38.45336666666667
 20
40.926899999999996
  0
LWPOLYLINE
  5
334
330
17
100
AcDbEntity
  8
PARTS
100
AcDbPolyline
 90
2
 70
0
 10
38.454366666666665
 20
40.926899999999996
 10
38.454366666666665
 20
40.926899999999996
  0
LWPOLYLINE
  5
335
330
17
100
AcDbEntity
  8
PARTS
100
AcDbPolyline
 90
2
 70
0
 10
38.454366666666665
 20
40.9321
 10
38.454366666666665
 20
40.9304
  0
LWPOLYLINE
  5
336
330
17
100
AcDbEntity
  8
PARTS
100
AcDbPolyline
 90
2
 70
0
 10
38.454366666666665
 20
40.9304
 10
38.454366666666665
 20
40.927099999999996
  0
LWPOLYLINE
  5
337
330
17
100
AcDbEntity
  8
PARTS
100
AcDbPolyline
 90
2
 70
0
 10
38.454366666666665
 20
40.927099999999996
 10
38.454366666666665
 20
40.927099999999996
  0
LWPOLYLINE
  5
338
330
17
100
AcDbEntity
  8
PARTS
100
AcDbPolyline
 90
2
 70
0
 10
38.454366666666665
 20
40.927099999999996
 10
38.454366666666665
 20
40.927099999999996
  0
LWPOLYLINE
  5
339
330
17
100
AcDbEntity
  8
PARTS
100
AcDbPolyline
 90
2
 70
0
 10
38.454366666666665
 20
40.955099999999995
 10
38.45336666666667
 20
40.955099999999995
  0
LWPOLYLINE
  5
33A
330
17
100
AcDbEntity
  8
PARTS
100
AcDbPolyline
 90
2
 70
0
 10
38.454366666666665
 20
40.9616
 10
38.454366666666665
 20
40.955099999999995
  0
LWPOLYLINE
  5
33B
330
17
100
AcDbEntity
  8
PARTS
100
AcDbPolyline
 90
2
 70
0
 10
38.454366666666665
 20
40.955099999999995
 10
38.454366666666665
 20
40.95399999999999
  0
LWPOLYLINE
  5
33C
330
17
100
AcDbEntity
  8
PARTS
100
AcDbPolyline
 90
2
 70
0
 10
38.454366666666665
 20
40.997
 10
38.454366666666665
 20
40.994899999999994
  0
LWPOLYLINE
  5
33D
330
17
100
AcDbEntity
  8
PARTS
100
AcDbPolyline
 90
2
 70
0
 10
38.454366666666665
 20
41.045399999999994
 10
38.454366666666665
 20
41.045399999999994
  0
LWPOLYLINE
  5
33E
330
17
100
AcDbEntity
  8
PARTS
100
AcDbPolyline
 90
2
 70
0
 10
38.454366666666665
 20
41.045399999999994
 10
38.454366666666665
 20
41.0393
  0
LWPOLYLINE
  5
33F
330
17
100
AcDbEntity
  8
PARTS
100
AcDbPolyline
 90
2
 70
0
 10
38.454366666666665
 20
41.0393
 10
38.454366666666665
 20
41.0336
  0
LWPOLYLINE
  5
340
330
17
100
AcDbEntity
  8
PARTS
100
AcDbPolyline
 90
2
 70
0
 10
38.454366666666665
 20
41.0841
 10
38.454366666666665
 20
41.0689
  0
LWPOLYLINE
  5
341
330
17
100
AcDbEntity
  8
PARTS
100
AcDbPolyline
 90
2
 70
0
 10
38.454366666666665
 20
41.0689
 10
38.454366666666665
 20
41.0633
  0
LWPOLYLINE
  5
342
330
17
100
AcDbEntity
  8
PARTS
100
AcDbPolyline
 90
2
 70
0
 10
38.454366666666665
 20
41.0633
 10
38.454366666666665
 20
41.0475
  0
LWPOLYLINE
  5
343
330
17
100
AcDbEntity
  8
PARTS
100
AcDbPolyline
 90
2
 70
0
 10
38.454366666666665
 20
41.0689
 10
38.45336666666667
 20
41.0689
  0
LWPOLYLINE
  5
344
330
17
100
AcDbEntity
  8
PARTS
100
AcDbPolyline
 90
2
 70
0
 10
38.454366666666665
 20
41.0841
 10
38.45336666666667
 20
41.0841
  0
LWPOLYLINE
  5
345
330
17
100
AcDbEntity
  8
PARTS
100
AcDbPolyline
 90
2
 70
0
 10
38.454366666666665
 20
41.0633
 10
38.45336666666667
 20
41.0633
  0
LWPOLYLINE
  5
346
330
17
100
AcDbEntity
  8
PARTS
100
AcDbPolyline
 90
2
 70
0
 10
38.454366666666665
 20
41.0475
 10
38.45336666666667
 20
41.0475
  0
LWPOLYLINE
  5
347
330
17
100
AcDbEntity
  8
PARTS
100
AcDbPolyline
 90
2
 70
0
 10
38.454366666666665
 20
40.8369
 10
38.454366666666665
 20
40.808499999999995
  0
LWPOLYLINE
  5
348
330
17
100
AcDbEntity
  8
PARTS
100
AcDbPolyline
 90
2
 70
0
 10
38.454366666666665
 20
40.808499999999995
 10
38.454366666666665
 20
40.793099999999995
  0
LWPOLYLINE
  5
349
330
17
100
AcDbEntity
  8
PARTS
100
AcDbPolyline
 90
2
 70
0
 10
38.454366666666665
 20
40.793099999999995
 10
38.454366666666665
 20
40.7538
  0
LWPOLYLINE
  5
34A
330
17
100
AcDbEntity
  8
PARTS
100
AcDbPolyline
 90
2
 70
0
 10
38.454366666666665
 20
40.7538
 10
38.454366666666665
 20
40.7191
  0
LWPOLYLINE
  5
34B
330
17
100
AcDbEntity
  8
PARTS
100
AcDbPolyline
 90
2
 70
0
 10
38.454366666666665
 20
40.7191
 10
38.454366666666665
 20
40.706199999999995
  0
LWPOLYLINE
  5
34C
330
17
100
AcDbEntity
  8
PARTS
100
AcDbPolyline
 90
2
 70
0
 10
38.454366666666665
 20
40.706199999999995
 10
38.454366666666665
 20
40.6996
  0
LWPOLYLINE
  5
34D
330
17
100
AcDbEntity
  8
PARTS
100
AcDbPolyline
 90
2
 70
0
 10
38.454366666666665
 20
40.6996
 10
38.454366666666665
 20
40.666199999999996
  0
LWPOLYLINE
  5
34E
330
17
100
AcDbEntity
  8
PARTS
100
AcDbPolyline
 90
2
 70
0
 10
38.454366666666665
 20
40.666199999999996
 10
38.454366666666665
 20
40.6524
  0
LWPOLYLINE
  5
34F
330
17
100
AcDbEntity
  8
PARTS
100
AcDbPolyline
 90
2
 70
0
 10
38.454366666666665
 20
40.6524
 10
38.454366666666665
 20
40.6524
  0
LWPOLYLINE
  5
350
330
17
100
AcDbEntity
  8
PARTS
100
AcDbPolyline
 90
2
 70
0
 10
38.454366666666665
 20
40.6524
 10
38.454366666666665
 20
40.6524
  0
LWPOLYLINE
  5
351
330
17
100
AcDbEntity
  8
PARTS
100
AcDbPolyline
 90
2
 70
0
 10
38.454366666666665
 20
40.8369
 10
38.45336666666667
 20
40.8369
  0
LWPOLYLINE
  5
352
330
17
100
AcDbEntity
  8
PARTS
100
AcDbPolyline
 90
2
 70
0
 10
38.454366666666665
 20
40.808499999999995
 10
38.45336666666667
 20
40.808499999999995
  0
LWPOLYLINE
  5
353
330
17
100
AcDbEntity
  8
PARTS
100
AcDbPolyline
 90
2
 70
0
 10
38.454366666666665
 20
40.793099999999995
 10
38.45336666666667
 20
40.793099999999995
  0
LWPOLYLINE
  5
354
330
17
100
AcDbEntity
  8
PARTS
100
AcDbPolyline
 90
2
 70
0
 10
38.454366666666665
 20
40.706199999999995
 10
38.45336666666667
 20
40.706199999999995
  0
LWPOLYLINE
  5
355
330
17
100
AcDbEntity
  8
PARTS
100
AcDbPolyline
 90
2
 70
0
 10
41.23666666666667
 20
40.3219
 10
41.23666666666667
 20
40.521899999999995
  0
LWPOLYLINE
  5
356
330
17
100
AcDbEntity
  8
PARTS
100
AcDbPolyline
 90
2
 70
0
 10
41.23666666666667
 20
41.1219
 10
41.23666666666667
 20
41.3219
  0
LWPOLYLINE
  5
357
330
17
100
AcDbEntity
  8
PARTS
100
AcDbPolyline
 90
2
 70
0
 10
41.18666666666667
 20
40.521899999999995
 10
41.23666666666667
 20
40.521899999999995
  0
LWPOLYLINE
  5
358
330
17
100
AcDbEntity
  8
PARTS
100
AcDbPolyline
 90
2
 70
0
 10
41.18666666666667
 20
41.1219
 10
41.18666666666667
 20
41.1119
  0
LWPOLYLINE
  5
359
330
17
100
AcDbEntity
  8
PARTS
100
AcDbPolyline
 90
2
 70
0
 10
41.18666666666667
 20
40.5319
 10
41.18666666666667
 20
40.521899999999995
  0
LWPOLYLINE
  5
35A
330
17
100
AcDbEntity
  8
PARTS
100
AcDbPolyline
 90
2
 70
0
 10
41.23666666666667
 20
41.1219
 10
41.18666666666667
 20
41.1219
  0
LWPOLYLINE
  5
35B
330
17
100
AcDbEntity
  8
PARTS
100
AcDbPolyline
 90
2
 70
0
 10
41.23666666666667
 20
41.3219
 10
40.73666666666667
 20
41.3219
  0
LWPOLYLINE
  5
35C
330
17
100
AcDbEntity
  8
PARTS
100
AcDbPolyline
 90
2
 70
0
 10
40.73666666666667
 20
41.3219
 10
40.73666666666667
 20
41.1219
  0
LWPOLYLINE
  5
35D
330
17
100
AcDbEntity
  8
PARTS
100
AcDbPolyline
 90
2
 70
0
 10
40.73666666666667
 20
41.1219
 10
40.78666666666667
 20
41.1219
  0
LWPOLYLINE
  5
35E
330
17
100
AcDbEntity
  8
PARTS
100
AcDbPolyline
 90
2
 70
0
 10
40.78666666666667
 20
40.521899999999995
 10
40.78666666666667
 20
40.5319
  0
LWPOLYLINE
  5
35F
330
17
100
AcDbEntity
  8
PARTS
100
AcDbPolyline
 90
2
 70
0
 10
40.78666666666667
 20
41.1119
 10
40.78666666666667
 20
41.1219
  0
LWPOLYLINE
  5
360
330
17
100
AcDbEntity
  8
PARTS
100
AcDbPolyline
 90
2
 70
0
 10
40.78666666666667
 20
40.521899999999995
 10
40.73666666666667
 20
40.521899999999995
  0
LWPOLYLINE
  5
361
330
17
100
AcDbEntity
  8
PARTS
100
AcDbPolyline
 90
2
 70
0
 10
40.73666666666667
 20
40.521899999999995
 10
40.73666666666667
 20
40.3219
  0
LWPOLYLINE
  5
362
330
17
100
AcDbEntity
  8
PARTS
100
AcDbPolyline
 90
2
 70
0
 10
40.73666666666667
 20
40.3219
 10
41.23666666666667
 20
40.3219
  0
LWPOLYLINE
  5
363
330
17
100
AcDbEntity
  8
PARTS
100
AcDbPolyline
 90
2
 70
0
 10
40.73666666666667
 20
40.521899999999995
 10
40.73666666666667
 20
41.1219
  0
LWPOLYLINE
  5
364
330
17
100
AcDbEntity
  8
PARTS
100
AcDbPolyline
 90
2
 70
0
 10
41.23666666666667
 20
41.1219
 10
41.23666666666667
 20
40.521899999999995
  0
LWPOLYLINE
  5
365
330
17
100
AcDbEntity
  8
PARTS
100
AcDbPolyline
 90
2
 70
0
 10
41.22666666666667
 20
41.1119
 10
40.74666666666666
 20
41.1119
  0
LWPOLYLINE
  5
366
330
17
100
AcDbEntity
  8
PARTS
100
AcDbPolyline
 90
2
 70
0
 10
40.74666666666666
 20
41.1119
 10
40.74666666666666
 20
40.5319
  0
LWPOLYLINE
  5
367
330
17
100
AcDbEntity
  8
PARTS
100
AcDbPolyline
 90
2
 70
0
 10
40.74666666666666
 20
40.5319
 10
41.22666666666667
 20
40.5319
  0
LWPOLYLINE
  5
368
330
17
100
AcDbEntity
  8
PARTS
100
AcDbPolyline
 90
2
 70
0
 10
41.22666666666667
 20
40.5319
 10
41.22666666666667
 20
41.1119
  0
LWPOLYLINE
  5
369
330
17
100
AcDbEntity
  8
PARTS
100
AcDbPolyline
 90
2
 70
0
 10
41.23666666666667
 20
40.521899999999995
 10
41.22666666666667
 20
40.5319
  0
LWPOLYLINE
  5
36A
330
17
100
AcDbEntity
  8
PARTS
100
AcDbPolyline
 90
2
 70
0
 10
41.22666666666667
 20
41.1119
 10
41.23666666666667
 20
41.1219
  0
LWPOLYLINE
  5
36B
330
17
100
AcDbEntity
  8
PARTS
100
AcDbPolyline
 90
2
 70
0
 10
40.74666666666666
 20
41.1119
 10
40.73666666666667
 20
41.1219
  0
LWPOLYLINE
  5
36C
330
17
100
AcDbEntity
  8
PARTS
100
AcDbPolyline
 90
2
 70
0
 10
40.73666666666667
 20
40.521899999999995
 10
40.74666666666666
 20
40.5319
  0
LWPOLYLINE
  5
36D
330
17
100
AcDbEntity
  8
PARTS
100
AcDbPolyline
 90
2
 70
0
 10
41.23766666666667
 20
40.869499999999995
 10
41.23666666666667
 20
40.869499999999995
  0
LWPOLYLINE
  5
36E
330
17
100
AcDbEntity
  8
PARTS
100
AcDbPolyline
 90
2
 70
0
 10
41.23766666666667
 20
40.869499999999995
 10
41.23766666666667
 20
40.8535
  0
LWPOLYLINE
  5
36F
330
17
100
AcDbEntity
  8
PARTS
100
AcDbPolyline
 90
2
 70
0
 10
41.23766666666667
 20
40.8535
 10
41.23666666666667
 20
40.8535
  0
LWPOLYLINE
  5
370
330
17
100
AcDbEntity
  8
PARTS
100
AcDbPolyline
 90
2
 70
0
 10
41.23766666666667
 20
40.848299999999995
 10
41.23666666666667
 20
40.848299999999995
  0
LWPOLYLINE
  5
371
330
17
100
AcDbEntity
  8
PARTS
100
AcDbPolyline
 90
2
 70
0
 10
41.23766666666667
 20
40.8535
 10
41.23766666666667
 20
40.848299999999995
  0
LWPOLYLINE
  5
372
330
17
100
AcDbEntity
  8
PARTS
100
AcDbPolyline
 90
2
 70
0
 10
41.23766666666667
 20
40.848
 10
41.23666666666667
 20
40.848
  0
LWPOLYLINE
  5
373
330
17
100
AcDbEntity
  8
PARTS
100
AcDbPolyline
 90
2
 70
0
 10
41.23766666666667
 20
40.848299999999995
 10
41.23766666666667
 20
40.848
  0
LWPOLYLINE
  5
374
330
17
100
AcDbEntity
  8
PARTS
100
AcDbPolyline
 90
2
 70
0
 10
41.23766666666667
 20
40.901799999999994
 10
41.23666666666667
 20
40.901799999999994
  0
LWPOLYLINE
  5
375
330
17
100
AcDbEntity
  8
PARTS
100
AcDbPolyline
 90
2
 70
0
 10
41.23766666666667
 20
40.901799999999994
 10
41.23766666666667
 20
40.892199999999995
  0
LWPOLYLINE
  5
376
330
17
100
AcDbEntity
  8
PARTS
100
AcDbPolyline
 90
2
 70
0
 10
41.23766666666667
 20
40.892199999999995
 10
41.23766666666667
 20
40.877199999999995
  0
LWPOLYLINE
  5
377
330
17
100
AcDbEntity
  8
PARTS
100
AcDbPolyline
 90
2
 70
0
 10
41.23766666666667
 20
40.877199999999995
 10
41.23766666666667
 20
40.871199999999995
  0
LWPOLYLINE
  5
378
330
17
100
AcDbEntity
  8
PARTS
100
AcDbPolyline
 90
2
 70
0
 10
41.23766666666667
 20
40.871199999999995
 10
41.23766666666667
 20
40.871199999999995
  0
LWPOLYLINE
  5
379
330
17
100
AcDbEntity
  8
PARTS
100
AcDbPolyline
 90
2
 70
0
 10
41.23766666666667
 20
40.871199999999995
 10
41.23766666666667
 20
40.871199999999995
  0
LWPOLYLINE
  5
37A
330
17
100
AcDbEntity
  8
PARTS
100
AcDbPolyline
 90
2
 70
0
 10
41.23766666666667
 20
40.931599999999996
 10
41.23666666666667
 20
40.931599999999996
  0
LWPOLYLINE
  5
37B
330
17
100
AcDbEntity
  8
PARTS
100
AcDbPolyline
 90
2
 70
0
 10
41.23766666666667
 20
40.931599999999996
 10
41.23766666666667
 20
40.930899999999994
  0
LWPOLYLINE
  5
37C
330
17
100
AcDbEntity
  8
PARTS
100
AcDbPolyline
 90
2
 70
0
 10
41.23766666666667
 20
40.930899999999994
 10
41.23666666666667
 20
40.930899999999994
  0
LWPOLYLINE
  5
37D
330
17
100
AcDbEntity
  8
PARTS
100
AcDbPolyline
 90
2
 70
0
 10
41.23766666666667
 20
40.91
 10
41.23666666666667
 20
40.91
  0
LWPOLYLINE
  5
37E
330
17
100
AcDbEntity
  8
PARTS
100
AcDbPolyline
 90
2
 70
0
 10
41.23766666666667
 20
40.930899999999994
 10
41.23766666666667
 20
40.91
  0
LWPOLYLINE
  5
37F
330
17
100
AcDbEntity
  8
PARTS
100
AcDbPolyline
 90
2
 70
0
 10
41.23766666666667
 20
40.909699999999994
 10
41.23666666666667
 20
40.909699999999994
  0
LWPOLYLINE
  5
380
330
17
100
AcDbEntity
  8
PARTS
100
AcDbPolyline
 90
2
 70
0
 10
41.23766666666667
 20
40.91
 10
41.23766666666667
 20
40.909699999999994
  0
LWPOLYLINE
  5
381
330
17
100
AcDbEntity
  8
PARTS
100
AcDbPolyline
 90
2
 70
0
 10
41.23766666666667
 20
40.9725
 10
41.23766666666667
 20
40.9725
  0
LWPOLYLINE
  5
382
330
17
100
AcDbEntity
  8
PARTS
100
AcDbPolyline
 90
2
 70
0
 10
41.23766666666667
 20
40.9725
 10
41.23766666666667
 20
40.966499999999996
  0
LWPOLYLINE
  5
383
330
17
100
AcDbEntity
  8
PARTS
100
AcDbPolyline
 90
2
 70
0
 10
41.23766666666667
 20
40.966499999999996
 10
41.23766666666667
 20
40.9511
  0
LWPOLYLINE
  5
384
330
17
100
AcDbEntity
  8
PARTS
100
AcDbPolyline
 90
2
 70
0
 10
41.23766666666667
 20
40.9511
 10
41.23766666666667
 20
40.939499999999995
  0
LWPOLYLINE
  5
385
330
17
100
AcDbEntity
  8
PARTS
100
AcDbPolyline
 90
2
 70
0
 10
41.23766666666667
 20
40.939499999999995
 10
41.23766666666667
 20
40.9392
  0
LWPOLYLINE
  5
386
330
17
100
AcDbEntity
  8
PARTS
100
AcDbPolyline
 90
2
 70
0
 10
41.23766666666667
 20
40.9392
 10
41.23666666666667
 20
40.9392
  0
LWPOLYLINE
  5
387
330
17
100
AcDbEntity
  8
PARTS
100
AcDbPolyline
 90
2
 70
0
 10
41.23766666666667
 20
40.939499999999995
 10
41.23666666666667
 20
40.939499999999995
  0
LWPOLYLINE
  5
388
330
17
100
AcDbEntity
  8
PARTS
100
AcDbPolyline
 90
2
 70
0
 10
41.23766666666667
 20
41.011199999999995
 10
41.23766666666667
 20
40.995999999999995
  0
LWPOLYLINE
  5
389
330
17
100
AcDbEntity
  8
PARTS
100
AcDbPolyline
 90
2
 70
0
 10
41.23766666666667
 20
40.995999999999995
 10
41.23766666666667
 20
40.990399999999994
  0
LWPOLYLINE
  5
38A
330
17
100
AcDbEntity
  8
PARTS
100
AcDbPolyline
 90
2
 70
0
 10
41.23766666666667
 20
40.990399999999994
 10
41.23766666666667
 20
40.974599999999995
  0
LWPOLYLINE
  5
38B
330
17
100
AcDbEntity
  8
PARTS
100
AcDbPolyline
 90
2
 70
0
 10
41.23766666666667
 20
40.995999999999995
 10
41.23666666666667
 20
40.995999999999995
  0
LWPOLYLINE
  5
38C
330
17
100
AcDbEntity
  8
PARTS
100
AcDbPolyline
 90
2
 70
0
 10
41.23766666666667
 20
41.011199999999995
 10
41.23666666666667
 20
41.011199999999995
  0
LWPOLYLINE
  5
38D
330
17
100
AcDbEntity
  8
PARTS
100
AcDbPolyline
 90
2
 70
0
 10
41.23766666666667
 20
40.990399999999994
 10
41.23666666666667
 20
40.990399999999994
  0
LWPOLYLINE
  5
38E
330
17
100
AcDbEntity
  8
PARTS
100
AcDbPolyline
 90
2
 70
0
 10
41.23766666666667
 20
40.974599999999995
 10
41.23666666666667
 20
40.974599999999995
  0
LWPOLYLINE
  5
38F
330
17
100
AcDbEntity
  8
PARTS
100
AcDbPolyline
 90
2
 70
0
 10
41.23766666666667
 20
40.8478
 10
41.23666666666667
 20
40.8478
  0
LWPOLYLINE
  5
390
330
17
100
AcDbEntity
  8
PARTS
100
AcDbPolyline
 90
2
 70
0
 10
41.23766666666667
 20
40.848
 10
41.23766666666667
 20
40.8478
  0
LWPOLYLINE
  5
391
330
17
100
AcDbEntity
  8
PARTS
100
AcDbPolyline
 90
2
 70
0
 10
41.23766666666667
 20
40.8475
 10
41.23666666666667
 20
40.8475
  0
LWPOLYLINE
  5
392
330
17
100
AcDbEntity
  8
PARTS
100
AcDbPolyline
 90
2
 70
0
 10
41.23766666666667
 20
40.8478
 10
41.23766666666667
 20
40.8475
  0
LWPOLYLINE
  5
393
330
17
100
AcDbEntity
  8
PARTS
100
AcDbPolyline
 90
2
 70
0
 10
41.23766666666667
 20
40.9047
 10
41.23766666666667
 20
40.904599999999995
  0
LWPOLYLINE
  5
394
330
17
100
AcDbEntity
  8
PARTS
100
AcDbPolyline
 90
2
 70
0
 10
41.23766666666667
 20
40.904599999999995
 10
41.23666666666667
 20
40.904599999999995
  0
LWPOLYLINE
  5
395
330
17
100
AcDbEntity
  8
PARTS
100
AcDbPolyline
 90
2
 70
0
 10
41.23766666666667
 20
40.9045
 10
41.23666666666667
 20
40.9045
  0
LWPOLYLINE
  5
396
330
17
100
AcDbEntity
  8
PARTS
100
AcDbPolyline
 90
2
 70
0
 10
41.23766666666667
 20
40.904599999999995
 10
41.23766666666667
 20
40.9045
  0
LWPOLYLINE
  5
397
330
17
100
AcDbEntity
  8
PARTS
100
AcDbPolyline
 90
2
 70
0
 10
41.23766666666667
 20
40.909699999999994
 10
41.23766666666667
 20
40.907999999999994
  0
LWPOLYLINE
  5
398
330
17
100
AcDbEntity
  8
PARTS
100
AcDbPolyline
 90
2
 70
0
 10
41.23766666666667
 20
40.907999999999994
 10
41.23766666666667
 20
40.9047
  0
LWPOLYLINE
  5
399
330
17
100
AcDbEntity
  8
PARTS
100
AcDbPolyline
 90
2
 70
0
 10
41.23766666666667
 20
40.9047
 10
41.23766666666667
 20
40.9047
  0
LWPOLYLINE
  5
39A
330
17
100
AcDbEntity
  8
PARTS
100
AcDbPolyline
 90
2
 70
0
 10
41.23766666666667
 20
40.9047
 10
41.23766666666667
 20
40.9047
  0
LWPOLYLINE
  5
39B
330
17
100
AcDbEntity
  8
PARTS
100
AcDbPolyline
 90
2
 70
0
 10
41.23766666666667
 20
40.9327
 10
41.23666666666667
 20
40.9327
  0
LWPOLYLINE
  5
39C
330
17
100
AcDbEntity
  8
PARTS
100
AcDbPolyline
 90
2
 70
0
 10
41.23766666666667
 20
40.9392
 10
41.23766666666667
 20
40.9327
  0
LWPOLYLINE
  5
39D
330
17
100
AcDbEntity
  8
PARTS
100
AcDbPolyline
 90
2
 70
0
 10
41.23766666666667
 20
40.9327
 10
41.23766666666667
 20
40.931599999999996
  0
LWPOLYLINE
  5
39E
330
17
100
AcDbEntity
  8
PARTS
100
AcDbPolyline
 90
2
 70
0
 10
41.23766666666667
 20
40.974599999999995
 10
41.23766666666667
 20
40.9725
  0
LWPOLYLINE
  5
39F
330
17
100
AcDbEntity
  8
PARTS
100
AcDbPolyline
 90
2
 70
0
 10
41.23766666666667
 20
41.022999999999996
 10
41.23766666666667
 20
41.022999999999996
  0
LWPOLYLINE
  5
3A0
330
17
100
AcDbEntity
  8
PARTS
100
AcDbPolyline
 90
2
 70
0
 10
41.23766666666667
 20
41.022999999999996
 10
41.23766666666667
 20
41.016999999999996
  0
LWPOLYLINE
  5
3A1
330
17
100
AcDbEntity
  8
PARTS
100
AcDbPolyline
 90
2
 70
0
 10
41.23766666666667
 20
41.016999999999996
 10
41.23766666666667
 20
41.011199999999995
  0
LWPOLYLINE
  5
3A2
330
17
100
AcDbEntity
  8
PARTS
100
AcDbPolyline
 90
2
 70
0
 10
41.23766666666667
 20
41.061699999999995
 10
41.23766666666667
 20
41.046499999999995
  0
LWPOLYLINE
  5
3A3
330
17
100
AcDbEntity
  8
PARTS
100
AcDbPolyline
 90
2
 70
0
 10
41.23766666666667
 20
41.046499999999995
 10
41.23766666666667
 20
41.04089999999999
  0
LWPOLYLINE
  5
3A4
330
17
100
AcDbEntity
  8
PARTS
100
AcDbPolyline
 90
2
 70
0
 10
41.23766666666667
 20
41.04089999999999
 10
41.23766666666667
 20
41.025099999999995
  0
LWPOLYLINE
  5
3A5
330
17
100
AcDbEntity
  8
PARTS
100
AcDbPolyline
 90
2
 70
0
 10
41.23766666666667
 20
41.046499999999995
 10
41.23666666666667
 20
41.046499999999995
  0
LWPOLYLINE
  5
3A6
330
17
100
AcDbEntity
  8
PARTS
100
AcDbPolyline
 90
2
 70
0
 10
41.23766666666667
 20
41.061699999999995
 10
41.23666666666667
 20
41.061699999999995
  0
LWPOLYLINE
  5
3A7
330
17
100
AcDbEntity
  8
PARTS
100
AcDbPolyline
 90
2
 70
0
 10
41.23766666666667
 20
41.04089999999999
 10
41.23666666666667
 20
41.04089999999999
  0
LWPOLYLINE
  5
3A8
330
17
100
AcDbEntity
  8
PARTS
100
AcDbPolyline
 90
2
 70
0
 10
41.23766666666667
 20
41.025099999999995
 10
41.23666666666667
 20
41.025099999999995
  0
LWPOLYLINE
  5
3A9
330
17
100
AcDbEntity
  8
PARTS
100
AcDbPolyline
 90
2
 70
0
 10
41.23766666666667
 20
40.814499999999995
 10
41.23766666666667
 20
40.7861
  0
LWPOLYLINE
  5
3AA
330
17
100
AcDbEntity
  8
PARTS
100
AcDbPolyline
 90
2
 70
0
 10
41.23766666666667
 20
40.7861
 10
41.23766666666667
 20
40.7707
  0
LWPOLYLINE
  5
3AB
330
17
100
AcDbEntity
  8
PARTS
100
AcDbPolyline
 90
2
 70
0
 10
41.23766666666667
 20
40.7707
 10
41.23766666666667
 20
40.7315
  0
LWPOLYLINE
  5
3AC
330
17
100
AcDbEntity
  8
PARTS
100
AcDbPolyline
 90
2
 70
0
 10
41.23766666666667
 20
40.7315
 10
41.23766666666667
 20
40.6967
  0
LWPOLYLINE
  5
3AD
330
17
100
AcDbEntity
  8
PARTS
100
AcDbPolyline
 90
2
 70
0
 10
41.23766666666667
 20
40.6967
 10
41.23766666666667
 20
40.683899999999994
  0
LWPOLYLINE
  5
3AE
330
17
100
AcDbEntity
  8
PARTS
100
AcDbPolyline
 90
2
 70
0
 10
41.23766666666667
 20
40.683899999999994
 10
41.23766666666667
 20
40.6772
  0
LWPOLYLINE
  5
3AF
330
17
100
AcDbEntity
  8
PARTS
100
AcDbPolyline
 90
2
 70
0
 10
41.23766666666667
 20
40.6772
 10
41.23766666666667
 20
40.643899999999995
  0
LWPOLYLINE
  5
3B0
330
17
100
AcDbEntity
  8
PARTS
100
AcDbPolyline
 90
2
 70
0
 10
41.23766666666667
 20
40.643899999999995
 10
41.23766666666667
 20
40.629999999999995
  0
LWPOLYLINE
  5
3B1
330
17
100
AcDbEntity
  8
PARTS
100
AcDbPolyline
 90
2
 70
0
 10
41.23766666666667
 20
40.629999999999995
 10
41.23766666666667
 20
40.629999999999995
  0
LWPOLYLINE
  5
3B2
330
17
100
AcDbEntity
  8
PARTS
100
AcDbPolyline
 90
2
 70
0
 10
41.23766666666667
 20
40.629999999999995
 10
41.23766666666667
 20
40.629999999999995
  0
LWPOLYLINE
  5
3B3
330
17
100
AcDbEntity
  8
PARTS
100
AcDbPolyline
 90
2
 70
0
 10
41.23766666666667
 20
40.814499999999995
 10
41.23666666666667
 20
40.814499999999995
  0
LWPOLYLINE
  5
3B4
330
17
100
AcDbEntity
  8
PARTS
100
AcDbPolyline
 90
2
 70
0
 10
41.23766666666667
 20
40.7861
 10
41.23666666666667
 20
40.7861
  0
LWPOLYLINE
  5
3B5
330
17
100
AcDbEntity
  8
PARTS
100
AcDbPolyline
 90
2
 70
0
 10
41.23766666666667
 20
40.7707
 10
41.23666666666667
 20
40.7707
  0
LWPOLYLINE
  5
3B6
330
17
100
AcDbEntity
  8
PARTS
100
AcDbPolyline
 90
2
 70
0
 10
41.23766666666667
 20
40.683899999999994
 10
41.23666666666667
 20
40.683899999999994
  0
LWPOLYLINE
  5
3B7
330
17
100
AcDbEntity
  8
PARTS
100
AcDbPolyline
 90
2
 70
0
 10
43.01466666666666
 20
40.3219
 10
43.01466666666666
 20
40.521899999999995
  0
LWPOLYLINE
  5
3B8
330
17
100
AcDbEntity
  8
PARTS
100
AcDbPolyline
 90
2
 70
0
 10
43.01466666666666
 20
41.1219
 10
43.01466666666666
 20
41.3219
  0
LWPOLYLINE
  5
3B9
330
17
100
AcDbEntity
  8
PARTS
100
AcDbPolyline
 90
2
 70
0
 10
42.964666666666666
 20
40.521899999999995
 10
43.01466666666666
 20
40.521899999999995
  0
LWPOLYLINE
  5
3BA
330
17
100
AcDbEntity
  8
PARTS
100
AcDbPolyline
 90
2
 70
0
 10
42.964666666666666
 20
41.1219
 10
42.964666666666666
 20
41.1119
  0
LWPOLYLINE
  5
3BB
330
17
100
AcDbEntity
  8
PARTS
100
AcDbPolyline
 90
2
 70
0
 10
42.964666666666666
 20
40.5319
 10
42.964666666666666
 20
40.521899999999995
  0
LWPOLYLINE
  5
3BC
330
17
100
AcDbEntity
  8
PARTS
100
AcDbPolyline
 90
2
 70
0
 10
43.01466666666666
 20
41.1219
 10
42.964666666666666
 20
41.1219
  0
LWPOLYLINE
  5
3BD
330
17
100
AcDbEntity
  8
PARTS
100
AcDbPolyline
 90
2
 70
0
 10
43.01466666666666
 20
41.3219
 10
42.51466666666666
 20
41.3219
  0
LWPOLYLINE
  5
3BE
330
17
100
AcDbEntity
  8
PARTS
100
AcDbPolyline
 90
2
 70
0
 10
42.51466666666666
 20
41.3219
 10
42.51466666666666
 20
41.1219
  0
LWPOLYLINE
  5
3BF
330
17
100
AcDbEntity
  8
PARTS
100
AcDbPolyline
 90
2
 70
0
 10
42.51466666666666
 20
41.1219
 10
42.56466666666667
 20
41.1219
  0
LWPOLYLINE
  5
3C0
330
17
100
AcDbEntity
  8
PARTS
100
AcDbPolyline
 90
2
 70
0
 10
42.56466666666667
 20
40.521899999999995
 10
42.56466666666667
 20
40.5319
  0
LWPOLYLINE
  5
3C1
330
17
100
AcDbEntity
  8
PARTS
100
AcDbPolyline
 90
2
 70
0
 10
42.56466666666667
 20
41.1119
 10
42.56466666666667
 20
41.1219
  0
LWPOLYLINE
  5
3C2
330
17
100
AcDbEntity
  8
PARTS
100
AcDbPolyline
 90
2
 70
0
 10
42.56466666666667
 20
40.521899999999995
 10
42.51466666666666
 20
40.521899999999995
  0
LWPOLYLINE
  5
3C3
330
17
100
AcDbEntity
  8
PARTS
100
AcDbPolyline
 90
2
 70
0
 10
42.51466666666666
 20
40.521899999999995
 10
42.51466666666666
 20
40.3219
  0
LWPOLYLINE
  5
3C4
330
17
100
AcDbEntity
  8
PARTS
100
AcDbPolyline
 90
2
 70
0
 10
42.51466666666666
 20
40.3219
 10
43.01466666666666
 20
40.3219
  0
LWPOLYLINE
  5
3C5
330
17
100
AcDbEntity
  8
PARTS
100
AcDbPolyline
 90
2
 70
0
 10
42.51466666666666
 20
40.521899999999995
 10
42.51466666666666
 20
41.1219
  0
LWPOLYLINE
  5
3C6
330
17
100
AcDbEntity
  8
PARTS
100
AcDbPolyline
 90
2
 70
0
 10
43.01466666666666
 20
41.1219
 10
43.01466666666666
 20
40.521899999999995
  0
LWPOLYLINE
  5
3C7
330
17
100
AcDbEntity
  8
PARTS
100
AcDbPolyline
 90
2
 70
0
 10
43.00466666666667
 20
41.1119
 10
42.52466666666667
 20
41.1119
  0
LWPOLYLINE
  5
3C8
330
17
100
AcDbEntity
  8
PARTS
100
AcDbPolyline
 90
2
 70
0
 10
42.52466666666667
 20
41.1119
 10
42.52466666666667
 20
40.5319
  0
LWPOLYLINE
  5
3C9
330
17
100
AcDbEntity
  8
PARTS
100
AcDbPolyline
 90
2
 70
0
 10
42.52466666666667
 20
40.5319
 10
43.00466666666667
 20
40.5319
  0
LWPOLYLINE
  5
3CA
330
17
100
AcDbEntity
  8
PARTS
100
AcDbPolyline
 90
2
 70
0
 10
43.00466666666667
 20
40.5319
 10
43.00466666666667
 20
41.1119
  0
LWPOLYLINE
  5
3CB
330
17
100
AcDbEntity
  8
PARTS
100
AcDbPolyline
 90
2
 70
0
 10
43.01466666666666
 20
40.521899999999995
 10
43.00466666666667
 20
40.5319
  0
LWPOLYLINE
  5
3CC
330
17
100
AcDbEntity
  8
PARTS
100
AcDbPolyline
 90
2
 70
0
 10
43.00466666666667
 20
41.1119
 10
43.01466666666666
 20
41.1219
  0
LWPOLYLINE
  5
3CD
330
17
100
AcDbEntity
  8
PARTS
100
AcDbPolyline
 90
2
 70
0
 10
42.52466666666667
 20
41.1119
 10
42.51466666666666
 20
41.1219
  0
LWPOLYLINE
  5
3CE
330
17
100
AcDbEntity
  8
PARTS
100
AcDbPolyline
 90
2
 70
0
 10
42.51466666666666
 20
40.521899999999995
 10
42.52466666666667
 20
40.5319
  0
LWPOLYLINE
  5
3CF
330
17
100
AcDbEntity
  8
PARTS
100
AcDbPolyline
 90
2
 70
0
 10
43.01566666666667
 20
40.869499999999995
 10
43.01466666666666
 20
40.869499999999995
  0
LWPOLYLINE
  5
3D0
330
17
100
AcDbEntity
  8
PARTS
100
AcDbPolyline
 90
2
 70
0
 10
43.01566666666667
 20
40.869499999999995
 10
43.01566666666667
 20
40.8535
  0
LWPOLYLINE
  5
3D1
330
17
100
AcDbEntity
  8
PARTS
100
AcDbPolyline
 90
2
 70
0
 10
43.01566666666667
 20
40.8535
 10
43.01466666666666
 20
40.8535
  0
LWPOLYLINE
  5
3D2
330
17
100
AcDbEntity
  8
PARTS
100
AcDbPolyline
 90
2
 70
0
 10
43.01566666666667
 20
40.848299999999995
 10
43.01466666666666
 20
40.848299999999995
  0
LWPOLYLINE
  5
3D3
330
17
100
AcDbEntity
  8
PARTS
100
AcDbPolyline
 90
2
 70
0
 10
43.01566666666667
 20
40.8535
 10
43.01566666666667
 20
40.848299999999995
  0
LWPOLYLINE
  5
3D4
330
17
100
AcDbEntity
  8
PARTS
100
AcDbPolyline
 90
2
 70
0
 10
43.01566666666667
 20
40.848
 10
43.01466666666666
 20
40.848
  0
LWPOLYLINE
  5
3D5
330
17
100
AcDbEntity
  8
PARTS
100
AcDbPolyline
 90
2
 70
0
 10
43.01566666666667
 20
40.848299999999995
 10
43.01566666666667
 20
40.848
  0
LWPOLYLINE
  5
3D6
330
17
100
AcDbEntity
  8
PARTS
100
AcDbPolyline
 90
2
 70
0
 10
43.01566666666667
 20
40.901799999999994
 10
43.01466666666666
 20
40.901799999999994
  0
LWPOLYLINE
  5
3D7
330
17
100
AcDbEntity
  8
PARTS
100
AcDbPolyline
 90
2
 70
0
 10
43.01566666666667
 20
40.901799999999994
 10
43.01566666666667
 20
40.892199999999995
  0
LWPOLYLINE
  5
3D8
330
17
100
AcDbEntity
  8
PARTS
100
AcDbPolyline
 90
2
 70
0
 10
43.01566666666667
 20
40.892199999999995
 10
43.01566666666667
 20
40.877199999999995
  0
LWPOLYLINE
  5
3D9
330
17
100
AcDbEntity
  8
PARTS
100
AcDbPolyline
 90
2
 70
0
 10
43.01566666666667
 20
40.877199999999995
 10
43.01566666666667
 20
40.871199999999995
  0
LWPOLYLINE
  5
3DA
330
17
100
AcDbEntity
  8
PARTS
100
AcDbPolyline
 90
2
 70
0
 10
43.01566666666667
 20
40.871199999999995
 10
43.01566666666667
 20
40.871199999999995
  0
LWPOLYLINE
  5
3DB
330
17
100
AcDbEntity
  8
PARTS
100
AcDbPolyline
 90
2
 70
0
 10
43.01566666666667
 20
40.871199999999995
 10
43.01566666666667
 20
40.871199999999995
  0
LWPOLYLINE
  5
3DC
330
17
100
AcDbEntity
  8
PARTS
100
AcDbPolyline
 90
2
 70
0
 10
43.01566666666667
 20
40.931599999999996
 10
43.01466666666666
 20
40.931599999999996
  0
LWPOLYLINE
  5
3DD
330
17
100
AcDbEntity
  8
PARTS
100
AcDbPolyline
 90
2
 70
0
 10
43.01566666666667
 20
40.931599999999996
 10
43.01566666666667
 20
40.930899999999994
  0
LWPOLYLINE
  5
3DE
330
17
100
AcDbEntity
  8
PARTS
100
AcDbPolyline
 90
2
 70
0
 10
43.01566666666667
 20
40.930899999999994
 10
43.01466666666666
 20
40.930899999999994
  0
LWPOLYLINE
  5
3DF
330
17
100
AcDbEntity
  8
PARTS
100
AcDbPolyline
 90
2
 70
0
 10
43.01566666666667
 20
40.91
 10
43.01466666666666
 20
40.91
  0
LWPOLYLINE
  5
3E0
330
17
100
AcDbEntity
  8
PARTS
100
AcDbPolyline
 90
2
 70
0
 10
43.01566666666667
 20
40.930899999999994
 10
43.01566666666667
 20
40.91
  0
LWPOLYLINE
  5
3E1
330
17
100
AcDbEntity
  8
PARTS
100
AcDbPolyline
 90
2
 70
0
 10
43.01566666666667
 20
40.909699999999994
 10
43.01466666666666
 20
40.909699999999994
  0
LWPOLYLINE
  5
3E2
330
17
100
AcDbEntity
  8
PARTS
100
AcDbPolyline
 90
2
 70
0
 10
43.01566666666667
 20
40.91
 10
43.01566666666667
 20
40.909699999999994
  0
LWPOLYLINE
  5
3E3
330
17
100
AcDbEntity
  8
PARTS
100
AcDbPolyline
 90
2
 70
0
 10
43.01566666666667
 20
40.9725
 10
43.01566666666667
 20
40.9725
  0
LWPOLYLINE
  5
3E4
330
17
100
AcDbEntity
  8
PARTS
100
AcDbPolyline
 90
2
 70
0
 10
43.01566666666667
 20
40.9725
 10
43.01566666666667
 20
40.966499999999996
  0
LWPOLYLINE
  5
3E5
330
17
100
AcDbEntity
  8
PARTS
100
AcDbPolyline
 90
2
 70
0
 10
43.01566666666667
 20
40.966499999999996
 10
43.01566666666667
 20
40.9511
  0
LWPOLYLINE
  5
3E6
330
17
100
AcDbEntity
  8
PARTS
100
AcDbPolyline
 90
2
 70
0
 10
43.01566666666667
 20
40.9511
 10
43.01566666666667
 20
40.939499999999995
  0
LWPOLYLINE
  5
3E7
330
17
100
AcDbEntity
  8
PARTS
100
AcDbPolyline
 90
2
 70
0
 10
43.01566666666667
 20
40.939499999999995
 10
43.01566666666667
 20
40.9392
  0
LWPOLYLINE
  5
3E8
330
17
100
AcDbEntity
  8
PARTS
100
AcDbPolyline
 90
2
 70
0
 10
43.01566666666667
 20
40.9392
 10
43.01466666666666
 20
40.9392
  0
LWPOLYLINE
  5
3E9
330
17
100
AcDbEntity
  8
PARTS
100
AcDbPolyline
 90
2
 70
0
 10
43.01566666666667
 20
40.939499999999995
 10
43.01466666666666
 20
40.939499999999995
  0
LWPOLYLINE
  5
3EA
330
17
100
AcDbEntity
  8
PARTS
100
AcDbPolyline
 90
2
 70
0
 10
43.01566666666667
 20
41.011199999999995
 10
43.01566666666667
 20
40.995999999999995
  0
LWPOLYLINE
  5
3EB
330
17
100
AcDbEntity
  8
PARTS
100
AcDbPolyline
 90
2
 70
0
 10
43.01566666666667
 20
40.995999999999995
 10
43.01566666666667
 20
40.990399999999994
  0
LWPOLYLINE
  5
3EC
330
17
100
AcDbEntity
  8
PARTS
100
AcDbPolyline
 90
2
 70
0
 10
43.01566666666667
 20
40.990399999999994
 10
43.01566666666667
 20
40.974599999999995
  0
LWPOLYLINE
  5
3ED
330
17
100
AcDbEntity
  8
PARTS
100
AcDbPolyline
 90
2
 70
0
 10
43.01566666666667
 20
40.995999999999995
 10
43.01466666666666
 20
40.995999999999995
  0
LWPOLYLINE
  5
3EE
330
17
100
AcDbEntity
  8
PARTS
100
AcDbPolyline
 90
2
 70
0
 10
43.01566666666667
 20
41.011199999999995
 10
43.01466666666666
 20
41.011199999999995
  0
LWPOLYLINE
  5
3EF
330
17
100
AcDbEntity
  8
PARTS
100
AcDbPolyline
 90
2
 70
0
 10
43.01566666666667
 20
40.990399999999994
 10
43.01466666666666
 20
40.990399999999994
  0
LWPOLYLINE
  5
3F0
330
17
100
AcDbEntity
  8
PARTS
100
AcDbPolyline
 90
2
 70
0
 10
43.01566666666667
 20
40.974599999999995
 10
43.01466666666666
 20
40.974599999999995
  0
LWPOLYLINE
  5
3F1
330
17
100
AcDbEntity
  8
PARTS
100
AcDbPolyline
 90
2
 70
0
 10
43.01566666666667
 20
40.8478
 10
43.01466666666666
 20
40.8478
  0
LWPOLYLINE
  5
3F2
330
17
100
AcDbEntity
  8
PARTS
100
AcDbPolyline
 90
2
 70
0
 10
43.01566666666667
 20
40.848
 10
43.01566666666667
 20
40.8478
  0
LWPOLYLINE
  5
3F3
330
17
100
AcDbEntity
  8
PARTS
100
AcDbPolyline
 90
2
 70
0
 10
43.01566666666667
 20
40.8475
 10
43.01466666666666
 20
40.8475
  0
LWPOLYLINE
  5
3F4
330
17
100
AcDbEntity
  8
PARTS
100
AcDbPolyline
 90
2
 70
0
 10
43.01566666666667
 20
40.8478
 10
43.01566666666667
 20
40.8475
  0
LWPOLYLINE
  5
3F5
330
17
100
AcDbEntity
  8
PARTS
100
AcDbPolyline
 90
2
 70
0
 10
43.01566666666667
 20
40.9047
 10
43.01566666666667
 20
40.904599999999995
  0
LWPOLYLINE
  5
3F6
330
17
100
AcDbEntity
  8
PARTS
100
AcDbPolyline
 90
2
 70
0
 10
43.01566666666667
 20
40.904599999999995
 10
43.01466666666666
 20
40.904599999999995
  0
LWPOLYLINE
  5
3F7
330
17
100
AcDbEntity
  8
PARTS
100
AcDbPolyline
 90
2
 70
0
 10
43.01566666666667
 20
40.9045
 10
43.01466666666666
 20
40.9045
  0
LWPOLYLINE
  5
3F8
330
17
100
AcDbEntity
  8
PARTS
100
AcDbPolyline
 90
2
 70
0
 10
43.01566666666667
 20
40.904599999999995
 10
43.01566666666667
 20
40.9045
  0
LWPOLYLINE
  5
3F9
330
17
100
AcDbEntity
  8
PARTS
100
AcDbPolyline
 90
2
 70
0
 10
43.01566666666667
 20
40.909699999999994
 10
43.01566666666667
 20
40.907999999999994
  0
LWPOLYLINE
  5
3FA
330
17
100
AcDbEntity
  8
PARTS
100
AcDbPolyline
 90
2
 70
0
 10
43.01566666666667
 20
40.907999999999994
 10
43.01566666666667
 20
40.9047
  0
LWPOLYLINE
  5
3FB
330
17
100
AcDbEntity
  8
PARTS
100
AcDbPolyline
 90
2
 70
0
 10
43.01566666666667
 20
40.9047
 10
43.01566666666667
 20
40.9047
  0
LWPOLYLINE
  5
3FC
330
17
100
AcDbEntity
  8
PARTS
100
AcDbPolyline
 90
2
 70
0
 10
43.01566666666667
 20
40.9047
 10
43.01566666666667
 20
40.9047
  0
LWPOLYLINE
  5
3FD
330
17
100
AcDbEntity
  8
PARTS
100
AcDbPolyline
 90
2
 70
0
 10
43.01566666666667
 20
40.9327
 10
43.01466666666666
 20
40.9327
  0
LWPOLYLINE
  5
3FE
330
17
100
AcDbEntity
  8
PARTS
100
AcDbPolyline
 90
2
 70
0
 10
43.01566666666667
 20
40.9392
 10
43.01566666666667
 20
40.9327
  0
LWPOLYLINE
  5
3FF
330
17
100
AcDbEntity
  8
PARTS
100
AcDbPolyline
 90
2
 70
0
 10
43.01566666666667
 20
40.9327
 10
43.01566666666667
 20
40.931599999999996
  0
LWPOLYLINE
  5
400
330
17
100
AcDbEntity
  8
PARTS
100
AcDbPolyline
 90
2
 70
0
 10
43.01566666666667
 20
40.974599999999995
 10
43.01566666666667
 20
40.9725
  0
LWPOLYLINE
  5
401
330
17
100
AcDbEntity
  8
PARTS
100
AcDbPolyline
 90
2
 70
0
 10
43.01566666666667
 20
41.022999999999996
 10
43.01566666666667
 20
41.022999999999996
  0
LWPOLYLINE
  5
402
330
17
100
AcDbEntity
  8
PARTS
100
AcDbPolyline
 90
2
 70
0
 10
43.01566666666667
 20
41.022999999999996
 10
43.01566666666667
 20
41.016999999999996
  0
LWPOLYLINE
  5
403
330
17
100
AcDbEntity
  8
PARTS
100
AcDbPolyline
 90
2
 70
0
 10
43.01566666666667
 20
41.016999999999996
 10
43.01566666666667
 20
41.011199999999995
  0
LWPOLYLINE
  5
404
330
17
100
AcDbEntity
  8
PARTS
100
AcDbPolyline
 90
2
 70
0
 10
43.01566666666667
 20
41.061699999999995
 10
43.01566666666667
 20
41.046499999999995
  0
LWPOLYLINE
  5
405
330
17
100
AcDbEntity
  8
PARTS
100
AcDbPolyline
 90
2
 70
0
 10
43.01566666666667
 20
41.046499999999995
 10
43.01566666666667
 20
41.04089999999999
  0
LWPOLYLINE
  5
406
330
17
100
AcDbEntity
  8
PARTS
100
AcDbPolyline
 90
2
 70
0
 10
43.01566666666667
 20
41.04089999999999
 10
43.01566666666667
 20
41.025099999999995
  0
LWPOLYLINE
  5
407
330
17
100
AcDbEntity
  8
PARTS
100
AcDbPolyline
 90
2
 70
0
 10
43.01566666666667
 20
41.046499999999995
 10
43.01466666666666
 20
41.046499999999995
  0
LWPOLYLINE
  5
408
330
17
100
AcDbEntity
  8
PARTS
100
AcDbPolyline
 90
2
 70
0
 10
43.01566666666667
 20
41.061699999999995
 10
43.01466666666666
 20
41.061699999999995
  0
LWPOLYLINE
  5
409
330
17
100
AcDbEntity
  8
PARTS
100
AcDbPolyline
 90
2
 70
0
 10
43.01566666666667
 20
41.04089999999999
 10
43.01466666666666
 20
41.04089999999999
  0
LWPOLYLINE
  5
40A
330
17
100
AcDbEntity
  8
PARTS
100
AcDbPolyline
 90
2
 70
0
 10
43.01566666666667
 20
41.025099999999995
 10
43.01466666666666
 20
41.025099999999995
  0
LWPOLYLINE
  5
40B
330
17
100
AcDbEntity
  8
PARTS
100
AcDbPolyline
 90
2
 70
0
 10
43.01566666666667
 20
40.814499999999995
 10
43.01566666666667
 20
40.7861
  0
LWPOLYLINE
  5
40C
330
17
100
AcDbEntity
  8
PARTS
100
AcDbPolyline
 90
2
 70
0
 10
43.01566666666667
 20
40.7861
 10
43.01566666666667
 20
40.7707
  0
LWPOLYLINE
  5
40D
330
17
100
AcDbEntity
  8
PARTS
100
AcDbPolyline
 90
2
 70
0
 10
43.01566666666667
 20
40.7707
 10
43.01566666666667
 20
40.7315
  0
LWPOLYLINE
  5
40E
330
17
100
AcDbEntity
  8
PARTS
100
AcDbPolyline
 90
2
 70
0
 10
43.01566666666667
 20
40.7315
 10
43.01566666666667
 20
40.6967
  0
LWPOLYLINE
  5
40F
330
17
100
AcDbEntity
  8
PARTS
100
AcDbPolyline
 90
2
 70
0
 10
43.01566666666667
 20
40.6967
 10
43.01566666666667
 20
40.683899999999994
  0
LWPOLYLINE
  5
410
330
17
100
AcDbEntity
  8
PARTS
100
AcDbPolyline
 90
2
 70
0
 10
43.01566666666667
 20
40.683899999999994
 10
43.01566666666667
 20
40.6772
  0
LWPOLYLINE
  5
411
330
17
100
AcDbEntity
  8
PARTS
100
AcDbPolyline
 90
2
 70
0
 10
43.01566666666667
 20
40.6772
 10
43.01566666666667
 20
40.643899999999995
  0
LWPOLYLINE
  5
412
330
17
100
AcDbEntity
  8
PARTS
100
AcDbPolyline
 90
2
 70
0
 10
43.01566666666667
 20
40.643899999999995
 10
43.01566666666667
 20
40.629999999999995
  0
LWPOLYLINE
  5
413
330
17
100
AcDbEntity
  8
PARTS
100
AcDbPolyline
 90
2
 70
0
 10
43.01566666666667
 20
40.629999999999995
 10
43.01566666666667
 20
40.629999999999995
  0
LWPOLYLINE
  5
414
330
17
100
AcDbEntity
  8
PARTS
100
AcDbPolyline
 90
2
 70
0
 10
43.01566666666667
 20
40.629999999999995
 10
43.01566666666667
 20
40.629999999999995
  0
LWPOLYLINE
  5
415
330
17
100
AcDbEntity
  8
PARTS
100
AcDbPolyline
 90
2
 70
0
 10
43.01566666666667
 20
40.814499999999995
 10
43.01466666666666
 20
40.814499999999995
  0
LWPOLYLINE
  5
416
330
17
100
AcDbEntity
  8
PARTS
100
AcDbPolyline
 90
2
 70
0
 10
43.01566666666667
 20
40.7861
 10
43.01466666666666
 20
40.7861
  0
LWPOLYLINE
  5
417
330
17
100
AcDbEntity
  8
PARTS
100
AcDbPolyline
 90
2
 70
0
 10
43.01566666666667
 20
40.7707
 10
43.01466666666666
 20
40.7707
  0
LWPOLYLINE
  5
418
330
17
100
AcDbEntity
  8
PARTS
100
AcDbPolyline
 90
2
 70
0
 10
43.01566666666667
 20
40.683899999999994
 10
43.01466666666666
 20
40.683899999999994
  0
LWPOLYLINE
  5
419
330
17
100
AcDbEntity
  8
PARTS
100
AcDbPolyline
 90
2
 70
0
 10
29.679666666666666
 20
40.3219
 10
29.679666666666666
 20
40.521899999999995
  0
LWPOLYLINE
  5
41A
330
17
100
AcDbEntity
  8
PARTS
100
AcDbPolyline
 90
2
 70
0
 10
29.679666666666666
 20
41.1219
 10
29.679666666666666
 20
41.3219
  0
LWPOLYLINE
  5
41B
330
17
100
AcDbEntity
  8
PARTS
100
AcDbPolyline
 90
2
 70
0
 10
29.629666666666665
 20
40.521899999999995
 10
29.679666666666666
 20
40.521899999999995
  0
LWPOLYLINE
  5
41C
330
17
100
AcDbEntity
  8
PARTS
100
AcDbPolyline
 90
2
 70
0
 10
29.629666666666665
 20
41.1219
 10
29.629666666666665
 20
41.1119
  0
LWPOLYLINE
  5
41D
330
17
100
AcDbEntity
  8
PARTS
100
AcDbPolyline
 90
2
 70
0
 10
29.629666666666665
 20
40.5319
 10
29.629666666666665
 20
40.521899999999995
  0
LWPOLYLINE
  5
41E
330
17
100
AcDbEntity
  8
PARTS
100
AcDbPolyline
 90
2
 70
0
 10
29.679666666666666
 20
41.1219
 10
29.629666666666665
 20
41.1219
  0
LWPOLYLINE
  5
41F
330
17
100
AcDbEntity
  8
PARTS
100
AcDbPolyline
 90
2
 70
0
 10
29.679666666666666
 20
41.3219
 10
29.179666666666666
 20
41.3219
  0
LWPOLYLINE
  5
420
330
17
100
AcDbEntity
  8
PARTS
100
AcDbPolyline
 90
2
 70
0
 10
29.179666666666666
 20
41.3219
 10
29.179666666666666
 20
41.1219
  0
LWPOLYLINE
  5
421
330
17
100
AcDbEntity
  8
PARTS
100
AcDbPolyline
 90
2
 70
0
 10
29.179666666666666
 20
41.1219
 10
29.229666666666663
 20
41.1219
  0
LWPOLYLINE
  5
422
330
17
100
AcDbEntity
  8
PARTS
100
AcDbPolyline
 90
2
 70
0
 10
29.229666666666663
 20
40.521899999999995
 10
29.229666666666663
 20
40.5319
  0
LWPOLYLINE
  5
423
330
17
100
AcDbEntity
  8
PARTS
100
AcDbPolyline
 90
2
 70
0
 10
29.229666666666663
 20
41.1119
 10
29.229666666666663
 20
41.1219
  0
LWPOLYLINE
  5
424
330
17
100
AcDbEntity
  8
PARTS
100
AcDbPolyline
 90
2
 70
0
 10
29.229666666666663
 20
40.521899999999995
 10
29.179666666666666
 20
40.521899999999995
  0
LWPOLYLINE
  5
425
330
17
100
AcDbEntity
  8
PARTS
100
AcDbPolyline
 90
2
 70
0
 10
29.179666666666666
 20
40.521899999999995
 10
29.179666666666666
 20
40.3219
  0
LWPOLYLINE
  5
426
330
17
100
AcDbEntity
  8
PARTS
100
AcDbPolyline
 90
2
 70
0
 10
29.179666666666666
 20
40.3219
 10
29.679666666666666
 20
40.3219
  0
LWPOLYLINE
  5
427
330
17
100
AcDbEntity
  8
PARTS
100
AcDbPolyline
 90
2
 70
0
 10
29.179666666666666
 20
40.521899999999995
 10
29.179666666666666
 20
41.1219
  0
LWPOLYLINE
  5
428
330
17
100
AcDbEntity
  8
PARTS
100
AcDbPolyline
 90
2
 70
0
 10
29.679666666666666
 20
41.1219
 10
29.679666666666666
 20
40.521899999999995
  0
LWPOLYLINE
  5
429
330
17
100
AcDbEntity
  8
PARTS
100
AcDbPolyline
 90
2
 70
0
 10
29.669666666666668
 20
41.1119
 10
29.189666666666668
 20
41.1119
  0
LWPOLYLINE
  5
42A
330
17
100
AcDbEntity
  8
PARTS
100
AcDbPolyline
 90
2
 70
0
 10
29.189666666666668
 20
41.1119
 10
29.189666666666668
 20
40.5319
  0
LWPOLYLINE
  5
42B
330
17
100
AcDbEntity
  8
PARTS
100
AcDbPolyline
 90
2
 70
0
 10
29.189666666666668
 20
40.5319
 10
29.669666666666668
 20
40.5319
  0
LWPOLYLINE
  5
42C
330
17
100
AcDbEntity
  8
PARTS
100
AcDbPolyline
 90
2
 70
0
 10
29.669666666666668
 20
40.5319
 10
29.669666666666668
 20
41.1119
  0
LWPOLYLINE
  5
42D
330
17
100
AcDbEntity
  8
PARTS
100
AcDbPolyline
 90
2
 70
0
 10
29.679666666666666
 20
40.521899999999995
 10
29.669666666666668
 20
40.5319
  0
LWPOLYLINE
  5
42E
330
17
100
AcDbEntity
  8
PARTS
100
AcDbPolyline
 90
2
 70
0
 10
29.669666666666668
 20
41.1119
 10
29.679666666666666
 20
41.1219
  0
LWPOLYLINE
  5
42F
330
17
100
AcDbEntity
  8
PARTS
100
AcDbPolyline
 90
2
 70
0
 10
29.189666666666668
 20
41.1119
 10
29.179666666666666
 20
41.1219
  0
LWPOLYLINE
  5
430
330
17
100
AcDbEntity
  8
PARTS
100
AcDbPolyline
 90
2
 70
0
 10
29.179666666666666
 20
40.521899999999995
 10
29.189666666666668
 20
40.5319
  0
LWPOLYLINE
  5
431
330
17
100
AcDbEntity
  8
PARTS
100
AcDbPolyline
 90
2
 70
0
 10
29.680666666666667
 20
40.869499999999995
 10
29.679666666666666
 20
40.869499999999995
  0
LWPOLYLINE
  5
432
330
17
100
AcDbEntity
  8
PARTS
100
AcDbPolyline
 90
2
 70
0
 10
29.680666666666667
 20
40.869499999999995
 10
29.680666666666667
 20
40.8535
  0
LWPOLYLINE
  5
433
330
17
100
AcDbEntity
  8
PARTS
100
AcDbPolyline
 90
2
 70
0
 10
29.680666666666667
 20
40.8535
 10
29.679666666666666
 20
40.8535
  0
LWPOLYLINE
  5
434
330
17
100
AcDbEntity
  8
PARTS
100
AcDbPolyline
 90
2
 70
0
 10
29.680666666666667
 20
40.848299999999995
 10
29.679666666666666
 20
40.848299999999995
  0
LWPOLYLINE
  5
435
330
17
100
AcDbEntity
  8
PARTS
100
AcDbPolyline
 90
2
 70
0
 10
29.680666666666667
 20
40.8535
 10
29.680666666666667
 20
40.848299999999995
  0
LWPOLYLINE
  5
436
330
17
100
AcDbEntity
  8
PARTS
100
AcDbPolyline
 90
2
 70
0
 10
29.680666666666667
 20
40.848
 10
29.679666666666666
 20
40.848
  0
LWPOLYLINE
  5
437
330
17
100
AcDbEntity
  8
PARTS
100
AcDbPolyline
 90
2
 70
0
 10
29.680666666666667
 20
40.848299999999995
 10
29.680666666666667
 20
40.848
  0
LWPOLYLINE
  5
438
330
17
100
AcDbEntity
  8
PARTS
100
AcDbPolyline
 90
2
 70
0
 10
29.680666666666667
 20
40.901799999999994
 10
29.679666666666666
 20
40.901799999999994
  0
LWPOLYLINE
  5
439
330
17
100
AcDbEntity
  8
PARTS
100
AcDbPolyline
 90
2
 70
0
 10
29.680666666666667
 20
40.901799999999994
 10
29.680666666666667
 20
40.892199999999995
  0
LWPOLYLINE
  5
43A
330
17
100
AcDbEntity
  8
PARTS
100
AcDbPolyline
 90
2
 70
0
 10
29.680666666666667
 20
40.892199999999995
 10
29.680666666666667
 20
40.877199999999995
  0
LWPOLYLINE
  5
43B
330
17
100
AcDbEntity
  8
PARTS
100
AcDbPolyline
 90
2
 70
0
 10
29.680666666666667
 20
40.877199999999995
 10
29.680666666666667
 20
40.871199999999995
  0
LWPOLYLINE
  5
43C
330
17
100
AcDbEntity
  8
PARTS
100
AcDbPolyline
 90
2
 70
0
 10
29.680666666666667
 20
40.871199999999995
 10
29.680666666666667
 20
40.871199999999995
  0
LWPOLYLINE
  5
43D
330
17
100
AcDbEntity
  8
PARTS
100
AcDbPolyline
 90
2
 70
0
 10
29.680666666666667
 20
40.871199999999995
 10
29.680666666666667
 20
40.871199999999995
  0
LWPOLYLINE
  5
43E
330
17
100
AcDbEntity
  8
PARTS
100
AcDbPolyline
 90
2
 70
0
 10
29.680666666666667
 20
40.931599999999996
 10
29.679666666666666
 20
40.931599999999996
  0
LWPOLYLINE
  5
43F
330
17
100
AcDbEntity
  8
PARTS
100
AcDbPolyline
 90
2
 70
0
 10
29.680666666666667
 20
40.931599999999996
 10
29.680666666666667
 20
40.930899999999994
  0
LWPOLYLINE
  5
440
330
17
100
AcDbEntity
  8
PARTS
100
AcDbPolyline
 90
2
 70
0
 10
29.680666666666667
 20
40.930899999999994
 10
29.679666666666666
 20
40.930899999999994
  0
LWPOLYLINE
  5
441
330
17
100
AcDbEntity
  8
PARTS
100
AcDbPolyline
 90
2
 70
0
 10
29.680666666666667
 20
40.91
 10
29.679666666666666
 20
40.91
  0
LWPOLYLINE
  5
442
330
17
100
AcDbEntity
  8
PARTS
100
AcDbPolyline
 90
2
 70
0
 10
29.680666666666667
 20
40.930899999999994
 10
29.680666666666667
 20
40.91
  0
LWPOLYLINE
  5
443
330
17
100
AcDbEntity
  8
PARTS
100
AcDbPolyline
 90
2
 70
0
 10
29.680666666666667
 20
40.909699999999994
 10
29.679666666666666
 20
40.909699999999994
  0
LWPOLYLINE
  5
444
330
17
100
AcDbEntity
  8
PARTS
100
AcDbPolyline
 90
2
 70
0
 10
29.680666666666667
 20
40.91
 10
29.680666666666667
 20
40.909699999999994
  0
LWPOLYLINE
  5
445
330
17
100
AcDbEntity
  8
PARTS
100
AcDbPolyline
 90
2
 70
0
 10
29.680666666666667
 20
40.9725
 10
29.680666666666667
 20
40.9725
  0
LWPOLYLINE
  5
446
330
17
100
AcDbEntity
  8
PARTS
100
AcDbPolyline
 90
2
 70
0
 10
29.680666666666667
 20
40.9725
 10
29.680666666666667
 20
40.966499999999996
  0
LWPOLYLINE
  5
447
330
17
100
AcDbEntity
  8
PARTS
100
AcDbPolyline
 90
2
 70
0
 10
29.680666666666667
 20
40.966499999999996
 10
29.680666666666667
 20
40.9511
  0
LWPOLYLINE
  5
448
330
17
100
AcDbEntity
  8
PARTS
100
AcDbPolyline
 90
2
 70
0
 10
29.680666666666667
 20
40.9511
 10
29.680666666666667
 20
40.939499999999995
  0
LWPOLYLINE
  5
449
330
17
100
AcDbEntity
  8
PARTS
100
AcDbPolyline
 90
2
 70
0
 10
29.680666666666667
 20
40.939499999999995
 10
29.680666666666667
 20
40.9392
  0
LWPOLYLINE
  5
44A
330
17
100
AcDbEntity
  8
PARTS
100
AcDbPolyline
 90
2
 70
0
 10
29.680666666666667
 20
40.9392
 10
29.679666666666666
 20
40.9392
  0
LWPOLYLINE
  5
44B
330
17
100
AcDbEntity
  8
PARTS
100
AcDbPolyline
 90
2
 70
0
 10
29.680666666666667
 20
40.939499999999995
 10
29.679666666666666
 20
40.939499999999995
  0
LWPOLYLINE
  5
44C
330
17
100
AcDbEntity
  8
PARTS
100
AcDbPolyline
 90
2
 70
0
 10
29.680666666666667
 20
41.011199999999995
 10
29.680666666666667
 20
40.995999999999995
  0
LWPOLYLINE
  5
44D
330
17
100
AcDbEntity
  8
PARTS
100
AcDbPolyline
 90
2
 70
0
 10
29.680666666666667
 20
40.995999999999995
 10
29.680666666666667
 20
40.990399999999994
  0
LWPOLYLINE
  5
44E
330
17
100
AcDbEntity
  8
PARTS
100
AcDbPolyline
 90
2
 70
0
 10
29.680666666666667
 20
40.990399999999994
 10
29.680666666666667
 20
40.974599999999995
  0
LWPOLYLINE
  5
44F
330
17
100
AcDbEntity
  8
PARTS
100
AcDbPolyline
 90
2
 70
0
 10
29.680666666666667
 20
40.995999999999995
 10
29.679666666666666
 20
40.995999999999995
  0
LWPOLYLINE
  5
450
330
17
100
AcDbEntity
  8
PARTS
100
AcDbPolyline
 90
2
 70
0
 10
29.680666666666667
 20
41.011199999999995
 10
29.679666666666666
 20
41.011199999999995
  0
LWPOLYLINE
  5
451
330
17
100
AcDbEntity
  8
PARTS
100
AcDbPolyline
 90
2
 70
0
 10
29.680666666666667
 20
40.990399999999994
 10
29.679666666666666
 20
40.990399999999994
  0
LWPOLYLINE
  5
452
330
17
100
AcDbEntity
  8
PARTS
100
AcDbPolyline
 90
2
 70
0
 10
29.680666666666667
 20
40.974599999999995
 10
29.679666666666666
 20
40.974599999999995
  0
LWPOLYLINE
  5
453
330
17
100
AcDbEntity
  8
PARTS
100
AcDbPolyline
 90
2
 70
0
 10
29.680666666666667
 20
40.8478
 10
29.679666666666666
 20
40.8478
  0
LWPOLYLINE
  5
454
330
17
100
AcDbEntity
  8
PARTS
100
AcDbPolyline
 90
2
 70
0
 10
29.680666666666667
 20
40.848
 10
29.680666666666667
 20
40.8478
  0
LWPOLYLINE
  5
455
330
17
100
AcDbEntity
  8
PARTS
100
AcDbPolyline
 90
2
 70
0
 10
29.680666666666667
 20
40.8475
 10
29.679666666666666
 20
40.8475
  0
LWPOLYLINE
  5
456
330
17
100
AcDbEntity
  8
PARTS
100
AcDbPolyline
 90
2
 70
0
 10
29.680666666666667
 20
40.8478
 10
29.680666666666667
 20
40.8475
  0
LWPOLYLINE
  5
457
330
17
100
AcDbEntity
  8
PARTS
100
AcDbPolyline
 90
2
 70
0
 10
29.680666666666667
 20
40.9047
 10
29.680666666666667
 20
40.904599999999995
  0
LWPOLYLINE
  5
458
330
17
100
AcDbEntity
  8
PARTS
100
AcDbPolyline
 90
2
 70
0
 10
29.680666666666667
 20
40.904599999999995
 10
29.679666666666666
 20
40.904599999999995
  0
LWPOLYLINE
  5
459
330
17
100
AcDbEntity
  8
PARTS
100
AcDbPolyline
 90
2
 70
0
 10
29.680666666666667
 20
40.9045
 10
29.679666666666666
 20
40.9045
  0
LWPOLYLINE
  5
45A
330
17
100
AcDbEntity
  8
PARTS
100
AcDbPolyline
 90
2
 70
0
 10
29.680666666666667
 20
40.904599999999995
 10
29.680666666666667
 20
40.9045
  0
LWPOLYLINE
  5
45B
330
17
100
AcDbEntity
  8
PARTS
100
AcDbPolyline
 90
2
 70
0
 10
29.680666666666667
 20
40.909699999999994
 10
29.680666666666667
 20
40.907999999999994
  0
LWPOLYLINE
  5
45C
330
17
100
AcDbEntity
  8
PARTS
100
AcDbPolyline
 90
2
 70
0
 10
29.680666666666667
 20
40.907999999999994
 10
29.680666666666667
 20
40.9047
  0
LWPOLYLINE
  5
45D
330
17
100
AcDbEntity
  8
PARTS
100
AcDbPolyline
 90
2
 70
0
 10
29.680666666666667
 20
40.9047
 10
29.680666666666667
 20
40.9047
  0
LWPOLYLINE
  5
45E
330
17
100
AcDbEntity
  8
PARTS
100
AcDbPolyline
 90
2
 70
0
 10
29.680666666666667
 20
40.9047
 10
29.680666666666667
 20
40.9047
  0
LWPOLYLINE
  5
45F
330
17
100
AcDbEntity
  8
PARTS
100
AcDbPolyline
 90
2
 70
0
 10
29.680666666666667
 20
40.9327
 10
29.679666666666666
 20
40.9327
  0
LWPOLYLINE
  5
460
330
17
100
AcDbEntity
  8
PARTS
100
AcDbPolyline
 90
2
 70
0
 10
29.680666666666667
 20
40.9392
 10
29.680666666666667
 20
40.9327
  0
LWPOLYLINE
  5
461
330
17
100
AcDbEntity
  8
PARTS
100
AcDbPolyline
 90
2
 70
0
 10
29.680666666666667
 20
40.9327
 10
29.680666666666667
 20
40.931599999999996
  0
LWPOLYLINE
  5
462
330
17
100
AcDbEntity
  8
PARTS
100
AcDbPolyline
 90
2
 70
0
 10
29.680666666666667
 20
40.974599999999995
 10
29.680666666666667
 20
40.9725
  0
LWPOLYLINE
  5
463
330
17
100
AcDbEntity
  8
PARTS
100
AcDbPolyline
 90
2
 70
0
 10
29.680666666666667
 20
41.022999999999996
 10
29.680666666666667
 20
41.022999999999996
  0
LWPOLYLINE
  5
464
330
17
100
AcDbEntity
  8
PARTS
100
AcDbPolyline
 90
2
 70
0
 10
29.680666666666667
 20
41.022999999999996
 10
29.680666666666667
 20
41.016999999999996
  0
LWPOLYLINE
  5
465
330
17
100
AcDbEntity
  8
PARTS
100
AcDbPolyline
 90
2
 70
0
 10
29.680666666666667
 20
41.016999999999996
 10
29.680666666666667
 20
41.011199999999995
  0
LWPOLYLINE
  5
466
330
17
100
AcDbEntity
  8
PARTS
100
AcDbPolyline
 90
2
 70
0
 10
29.680666666666667
 20
41.061699999999995
 10
29.680666666666667
 20
41.046499999999995
  0
LWPOLYLINE
  5
467
330
17
100
AcDbEntity
  8
PARTS
100
AcDbPolyline
 90
2
 70
0
 10
29.680666666666667
 20
41.046499999999995
 10
29.680666666666667
 20
41.04089999999999
  0
LWPOLYLINE
  5
468
330
17
100
AcDbEntity
  8
PARTS
100
AcDbPolyline
 90
2
 70
0
 10
29.680666666666667
 20
41.04089999999999
 10
29.680666666666667
 20
41.025099999999995
  0
LWPOLYLINE
  5
469
330
17
100
AcDbEntity
  8
PARTS
100
AcDbPolyline
 90
2
 70
0
 10
29.680666666666667
 20
41.046499999999995
 10
29.679666666666666
 20
41.046499999999995
  0
LWPOLYLINE
  5
46A
330
17
100
AcDbEntity
  8
PARTS
100
AcDbPolyline
 90
2
 70
0
 10
29.680666666666667
 20
41.061699999999995
 10
29.679666666666666
 20
41.061699999999995
  0
LWPOLYLINE
  5
46B
330
17
100
AcDbEntity
  8
PARTS
100
AcDbPolyline
 90
2
 70
0
 10
29.680666666666667
 20
41.04089999999999
 10
29.679666666666666
 20
41.04089999999999
  0
LWPOLYLINE
  5
46C
330
17
100
AcDbEntity
  8
PARTS
100
AcDbPolyline
 90
2
 70
0
 10
29.680666666666667
 20
41.025099999999995
 10
29.679666666666666
 20
41.025099999999995
  0
LWPOLYLINE
  5
46D
330
17
100
AcDbEntity
  8
PARTS
100
AcDbPolyline
 90
2
 70
0
 10
29.680666666666667
 20
40.814499999999995
 10
29.680666666666667
 20
40.7861
  0
LWPOLYLINE
  5
46E
330
17
100
AcDbEntity
  8
PARTS
100
AcDbPolyline
 90
2
 70
0
 10
29.680666666666667
 20
40.7861
 10
29.680666666666667
 20
40.7707
  0
LWPOLYLINE
  5
46F
330
17
100
AcDbEntity
  8
PARTS
100
AcDbPolyline
 90
2
 70
0
 10
29.680666666666667
 20
40.7707
 10
29.680666666666667
 20
40.7315
  0
LWPOLYLINE
  5
470
330
17
100
AcDbEntity
  8
PARTS
100
AcDbPolyline
 90
2
 70
0
 10
29.680666666666667
 20
40.7315
 10
29.680666666666667
 20
40.6967
  0
LWPOLYLINE
  5
471
330
17
100
AcDbEntity
  8
PARTS
100
AcDbPolyline
 90
2
 70
0
 10
29.680666666666667
 20
40.6967
 10
29.680666666666667
 20
40.683899999999994
  0
LWPOLYLINE
  5
472
330
17
100
AcDbEntity
  8
PARTS
100
AcDbPolyline
 90
2
 70
0
 10
29.680666666666667
 20
40.683899999999994
 10
29.680666666666667
 20
40.6772
  0
LWPOLYLINE
  5
473
330
17
100
AcDbEntity
  8
PARTS
100
AcDbPolyline
 90
2
 70
0
 10
29.680666666666667
 20
40.6772
 10
29.680666666666667
 20
40.643899999999995
  0
LWPOLYLINE
  5
474
330
17
100
AcDbEntity
  8
PARTS
100
AcDbPolyline
 90
2
 70
0
 10
29.680666666666667
 20
40.643899999999995
 10
29.680666666666667
 20
40.629999999999995
  0
LWPOLYLINE
  5
475
330
17
100
AcDbEntity
  8
PARTS
100
AcDbPolyline
 90
2
 70
0
 10
29.680666666666667
 20
40.629999999999995
 10
29.680666666666667
 20
40.629999999999995
  0
LWPOLYLINE
  5
476
330
17
100
AcDbEntity
  8
PARTS
100
AcDbPolyline
 90
2
 70
0
 10
29.680666666666667
 20
40.629999999999995
 10
29.680666666666667
 20
40.629999999999995
  0
LWPOLYLINE
  5
477
330
17
100
AcDbEntity
  8
PARTS
100
AcDbPolyline
 90
2
 70
0
 10
29.680666666666667
 20
40.814499999999995
 10
29.679666666666666
 20
40.814499999999995
  0
LWPOLYLINE
  5
478
330
17
100
AcDbEntity
  8
PARTS
100
AcDbPolyline
 90
2
 70
0
 10
29.680666666666667
 20
40.7861
 10
29.679666666666666
 20
40.7861
  0
LWPOLYLINE
  5
479
330
17
100
AcDbEntity
  8
PARTS
100
AcDbPolyline
 90
2
 70
0
 10
29.680666666666667
 20
40.7707
 10
29.679666666666666
 20
40.7707
  0
LWPOLYLINE
  5
47A
330
17
100
AcDbEntity
  8
PARTS
100
AcDbPolyline
 90
2
 70
0
 10
29.680666666666667
 20
40.683899999999994
 10
29.679666666666666
 20
40.683899999999994
  0
LWPOLYLINE
  5
47B
330
17
100
AcDbEntity
  8
PARTS
100
AcDbPolyline
 90
2
 70
0
 10
29.298666666666666
 20
44.00489999999999
 10
29.298666666666666
 20
44.2049
  0
LWPOLYLINE
  5
47C
330
17
100
AcDbEntity
  8
PARTS
100
AcDbPolyline
 90
2
 70
0
 10
29.298666666666666
 20
44.804899999999996
 10
29.298666666666666
 20
45.00489999999999
  0
LWPOLYLINE
  5
47D
330
17
100
AcDbEntity
  8
PARTS
100
AcDbPolyline
 90
2
 70
0
 10
29.24866666666667
 20
44.2049
 10
29.298666666666666
 20
44.2049
  0
LWPOLYLINE
  5
47E
330
17
100
AcDbEntity
  8
PARTS
100
AcDbPolyline
 90
2
 70
0
 10
29.24866666666667
 20
44.804899999999996
 10
29.24866666666667
 20
44.794900000000005
  0
LWPOLYLINE
  5
47F
330
17
100
AcDbEntity
  8
PARTS
100
AcDbPolyline
 90
2
 70
0
 10
29.24866666666667
 20
44.2149
 10
29.24866666666667
 20
44.2049
  0
LWPOLYLINE
  5
480
330
17
100
AcDbEntity
  8
PARTS
100
AcDbPolyline
 90
2
 70
0
 10
29.298666666666666
 20
44.804899999999996
 10
29.24866666666667
 20
44.804899999999996
  0
LWPOLYLINE
  5
481
330
17
100
AcDbEntity
  8
PARTS
100
AcDbPolyline
 90
2
 70
0
 10
29.298666666666666
 20
45.00489999999999
 10
28.798666666666666
 20
45.00489999999999
  0
LWPOLYLINE
  5
482
330
17
100
AcDbEntity
  8
PARTS
100
AcDbPolyline
 90
2
 70
0
 10
28.798666666666666
 20
45.00489999999999
 10
28.798666666666666
 20
44.804899999999996
  0
LWPOLYLINE
  5
483
330
17
100
AcDbEntity
  8
PARTS
100
AcDbPolyline
 90
2
 70
0
 10
28.798666666666666
 20
44.804899999999996
 10
28.848666666666663
 20
44.804899999999996
  0
LWPOLYLINE
  5
484
330
17
100
AcDbEntity
  8
PARTS
100
AcDbPolyline
 90
2
 70
0
 10
28.848666666666663
 20
44.2049
 10
28.848666666666663
 20
44.2149
  0
LWPOLYLINE
  5
485
330
17
100
AcDbEntity
  8
PARTS
100
AcDbPolyline
 90
2
 70
0
 10
28.848666666666663
 20
44.794900000000005
 10
28.848666666666663
 20
44.804899999999996
  0
LWPOLYLINE
  5
486
330
17
100
AcDbEntity
  8
PARTS
100
AcDbPolyline
 90
2
 70
0
 10
28.848666666666663
 20
44.2049
 10
28.798666666666666
 20
44.2049
  0
LWPOLYLINE
  5
487
330
17
100
AcDbEntity
  8
PARTS
100
AcDbPolyline
 90
2
 70
0
 10
28.798666666666666
 20
44.2049
 10
28.798666666666666
 20
44.00489999999999
  0
LWPOLYLINE
  5
488
330
17
100
AcDbEntity
  8
PARTS
100
AcDbPolyline
 90
2
 70
0
 10
28.798666666666666
 20
44.00489999999999
 10
29.298666666666666
 20
44.00489999999999
  0
LWPOLYLINE
  5
489
330
17
100
AcDbEntity
  8
PARTS
100
AcDbPolyline
 90
2
 70
0
 10
28.798666666666666
 20
44.2049
 10
28.798666666666666
 20
44.804899999999996
  0
LWPOLYLINE
  5
48A
330
17
100
AcDbEntity
  8
PARTS
100
AcDbPolyline
 90
2
 70
0
 10
29.298666666666666
 20
44.804899999999996
 10
29.298666666666666
 20
44.2049
  0
LWPOLYLINE
  5
48B
330
17
100
AcDbEntity
  8
PARTS
100
AcDbPolyline
 90
2
 70
0
 10
29.288666666666668
 20
44.794900000000005
 10
28.808666666666667
 20
44.794900000000005
  0
LWPOLYLINE
  5
48C
330
17
100
AcDbEntity
  8
PARTS
100
AcDbPolyline
 90
2
 70
0
 10
28.808666666666667
 20
44.794900000000005
 10
28.808666666666667
 20
44.2149
  0
LWPOLYLINE
  5
48D
330
17
100
AcDbEntity
  8
PARTS
100
AcDbPolyline
 90
2
 70
0
 10
28.808666666666667
 20
44.2149
 10
29.288666666666668
 20
44.2149
  0
LWPOLYLINE
  5
48E
330
17
100
AcDbEntity
  8
PARTS
100
AcDbPolyline
 90
2
 70
0
 10
29.288666666666668
 20
44.2149
 10
29.288666666666668
 20
44.794900000000005
  0
LWPOLYLINE
  5
48F
330
17
100
AcDbEntity
  8
PARTS
100
AcDbPolyline
 90
2
 70
0
 10
29.298666666666666
 20
44.2049
 10
29.288666666666668
 20
44.2149
  0
LWPOLYLINE
  5
490
330
17
100
AcDbEntity
  8
PARTS
100
AcDbPolyline
 90
2
 70
0
 10
29.288666666666668
 20
44.794900000000005
 10
29.298666666666666
 20
44.804899999999996
  0
LWPOLYLINE
  5
491
330
17
100
AcDbEntity
  8
PARTS
100
AcDbPolyline
 90
2
 70
0
 10
28.808666666666667
 20
44.794900000000005
 10
28.798666666666666
 20
44.804899999999996
  0
LWPOLYLINE
  5
492
330
17
100
AcDbEntity
  8
PARTS
100
AcDbPolyline
 90
2
 70
0
 10
28.798666666666666
 20
44.2049
 10
28.808666666666667
 20
44.2149
  0
LWPOLYLINE
  5
493
330
17
100
AcDbEntity
  8
PARTS
100
AcDbPolyline
 90
2
 70
0
 10
29.299666666666667
 20
44.5525
 10
29.298666666666666
 20
44.5525
  0
LWPOLYLINE
  5
494
330
17
100
AcDbEntity
  8
PARTS
100
AcDbPolyline
 90
2
 70
0
 10
29.299666666666667
 20
44.5525
 10
29.299666666666667
 20
44.5365
  0
LWPOLYLINE
  5
495
330
17
100
AcDbEntity
  8
PARTS
100
AcDbPolyline
 90
2
 70
0
 10
29.299666666666667
 20
44.5365
 10
29.298666666666666
 20
44.5365
  0
LWPOLYLINE
  5
496
330
17
100
AcDbEntity
  8
PARTS
100
AcDbPolyline
 90
2
 70
0
 10
29.299666666666667
 20
44.531299999999995
 10
29.298666666666666
 20
44.531299999999995
  0
LWPOLYLINE
  5
497
330
17
100
AcDbEntity
  8
PARTS
100
AcDbPolyline
 90
2
 70
0
 10
29.299666666666667
 20
44.5365
 10
29.299666666666667
 20
44.531299999999995
  0
LWPOLYLINE
  5
498
330
17
100
AcDbEntity
  8
PARTS
100
AcDbPolyline
 90
2
 70
0
 10
29.299666666666667
 20
44.531
 10
29.298666666666666
 20
44.531
  0
LWPOLYLINE
  5
499
330
17
100
AcDbEntity
  8
PARTS
100
AcDbPolyline
 90
2
 70
0
 10
29.299666666666667
 20
44.531299999999995
 10
29.299666666666667
 20
44.531
  0
LWPOLYLINE
  5
49A
330
17
100
AcDbEntity
  8
PARTS
100
AcDbPolyline
 90
2
 70
0
 10
29.299666666666667
 20
44.5848
 10
29.298666666666666
 20
44.5848
  0
LWPOLYLINE
  5
49B
330
17
100
AcDbEntity
  8
PARTS
100
AcDbPolyline
 90
2
 70
0
 10
29.299666666666667
 20
44.5848
 10
29.299666666666667
 20
44.575199999999995
  0
LWPOLYLINE
  5
49C
330
17
100
AcDbEntity
  8
PARTS
100
AcDbPolyline
 90
2
 70
0
 10
29.299666666666667
 20
44.575199999999995
 10
29.299666666666667
 20
44.5602
  0
LWPOLYLINE
  5
49D
330
17
100
AcDbEntity
  8
PARTS
100
AcDbPolyline
 90
2
 70
0
 10
29.299666666666667
 20
44.5602
 10
29.299666666666667
 20
44.5542
  0
LWPOLYLINE
  5
49E
330
17
100
AcDbEntity
  8
PARTS
100
AcDbPolyline
 90
2
 70
0
 10
29.299666666666667
 20
44.5542
 10
29.299666666666667
 20
44.5542
  0
LWPOLYLINE
  5
49F
330
17
100
AcDbEntity
  8
PARTS
100
AcDbPolyline
 90
2
 70
0
 10
29.299666666666667
 20
44.5542
 10
29.299666666666667
 20
44.5542
  0
LWPOLYLINE
  5
4A0
330
17
100
AcDbEntity
  8
PARTS
100
AcDbPolyline
 90
2
 70
0
 10
29.299666666666667
 20
44.614599999999996
 10
29.298666666666666
 20
44.614599999999996
  0
LWPOLYLINE
  5
4A1
330
17
100
AcDbEntity
  8
PARTS
100
AcDbPolyline
 90
2
 70
0
 10
29.299666666666667
 20
44.614599999999996
 10
29.299666666666667
 20
44.6139
  0
LWPOLYLINE
  5
4A2
330
17
100
AcDbEntity
  8
PARTS
100
AcDbPolyline
 90
2
 70
0
 10
29.299666666666667
 20
44.6139
 10
29.298666666666666
 20
44.6139
  0
LWPOLYLINE
  5
4A3
330
17
100
AcDbEntity
  8
PARTS
100
AcDbPolyline
 90
2
 70
0
 10
29.299666666666667
 20
44.592999999999996
 10
29.298666666666666
 20
44.592999999999996
  0
LWPOLYLINE
  5
4A4
330
17
100
AcDbEntity
  8
PARTS
100
AcDbPolyline
 90
2
 70
0
 10
29.299666666666667
 20
44.6139
 10
29.299666666666667
 20
44.592999999999996
  0
LWPOLYLINE
  5
4A5
330
17
100
AcDbEntity
  8
PARTS
100
AcDbPolyline
 90
2
 70
0
 10
29.299666666666667
 20
44.5927
 10
29.298666666666666
 20
44.5927
  0
LWPOLYLINE
  5
4A6
330
17
100
AcDbEntity
  8
PARTS
100
AcDbPolyline
 90
2
 70
0
 10
29.299666666666667
 20
44.592999999999996
 10
29.299666666666667
 20
44.5927
  0
LWPOLYLINE
  5
4A7
330
17
100
AcDbEntity
  8
PARTS
100
AcDbPolyline
 90
2
 70
0
 10
29.299666666666667
 20
44.655499999999996
 10
29.299666666666667
 20
44.655499999999996
  0
LWPOLYLINE
  5
4A8
330
17
100
AcDbEntity
  8
PARTS
100
AcDbPolyline
 90
2
 70
0
 10
29.299666666666667
 20
44.655499999999996
 10
29.299666666666667
 20
44.649499999999996
  0
LWPOLYLINE
  5
4A9
330
17
100
AcDbEntity
  8
PARTS
100
AcDbPolyline
 90
2
 70
0
 10
29.299666666666667
 20
44.649499999999996
 10
29.299666666666667
 20
44.6341
  0
LWPOLYLINE
  5
4AA
330
17
100
AcDbEntity
  8
PARTS
100
AcDbPolyline
 90
2
 70
0
 10
29.299666666666667
 20
44.6341
 10
29.299666666666667
 20
44.6225
  0
LWPOLYLINE
  5
4AB
330
17
100
AcDbEntity
  8
PARTS
100
AcDbPolyline
 90
2
 70
0
 10
29.299666666666667
 20
44.6225
 10
29.299666666666667
 20
44.62219999999999
  0
LWPOLYLINE
  5
4AC
330
17
100
AcDbEntity
  8
PARTS
100
AcDbPolyline
 90
2
 70
0
 10
29.299666666666667
 20
44.62219999999999
 10
29.298666666666666
 20
44.62219999999999
  0
LWPOLYLINE
  5
4AD
330
17
100
AcDbEntity
  8
PARTS
100
AcDbPolyline
 90
2
 70
0
 10
29.299666666666667
 20
44.6225
 10
29.298666666666666
 20
44.6225
  0
LWPOLYLINE
  5
4AE
330
17
100
AcDbEntity
  8
PARTS
100
AcDbPolyline
 90
2
 70
0
 10
29.299666666666667
 20
44.694199999999995
 10
29.299666666666667
 20
44.679
  0
LWPOLYLINE
  5
4AF
330
17
100
AcDbEntity
  8
PARTS
100
AcDbPolyline
 90
2
 70
0
 10
29.299666666666667
 20
44.679
 10
29.299666666666667
 20
44.673399999999994
  0
LWPOLYLINE
  5
4B0
330
17
100
AcDbEntity
  8
PARTS
100
AcDbPolyline
 90
2
 70
0
 10
29.299666666666667
 20
44.673399999999994
 10
29.299666666666667
 20
44.6576
  0
LWPOLYLINE
  5
4B1
330
17
100
AcDbEntity
  8
PARTS
100
AcDbPolyline
 90
2
 70
0
 10
29.299666666666667
 20
44.679
 10
29.298666666666666
 20
44.679
  0
LWPOLYLINE
  5
4B2
330
17
100
AcDbEntity
  8
PARTS
100
AcDbPolyline
 90
2
 70
0
 10
29.299666666666667
 20
44.694199999999995
 10
29.298666666666666
 20
44.694199999999995
  0
LWPOLYLINE
  5
4B3
330
17
100
AcDbEntity
  8
PARTS
100
AcDbPolyline
 90
2
 70
0
 10
29.299666666666667
 20
44.673399999999994
 10
29.298666666666666
 20
44.673399999999994
  0
LWPOLYLINE
  5
4B4
330
17
100
AcDbEntity
  8
PARTS
100
AcDbPolyline
 90
2
 70
0
 10
29.299666666666667
 20
44.6576
 10
29.298666666666666
 20
44.6576
  0
LWPOLYLINE
  5
4B5
330
17
100
AcDbEntity
  8
PARTS
100
AcDbPolyline
 90
2
 70
0
 10
29.299666666666667
 20
44.5308
 10
29.298666666666666
 20
44.5308
  0
LWPOLYLINE
  5
4B6
330
17
100
AcDbEntity
  8
PARTS
100
AcDbPolyline
 90
2
 70
0
 10
29.299666666666667
 20
44.531
 10
29.299666666666667
 20
44.5308
  0
LWPOLYLINE
  5
4B7
330
17
100
AcDbEntity
  8
PARTS
100
AcDbPolyline
 90
2
 70
0
 10
29.299666666666667
 20
44.530499999999996
 10
29.298666666666666
 20
44.530499999999996
  0
LWPOLYLINE
  5
4B8
330
17
100
AcDbEntity
  8
PARTS
100
AcDbPolyline
 90
2
 70
0
 10
29.299666666666667
 20
44.5308
 10
29.299666666666667
 20
44.530499999999996
  0
LWPOLYLINE
  5
4B9
330
17
100
AcDbEntity
  8
PARTS
100
AcDbPolyline
 90
2
 70
0
 10
29.299666666666667
 20
44.587700000000005
 10
29.299666666666667
 20
44.5876
  0
LWPOLYLINE
  5
4BA
330
17
100
AcDbEntity
  8
PARTS
100
AcDbPolyline
 90
2
 70
0
 10
29.299666666666667
 20
44.5876
 10
29.298666666666666
 20
44.5876
  0
LWPOLYLINE
  5
4BB
330
17
100
AcDbEntity
  8
PARTS
100
AcDbPolyline
 90
2
 70
0
 10
29.299666666666667
 20
44.5875
 10
29.298666666666666
 20
44.5875
  0
LWPOLYLINE
  5
4BC
330
17
100
AcDbEntity
  8
PARTS
100
AcDbPolyline
 90
2
 70
0
 10
29.299666666666667
 20
44.5876
 10
29.299666666666667
 20
44.5875
  0
LWPOLYLINE
  5
4BD
330
17
100
AcDbEntity
  8
PARTS
100
AcDbPolyline
 90
2
 70
0
 10
29.299666666666667
 20
44.5927
 10
29.299666666666667
 20
44.591
  0
LWPOLYLINE
  5
4BE
330
17
100
AcDbEntity
  8
PARTS
100
AcDbPolyline
 90
2
 70
0
 10
29.299666666666667
 20
44.591
 10
29.299666666666667
 20
44.587700000000005
  0
LWPOLYLINE
  5
4BF
330
17
100
AcDbEntity
  8
PARTS
100
AcDbPolyline
 90
2
 70
0
 10
29.299666666666667
 20
44.587700000000005
 10
29.299666666666667
 20
44.587700000000005
  0
LWPOLYLINE
  5
4C0
330
17
100
AcDbEntity
  8
PARTS
100
AcDbPolyline
 90
2
 70
0
 10
29.299666666666667
 20
44.587700000000005
 10
29.299666666666667
 20
44.587700000000005
  0
LWPOLYLINE
  5
4C1
330
17
100
AcDbEntity
  8
PARTS
100
AcDbPolyline
 90
2
 70
0
 10
29.299666666666667
 20
44.6157
 10
29.298666666666666
 20
44.6157
  0
LWPOLYLINE
  5
4C2
330
17
100
AcDbEntity
  8
PARTS
100
AcDbPolyline
 90
2
 70
0
 10
29.299666666666667
 20
44.62219999999999
 10
29.299666666666667
 20
44.6157
  0
LWPOLYLINE
  5
4C3
330
17
100
AcDbEntity
  8
PARTS
100
AcDbPolyline
 90
2
 70
0
 10
29.299666666666667
 20
44.6157
 10
29.299666666666667
 20
44.614599999999996
  0
LWPOLYLINE
  5
4C4
330
17
100
AcDbEntity
  8
PARTS
100
AcDbPolyline
 90
2
 70
0
 10
29.299666666666667
 20
44.6576
 10
29.299666666666667
 20
44.655499999999996
  0
LWPOLYLINE
  5
4C5
330
17
100
AcDbEntity
  8
PARTS
100
AcDbPolyline
 90
2
 70
0
 10
29.299666666666667
 20
44.705999999999996
 10
29.299666666666667
 20
44.705999999999996
  0
LWPOLYLINE
  5
4C6
330
17
100
AcDbEntity
  8
PARTS
100
AcDbPolyline
 90
2
 70
0
 10
29.299666666666667
 20
44.705999999999996
 10
29.299666666666667
 20
44.699999999999996
  0
LWPOLYLINE
  5
4C7
330
17
100
AcDbEntity
  8
PARTS
100
AcDbPolyline
 90
2
 70
0
 10
29.299666666666667
 20
44.699999999999996
 10
29.299666666666667
 20
44.694199999999995
  0
LWPOLYLINE
  5
4C8
330
17
100
AcDbEntity
  8
PARTS
100
AcDbPolyline
 90
2
 70
0
 10
29.299666666666667
 20
44.744699999999995
 10
29.299666666666667
 20
44.7295
  0
LWPOLYLINE
  5
4C9
330
17
100
AcDbEntity
  8
PARTS
100
AcDbPolyline
 90
2
 70
0
 10
29.299666666666667
 20
44.7295
 10
29.299666666666667
 20
44.72389999999999
  0
LWPOLYLINE
  5
4CA
330
17
100
AcDbEntity
  8
PARTS
100
AcDbPolyline
 90
2
 70
0
 10
29.299666666666667
 20
44.72389999999999
 10
29.299666666666667
 20
44.7081
  0
LWPOLYLINE
  5
4CB
330
17
100
AcDbEntity
  8
PARTS
100
AcDbPolyline
 90
2
 70
0
 10
29.299666666666667
 20
44.7295
 10
29.298666666666666
 20
44.7295
  0
LWPOLYLINE
  5
4CC
330
17
100
AcDbEntity
  8
PARTS
100
AcDbPolyline
 90
2
 70
0
 10
29.299666666666667
 20
44.744699999999995
 10
29.298666666666666
 20
44.744699999999995
  0
LWPOLYLINE
  5
4CD
330
17
100
AcDbEntity
  8
PARTS
100
AcDbPolyline
 90
2
 70
0
 10
29.299666666666667
 20
44.72389999999999
 10
29.298666666666666
 20
44.72389999999999
  0
LWPOLYLINE
  5
4CE
330
17
100
AcDbEntity
  8
PARTS
100
AcDbPolyline
 90
2
 70
0
 10
29.299666666666667
 20
44.7081
 10
29.298666666666666
 20
44.7081
  0
LWPOLYLINE
  5
4CF
330
17
100
AcDbEntity
  8
PARTS
100
AcDbPolyline
 90
2
 70
0
 10
29.299666666666667
 20
44.4975
 10
29.299666666666667
 20
44.4691
  0
LWPOLYLINE
  5
4D0
330
17
100
AcDbEntity
  8
PARTS
100
AcDbPolyline
 90
2
 70
0
 10
29.299666666666667
 20
44.4691
 10
29.299666666666667
 20
44.4537
  0
LWPOLYLINE
  5
4D1
330
17
100
AcDbEntity
  8
PARTS
100
AcDbPolyline
 90
2
 70
0
 10
29.299666666666667
 20
44.4537
 10
29.299666666666667
 20
44.4145
  0
LWPOLYLINE
  5
4D2
330
17
100
AcDbEntity
  8
PARTS
100
AcDbPolyline
 90
2
 70
0
 10
29.299666666666667
 20
44.4145
 10
29.299666666666667
 20
44.37969999999999
  0
LWPOLYLINE
  5
4D3
330
17
100
AcDbEntity
  8
PARTS
100
AcDbPolyline
 90
2
 70
0
 10
29.299666666666667
 20
44.37969999999999
 10
29.299666666666667
 20
44.366899999999994
  0
LWPOLYLINE
  5
4D4
330
17
100
AcDbEntity
  8
PARTS
100
AcDbPolyline
 90
2
 70
0
 10
29.299666666666667
 20
44.366899999999994
 10
29.299666666666667
 20
44.36019999999999
  0
LWPOLYLINE
  5
4D5
330
17
100
AcDbEntity
  8
PARTS
100
AcDbPolyline
 90
2
 70
0
 10
29.299666666666667
 20
44.36019999999999
 10
29.299666666666667
 20
44.326899999999995
  0
LWPOLYLINE
  5
4D6
330
17
100
AcDbEntity
  8
PARTS
100
AcDbPolyline
 90
2
 70
0
 10
29.299666666666667
 20
44.326899999999995
 10
29.299666666666667
 20
44.312999999999995
  0
LWPOLYLINE
  5
4D7
330
17
100
AcDbEntity
  8
PARTS
100
AcDbPolyline
 90
2
 70
0
 10
29.299666666666667
 20
44.312999999999995
 10
29.299666666666667
 20
44.312999999999995
  0
LWPOLYLINE
  5
4D8
330
17
100
AcDbEntity
  8
PARTS
100
AcDbPolyline
 90
2
 70
0
 10
29.299666666666667
 20
44.312999999999995
 10
29.299666666666667
 20
44.312999999999995
  0
LWPOLYLINE
  5
4D9
330
17
100
AcDbEntity
  8
PARTS
100
AcDbPolyline
 90
2
 70
0
 10
29.299666666666667
 20
44.4975
 10
29.298666666666666
 20
44.4975
  0
LWPOLYLINE
  5
4DA
330
17
100
AcDbEntity
  8
PARTS
100
AcDbPolyline
 90
2
 70
0
 10
29.299666666666667
 20
44.4691
 10
29.298666666666666
 20
44.4691
  0
LWPOLYLINE
  5
4DB
330
17
100
AcDbEntity
  8
PARTS
100
AcDbPolyline
 90
2
 70
0
 10
29.299666666666667
 20
44.4537
 10
29.298666666666666
 20
44.4537
  0
LWPOLYLINE
  5
4DC
330
17
100
AcDbEntity
  8
PARTS
100
AcDbPolyline
 90
2
 70
0
 10
29.299666666666667
 20
44.366899999999994
 10
29.298666666666666
 20
44.366899999999994
  0
LWPOLYLINE
  5
4DD
330
17
100
AcDbEntity
  8
PARTS
100
AcDbPolyline
 90
2
 70
0
 10
31.83866666666667
 20
44.00489999999999
 10
31.83866666666667
 20
44.2049
  0
LWPOLYLINE
  5
4DE
330
17
100
AcDbEntity
  8
PARTS
100
AcDbPolyline
 90
2
 70
0
 10
31.83866666666667
 20
44.804899999999996
 10
31.83866666666667
 20
45.00489999999999
  0
LWPOLYLINE
  5
4DF
330
17
100
AcDbEntity
  8
PARTS
100
AcDbPolyline
 90
2
 70
0
 10
31.788666666666668
 20
44.2049
 10
31.83866666666667
 20
44.2049
  0
LWPOLYLINE
  5
4E0
330
17
100
AcDbEntity
  8
PARTS
100
AcDbPolyline
 90
2
 70
0
 10
31.788666666666668
 20
44.804899999999996
 10
31.788666666666668
 20
44.794900000000005
  0
LWPOLYLINE
  5
4E1
330
17
100
AcDbEntity
  8
PARTS
100
AcDbPolyline
 90
2
 70
0
 10
31.788666666666668
 20
44.2149
 10
31.788666666666668
 20
44.2049
  0
LWPOLYLINE
  5
4E2
330
17
100
AcDbEntity
  8
PARTS
100
AcDbPolyline
 90
2
 70
0
 10
31.83866666666667
 20
44.804899999999996
 10
31.788666666666668
 20
44.804899999999996
  0
LWPOLYLINE
  5
4E3
330
17
100
AcDbEntity
  8
PARTS
100
AcDbPolyline
 90
2
 70
0
 10
31.83866666666667
 20
45.00489999999999
 10
31.33866666666667
 20
45.00489999999999
  0
LWPOLYLINE
  5
4E4
330
17
100
AcDbEntity
  8
PARTS
100
AcDbPolyline
 90
2
 70
0
 10
31.33866666666667
 20
45.00489999999999
 10
31.33866666666667
 20
44.804899999999996
  0
LWPOLYLINE
  5
4E5
330
17
100
AcDbEntity
  8
PARTS
100
AcDbPolyline
 90
2
 70
0
 10
31.33866666666667
 20
44.804899999999996
 10
31.388666666666666
 20
44.804899999999996
  0
LWPOLYLINE
  5
4E6
330
17
100
AcDbEntity
  8
PARTS
100
AcDbPolyline
 90
2
 70
0
 10
31.388666666666666
 20
44.2049
 10
31.388666666666666
 20
44.2149
  0
LWPOLYLINE
  5
4E7
330
17
100
AcDbEntity
  8
PARTS
100
AcDbPolyline
 90
2
 70
0
 10
31.388666666666666
 20
44.794900000000005
 10
31.388666666666666
 20
44.804899999999996
  0
LWPOLYLINE
  5
4E8
330
17
100
AcDbEntity
  8
PARTS
100
AcDbPolyline
 90
2
 70
0
 10
31.388666666666666
 20
44.2049
 10
31.33866666666667
 20
44.2049
  0
LWPOLYLINE
  5
4E9
330
17
100
AcDbEntity
  8
PARTS
100
AcDbPolyline
 90
2
 70
0
 10
31.33866666666667
 20
44.2049
 10
31.33866666666667
 20
44.00489999999999
  0
LWPOLYLINE
  5
4EA
330
17
100
AcDbEntity
  8
PARTS
100
AcDbPolyline
 90
2
 70
0
 10
31.33866666666667
 20
44.00489999999999
 10
31.83866666666667
 20
44.00489999999999
  0
LWPOLYLINE
  5
4EB
330
17
100
AcDbEntity
  8
PARTS
100
AcDbPolyline
 90
2
 70
0
 10
31.33866666666667
 20
44.2049
 10
31.33866666666667
 20
44.804899999999996
  0
LWPOLYLINE
  5
4EC
330
17
100
AcDbEntity
  8
PARTS
100
AcDbPolyline
 90
2
 70
0
 10
31.83866666666667
 20
44.804899999999996
 10
31.83866666666667
 20
44.2049
  0
LWPOLYLINE
  5
4ED
330
17
100
AcDbEntity
  8
PARTS
100
AcDbPolyline
 90
2
 70
0
 10
31.828666666666667
 20
44.794900000000005
 10
31.348666666666663
 20
44.794900000000005
  0
LWPOLYLINE
  5
4EE
330
17
100
AcDbEntity
  8
PARTS
100
AcDbPolyline
 90
2
 70
0
 10
31.348666666666663
 20
44.794900000000005
 10
31.348666666666663
 20
44.2149
  0
LWPOLYLINE
  5
4EF
330
17
100
AcDbEntity
  8
PARTS
100
AcDbPolyline
 90
2
 70
0
 10
31.348666666666663
 20
44.2149
 10
31.828666666666667
 20
44.2149
  0
LWPOLYLINE
  5
4F0
330
17
100
AcDbEntity
  8
PARTS
100
AcDbPolyline
 90
2
 70
0
 10
31.828666666666667
 20
44.2149
 10
31.828666666666667
 20
44.794900000000005
  0
LWPOLYLINE
  5
4F1
330
17
100
AcDbEntity
  8
PARTS
100
AcDbPolyline
 90
2
 70
0
 10
31.83866666666667
 20
44.2049
 10
31.828666666666667
 20
44.2149
  0
LWPOLYLINE
  5
4F2
330
17
100
AcDbEntity
  8
PARTS
100
AcDbPolyline
 90
2
 70
0
 10
31.828666666666667
 20
44.794900000000005
 10
31.83866666666667
 20
44.804899999999996
  0
LWPOLYLINE
  5
4F3
330
17
100
AcDbEntity
  8
PARTS
100
AcDbPolyline
 90
2
 70
0
 10
31.348666666666663
 20
44.794900000000005
 10
31.33866666666667
 20
44.804899999999996
  0
LWPOLYLINE
  5
4F4
330
17
100
AcDbEntity
  8
PARTS
100
AcDbPolyline
 90
2
 70
0
 10
31.33866666666667
 20
44.2049
 10
31.348666666666663
 20
44.2149
  0
LWPOLYLINE
  5
4F5
330
17
100
AcDbEntity
  8
PARTS
100
AcDbPolyline
 90
2
 70
0
 10
31.83966666666667
 20
44.5525
 10
31.83866666666667
 20
44.5525
  0
LWPOLYLINE
  5
4F6
330
17
100
AcDbEntity
  8
PARTS
100
AcDbPolyline
 90
2
 70
0
 10
31.83966666666667
 20
44.5525
 10
31.83966666666667
 20
44.5365
  0
LWPOLYLINE
  5
4F7
330
17
100
AcDbEntity
  8
PARTS
100
AcDbPolyline
 90
2
 70
0
 10
31.83966666666667
 20
44.5365
 10
31.83866666666667
 20
44.5365
  0
LWPOLYLINE
  5
4F8
330
17
100
AcDbEntity
  8
PARTS
100
AcDbPolyline
 90
2
 70
0
 10
31.83966666666667
 20
44.531299999999995
 10
31.83866666666667
 20
44.531299999999995
  0
LWPOLYLINE
  5
4F9
330
17
100
AcDbEntity
  8
PARTS
100
AcDbPolyline
 90
2
 70
0
 10
31.83966666666667
 20
44.5365
 10
31.83966666666667
 20
44.531299999999995
  0
LWPOLYLINE
  5
4FA
330
17
100
AcDbEntity
  8
PARTS
100
AcDbPolyline
 90
2
 70
0
 10
31.83966666666667
 20
44.531
 10
31.83866666666667
 20
44.531
  0
LWPOLYLINE
  5
4FB
330
17
100
AcDbEntity
  8
PARTS
100
AcDbPolyline
 90
2
 70
0
 10
31.83966666666667
 20
44.531299999999995
 10
31.83966666666667
 20
44.531
  0
LWPOLYLINE
  5
4FC
330
17
100
AcDbEntity
  8
PARTS
100
AcDbPolyline
 90
2
 70
0
 10
31.83966666666667
 20
44.5848
 10
31.83866666666667
 20
44.5848
  0
LWPOLYLINE
  5
4FD
330
17
100
AcDbEntity
  8
PARTS
100
AcDbPolyline
 90
2
 70
0
 10
31.83966666666667
 20
44.5848
 10
31.83966666666667
 20
44.575199999999995
  0
LWPOLYLINE
  5
4FE
330
17
100
AcDbEntity
  8
PARTS
100
AcDbPolyline
 90
2
 70
0
 10
31.83966666666667
 20
44.575199999999995
 10
31.83966666666667
 20
44.5602
  0
LWPOLYLINE
  5
4FF
330
17
100
AcDbEntity
  8
PARTS
100
AcDbPolyline
 90
2
 70
0
 10
31.83966666666667
 20
44.5602
 10
31.83966666666667
 20
44.5542
  0
LWPOLYLINE
  5
500
330
17
100
AcDbEntity
  8
PARTS
100
AcDbPolyline
 90
2
 70
0
 10
31.83966666666667
 20
44.5542
 10
31.83966666666667
 20
44.5542
  0
LWPOLYLINE
  5
501
330
17
100
AcDbEntity
  8
PARTS
100
AcDbPolyline
 90
2
 70
0
 10
31.83966666666667
 20
44.5542
 10
31.83966666666667
 20
44.5542
  0
LWPOLYLINE
  5
502
330
17
100
AcDbEntity
  8
PARTS
100
AcDbPolyline
 90
2
 70
0
 10
31.83966666666667
 20
44.614599999999996
 10
31.83866666666667
 20
44.614599999999996
  0
LWPOLYLINE
  5
503
330
17
100
AcDbEntity
  8
PARTS
100
AcDbPolyline
 90
2
 70
0
 10
31.83966666666667
 20
44.614599999999996
 10
31.83966666666667
 20
44.6139
  0
LWPOLYLINE
  5
504
330
17
100
AcDbEntity
  8
PARTS
100
AcDbPolyline
 90
2
 70
0
 10
31.83966666666667
 20
44.6139
 10
31.83866666666667
 20
44.6139
  0
LWPOLYLINE
  5
505
330
17
100
AcDbEntity
  8
PARTS
100
AcDbPolyline
 90
2
 70
0
 10
31.83966666666667
 20
44.592999999999996
 10
31.83866666666667
 20
44.592999999999996
  0
LWPOLYLINE
  5
506
330
17
100
AcDbEntity
  8
PARTS
100
AcDbPolyline
 90
2
 70
0
 10
31.83966666666667
 20
44.6139
 10
31.83966666666667
 20
44.592999999999996
  0
LWPOLYLINE
  5
507
330
17
100
AcDbEntity
  8
PARTS
100
AcDbPolyline
 90
2
 70
0
 10
31.83966666666667
 20
44.5927
 10
31.83866666666667
 20
44.5927
  0
LWPOLYLINE
  5
508
330
17
100
AcDbEntity
  8
PARTS
100
AcDbPolyline
 90
2
 70
0
 10
31.83966666666667
 20
44.592999999999996
 10
31.83966666666667
 20
44.5927
  0
LWPOLYLINE
  5
509
330
17
100
AcDbEntity
  8
PARTS
100
AcDbPolyline
 90
2
 70
0
 10
31.83966666666667
 20
44.655499999999996
 10
31.83966666666667
 20
44.655499999999996
  0
LWPOLYLINE
  5
50A
330
17
100
AcDbEntity
  8
PARTS
100
AcDbPolyline
 90
2
 70
0
 10
31.83966666666667
 20
44.655499999999996
 10
31.83966666666667
 20
44.649499999999996
  0
LWPOLYLINE
  5
50B
330
17
100
AcDbEntity
  8
PARTS
100
AcDbPolyline
 90
2
 70
0
 10
31.83966666666667
 20
44.649499999999996
 10
31.83966666666667
 20
44.6341
  0
LWPOLYLINE
  5
50C
330
17
100
AcDbEntity
  8
PARTS
100
AcDbPolyline
 90
2
 70
0
 10
31.83966666666667
 20
44.6341
 10
31.83966666666667
 20
44.6225
  0
LWPOLYLINE
  5
50D
330
17
100
AcDbEntity
  8
PARTS
100
AcDbPolyline
 90
2
 70
0
 10
31.83966666666667
 20
44.6225
 10
31.83966666666667
 20
44.62219999999999
  0
LWPOLYLINE
  5
50E
330
17
100
AcDbEntity
  8
PARTS
100
AcDbPolyline
 90
2
 70
0
 10
31.83966666666667
 20
44.62219999999999
 10
31.83866666666667
 20
44.62219999999999
  0
LWPOLYLINE
  5
50F
330
17
100
AcDbEntity
  8
PARTS
100
AcDbPolyline
 90
2
 70
0
 10
31.83966666666667
 20
44.6225
 10
31.83866666666667
 20
44.6225
  0
LWPOLYLINE
  5
510
330
17
100
AcDbEntity
  8
PARTS
100
AcDbPolyline
 90
2
 70
0
 10
31.83966666666667
 20
44.694199999999995
 10
31.83966666666667
 20
44.679
  0
LWPOLYLINE
  5
511
330
17
100
AcDbEntity
  8
PARTS
100
AcDbPolyline
 90
2
 70
0
 10
31.83966666666667
 20
44.679
 10
31.83966666666667
 20
44.673399999999994
  0
LWPOLYLINE
  5
512
330
17
100
AcDbEntity
  8
PARTS
100
AcDbPolyline
 90
2
 70
0
 10
31.83966666666667
 20
44.673399999999994
 10
31.83966666666667
 20
44.6576
  0
LWPOLYLINE
  5
513
330
17
100
AcDbEntity
  8
PARTS
100
AcDbPolyline
 90
2
 70
0
 10
31.83966666666667
 20
44.679
 10
31.83866666666667
 20
44.679
  0
LWPOLYLINE
  5
514
330
17
100
AcDbEntity
  8
PARTS
100
AcDbPolyline
 90
2
 70
0
 10
31.83966666666667
 20
44.694199999999995
 10
31.83866666666667
 20
44.694199999999995
  0
LWPOLYLINE
  5
515
330
17
100
AcDbEntity
  8
PARTS
100
AcDbPolyline
 90
2
 70
0
 10
31.83966666666667
 20
44.673399999999994
 10
31.83866666666667
 20
44.673399999999994
  0
LWPOLYLINE
  5
516
330
17
100
AcDbEntity
  8
PARTS
100
AcDbPolyline
 90
2
 70
0
 10
31.83966666666667
 20
44.6576
 10
31.83866666666667
 20
44.6576
  0
LWPOLYLINE
  5
517
330
17
100
AcDbEntity
  8
PARTS
100
AcDbPolyline
 90
2
 70
0
 10
31.83966666666667
 20
44.5308
 10
31.83866666666667
 20
44.5308
  0
LWPOLYLINE
  5
518
330
17
100
AcDbEntity
  8
PARTS
100
AcDbPolyline
 90
2
 70
0
 10
31.83966666666667
 20
44.531
 10
31.83966666666667
 20
44.5308
  0
LWPOLYLINE
  5
519
330
17
100
AcDbEntity
  8
PARTS
100
AcDbPolyline
 90
2
 70
0
 10
31.83966666666667
 20
44.530499999999996
 10
31.83866666666667
 20
44.530499999999996
  0
LWPOLYLINE
  5
51A
330
17
100
AcDbEntity
  8
PARTS
100
AcDbPolyline
 90
2
 70
0
 10
31.83966666666667
 20
44.5308
 10
31.83966666666667
 20
44.530499999999996
  0
LWPOLYLINE
  5
51B
330
17
100
AcDbEntity
  8
PARTS
100
AcDbPolyline
 90
2
 70
0
 10
31.83966666666667
 20
44.587700000000005
 10
31.83966666666667
 20
44.5876
  0
LWPOLYLINE
  5
51C
330
17
100
AcDbEntity
  8
PARTS
100
AcDbPolyline
 90
2
 70
0
 10
31.83966666666667
 20
44.5876
 10
31.83866666666667
 20
44.5876
  0
LWPOLYLINE
  5
51D
330
17
100
AcDbEntity
  8
PARTS
100
AcDbPolyline
 90
2
 70
0
 10
31.83966666666667
 20
44.5875
 10
31.83866666666667
 20
44.5875
  0
LWPOLYLINE
  5
51E
330
17
100
AcDbEntity
  8
PARTS
100
AcDbPolyline
 90
2
 70
0
 10
31.83966666666667
 20
44.5876
 10
31.83966666666667
 20
44.5875
  0
LWPOLYLINE
  5
51F
330
17
100
AcDbEntity
  8
PARTS
100
AcDbPolyline
 90
2
 70
0
 10
31.83966666666667
 20
44.5927
 10
31.83966666666667
 20
44.591
  0
LWPOLYLINE
  5
520
330
17
100
AcDbEntity
  8
PARTS
100
AcDbPolyline
 90
2
 70
0
 10
31.83966666666667
 20
44.591
 10
31.83966666666667
 20
44.587700000000005
  0
LWPOLYLINE
  5
521
330
17
100
AcDbEntity
  8
PARTS
100
AcDbPolyline
 90
2
 70
0
 10
31.83966666666667
 20
44.587700000000005
 10
31.83966666666667
 20
44.587700000000005
  0
LWPOLYLINE
  5
522
330
17
100
AcDbEntity
  8
PARTS
100
AcDbPolyline
 90
2
 70
0
 10
31.83966666666667
 20
44.587700000000005
 10
31.83966666666667
 20
44.587700000000005
  0
LWPOLYLINE
  5
523
330
17
100
AcDbEntity
  8
PARTS
100
AcDbPolyline
 90
2
 70
0
 10
31.83966666666667
 20
44.6157
 10
31.83866666666667
 20
44.6157
  0
LWPOLYLINE
  5
524
330
17
100
AcDbEntity
  8
PARTS
100
AcDbPolyline
 90
2
 70
0
 10
31.83966666666667
 20
44.62219999999999
 10
31.83966666666667
 20
44.6157
  0
LWPOLYLINE
  5
525
330
17
100
AcDbEntity
  8
PARTS
100
AcDbPolyline
 90
2
 70
0
 10
31.83966666666667
 20
44.6157
 10
31.83966666666667
 20
44.614599999999996
  0
LWPOLYLINE
  5
526
330
17
100
AcDbEntity
  8
PARTS
100
AcDbPolyline
 90
2
 70
0
 10
31.83966666666667
 20
44.6576
 10
31.83966666666667
 20
44.655499999999996
  0
LWPOLYLINE
  5
527
330
17
100
AcDbEntity
  8
PARTS
100
AcDbPolyline
 90
2
 70
0
 10
31.83966666666667
 20
44.705999999999996
 10
31.83966666666667
 20
44.705999999999996
  0
LWPOLYLINE
  5
528
330
17
100
AcDbEntity
  8
PARTS
100
AcDbPolyline
 90
2
 70
0
 10
31.83966666666667
 20
44.705999999999996
 10
31.83966666666667
 20
44.699999999999996
  0
LWPOLYLINE
  5
529
330
17
100
AcDbEntity
  8
PARTS
100
AcDbPolyline
 90
2
 70
0
 10
31.83966666666667
 20
44.699999999999996
 10
31.83966666666667
 20
44.694199999999995
  0
LWPOLYLINE
  5
52A
330
17
100
AcDbEntity
  8
PARTS
100
AcDbPolyline
 90
2
 70
0
 10
31.83966666666667
 20
44.744699999999995
 10
31.83966666666667
 20
44.7295
  0
LWPOLYLINE
  5
52B
330
17
100
AcDbEntity
  8
PARTS
100
AcDbPolyline
 90
2
 70
0
 10
31.83966666666667
 20
44.7295
 10
31.83966666666667
 20
44.72389999999999
  0
LWPOLYLINE
  5
52C
330
17
100
AcDbEntity
  8
PARTS
100
AcDbPolyline
 90
2
 70
0
 10
31.83966666666667
 20
44.72389999999999
 10
31.83966666666667
 20
44.7081
  0
LWPOLYLINE
  5
52D
330
17
100
AcDbEntity
  8
PARTS
100
AcDbPolyline
 90
2
 70
0
 10
31.83966666666667
 20
44.7295
 10
31.83866666666667
 20
44.7295
  0
LWPOLYLINE
  5
52E
330
17
100
AcDbEntity
  8
PARTS
100
AcDbPolyline
 90
2
 70
0
 10
31.83966666666667
 20
44.744699999999995
 10
31.83866666666667
 20
44.744699999999995
  0
LWPOLYLINE
  5
52F
330
17
100
AcDbEntity
  8
PARTS
100
AcDbPolyline
 90
2
 70
0
 10
31.83966666666667
 20
44.72389999999999
 10
31.83866666666667
 20
44.72389999999999
  0
LWPOLYLINE
  5
530
330
17
100
AcDbEntity
  8
PARTS
100
AcDbPolyline
 90
2
 70
0
 10
31.83966666666667
 20
44.7081
 10
31.83866666666667
 20
44.7081
  0
LWPOLYLINE
  5
531
330
17
100
AcDbEntity
  8
PARTS
100
AcDbPolyline
 90
2
 70
0
 10
31.83966666666667
 20
44.4975
 10
31.83966666666667
 20
44.4691
  0
LWPOLYLINE
  5
532
330
17
100
AcDbEntity
  8
PARTS
100
AcDbPolyline
 90
2
 70
0
 10
31.83966666666667
 20
44.4691
 10
31.83966666666667
 20
44.4537
  0
LWPOLYLINE
  5
533
330
17
100
AcDbEntity
  8
PARTS
100
AcDbPolyline
 90
2
 70
0
 10
31.83966666666667
 20
44.4537
 10
31.83966666666667
 20
44.4145
  0
LWPOLYLINE
  5
534
330
17
100
AcDbEntity
  8
PARTS
100
AcDbPolyline
 90
2
 70
0
 10
31.83966666666667
 20
44.4145
 10
31.83966666666667
 20
44.37969999999999
  0
LWPOLYLINE
  5
535
330
17
100
AcDbEntity
  8
PARTS
100
AcDbPolyline
 90
2
 70
0
 10
31.83966666666667
 20
44.37969999999999
 10
31.83966666666667
 20
44.366899999999994
  0
LWPOLYLINE
  5
536
330
17
100
AcDbEntity
  8
PARTS
100
AcDbPolyline
 90
2
 70
0
 10
31.83966666666667
 20
44.366899999999994
 10
31.83966666666667
 20
44.36019999999999
  0
LWPOLYLINE
  5
537
330
17
100
AcDbEntity
  8
PARTS
100
AcDbPolyline
 90
2
 70
0
 10
31.83966666666667
 20
44.36019999999999
 10
31.83966666666667
 20
44.326899999999995
  0
LWPOLYLINE
  5
538
330
17
100
AcDbEntity
  8
PARTS
100
AcDbPolyline
 90
2
 70
0
 10
31.83966666666667
 20
44.326899999999995
 10
31.83966666666667
 20
44.312999999999995
  0
LWPOLYLINE
  5
539
330
17
100
AcDbEntity
  8
PARTS
100
AcDbPolyline
 90
2
 70
0
 10
31.83966666666667
 20
44.312999999999995
 10
31.83966666666667
 20
44.312999999999995
  0
LWPOLYLINE
  5
53A
330
17
100
AcDbEntity
  8
PARTS
100
AcDbPolyline
 90
2
 70
0
 10
31.83966666666667
 20
44.312999999999995
 10
31.83966666666667
 20
44.312999999999995
  0
LWPOLYLINE
  5
53B
330
17
100
AcDbEntity
  8
PARTS
100
AcDbPolyline
 90
2
 70
0
 10
31.83966666666667
 20
44.4975
 10
31.83866666666667
 20
44.4975
  0
LWPOLYLINE
  5
53C
330
17
100
AcDbEntity
  8
PARTS
100
AcDbPolyline
 90
2
 70
0
 10
31.83966666666667
 20
44.4691
 10
31.83866666666667
 20
44.4691
  0
LWPOLYLINE
  5
53D
330
17
100
AcDbEntity
  8
PARTS
100
AcDbPolyline
 90
2
 70
0
 10
31.83966666666667
 20
44.4537
 10
31.83866666666667
 20
44.4537
  0
LWPOLYLINE
  5
53E
330
17
100
AcDbEntity
  8
PARTS
100
AcDbPolyline
 90
2
 70
0
 10
31.83966666666667
 20
44.366899999999994
 10
31.83866666666667
 20
44.366899999999994
  0
LWPOLYLINE
  5
53F
330
17
100
AcDbEntity
  8
PARTS
100
AcDbPolyline
 90
2
 70
0
 10
41.23666666666667
 20
43.24289999999999
 10
41.23666666666667
 20
43.4429
  0
LWPOLYLINE
  5
540
330
17
100
AcDbEntity
  8
PARTS
100
AcDbPolyline
 90
2
 70
0
 10
41.23666666666667
 20
44.042899999999996
 10
41.23666666666667
 20
44.24289999999999
  0
LWPOLYLINE
  5
541
330
17
100
AcDbEntity
  8
PARTS
100
AcDbPolyline
 90
2
 70
0
 10
41.18666666666667
 20
43.4429
 10
41.23666666666667
 20
43.4429
  0
LWPOLYLINE
  5
542
330
17
100
AcDbEntity
  8
PARTS
100
AcDbPolyline
 90
2
 70
0
 10
41.18666666666667
 20
44.042899999999996
 10
41.18666666666667
 20
44.032900000000005
  0
LWPOLYLINE
  5
543
330
17
100
AcDbEntity
  8
PARTS
100
AcDbPolyline
 90
2
 70
0
 10
41.18666666666667
 20
43.4529
 10
41.18666666666667
 20
43.4429
  0
LWPOLYLINE
  5
544
330
17
100
AcDbEntity
  8
PARTS
100
AcDbPolyline
 90
2
 70
0
 10
41.23666666666667
 20
44.042899999999996
 10
41.18666666666667
 20
44.042899999999996
  0
LWPOLYLINE
  5
545
330
17
100
AcDbEntity
  8
PARTS
100
AcDbPolyline
 90
2
 70
0
 10
41.23666666666667
 20
44.24289999999999
 10
40.73666666666667
 20
44.24289999999999
  0
LWPOLYLINE
  5
546
330
17
100
AcDbEntity
  8
PARTS
100
AcDbPolyline
 90
2
 70
0
 10
40.73666666666667
 20
44.24289999999999
 10
40.73666666666667
 20
44.042899999999996
  0
LWPOLYLINE
  5
547
330
17
100
AcDbEntity
  8
PARTS
100
AcDbPolyline
 90
2
 70
0
 10
40.73666666666667
 20
44.042899999999996
 10
40.78666666666667
 20
44.042899999999996
  0
LWPOLYLINE
  5
548
330
17
100
AcDbEntity
  8
PARTS
100
AcDbPolyline
 90
2
 70
0
 10
40.78666666666667
 20
43.4429
 10
40.78666666666667
 20
43.4529
  0
LWPOLYLINE
  5
549
330
17
100
AcDbEntity
  8
PARTS
100
AcDbPolyline
 90
2
 70
0
 10
40.78666666666667
 20
44.032900000000005
 10
40.78666666666667
 20
44.042899999999996
  0
LWPOLYLINE
  5
54A
330
17
100
AcDbEntity
  8
PARTS
100
AcDbPolyline
 90
2
 70
0
 10
40.78666666666667
 20
43.4429
 10
40.73666666666667
 20
43.4429
  0
LWPOLYLINE
  5
54B
330
17
100
AcDbEntity
  8
PARTS
100
AcDbPolyline
 90
2
 70
0
 10
40.73666666666667
 20
43.4429
 10
40.73666666666667
 20
43.24289999999999
  0
LWPOLYLINE
  5
54C
330
17
100
AcDbEntity
  8
PARTS
100
AcDbPolyline
 90
2
 70
0
 10
40.73666666666667
 20
43.24289999999999
 10
41.23666666666667
 20
43.24289999999999
  0
LWPOLYLINE
  5
54D
330
17
100
AcDbEntity
  8
PARTS
100
AcDbPolyline
 90
2
 70
0
 10
40.73666666666667
 20
43.4429
 10
40.73666666666667
 20
44.042899999999996
  0
LWPOLYLINE
  5
54E
330
17
100
AcDbEntity
  8
PARTS
100
AcDbPolyline
 90
2
 70
0
 10
41.23666666666667
 20
44.042899999999996
 10
41.23666666666667
 20
43.4429
  0
LWPOLYLINE
  5
54F
330
17
100
AcDbEntity
  8
PARTS
100
AcDbPolyline
 90
2
 70
0
 10
41.22666666666667
 20
44.032900000000005
 10
40.74666666666666
 20
44.032900000000005
  0
LWPOLYLINE
  5
550
330
17
100
AcDbEntity
  8
PARTS
100
AcDbPolyline
 90
2
 70
0
 10
40.74666666666666
 20
44.032900000000005
 10
40.74666666666666
 20
43.4529
  0
LWPOLYLINE
  5
551
330
17
100
AcDbEntity
  8
PARTS
100
AcDbPolyline
 90
2
 70
0
 10
40.74666666666666
 20
43.4529
 10
41.22666666666667
 20
43.4529
  0
LWPOLYLINE
  5
552
330
17
100
AcDbEntity
  8
PARTS
100
AcDbPolyline
 90
2
 70
0
 10
41.22666666666667
 20
43.4529
 10
41.22666666666667
 20
44.032900000000005
  0
LWPOLYLINE
  5
553
330
17
100
AcDbEntity
  8
PARTS
100
AcDbPolyline
 90
2
 70
0
 10
41.23666666666667
 20
43.4429
 10
41.22666666666667
 20
43.4529
  0
LWPOLYLINE
  5
554
330
17
100
AcDbEntity
  8
PARTS
100
AcDbPolyline
 90
2
 70
0
 10
41.22666666666667
 20
44.032900000000005
 10
41.23666666666667
 20
44.042899999999996
  0
LWPOLYLINE
  5
555
330
17
100
AcDbEntity
  8
PARTS
100
AcDbPolyline
 90
2
 70
0
 10
40.74666666666666
 20
44.032900000000005
 10
40.73666666666667
 20
44.042899999999996
  0
LWPOLYLINE
  5
556
330
17
100
AcDbEntity
  8
PARTS
100
AcDbPolyline
 90
2
 70
0
 10
40.73666666666667
 20
43.4429
 10
40.74666666666666
 20
43.4529
  0
LWPOLYLINE
  5
557
330
17
100
AcDbEntity
  8
PARTS
100
AcDbPolyline
 90
2
 70
0
 10
41.23766666666667
 20
43.7905
 10
41.23666666666667
 20
43.7905
  0
LWPOLYLINE
  5
558
330
17
100
AcDbEntity
  8
PARTS
100
AcDbPolyline
 90
2
 70
0
 10
41.23766666666667
 20
43.7905
 10
41.23766666666667
 20
43.774499999999996
  0
LWPOLYLINE
  5
559
330
17
100
AcDbEntity
  8
PARTS
100
AcDbPolyline
 90
2
 70
0
 10
41.23766666666667
 20
43.774499999999996
 10
41.23666666666667
 20
43.774499999999996
  0
LWPOLYLINE
  5
55A
330
17
100
AcDbEntity
  8
PARTS
100
AcDbPolyline
 90
2
 70
0
 10
41.23766666666667
 20
43.769299999999994
 10
41.23666666666667
 20
43.769299999999994
  0
LWPOLYLINE
  5
55B
330
17
100
AcDbEntity
  8
PARTS
100
AcDbPolyline
 90
2
 70
0
 10
41.23766666666667
 20
43.774499999999996
 10
41.23766666666667
 20
43.769299999999994
  0
LWPOLYLINE
  5
55C
330
17
100
AcDbEntity
  8
PARTS
100
AcDbPolyline
 90
2
 70
0
 10
41.23766666666667
 20
43.769
 10
41.23666666666667
 20
43.769
  0
LWPOLYLINE
  5
55D
330
17
100
AcDbEntity
  8
PARTS
100
AcDbPolyline
 90
2
 70
0
 10
41.23766666666667
 20
43.769299999999994
 10
41.23766666666667
 20
43.769
  0
LWPOLYLINE
  5
55E
330
17
100
AcDbEntity
  8
PARTS
100
AcDbPolyline
 90
2
 70
0
 10
41.23766666666667
 20
43.8228
 10
41.23666666666667
 20
43.8228
  0
LWPOLYLINE
  5
55F
330
17
100
AcDbEntity
  8
PARTS
100
AcDbPolyline
 90
2
 70
0
 10
41.23766666666667
 20
43.8228
 10
41.23766666666667
 20
43.813199999999995
  0
LWPOLYLINE
  5
560
330
17
100
AcDbEntity
  8
PARTS
100
AcDbPolyline
 90
2
 70
0
 10
41.23766666666667
 20
43.813199999999995
 10
41.23766666666667
 20
43.7982
  0
LWPOLYLINE
  5
561
330
17
100
AcDbEntity
  8
PARTS
100
AcDbPolyline
 90
2
 70
0
 10
41.23766666666667
 20
43.7982
 10
41.23766666666667
 20
43.7922
  0
LWPOLYLINE
  5
562
330
17
100
AcDbEntity
  8
PARTS
100
AcDbPolyline
 90
2
 70
0
 10
41.23766666666667
 20
43.7922
 10
41.23766666666667
 20
43.7922
  0
LWPOLYLINE
  5
563
330
17
100
AcDbEntity
  8
PARTS
100
AcDbPolyline
 90
2
 70
0
 10
41.23766666666667
 20
43.7922
 10
41.23766666666667
 20
43.7922
  0
LWPOLYLINE
  5
564
330
17
100
AcDbEntity
  8
PARTS
100
AcDbPolyline
 90
2
 70
0
 10
41.23766666666667
 20
43.852599999999995
 10
41.23666666666667
 20
43.852599999999995
  0
LWPOLYLINE
  5
565
330
17
100
AcDbEntity
  8
PARTS
100
AcDbPolyline
 90
2
 70
0
 10
41.23766666666667
 20
43.852599999999995
 10
41.23766666666667
 20
43.8519
  0
LWPOLYLINE
  5
566
330
17
100
AcDbEntity
  8
PARTS
100
AcDbPolyline
 90
2
 70
0
 10
41.23766666666667
 20
43.8519
 10
41.23666666666667
 20
43.8519
  0
LWPOLYLINE
  5
567
330
17
100
AcDbEntity
  8
PARTS
100
AcDbPolyline
 90
2
 70
0
 10
41.23766666666667
 20
43.830999999999996
 10
41.23666666666667
 20
43.830999999999996
  0
LWPOLYLINE
  5
568
330
17
100
AcDbEntity
  8
PARTS
100
AcDbPolyline
 90
2
 70
0
 10
41.23766666666667
 20
43.8519
 10
41.23766666666667
 20
43.830999999999996
  0
LWPOLYLINE
  5
569
330
17
100
AcDbEntity
  8
PARTS
100
AcDbPolyline
 90
2
 70
0
 10
41.23766666666667
 20
43.8307
 10
41.23666666666667
 20
43.8307
  0
LWPOLYLINE
  5
56A
330
17
100
AcDbEntity
  8
PARTS
100
AcDbPolyline
 90
2
 70
0
 10
41.23766666666667
 20
43.830999999999996
 10
41.23766666666667
 20
43.8307
  0
LWPOLYLINE
  5
56B
330
17
100
AcDbEntity
  8
PARTS
100
AcDbPolyline
 90
2
 70
0
 10
41.23766666666667
 20
43.893499999999996
 10
41.23766666666667
 20
43.893499999999996
  0
LWPOLYLINE
  5
56C
330
17
100
AcDbEntity
  8
PARTS
100
AcDbPolyline
 90
2
 70
0
 10
41.23766666666667
 20
43.893499999999996
 10
41.23766666666667
 20
43.887499999999996
  0
LWPOLYLINE
  5
56D
330
17
100
AcDbEntity
  8
PARTS
100
AcDbPolyline
 90
2
 70
0
 10
41.23766666666667
 20
43.887499999999996
 10
41.23766666666667
 20
43.872099999999996
  0
LWPOLYLINE
  5
56E
330
17
100
AcDbEntity
  8
PARTS
100
AcDbPolyline
 90
2
 70
0
 10
41.23766666666667
 20
43.872099999999996
 10
41.23766666666667
 20
43.8605
  0
LWPOLYLINE
  5
56F
330
17
100
AcDbEntity
  8
PARTS
100
AcDbPolyline
 90
2
 70
0
 10
41.23766666666667
 20
43.8605
 10
41.23766666666667
 20
43.86019999999999
  0
LWPOLYLINE
  5
570
330
17
100
AcDbEntity
  8
PARTS
100
AcDbPolyline
 90
2
 70
0
 10
41.23766666666667
 20
43.86019999999999
 10
41.23666666666667
 20
43.86019999999999
  0
LWPOLYLINE
  5
571
330
17
100
AcDbEntity
  8
PARTS
100
AcDbPolyline
 90
2
 70
0
 10
41.23766666666667
 20
43.8605
 10
41.23666666666667
 20
43.8605
  0
LWPOLYLINE
  5
572
330
17
100
AcDbEntity
  8
PARTS
100
AcDbPolyline
 90
2
 70
0
 10
41.23766666666667
 20
43.932199999999995
 10
41.23766666666667
 20
43.917
  0
LWPOLYLINE
  5
573
330
17
100
AcDbEntity
  8
PARTS
100
AcDbPolyline
 90
2
 70
0
 10
41.23766666666667
 20
43.917
 10
41.23766666666667
 20
43.91139999999999
  0
LWPOLYLINE
  5
574
330
17
100
AcDbEntity
  8
PARTS
100
AcDbPolyline
 90
2
 70
0
 10
41.23766666666667
 20
43.91139999999999
 10
41.23766666666667
 20
43.8956
  0
LWPOLYLINE
  5
575
330
17
100
AcDbEntity
  8
PARTS
100
AcDbPolyline
 90
2
 70
0
 10
41.23766666666667
 20
43.917
 10
41.23666666666667
 20
43.917
  0
LWPOLYLINE
  5
576
330
17
100
AcDbEntity
  8
PARTS
100
AcDbPolyline
 90
2
 70
0
 10
41.23766666666667
 20
43.932199999999995
 10
41.23666666666667
 20
43.932199999999995
  0
LWPOLYLINE
  5
577
330
17
100
AcDbEntity
  8
PARTS
100
AcDbPolyline
 90
2
 70
0
 10
41.23766666666667
 20
43.91139999999999
 10
41.23666666666667
 20
43.91139999999999
  0
LWPOLYLINE
  5
578
330
17
100
AcDbEntity
  8
PARTS
100
AcDbPolyline
 90
2
 70
0
 10
41.23766666666667
 20
43.8956
 10
41.23666666666667
 20
43.8956
  0
LWPOLYLINE
  5
579
330
17
100
AcDbEntity
  8
PARTS
100
AcDbPolyline
 90
2
 70
0
 10
41.23766666666667
 20
43.7688
 10
41.23666666666667
 20
43.7688
  0
LWPOLYLINE
  5
57A
330
17
100
AcDbEntity
  8
PARTS
100
AcDbPolyline
 90
2
 70
0
 10
41.23766666666667
 20
43.769
 10
41.23766666666667
 20
43.7688
  0
LWPOLYLINE
  5
57B
330
17
100
AcDbEntity
  8
PARTS
100
AcDbPolyline
 90
2
 70
0
 10
41.23766666666667
 20
43.768499999999996
 10
41.23666666666667
 20
43.768499999999996
  0
LWPOLYLINE
  5
57C
330
17
100
AcDbEntity
  8
PARTS
100
AcDbPolyline
 90
2
 70
0
 10
41.23766666666667
 20
43.7688
 10
41.23766666666667
 20
43.768499999999996
  0
LWPOLYLINE
  5
57D
330
17
100
AcDbEntity
  8
PARTS
100
AcDbPolyline
 90
2
 70
0
 10
41.23766666666667
 20
43.825700000000005
 10
41.23766666666667
 20
43.8256
  0
LWPOLYLINE
  5
57E
330
17
100
AcDbEntity
  8
PARTS
100
AcDbPolyline
 90
2
 70
0
 10
41.23766666666667
 20
43.8256
 10
41.23666666666667
 20
43.8256
  0
LWPOLYLINE
  5
57F
330
17
100
AcDbEntity
  8
PARTS
100
AcDbPolyline
 90
2
 70
0
 10
41.23766666666667
 20
43.8255
 10
41.23666666666667
 20
43.8255
  0
LWPOLYLINE
  5
580
330
17
100
AcDbEntity
  8
PARTS
100
AcDbPolyline
 90
2
 70
0
 10
41.23766666666667
 20
43.8256
 10
41.23766666666667
 20
43.8255
  0
LWPOLYLINE
  5
581
330
17
100
AcDbEntity
  8
PARTS
100
AcDbPolyline
 90
2
 70
0
 10
41.23766666666667
 20
43.8307
 10
41.23766666666667
 20
43.829
  0
LWPOLYLINE
  5
582
330
17
100
AcDbEntity
  8
PARTS
100
AcDbPolyline
 90
2
 70
0
 10
41.23766666666667
 20
43.829
 10
41.23766666666667
 20
43.825700000000005
  0
LWPOLYLINE
  5
583
330
17
100
AcDbEntity
  8
PARTS
100
AcDbPolyline
 90
2
 70
0
 10
41.23766666666667
 20
43.825700000000005
 10
41.23766666666667
 20
43.825700000000005
  0
LWPOLYLINE
  5
584
330
17
100
AcDbEntity
  8
PARTS
100
AcDbPolyline
 90
2
 70
0
 10
41.23766666666667
 20
43.825700000000005
 10
41.23766666666667
 20
43.825700000000005
  0
LWPOLYLINE
  5
585
330
17
100
AcDbEntity
  8
PARTS
100
AcDbPolyline
 90
2
 70
0
 10
41.23766666666667
 20
43.853699999999996
 10
41.23666666666667
 20
43.853699999999996
  0
LWPOLYLINE
  5
586
330
17
100
AcDbEntity
  8
PARTS
100
AcDbPolyline
 90
2
 70
0
 10
41.23766666666667
 20
43.86019999999999
 10
41.23766666666667
 20
43.853699999999996
  0
LWPOLYLINE
  5
587
330
17
100
AcDbEntity
  8
PARTS
100
AcDbPolyline
 90
2
 70
0
 10
41.23766666666667
 20
43.853699999999996
 10
41.23766666666667
 20
43.852599999999995
  0
LWPOLYLINE
  5
588
330
17
100
AcDbEntity
  8
PARTS
100
AcDbPolyline
 90
2
 70
0
 10
41.23766666666667
 20
43.8956
 10
41.23766666666667
 20
43.893499999999996
  0
LWPOLYLINE
  5
589
330
17
100
AcDbEntity
  8
PARTS
100
AcDbPolyline
 90
2
 70
0
 10
41.23766666666667
 20
43.943999999999996
 10
41.23766666666667
 20
43.943999999999996
  0
LWPOLYLINE
  5
58A
330
17
100
AcDbEntity
  8
PARTS
100
AcDbPolyline
 90
2
 70
0
 10
41.23766666666667
 20
43.943999999999996
 10
41.23766666666667
 20
43.937999999999995
  0
LWPOLYLINE
  5
58B
330
17
100
AcDbEntity
  8
PARTS
100
AcDbPolyline
 90
2
 70
0
 10
41.23766666666667
 20
43.937999999999995
 10
41.23766666666667
 20
43.932199999999995
  0
LWPOLYLINE
  5
58C
330
17
100
AcDbEntity
  8
PARTS
100
AcDbPolyline
 90
2
 70
0
 10
41.23766666666667
 20
43.982699999999994
 10
41.23766666666667
 20
43.9675
  0
LWPOLYLINE
  5
58D
330
17
100
AcDbEntity
  8
PARTS
100
AcDbPolyline
 90
2
 70
0
 10
41.23766666666667
 20
43.9675
 10
41.23766666666667
 20
43.96189999999999
  0
LWPOLYLINE
  5
58E
330
17
100
AcDbEntity
  8
PARTS
100
AcDbPolyline
 90
2
 70
0
 10
41.23766666666667
 20
43.96189999999999
 10
41.23766666666667
 20
43.9461
  0
LWPOLYLINE
  5
58F
330
17
100
AcDbEntity
  8
PARTS
100
AcDbPolyline
 90
2
 70
0
 10
41.23766666666667
 20
43.9675
 10
41.23666666666667
 20
43.9675
  0
LWPOLYLINE
  5
590
330
17
100
AcDbEntity
  8
PARTS
100
AcDbPolyline
 90
2
 70
0
 10
41.23766666666667
 20
43.982699999999994
 10
41.23666666666667
 20
43.982699999999994
  0
LWPOLYLINE
  5
591
330
17
100
AcDbEntity
  8
PARTS
100
AcDbPolyline
 90
2
 70
0
 10
41.23766666666667
 20
43.96189999999999
 10
41.23666666666667
 20
43.96189999999999
  0
LWPOLYLINE
  5
592
330
17
100
AcDbEntity
  8
PARTS
100
AcDbPolyline
 90
2
 70
0
 10
41.23766666666667
 20
43.9461
 10
41.23666666666667
 20
43.9461
  0
LWPOLYLINE
  5
593
330
17
100
AcDbEntity
  8
PARTS
100
AcDbPolyline
 90
2
 70
0
 10
41.23766666666667
 20
43.7355
 10
41.23766666666667
 20
43.7071
  0
LWPOLYLINE
  5
594
330
17
100
AcDbEntity
  8
PARTS
100
AcDbPolyline
 90
2
 70
0
 10
41.23766666666667
 20
43.7071
 10
41.23766666666667
 20
43.6917
  0
LWPOLYLINE
  5
595
330
17
100
AcDbEntity
  8
PARTS
100
AcDbPolyline
 90
2
 70
0
 10
41.23766666666667
 20
43.6917
 10
41.23766666666667
 20
43.652499999999996
  0
LWPOLYLINE
  5
596
330
17
100
AcDbEntity
  8
PARTS
100
AcDbPolyline
 90
2
 70
0
 10
41.23766666666667
 20
43.652499999999996
 10
41.23766666666667
 20
43.61769999999999
  0
LWPOLYLINE
  5
597
330
17
100
AcDbEntity
  8
PARTS
100
AcDbPolyline
 90
2
 70
0
 10
41.23766666666667
 20
43.61769999999999
 10
41.23766666666667
 20
43.604899999999994
  0
LWPOLYLINE
  5
598
330
17
100
AcDbEntity
  8
PARTS
100
AcDbPolyline
 90
2
 70
0
 10
41.23766666666667
 20
43.604899999999994
 10
41.23766666666667
 20
43.5982
  0
LWPOLYLINE
  5
599
330
17
100
AcDbEntity
  8
PARTS
100
AcDbPolyline
 90
2
 70
0
 10
41.23766666666667
 20
43.5982
 10
41.23766666666667
 20
43.564899999999994
  0
LWPOLYLINE
  5
59A
330
17
100
AcDbEntity
  8
PARTS
100
AcDbPolyline
 90
2
 70
0
 10
41.23766666666667
 20
43.564899999999994
 10
41.23766666666667
 20
43.550999999999995
  0
LWPOLYLINE
  5
59B
330
17
100
AcDbEntity
  8
PARTS
100
AcDbPolyline
 90
2
 70
0
 10
41.23766666666667
 20
43.550999999999995
 10
41.23766666666667
 20
43.550999999999995
  0
LWPOLYLINE
  5
59C
330
17
100
AcDbEntity
  8
PARTS
100
AcDbPolyline
 90
2
 70
0
 10
41.23766666666667
 20
43.550999999999995
 10
41.23766666666667
 20
43.550999999999995
  0
LWPOLYLINE
  5
59D
330
17
100
AcDbEntity
  8
PARTS
100
AcDbPolyline
 90
2
 70
0
 10
41.23766666666667
 20
43.7355
 10
41.23666666666667
 20
43.7355
  0
LWPOLYLINE
  5
59E
330
17
100
AcDbEntity
  8
PARTS
100
AcDbPolyline
 90
2
 70
0
 10
41.23766666666667
 20
43.7071
 10
41.23666666666667
 20
43.7071
  0
LWPOLYLINE
  5
59F
330
17
100
AcDbEntity
  8
PARTS
100
AcDbPolyline
 90
2
 70
0
 10
41.23766666666667
 20
43.6917
 10
41.23666666666667
 20
43.6917
  0
LWPOLYLINE
  5
5A0
330
17
100
AcDbEntity
  8
PARTS
100
AcDbPolyline
 90
2
 70
0
 10
41.23766666666667
 20
43.604899999999994
 10
41.23666666666667
 20
43.604899999999994
  0
LWPOLYLINE
  5
5A1
330
17
100
AcDbEntity
  8
PARTS
100
AcDbPolyline
 90
2
 70
0
 10
43.776666666666664
 20
43.24289999999999
 10
43.776666666666664
 20
43.4429
  0
LWPOLYLINE
  5
5A2
330
17
100
AcDbEntity
  8
PARTS
100
AcDbPolyline
 90
2
 70
0
 10
43.776666666666664
 20
44.042899999999996
 10
43.776666666666664
 20
44.24289999999999
  0
LWPOLYLINE
  5
5A3
330
17
100
AcDbEntity
  8
PARTS
100
AcDbPolyline
 90
2
 70
0
 10
43.72666666666667
 20
43.4429
 10
43.776666666666664
 20
43.4429
  0
LWPOLYLINE
  5
5A4
330
17
100
AcDbEntity
  8
PARTS
100
AcDbPolyline
 90
2
 70
0
 10
43.72666666666667
 20
44.042899999999996
 10
43.72666666666667
 20
44.032900000000005
  0
LWPOLYLINE
  5
5A5
330
17
100
AcDbEntity
  8
PARTS
100
AcDbPolyline
 90
2
 70
0
 10
43.72666666666667
 20
43.4529
 10
43.72666666666667
 20
43.4429
  0
LWPOLYLINE
  5
5A6
330
17
100
AcDbEntity
  8
PARTS
100
AcDbPolyline
 90
2
 70
0
 10
43.776666666666664
 20
44.042899999999996
 10
43.72666666666667
 20
44.042899999999996
  0
LWPOLYLINE
  5
5A7
330
17
100
AcDbEntity
  8
PARTS
100
AcDbPolyline
 90
2
 70
0
 10
43.776666666666664
 20
44.24289999999999
 10
43.276666666666664
 20
44.24289999999999
  0
LWPOLYLINE
  5
5A8
330
17
100
AcDbEntity
  8
PARTS
100
AcDbPolyline
 90
2
 70
0
 10
43.276666666666664
 20
44.24289999999999
 10
43.276666666666664
 20
44.042899999999996
  0
LWPOLYLINE
  5
5A9
330
17
100
AcDbEntity
  8
PARTS
100
AcDbPolyline
 90
2
 70
0
 10
43.276666666666664
 20
44.042899999999996
 10
43.326666666666675
 20
44.042899999999996
  0
LWPOLYLINE
  5
5AA
330
17
100
AcDbEntity
  8
PARTS
100
AcDbPolyline
 90
2
 70
0
 10
43.326666666666675
 20
43.4429
 10
43.326666666666675
 20
43.4529
  0
LWPOLYLINE
  5
5AB
330
17
100
AcDbEntity
  8
PARTS
100
AcDbPolyline
 90
2
 70
0
 10
43.326666666666675
 20
44.032900000000005
 10
43.326666666666675
 20
44.042899999999996
  0
LWPOLYLINE
  5
5AC
330
17
100
AcDbEntity
  8
PARTS
100
AcDbPolyline
 90
2
 70
0
 10
43.326666666666675
 20
43.4429
 10
43.276666666666664
 20
43.4429
  0
LWPOLYLINE
  5
5AD
330
17
100
AcDbEntity
  8
PARTS
100
AcDbPolyline
 90
2
 70
0
 10
43.276666666666664
 20
43.4429
 10
43.276666666666664
 20
43.24289999999999
  0
LWPOLYLINE
  5
5AE
330
17
100
AcDbEntity
  8
PARTS
100
AcDbPolyline
 90
2
 70
0
 10
43.276666666666664
 20
43.24289999999999
 10
43.776666666666664
 20
43.24289999999999
  0
LWPOLYLINE
  5
5AF
330
17
100
AcDbEntity
  8
PARTS
100
AcDbPolyline
 90
2
 70
0
 10
43.276666666666664
 20
43.4429
 10
43.276666666666664
 20
44.042899999999996
  0
LWPOLYLINE
  5
5B0
330
17
100
AcDbEntity
  8
PARTS
100
AcDbPolyline
 90
2
 70
0
 10
43.776666666666664
 20
44.042899999999996
 10
43.776666666666664
 20
43.4429
  0
LWPOLYLINE
  5
5B1
330
17
100
AcDbEntity
  8
PARTS
100
AcDbPolyline
 90
2
 70
0
 10
43.76666666666667
 20
44.032900000000005
 10
43.28666666666667
 20
44.032900000000005
  0
LWPOLYLINE
  5
5B2
330
17
100
AcDbEntity
  8
PARTS
100
AcDbPolyline
 90
2
 70
0
 10
43.28666666666667
 20
44.032900000000005
 10
43.28666666666667
 20
43.4529
  0
LWPOLYLINE
  5
5B3
330
17
100
AcDbEntity
  8
PARTS
100
AcDbPolyline
 90
2
 70
0
 10
43.28666666666667
 20
43.4529
 10
43.76666666666667
 20
43.4529
  0
LWPOLYLINE
  5
5B4
330
17
100
AcDbEntity
  8
PARTS
100
AcDbPolyline
 90
2
 70
0
 10
43.76666666666667
 20
43.4529
 10
43.76666666666667
 20
44.032900000000005
  0
LWPOLYLINE
  5
5B5
330
17
100
AcDbEntity
  8
PARTS
100
AcDbPolyline
 90
2
 70
0
 10
43.776666666666664
 20
43.4429
 10
43.76666666666667
 20
43.4529
  0
LWPOLYLINE
  5
5B6
330
17
100
AcDbEntity
  8
PARTS
100
AcDbPolyline
 90
2
 70
0
 10
43.76666666666667
 20
44.032900000000005
 10
43.776666666666664
 20
44.042899999999996
  0
LWPOLYLINE
  5
5B7
330
17
100
AcDbEntity
  8
PARTS
100
AcDbPolyline
 90
2
 70
0
 10
43.28666666666667
 20
44.032900000000005
 10
43.276666666666664
 20
44.042899999999996
  0
LWPOLYLINE
  5
5B8
330
17
100
AcDbEntity
  8
PARTS
100
AcDbPolyline
 90
2
 70
0
 10
43.276666666666664
 20
43.4429
 10
43.28666666666667
 20
43.4529
  0
LWPOLYLINE
  5
5B9
330
17
100
AcDbEntity
  8
PARTS
100
AcDbPolyline
 90
2
 70
0
 10
43.77766666666667
 20
43.7905
 10
43.776666666666664
 20
43.7905
  0
LWPOLYLINE
  5
5BA
330
17
100
AcDbEntity
  8
PARTS
100
AcDbPolyline
 90
2
 70
0
 10
43.77766666666667
 20
43.7905
 10
43.77766666666667
 20
43.774499999999996
  0
LWPOLYLINE
  5
5BB
330
17
100
AcDbEntity
  8
PARTS
100
AcDbPolyline
 90
2
 70
0
 10
43.77766666666667
 20
43.774499999999996
 10
43.776666666666664
 20
43.774499999999996
  0
LWPOLYLINE
  5
5BC
330
17
100
AcDbEntity
  8
PARTS
100
AcDbPolyline
 90
2
 70
0
 10
43.77766666666667
 20
43.769299999999994
 10
43.776666666666664
 20
43.769299999999994
  0
LWPOLYLINE
  5
5BD
330
17
100
AcDbEntity
  8
PARTS
100
AcDbPolyline
 90
2
 70
0
 10
43.77766666666667
 20
43.774499999999996
 10
43.77766666666667
 20
43.769299999999994
  0
LWPOLYLINE
  5
5BE
330
17
100
AcDbEntity
  8
PARTS
100
AcDbPolyline
 90
2
 70
0
 10
43.77766666666667
 20
43.769
 10
43.776666666666664
 20
43.769
  0
LWPOLYLINE
  5
5BF
330
17
100
AcDbEntity
  8
PARTS
100
AcDbPolyline
 90
2
 70
0
 10
43.77766666666667
 20
43.769299999999994
 10
43.77766666666667
 20
43.769
  0
LWPOLYLINE
  5
5C0
330
17
100
AcDbEntity
  8
PARTS
100
AcDbPolyline
 90
2
 70
0
 10
43.77766666666667
 20
43.8228
 10
43.776666666666664
 20
43.8228
  0
LWPOLYLINE
  5
5C1
330
17
100
AcDbEntity
  8
PARTS
100
AcDbPolyline
 90
2
 70
0
 10
43.77766666666667
 20
43.8228
 10
43.77766666666667
 20
43.813199999999995
  0
LWPOLYLINE
  5
5C2
330
17
100
AcDbEntity
  8
PARTS
100
AcDbPolyline
 90
2
 70
0
 10
43.77766666666667
 20
43.813199999999995
 10
43.77766666666667
 20
43.7982
  0
LWPOLYLINE
  5
5C3
330
17
100
AcDbEntity
  8
PARTS
100
AcDbPolyline
 90
2
 70
0
 10
43.77766666666667
 20
43.7982
 10
43.77766666666667
 20
43.7922
  0
LWPOLYLINE
  5
5C4
330
17
100
AcDbEntity
  8
PARTS
100
AcDbPolyline
 90
2
 70
0
 10
43.77766666666667
 20
43.7922
 10
43.77766666666667
 20
43.7922
  0
LWPOLYLINE
  5
5C5
330
17
100
AcDbEntity
  8
PARTS
100
AcDbPolyline
 90
2
 70
0
 10
43.77766666666667
 20
43.7922
 10
43.77766666666667
 20
43.7922
  0
LWPOLYLINE
  5
5C6
330
17
100
AcDbEntity
  8
PARTS
100
AcDbPolyline
 90
2
 70
0
 10
43.77766666666667
 20
43.852599999999995
 10
43.776666666666664
 20
43.852599999999995
  0
LWPOLYLINE
  5
5C7
330
17
100
AcDbEntity
  8
PARTS
100
AcDbPolyline
 90
2
 70
0
 10
43.77766666666667
 20
43.852599999999995
 10
43.77766666666667
 20
43.8519
  0
LWPOLYLINE
  5
5C8
330
17
100
AcDbEntity
  8
PARTS
100
AcDbPolyline
 90
2
 70
0
 10
43.77766666666667
 20
43.8519
 10
43.776666666666664
 20
43.8519
  0
LWPOLYLINE
  5
5C9
330
17
100
AcDbEntity
  8
PARTS
100
AcDbPolyline
 90
2
 70
0
 10
43.77766666666667
 20
43.830999999999996
 10
43.776666666666664
 20
43.830999999999996
  0
LWPOLYLINE
  5
5CA
330
17
100
AcDbEntity
  8
PARTS
100
AcDbPolyline
 90
2
 70
0
 10
43.77766666666667
 20
43.8519
 10
43.77766666666667
 20
43.830999999999996
  0
LWPOLYLINE
  5
5CB
330
17
100
AcDbEntity
  8
PARTS
100
AcDbPolyline
 90
2
 70
0
 10
43.77766666666667
 20
43.8307
 10
43.776666666666664
 20
43.8307
  0
LWPOLYLINE
  5
5CC
330
17
100
AcDbEntity
  8
PARTS
100
AcDbPolyline
 90
2
 70
0
 10
43.77766666666667
 20
43.830999999999996
 10
43.77766666666667
 20
43.8307
  0
LWPOLYLINE
  5
5CD
330
17
100
AcDbEntity
  8
PARTS
100
AcDbPolyline
 90
2
 70
0
 10
43.77766666666667
 20
43.893499999999996
 10
43.77766666666667
 20
43.893499999999996
  0
LWPOLYLINE
  5
5CE
330
17
100
AcDbEntity
  8
PARTS
100
AcDbPolyline
 90
2
 70
0
 10
43.77766666666667
 20
43.893499999999996
 10
43.77766666666667
 20
43.887499999999996
  0
LWPOLYLINE
  5
5CF
330
17
100
AcDbEntity
  8
PARTS
100
AcDbPolyline
 90
2
 70
0
 10
43.77766666666667
 20
43.887499999999996
 10
43.77766666666667
 20
43.872099999999996
  0
LWPOLYLINE
  5
5D0
330
17
100
AcDbEntity
  8
PARTS
100
AcDbPolyline
 90
2
 70
0
 10
43.77766666666667
 20
43.872099999999996
 10
43.77766666666667
 20
43.8605
  0
LWPOLYLINE
  5
5D1
330
17
100
AcDbEntity
  8
PARTS
100
AcDbPolyline
 90
2
 70
0
 10
43.77766666666667
 20
43.8605
 10
43.77766666666667
 20
43.86019999999999
  0
LWPOLYLINE
  5
5D2
330
17
100
AcDbEntity
  8
PARTS
100
AcDbPolyline
 90
2
 70
0
 10
43.77766666666667
 20
43.86019999999999
 10
43.776666666666664
 20
43.86019999999999
  0
LWPOLYLINE
  5
5D3
330
17
100
AcDbEntity
  8
PARTS
100
AcDbPolyline
 90
2
 70
0
 10
43.77766666666667
 20
43.8605
 10
43.776666666666664
 20
43.8605
  0
LWPOLYLINE
  5
5D4
330
17
100
AcDbEntity
  8
PARTS
100
AcDbPolyline
 90
2
 70
0
 10
43.77766666666667
 20
43.932199999999995
 10
43.77766666666667
 20
43.917
  0
LWPOLYLINE
  5
5D5
330
17
100
AcDbEntity
  8
PARTS
100
AcDbPolyline
 90
2
 70
0
 10
43.77766666666667
 20
43.917
 10
43.77766666666667
 20
43.91139999999999
  0
LWPOLYLINE
  5
5D6
330
17
100
AcDbEntity
  8
PARTS
100
AcDbPolyline
 90
2
 70
0
 10
43.77766666666667
 20
43.91139999999999
 10
43.77766666666667
 20
43.8956
  0
LWPOLYLINE
  5
5D7
330
17
100
AcDbEntity
  8
PARTS
100
AcDbPolyline
 90
2
 70
0
 10
43.77766666666667
 20
43.917
 10
43.776666666666664
 20
43.917
  0
LWPOLYLINE
  5
5D8
330
17
100
AcDbEntity
  8
PARTS
100
AcDbPolyline
 90
2
 70
0
 10
43.77766666666667
 20
43.932199999999995
 10
43.776666666666664
 20
43.932199999999995
  0
LWPOLYLINE
  5
5D9
330
17
100
AcDbEntity
  8
PARTS
100
AcDbPolyline
 90
2
 70
0
 10
43.77766666666667
 20
43.91139999999999
 10
43.776666666666664
 20
43.91139999999999
  0
LWPOLYLINE
  5
5DA
330
17
100
AcDbEntity
  8
PARTS
100
AcDbPolyline
 90
2
 70
0
 10
43.77766666666667
 20
43.8956
 10
43.776666666666664
 20
43.8956
  0
LWPOLYLINE
  5
5DB
330
17
100
AcDbEntity
  8
PARTS
100
AcDbPolyline
 90
2
 70
0
 10
43.77766666666667
 20
43.7688
 10
43.776666666666664
 20
43.7688
  0
LWPOLYLINE
  5
5DC
330
17
100
AcDbEntity
  8
PARTS
100
AcDbPolyline
 90
2
 70
0
 10
43.77766666666667
 20
43.769
 10
43.77766666666667
 20
43.7688
  0
LWPOLYLINE
  5
5DD
330
17
100
AcDbEntity
  8
PARTS
100
AcDbPolyline
 90
2
 70
0
 10
43.77766666666667
 20
43.768499999999996
 10
43.776666666666664
 20
43.768499999999996
  0
LWPOLYLINE
  5
5DE
330
17
100
AcDbEntity
  8
PARTS
100
AcDbPolyline
 90
2
 70
0
 10
43.77766666666667
 20
43.7688
 10
43.77766666666667
 20
43.768499999999996
  0
LWPOLYLINE
  5
5DF
330
17
100
AcDbEntity
  8
PARTS
100
AcDbPolyline
 90
2
 70
0
 10
43.77766666666667
 20
43.825700000000005
 10
43.77766666666667
 20
43.8256
  0
LWPOLYLINE
  5
5E0
330
17
100
AcDbEntity
  8
PARTS
100
AcDbPolyline
 90
2
 70
0
 10
43.77766666666667
 20
43.8256
 10
43.776666666666664
 20
43.8256
  0
LWPOLYLINE
  5
5E1
330
17
100
AcDbEntity
  8
PARTS
100
AcDbPolyline
 90
2
 70
0
 10
43.77766666666667
 20
43.8255
 10
43.776666666666664
 20
43.8255
  0
LWPOLYLINE
  5
5E2
330
17
100
AcDbEntity
  8
PARTS
100
AcDbPolyline
 90
2
 70
0
 10
43.77766666666667
 20
43.8256
 10
43.77766666666667
 20
43.8255
  0
LWPOLYLINE
  5
5E3
330
17
100
AcDbEntity
  8
PARTS
100
AcDbPolyline
 90
2
 70
0
 10
43.77766666666667
 20
43.8307
 10
43.77766666666667
 20
43.829
  0
LWPOLYLINE
  5
5E4
330
17
100
AcDbEntity
  8
PARTS
100
AcDbPolyline
 90
2
 70
0
 10
43.77766666666667
 20
43.829
 10
43.77766666666667
 20
43.825700000000005
  0
LWPOLYLINE
  5
5E5
330
17
100
AcDbEntity
  8
PARTS
100
AcDbPolyline
 90
2
 70
0
 10
43.77766666666667
 20
43.825700000000005
 10
43.77766666666667
 20
43.825700000000005
  0
LWPOLYLINE
  5
5E6
330
17
100
AcDbEntity
  8
PARTS
100
AcDbPolyline
 90
2
 70
0
 10
43.77766666666667
 20
43.825700000000005
 10
43.77766666666667
 20
43.825700000000005
  0
LWPOLYLINE
  5
5E7
330
17
100
AcDbEntity
  8
PARTS
100
AcDbPolyline
 90
2
 70
0
 10
43.77766666666667
 20
43.853699999999996
 10
43.776666666666664
 20
43.853699999999996
  0
LWPOLYLINE
  5
5E8
330
17
100
AcDbEntity
  8
PARTS
100
AcDbPolyline
 90
2
 70
0
 10
43.77766666666667
 20
43.86019999999999
 10
43.77766666666667
 20
43.853699999999996
  0
LWPOLYLINE
  5
5E9
330
17
100
AcDbEntity
  8
PARTS
100
AcDbPolyline
 90
2
 70
0
 10
43.77766666666667
 20
43.853699999999996
 10
43.77766666666667
 20
43.852599999999995
  0
LWPOLYLINE
  5
5EA
330
17
100
AcDbEntity
  8
PARTS
100
AcDbPolyline
 90
2
 70
0
 10
43.77766666666667
 20
43.8956
 10
43.77766666666667
 20
43.893499999999996
  0
LWPOLYLINE
  5
5EB
330
17
100
AcDbEntity
  8
PARTS
100
AcDbPolyline
 90
2
 70
0
 10
43.77766666666667
 20
43.943999999999996
 10
43.77766666666667
 20
43.943999999999996
  0
LWPOLYLINE
  5
5EC
330
17
100
AcDbEntity
  8
PARTS
100
AcDbPolyline
 90
2
 70
0
 10
43.77766666666667
 20
43.943999999999996
 10
43.77766666666667
 20
43.937999999999995
  0
LWPOLYLINE
  5
5ED
330
17
100
AcDbEntity
  8
PARTS
100
AcDbPolyline
 90
2
 70
0
 10
43.77766666666667
 20
43.937999999999995
 10
43.77766666666667
 20
43.932199999999995
  0
LWPOLYLINE
  5
5EE
330
17
100
AcDbEntity
  8
PARTS
100
AcDbPolyline
 90
2
 70
0
 10
43.77766666666667
 20
43.982699999999994
 10
43.77766666666667
 20
43.9675
  0
LWPOLYLINE
  5
5EF
330
17
100
AcDbEntity
  8
PARTS
100
AcDbPolyline
 90
2
 70
0
 10
43.77766666666667
 20
43.9675
 10
43.77766666666667
 20
43.96189999999999
  0
LWPOLYLINE
  5
5F0
330
17
100
AcDbEntity
  8
PARTS
100
AcDbPolyline
 90
2
 70
0
 10
43.77766666666667
 20
43.96189999999999
 10
43.77766666666667
 20
43.9461
  0
LWPOLYLINE
  5
5F1
330
17
100
AcDbEntity
  8
PARTS
100
AcDbPolyline
 90
2
 70
0
 10
43.77766666666667
 20
43.9675
 10
43.776666666666664
 20
43.9675
  0
LWPOLYLINE
  5
5F2
330
17
100
AcDbEntity
  8
PARTS
100
AcDbPolyline
 90
2
 70
0
 10
43.77766666666667
 20
43.982699999999994
 10
43.776666666666664
 20
43.982699999999994
  0
LWPOLYLINE
  5
5F3
330
17
100
AcDbEntity
  8
PARTS
100
AcDbPolyline
 90
2
 70
0
 10
43.77766666666667
 20
43.96189999999999
 10
43.776666666666664
 20
43.96189999999999
  0
LWPOLYLINE
  5
5F4
330
17
100
AcDbEntity
  8
PARTS
100
AcDbPolyline
 90
2
 70
0
 10
43.77766666666667
 20
43.9461
 10
43.776666666666664
 20
43.9461
  0
LWPOLYLINE
  5
5F5
330
17
100
AcDbEntity
  8
PARTS
100
AcDbPolyline
 90
2
 70
0
 10
43.77766666666667
 20
43.7355
 10
43.77766666666667
 20
43.7071
  0
LWPOLYLINE
  5
5F6
330
17
100
AcDbEntity
  8
PARTS
100
AcDbPolyline
 90
2
 70
0
 10
43.77766666666667
 20
43.7071
 10
43.77766666666667
 20
43.6917
  0
LWPOLYLINE
  5
5F7
330
17
100
AcDbEntity
  8
PARTS
100
AcDbPolyline
 90
2
 70
0
 10
43.77766666666667
 20
43.6917
 10
43.77766666666667
 20
43.652499999999996
  0
LWPOLYLINE
  5
5F8
330
17
100
AcDbEntity
  8
PARTS
100
AcDbPolyline
 90
2
 70
0
 10
43.77766666666667
 20
43.652499999999996
 10
43.77766666666667
 20
43.61769999999999
  0
LWPOLYLINE
  5
5F9
330
17
100
AcDbEntity
  8
PARTS
100
AcDbPolyline
 90
2
 70
0
 10
43.77766666666667
 20
43.61769999999999
 10
43.77766666666667
 20
43.604899999999994
  0
LWPOLYLINE
  5
5FA
330
17
100
AcDbEntity
  8
PARTS
100
AcDbPolyline
 90
2
 70
0
 10
43.77766666666667
 20
43.604899999999994
 10
43.77766666666667
 20
43.5982
  0
LWPOLYLINE
  5
5FB
330
17
100
AcDbEntity
  8
PARTS
100
AcDbPolyline
 90
2
 70
0
 10
43.77766666666667
 20
43.5982
 10
43.77766666666667
 20
43.564899999999994
  0
LWPOLYLINE
  5
5FC
330
17
100
AcDbEntity
  8
PARTS
100
AcDbPolyline
 90
2
 70
0
 10
43.77766666666667
 20
43.564899999999994
 10
43.77766666666667
 20
43.550999999999995
  0
LWPOLYLINE
  5
5FD
330
17
100
AcDbEntity
  8
PARTS
100
AcDbPolyline
 90
2
 70
0
 10
43.77766666666667
 20
43.550999999999995
 10
43.77766666666667
 20
43.550999999999995
  0
LWPOLYLINE
  5
5FE
330
17
100
AcDbEntity
  8
PARTS
100
AcDbPolyline
 90
2
 70
0
 10
43.77766666666667
 20
43.550999999999995
 10
43.77766666666667
 20
43.550999999999995
  0
LWPOLYLINE
  5
5FF
330
17
100
AcDbEntity
  8
PARTS
100
AcDbPolyline
 90
2
 70
0
 10
43.77766666666667
 20
43.7355
 10
43.776666666666664
 20
43.7355
  0
LWPOLYLINE
  5
600
330
17
100
AcDbEntity
  8
PARTS
100
AcDbPolyline
 90
2
 70
0
 10
43.77766666666667
 20
43.7071
 10
43.776666666666664
 20
43.7071
  0
LWPOLYLINE
  5
601
330
17
100
AcDbEntity
  8
PARTS
100
AcDbPolyline
 90
2
 70
0
 10
43.77766666666667
 20
43.6917
 10
43.776666666666664
 20
43.6917
  0
LWPOLYLINE
  5
602
330
17
100
AcDbEntity
  8
PARTS
100
AcDbPolyline
 90
2
 70
0
 10
43.77766666666667
 20
43.604899999999994
 10
43.776666666666664
 20
43.604899999999994
  0
LWPOLYLINE
  5
603
330
17
100
AcDbEntity
  8
PARTS
100
AcDbPolyline
 90
2
 70
0
 10
27.012666666666664
 20
44.00489999999999
 10
27.012666666666664
 20
44.2049
  0
LWPOLYLINE
  5
604
330
17
100
AcDbEntity
  8
PARTS
100
AcDbPolyline
 90
2
 70
0
 10
27.012666666666664
 20
44.804899999999996
 10
27.012666666666664
 20
45.00489999999999
  0
LWPOLYLINE
  5
605
330
17
100
AcDbEntity
  8
PARTS
100
AcDbPolyline
 90
2
 70
0
 10
26.962666666666667
 20
44.2049
 10
27.012666666666664
 20
44.2049
  0
LWPOLYLINE
  5
606
330
17
100
AcDbEntity
  8
PARTS
100
AcDbPolyline
 90
2
 70
0
 10
26.962666666666667
 20
44.804899999999996
 10
26.962666666666667
 20
44.794900000000005
  0
LWPOLYLINE
  5
607
330
17
100
AcDbEntity
  8
PARTS
100
AcDbPolyline
 90
2
 70
0
 10
26.962666666666667
 20
44.2149
 10
26.962666666666667
 20
44.2049
  0
LWPOLYLINE
  5
608
330
17
100
AcDbEntity
  8
PARTS
100
AcDbPolyline
 90
2
 70
0
 10
27.012666666666664
 20
44.804899999999996
 10
26.962666666666667
 20
44.804899999999996
  0
LWPOLYLINE
  5
609
330
17
100
AcDbEntity
  8
PARTS
100
AcDbPolyline
 90
2
 70
0
 10
27.012666666666664
 20
45.00489999999999
 10
26.512666666666664
 20
45.00489999999999
  0
LWPOLYLINE
  5
60A
330
17
100
AcDbEntity
  8
PARTS
100
AcDbPolyline
 90
2
 70
0
 10
26.512666666666664
 20
45.00489999999999
 10
26.512666666666664
 20
44.804899999999996
  0
LWPOLYLINE
  5
60B
330
17
100
AcDbEntity
  8
PARTS
100
AcDbPolyline
 90
2
 70
0
 10
26.512666666666664
 20
44.804899999999996
 10
26.56266666666667
 20
44.804899999999996
  0
LWPOLYLINE
  5
60C
330
17
100
AcDbEntity
  8
PARTS
100
AcDbPolyline
 90
2
 70
0
 10
26.56266666666667
 20
44.2049
 10
26.56266666666667
 20
44.2149
  0
LWPOLYLINE
  5
60D
330
17
100
AcDbEntity
  8
PARTS
100
AcDbPolyline
 90
2
 70
0
 10
26.56266666666667
 20
44.794900000000005
 10
26.56266666666667
 20
44.804899999999996
  0
LWPOLYLINE
  5
60E
330
17
100
AcDbEntity
  8
PARTS
100
AcDbPolyline
 90
2
 70
0
 10
26.56266666666667
 20
44.2049
 10
26.512666666666664
 20
44.2049
  0
LWPOLYLINE
  5
60F
330
17
100
AcDbEntity
  8
PARTS
100
AcDbPolyline
 90
2
 70
0
 10
26.512666666666664
 20
44.2049
 10
26.512666666666664
 20
44.00489999999999
  0
LWPOLYLINE
  5
610
330
17
100
AcDbEntity
  8
PARTS
100
AcDbPolyline
 90
2
 70
0
 10
26.512666666666664
 20
44.00489999999999
 10
27.012666666666664
 20
44.00489999999999
  0
LWPOLYLINE
  5
611
330
17
100
AcDbEntity
  8
PARTS
100
AcDbPolyline
 90
2
 70
0
 10
26.512666666666664
 20
44.2049
 10
26.512666666666664
 20
44.804899999999996
  0
LWPOLYLINE
  5
612
330
17
100
AcDbEntity
  8
PARTS
100
AcDbPolyline
 90
2
 70
0
 10
27.012666666666664
 20
44.804899999999996
 10
27.012666666666664
 20
44.2049
  0
LWPOLYLINE
  5
613
330
17
100
AcDbEntity
  8
PARTS
100
AcDbPolyline
 90
2
 70
0
 10
27.00266666666667
 20
44.794900000000005
 10
26.522666666666666
 20
44.794900000000005
  0
LWPOLYLINE
  5
614
330
17
100
AcDbEntity
  8
PARTS
100
AcDbPolyline
 90
2
 70
0
 10
26.522666666666666
 20
44.794900000000005
 10
26.522666666666666
 20
44.2149
  0
LWPOLYLINE
  5
615
330
17
100
AcDbEntity
  8
PARTS
100
AcDbPolyline
 90
2
 70
0
 10
26.522666666666666
 20
44.2149
 10
27.00266666666667
 20
44.2149
  0
LWPOLYLINE
  5
616
330
17
100
AcDbEntity
  8
PARTS
100
AcDbPolyline
 90
2
 70
0
 10
27.00266666666667
 20
44.2149
 10
27.00266666666667
 20
44.794900000000005
  0
LWPOLYLINE
  5
617
330
17
100
AcDbEntity
  8
PARTS
100
AcDbPolyline
 90
2
 70
0
 10
27.012666666666664
 20
44.2049
 10
27.00266666666667
 20
44.2149
  0
LWPOLYLINE
  5
618
330
17
100
AcDbEntity
  8
PARTS
100
AcDbPolyline
 90
2
 70
0
 10
27.00266666666667
 20
44.794900000000005
 10
27.012666666666664
 20
44.804899999999996
  0
LWPOLYLINE
  5
619
330
17
100
AcDbEntity
  8
PARTS
100
AcDbPolyline
 90
2
 70
0
 10
26.522666666666666
 20
44.794900000000005
 10
26.512666666666664
 20
44.804899999999996
  0
LWPOLYLINE
  5
61A
330
17
100
AcDbEntity
  8
PARTS
100
AcDbPolyline
 90
2
 70
0
 10
26.512666666666664
 20
44.2049
 10
26.522666666666666
 20
44.2149
  0
LWPOLYLINE
  5
61B
330
17
100
AcDbEntity
  8
PARTS
100
AcDbPolyline
 90
2
 70
0
 10
27.013666666666666
 20
44.5525
 10
27.012666666666664
 20
44.5525
  0
LWPOLYLINE
  5
61C
330
17
100
AcDbEntity
  8
PARTS
100
AcDbPolyline
 90
2
 70
0
 10
27.013666666666666
 20
44.5525
 10
27.013666666666666
 20
44.5365
  0
LWPOLYLINE
  5
61D
330
17
100
AcDbEntity
  8
PARTS
100
AcDbPolyline
 90
2
 70
0
 10
27.013666666666666
 20
44.5365
 10
27.012666666666664
 20
44.5365
  0
LWPOLYLINE
  5
61E
330
17
100
AcDbEntity
  8
PARTS
100
AcDbPolyline
 90
2
 70
0
 10
27.013666666666666
 20
44.531299999999995
 10
27.012666666666664
 20
44.531299999999995
  0
LWPOLYLINE
  5
61F
330
17
100
AcDbEntity
  8
PARTS
100
AcDbPolyline
 90
2
 70
0
 10
27.013666666666666
 20
44.5365
 10
27.013666666666666
 20
44.531299999999995
  0
LWPOLYLINE
  5
620
330
17
100
AcDbEntity
  8
PARTS
100
AcDbPolyline
 90
2
 70
0
 10
27.013666666666666
 20
44.531
 10
27.012666666666664
 20
44.531
  0
LWPOLYLINE
  5
621
330
17
100
AcDbEntity
  8
PARTS
100
AcDbPolyline
 90
2
 70
0
 10
27.013666666666666
 20
44.531299999999995
 10
27.013666666666666
 20
44.531
  0
LWPOLYLINE
  5
622
330
17
100
AcDbEntity
  8
PARTS
100
AcDbPolyline
 90
2
 70
0
 10
27.013666666666666
 20
44.5848
 10
27.012666666666664
 20
44.5848
  0
LWPOLYLINE
  5
623
330
17
100
AcDbEntity
  8
PARTS
100
AcDbPolyline
 90
2
 70
0
 10
27.013666666666666
 20
44.5848
 10
27.013666666666666
 20
44.575199999999995
  0
LWPOLYLINE
  5
624
330
17
100
AcDbEntity
  8
PARTS
100
AcDbPolyline
 90
2
 70
0
 10
27.013666666666666
 20
44.575199999999995
 10
27.013666666666666
 20
44.5602
  0
LWPOLYLINE
  5
625
330
17
100
AcDbEntity
  8
PARTS
100
AcDbPolyline
 90
2
 70
0
 10
27.013666666666666
 20
44.5602
 10
27.013666666666666
 20
44.5542
  0
LWPOLYLINE
  5
626
330
17
100
AcDbEntity
  8
PARTS
100
AcDbPolyline
 90
2
 70
0
 10
27.013666666666666
 20
44.5542
 10
27.013666666666666
 20
44.5542
  0
LWPOLYLINE
  5
627
330
17
100
AcDbEntity
  8
PARTS
100
AcDbPolyline
 90
2
 70
0
 10
27.013666666666666
 20
44.5542
 10
27.013666666666666
 20
44.5542
  0
LWPOLYLINE
  5
628
330
17
100
AcDbEntity
  8
PARTS
100
AcDbPolyline
 90
2
 70
0
 10
27.013666666666666
 20
44.614599999999996
 10
27.012666666666664
 20
44.614599999999996
  0
LWPOLYLINE
  5
629
330
17
100
AcDbEntity
  8
PARTS
100
AcDbPolyline
 90
2
 70
0
 10
27.013666666666666
 20
44.614599999999996
 10
27.013666666666666
 20
44.6139
  0
LWPOLYLINE
  5
62A
330
17
100
AcDbEntity
  8
PARTS
100
AcDbPolyline
 90
2
 70
0
 10
27.013666666666666
 20
44.6139
 10
27.012666666666664
 20
44.6139
  0
LWPOLYLINE
  5
62B
330
17
100
AcDbEntity
  8
PARTS
100
AcDbPolyline
 90
2
 70
0
 10
27.013666666666666
 20
44.592999999999996
 10
27.012666666666664
 20
44.592999999999996
  0
LWPOLYLINE
  5
62C
330
17
100
AcDbEntity
  8
PARTS
100
AcDbPolyline
 90
2
 70
0
 10
27.013666666666666
 20
44.6139
 10
27.013666666666666
 20
44.592999999999996
  0
LWPOLYLINE
  5
62D
330
17
100
AcDbEntity
  8
PARTS
100
AcDbPolyline
 90
2
 70
0
 10
27.013666666666666
 20
44.5927
 10
27.012666666666664
 20
44.5927
  0
LWPOLYLINE
  5
62E
330
17
100
AcDbEntity
  8
PARTS
100
AcDbPolyline
 90
2
 70
0
 10
27.013666666666666
 20
44.592999999999996
 10
27.013666666666666
 20
44.5927
  0
LWPOLYLINE
  5
62F
330
17
100
AcDbEntity
  8
PARTS
100
AcDbPolyline
 90
2
 70
0
 10
27.013666666666666
 20
44.655499999999996
 10
27.013666666666666
 20
44.655499999999996
  0
LWPOLYLINE
  5
630
330
17
100
AcDbEntity
  8
PARTS
100
AcDbPolyline
 90
2
 70
0
 10
27.013666666666666
 20
44.655499999999996
 10
27.013666666666666
 20
44.649499999999996
  0
LWPOLYLINE
  5
631
330
17
100
AcDbEntity
  8
PARTS
100
AcDbPolyline
 90
2
 70
0
 10
27.013666666666666
 20
44.649499999999996
 10
27.013666666666666
 20
44.6341
  0
LWPOLYLINE
  5
632
330
17
100
AcDbEntity
  8
PARTS
100
AcDbPolyline
 90
2
 70
0
 10
27.013666666666666
 20
44.6341
 10
27.013666666666666
 20
44.6225
  0
LWPOLYLINE
  5
633
330
17
100
AcDbEntity
  8
PARTS
100
AcDbPolyline
 90
2
 70
0
 10
27.013666666666666
 20
44.6225
 10
27.013666666666666
 20
44.62219999999999
  0
LWPOLYLINE
  5
634
330
17
100
AcDbEntity
  8
PARTS
100
AcDbPolyline
 90
2
 70
0
 10
27.013666666666666
 20
44.62219999999999
 10
27.012666666666664
 20
44.62219999999999
  0
LWPOLYLINE
  5
635
330
17
100
AcDbEntity
  8
PARTS
100
AcDbPolyline
 90
2
 70
0
 10
27.013666666666666
 20
44.6225
 10
27.012666666666664
 20
44.6225
  0
LWPOLYLINE
  5
636
330
17
100
AcDbEntity
  8
PARTS
100
AcDbPolyline
 90
2
 70
0
 10
27.013666666666666
 20
44.694199999999995
 10
27.013666666666666
 20
44.679
  0
LWPOLYLINE
  5
637
330
17
100
AcDbEntity
  8
PARTS
100
AcDbPolyline
 90
2
 70
0
 10
27.013666666666666
 20
44.679
 10
27.013666666666666
 20
44.673399999999994
  0
LWPOLYLINE
  5
638
330
17
100
AcDbEntity
  8
PARTS
100
AcDbPolyline
 90
2
 70
0
 10
27.013666666666666
 20
44.673399999999994
 10
27.013666666666666
 20
44.6576
  0
LWPOLYLINE
  5
639
330
17
100
AcDbEntity
  8
PARTS
100
AcDbPolyline
 90
2
 70
0
 10
27.013666666666666
 20
44.679
 10
27.012666666666664
 20
44.679
  0
LWPOLYLINE
  5
63A
330
17
100
AcDbEntity
  8
PARTS
100
AcDbPolyline
 90
2
 70
0
 10
27.013666666666666
 20
44.694199999999995
 10
27.012666666666664
 20
44.694199999999995
  0
LWPOLYLINE
  5
63B
330
17
100
AcDbEntity
  8
PARTS
100
AcDbPolyline
 90
2
 70
0
 10
27.013666666666666
 20
44.673399999999994
 10
27.012666666666664
 20
44.673399999999994
  0
LWPOLYLINE
  5
63C
330
17
100
AcDbEntity
  8
PARTS
100
AcDbPolyline
 90
2
 70
0
 10
27.013666666666666
 20
44.6576
 10
27.012666666666664
 20
44.6576
  0
LWPOLYLINE
  5
63D
330
17
100
AcDbEntity
  8
PARTS
100
AcDbPolyline
 90
2
 70
0
 10
27.013666666666666
 20
44.5308
 10
27.012666666666664
 20
44.5308
  0
LWPOLYLINE
  5
63E
330
17
100
AcDbEntity
  8
PARTS
100
AcDbPolyline
 90
2
 70
0
 10
27.013666666666666
 20
44.531
 10
27.013666666666666
 20
44.5308
  0
LWPOLYLINE
  5
63F
330
17
100
AcDbEntity
  8
PARTS
100
AcDbPolyline
 90
2
 70
0
 10
27.013666666666666
 20
44.530499999999996
 10
27.012666666666664
 20
44.530499999999996
  0
LWPOLYLINE
  5
640
330
17
100
AcDbEntity
  8
PARTS
100
AcDbPolyline
 90
2
 70
0
 10
27.013666666666666
 20
44.5308
 10
27.013666666666666
 20
44.530499999999996
  0
LWPOLYLINE
  5
641
330
17
100
AcDbEntity
  8
PARTS
100
AcDbPolyline
 90
2
 70
0
 10
27.013666666666666
 20
44.587700000000005
 10
27.013666666666666
 20
44.5876
  0
LWPOLYLINE
  5
642
330
17
100
AcDbEntity
  8
PARTS
100
AcDbPolyline
 90
2
 70
0
 10
27.013666666666666
 20
44.5876
 10
27.012666666666664
 20
44.5876
  0
LWPOLYLINE
  5
643
330
17
100
AcDbEntity
  8
PARTS
100
AcDbPolyline
 90
2
 70
0
 10
27.013666666666666
 20
44.5875
 10
27.012666666666664
 20
44.5875
  0
LWPOLYLINE
  5
644
330
17
100
AcDbEntity
  8
PARTS
100
AcDbPolyline
 90
2
 70
0
 10
27.013666666666666
 20
44.5876
 10
27.013666666666666
 20
44.5875
  0
LWPOLYLINE
  5
645
330
17
100
AcDbEntity
  8
PARTS
100
AcDbPolyline
 90
2
 70
0
 10
27.013666666666666
 20
44.5927
 10
27.013666666666666
 20
44.591
  0
LWPOLYLINE
  5
646
330
17
100
AcDbEntity
  8
PARTS
100
AcDbPolyline
 90
2
 70
0
 10
27.013666666666666
 20
44.591
 10
27.013666666666666
 20
44.587700000000005
  0
LWPOLYLINE
  5
647
330
17
100
AcDbEntity
  8
PARTS
100
AcDbPolyline
 90
2
 70
0
 10
27.013666666666666
 20
44.587700000000005
 10
27.013666666666666
 20
44.587700000000005
  0
LWPOLYLINE
  5
648
330
17
100
AcDbEntity
  8
PARTS
100
AcDbPolyline
 90
2
 70
0
 10
27.013666666666666
 20
44.587700000000005
 10
27.013666666666666
 20
44.587700000000005
  0
LWPOLYLINE
  5
649
330
17
100
AcDbEntity
  8
PARTS
100
AcDbPolyline
 90
2
 70
0
 10
27.013666666666666
 20
44.6157
 10
27.012666666666664
 20
44.6157
  0
LWPOLYLINE
  5
64A
330
17
100
AcDbEntity
  8
PARTS
100
AcDbPolyline
 90
2
 70
0
 10
27.013666666666666
 20
44.62219999999999
 10
27.013666666666666
 20
44.6157
  0
LWPOLYLINE
  5
64B
330
17
100
AcDbEntity
  8
PARTS
100
AcDbPolyline
 90
2
 70
0
 10
27.013666666666666
 20
44.6157
 10
27.013666666666666
 20
44.614599999999996
  0
LWPOLYLINE
  5
64C
330
17
100
AcDbEntity
  8
PARTS
100
AcDbPolyline
 90
2
 70
0
 10
27.013666666666666
 20
44.6576
 10
27.013666666666666
 20
44.655499999999996
  0
LWPOLYLINE
  5
64D
330
17
100
AcDbEntity
  8
PARTS
100
AcDbPolyline
 90
2
 70
0
 10
27.013666666666666
 20
44.705999999999996
 10
27.013666666666666
 20
44.705999999999996
  0
LWPOLYLINE
  5
64E
330
17
100
AcDbEntity
  8
PARTS
100
AcDbPolyline
 90
2
 70
0
 10
27.013666666666666
 20
44.705999999999996
 10
27.013666666666666
 20
44.699999999999996
  0
LWPOLYLINE
  5
64F
330
17
100
AcDbEntity
  8
PARTS
100
AcDbPolyline
 90
2
 70
0
 10
27.013666666666666
 20
44.699999999999996
 10
27.013666666666666
 20
44.694199999999995
  0
LWPOLYLINE
  5
650
330
17
100
AcDbEntity
  8
PARTS
100
AcDbPolyline
 90
2
 70
0
 10
27.013666666666666
 20
44.744699999999995
 10
27.013666666666666
 20
44.7295
  0
LWPOLYLINE
  5
651
330
17
100
AcDbEntity
  8
PARTS
100
AcDbPolyline
 90
2
 70
0
 10
27.013666666666666
 20
44.7295
 10
27.013666666666666
 20
44.72389999999999
  0
LWPOLYLINE
  5
652
330
17
100
AcDbEntity
  8
PARTS
100
AcDbPolyline
 90
2
 70
0
 10
27.013666666666666
 20
44.72389999999999
 10
27.013666666666666
 20
44.7081
  0
LWPOLYLINE
  5
653
330
17
100
AcDbEntity
  8
PARTS
100
AcDbPolyline
 90
2
 70
0
 10
27.013666666666666
 20
44.7295
 10
27.012666666666664
 20
44.7295
  0
LWPOLYLINE
  5
654
330
17
100
AcDbEntity
  8
PARTS
100
AcDbPolyline
 90
2
 70
0
 10
27.013666666666666
 20
44.744699999999995
 10
27.012666666666664
 20
44.744699999999995
  0
LWPOLYLINE
  5
655
330
17
100
AcDbEntity
  8
PARTS
100
AcDbPolyline
 90
2
 70
0
 10
27.013666666666666
 20
44.72389999999999
 10
27.012666666666664
 20
44.72389999999999
  0
LWPOLYLINE
  5
656
330
17
100
AcDbEntity
  8
PARTS
100
AcDbPolyline
 90
2
 70
0
 10
27.013666666666666
 20
44.7081
 10
27.012666666666664
 20
44.7081
  0
LWPOLYLINE
  5
657
330
17
100
AcDbEntity
  8
PARTS
100
AcDbPolyline
 90
2
 70
0
 10
27.013666666666666
 20
44.4975
 10
27.013666666666666
 20
44.4691
  0
LWPOLYLINE
  5
658
330
17
100
AcDbEntity
  8
PARTS
100
AcDbPolyline
 90
2
 70
0
 10
27.013666666666666
 20
44.4691
 10
27.013666666666666
 20
44.4537
  0
LWPOLYLINE
  5
659
330
17
100
AcDbEntity
  8
PARTS
100
AcDbPolyline
 90
2
 70
0
 10
27.013666666666666
 20
44.4537
 10
27.013666666666666
 20
44.4145
  0
LWPOLYLINE
  5
65A
330
17
100
AcDbEntity
  8
PARTS
100
AcDbPolyline
 90
2
 70
0
 10
27.013666666666666
 20
44.4145
 10
27.013666666666666
 20
44.37969999999999
  0
LWPOLYLINE
  5
65B
330
17
100
AcDbEntity
  8
PARTS
100
AcDbPolyline
 90
2
 70
0
 10
27.013666666666666
 20
44.37969999999999
 10
27.013666666666666
 20
44.366899999999994
  0
LWPOLYLINE
  5
65C
330
17
100
AcDbEntity
  8
PARTS
100
AcDbPolyline
 90
2
 70
0
 10
27.013666666666666
 20
44.366899999999994
 10
27.013666666666666
 20
44.36019999999999
  0
LWPOLYLINE
  5
65D
330
17
100
AcDbEntity
  8
PARTS
100
AcDbPolyline
 90
2
 70
0
 10
27.013666666666666
 20
44.36019999999999
 10
27.013666666666666
 20
44.326899999999995
  0
LWPOLYLINE
  5
65E
330
17
100
AcDbEntity
  8
PARTS
100
AcDbPolyline
 90
2
 70
0
 10
27.013666666666666
 20
44.326899999999995
 10
27.013666666666666
 20
44.312999999999995
  0
LWPOLYLINE
  5
65F
330
17
100
AcDbEntity
  8
PARTS
100
AcDbPolyline
 90
2
 70
0
 10
27.013666666666666
 20
44.312999999999995
 10
27.013666666666666
 20
44.312999999999995
  0
LWPOLYLINE
  5
660
330
17
100
AcDbEntity
  8
PARTS
100
AcDbPolyline
 90
2
 70
0
 10
27.013666666666666
 20
44.312999999999995
 10
27.013666666666666
 20
44.312999999999995
  0
LWPOLYLINE
  5
661
330
17
100
AcDbEntity
  8
PARTS
100
AcDbPolyline
 90
2
 70
0
 10
27.013666666666666
 20
44.4975
 10
27.012666666666664
 20
44.4975
  0
LWPOLYLINE
  5
662
330
17
100
AcDbEntity
  8
PARTS
100
AcDbPolyline
 90
2
 70
0
 10
27.013666666666666
 20
44.4691
 10
27.012666666666664
 20
44.4691
  0
LWPOLYLINE
  5
663
330
17
100
AcDbEntity
  8
PARTS
100
AcDbPolyline
 90
2
 70
0
 10
27.013666666666666
 20
44.4537
 10
27.012666666666664
 20
44.4537
  0
LWPOLYLINE
  5
664
330
17
100
AcDbEntity
  8
PARTS
100
AcDbPolyline
 90
2
 70
0
 10
27.013666666666666
 20
44.366899999999994
 10
27.012666666666664
 20
44.366899999999994
  0
LWPOLYLINE
  5
665
330
17
100
AcDbEntity
  8
PARTS
100
AcDbPolyline
 90
2
 70
0
 10
36.53366666666667
 20
41.3259
 10
36.333666666666666
 20
41.3259
  0
LWPOLYLINE
  5
666
330
17
100
AcDbEntity
  8
PARTS
100
AcDbPolyline
 90
2
 70
0
 10
35.733666666666664
 20
41.3259
 10
35.53366666666667
 20
41.3259
  0
LWPOLYLINE
  5
667
330
17
100
AcDbEntity
  8
PARTS
100
AcDbPolyline
 90
2
 70
0
 10
36.333666666666666
 20
41.2759
 10
36.333666666666666
 20
41.3259
  0
LWPOLYLINE
  5
668
330
17
100
AcDbEntity
  8
PARTS
100
AcDbPolyline
 90
2
 70
0
 10
35.733666666666664
 20
41.2759
 10
35.74366666666666
 20
41.2759
  0
LWPOLYLINE
  5
669
330
17
100
AcDbEntity
  8
PARTS
100
AcDbPolyline
 90
2
 70
0
 10
36.32366666666667
 20
41.2759
 10
36.333666666666666
 20
41.2759
  0
LWPOLYLINE
  5
66A
330
17
100
AcDbEntity
  8
PARTS
100
AcDbPolyline
 90
2
 70
0
 10
35.733666666666664
 20
41.3259
 10
35.733666666666664
 20
41.2759
  0
LWPOLYLINE
  5
66B
330
17
100
AcDbEntity
  8
PARTS
100
AcDbPolyline
 90
2
 70
0
 10
35.53366666666667
 20
41.3259
 10
35.53366666666667
 20
40.8259
  0
LWPOLYLINE
  5
66C
330
17
100
AcDbEntity
  8
PARTS
100
AcDbPolyline
 90
2
 70
0
 10
35.53366666666667
 20
40.8259
 10
35.733666666666664
 20
40.8259
  0
LWPOLYLINE
  5
66D
330
17
100
AcDbEntity
  8
PARTS
100
AcDbPolyline
 90
2
 70
0
 10
35.733666666666664
 20
40.8259
 10
35.733666666666664
 20
40.875899999999994
  0
LWPOLYLINE
  5
66E
330
17
100
AcDbEntity
  8
PARTS
100
AcDbPolyline
 90
2
 70
0
 10
36.333666666666666
 20
40.875899999999994
 10
36.32366666666667
 20
40.875899999999994
  0
LWPOLYLINE
  5
66F
330
17
100
AcDbEntity
  8
PARTS
100
AcDbPolyline
 90
2
 70
0
 10
35.74366666666666
 20
40.875899999999994
 10
35.733666666666664
 20
40.875899999999994
  0
LWPOLYLINE
  5
670
330
17
100
AcDbEntity
  8
PARTS
100
AcDbPolyline
 90
2
 70
0
 10
36.333666666666666
 20
40.875899999999994
 10
36.333666666666666
 20
40.8259
  0
LWPOLYLINE
  5
671
330
17
100
AcDbEntity
  8
PARTS
100
AcDbPolyline
 90
2
 70
0
 10
36.333666666666666
 20
40.8259
 10
36.53366666666667
 20
40.8259
  0
LWPOLYLINE
  5
672
330
17
100
AcDbEntity
  8
PARTS
100
AcDbPolyline
 90
2
 70
0
 10
36.53366666666667
 20
40.8259
 10
36.53366666666667
 20
41.3259
  0
LWPOLYLINE
  5
673
330
17
100
AcDbEntity
  8
PARTS
100
AcDbPolyline
 90
2
 70
0
 10
36.333666666666666
 20
40.8259
 10
35.733666666666664
 20
40.8259
  0
LWPOLYLINE
  5
674
330
17
100
AcDbEntity
  8
PARTS
100
AcDbPolyline
 90
2
 70
0
 10
35.733666666666664
 20
41.3259
 10
36.333666666666666
 20
41.3259
  0
LWPOLYLINE
  5
675
330
17
100
AcDbEntity
  8
PARTS
100
AcDbPolyline
 90
2
 70
0
 10
35.74366666666666
 20
41.3159
 10
35.74366666666666
 20
40.835899999999995
  0
LWPOLYLINE
  5
676
330
17
100
AcDbEntity
  8
PARTS
100
AcDbPolyline
 90
2
 70
0
 10
35.74366666666666
 20
40.835899999999995
 10
36.32366666666667
 20
40.835899999999995
  0
LWPOLYLINE
  5
677
330
17
100
AcDbEntity
  8
PARTS
100
AcDbPolyline
 90
2
 70
0
 10
36.32366666666667
 20
40.835899999999995
 10
36.32366666666667
 20
41.3159
  0
LWPOLYLINE
  5
678
330
17
100
AcDbEntity
  8
PARTS
100
AcDbPolyline
 90
2
 70
0
 10
36.32366666666667
 20
41.3159
 10
35.74366666666666
 20
41.3159
  0
LWPOLYLINE
  5
679
330
17
100
AcDbEntity
  8
PARTS
100
AcDbPolyline
 90
2
 70
0
 10
36.333666666666666
 20
41.3259
 10
36.32366666666667
 20
41.3159
  0
LWPOLYLINE
  5
67A
330
17
100
AcDbEntity
  8
PARTS
100
AcDbPolyline
 90
2
 70
0
 10
35.74366666666666
 20
41.3159
 10
35.733666666666664
 20
41.3259
  0
LWPOLYLINE
  5
67B
330
17
100
AcDbEntity
  8
PARTS
100
AcDbPolyline
 90
2
 70
0
 10
35.74366666666666
 20
40.835899999999995
 10
35.733666666666664
 20
40.8259
  0
LWPOLYLINE
  5
67C
330
17
100
AcDbEntity
  8
PARTS
100
AcDbPolyline
 90
2
 70
0
 10
36.333666666666666
 20
40.8259
 10
36.32366666666667
 20
40.835899999999995
  0
LWPOLYLINE
  5
67D
330
17
100
AcDbEntity
  8
PARTS
100
AcDbPolyline
 90
2
 70
0
 10
35.98616666666667
 20
41.326899999999995
 10
35.98616666666667
 20
41.3259
  0
LWPOLYLINE
  5
67E
330
17
100
AcDbEntity
  8
PARTS
100
AcDbPolyline
 90
2
 70
0
 10
35.98616666666667
 20
41.326899999999995
 10
36.00206666666667
 20
41.326899999999995
  0
LWPOLYLINE
  5
67F
330
17
100
AcDbEntity
  8
PARTS
100
AcDbPolyline
 90
2
 70
0
 10
36.00206666666667
 20
41.326899999999995
 10
36.00206666666667
 20
41.3259
  0
LWPOLYLINE
  5
680
330
17
100
AcDbEntity
  8
PARTS
100
AcDbPolyline
 90
2
 70
0
 10
36.00736666666666
 20
41.326899999999995
 10
36.00736666666666
 20
41.3259
  0
LWPOLYLINE
  5
681
330
17
100
AcDbEntity
  8
PARTS
100
AcDbPolyline
 90
2
 70
0
 10
36.00206666666667
 20
41.326899999999995
 10
36.00736666666666
 20
41.326899999999995
  0
LWPOLYLINE
  5
682
330
17
100
AcDbEntity
  8
PARTS
100
AcDbPolyline
 90
2
 70
0
 10
36.007666666666665
 20
41.326899999999995
 10
36.007666666666665
 20
41.3259
  0
LWPOLYLINE
  5
683
330
17
100
AcDbEntity
  8
PARTS
100
AcDbPolyline
 90
2
 70
0
 10
36.00736666666666
 20
41.326899999999995
 10
36.007666666666665
 20
41.326899999999995
  0
LWPOLYLINE
  5
684
330
17
100
AcDbEntity
  8
PARTS
100
AcDbPolyline
 90
2
 70
0
 10
35.95376666666667
 20
41.326899999999995
 10
35.95376666666667
 20
41.3259
  0
LWPOLYLINE
  5
685
330
17
100
AcDbEntity
  8
PARTS
100
AcDbPolyline
 90
2
 70
0
 10
35.95376666666667
 20
41.326899999999995
 10
35.96346666666667
 20
41.326899999999995
  0
LWPOLYLINE
  5
686
330
17
100
AcDbEntity
  8
PARTS
100
AcDbPolyline
 90
2
 70
0
 10
35.96346666666667
 20
41.326899999999995
 10
35.97846666666667
 20
41.326899999999995
  0
LWPOLYLINE
  5
687
330
17
100
AcDbEntity
  8
PARTS
100
AcDbPolyline
 90
2
 70
0
 10
35.97846666666667
 20
41.326899999999995
 10
35.984366666666666
 20
41.326899999999995
  0
LWPOLYLINE
  5
688
330
17
100
AcDbEntity
  8
PARTS
100
AcDbPolyline
 90
2
 70
0
 10
35.984366666666666
 20
41.326899999999995
 10
35.984366666666666
 20
41.326899999999995
  0
LWPOLYLINE
  5
689
330
17
100
AcDbEntity
  8
PARTS
100
AcDbPolyline
 90
2
 70
0
 10
35.984366666666666
 20
41.326899999999995
 10
35.984366666666666
 20
41.326899999999995
  0
LWPOLYLINE
  5
68A
330
17
100
AcDbEntity
  8
PARTS
100
AcDbPolyline
 90
2
 70
0
 10
35.92406666666667
 20
41.326899999999995
 10
35.92406666666667
 20
41.3259
  0
LWPOLYLINE
  5
68B
330
17
100
AcDbEntity
  8
PARTS
100
AcDbPolyline
 90
2
 70
0
 10
35.92406666666667
 20
41.326899999999995
 10
35.92466666666667
 20
41.326899999999995
  0
LWPOLYLINE
  5
68C
330
17
100
AcDbEntity
  8
PARTS
100
AcDbPolyline
 90
2
 70
0
 10
35.92466666666667
 20
41.326899999999995
 10
35.92466666666667
 20
41.3259
  0
LWPOLYLINE
  5
68D
330
17
100
AcDbEntity
  8
PARTS
100
AcDbPolyline
 90
2
 70
0
 10
35.94566666666667
 20
41.326899999999995
 10
35.94566666666667
 20
41.3259
  0
LWPOLYLINE
  5
68E
330
17
100
AcDbEntity
  8
PARTS
100
AcDbPolyline
 90
2
 70
0
 10
35.92466666666667
 20
41.326899999999995
 10
35.94566666666667
 20
41.326899999999995
  0
LWPOLYLINE
  5
68F
330
17
100
AcDbEntity
  8
PARTS
100
AcDbPolyline
 90
2
 70
0
 10
35.94596666666666
 20
41.326899999999995
 10
35.94596666666666
 20
41.3259
  0
LWPOLYLINE
  5
690
330
17
100
AcDbEntity
  8
PARTS
100
AcDbPolyline
 90
2
 70
0
 10
35.94566666666667
 20
41.326899999999995
 10
35.94596666666666
 20
41.326899999999995
  0
LWPOLYLINE
  5
691
330
17
100
AcDbEntity
  8
PARTS
100
AcDbPolyline
 90
2
 70
0
 10
35.88316666666667
 20
41.326899999999995
 10
35.88316666666667
 20
41.326899999999995
  0
LWPOLYLINE
  5
692
330
17
100
AcDbEntity
  8
PARTS
100
AcDbPolyline
 90
2
 70
0
 10
35.88316666666667
 20
41.326899999999995
 10
35.88916666666667
 20
41.326899999999995
  0
LWPOLYLINE
  5
693
330
17
100
AcDbEntity
  8
PARTS
100
AcDbPolyline
 90
2
 70
0
 10
35.88916666666667
 20
41.326899999999995
 10
35.90446666666667
 20
41.326899999999995
  0
LWPOLYLINE
  5
694
330
17
100
AcDbEntity
  8
PARTS
100
AcDbPolyline
 90
2
 70
0
 10
35.90446666666667
 20
41.326899999999995
 10
35.916066666666666
 20
41.326899999999995
  0
LWPOLYLINE
  5
695
330
17
100
AcDbEntity
  8
PARTS
100
AcDbPolyline
 90
2
 70
0
 10
35.916066666666666
 20
41.326899999999995
 10
35.91636666666667
 20
41.326899999999995
  0
LWPOLYLINE
  5
696
330
17
100
AcDbEntity
  8
PARTS
100
AcDbPolyline
 90
2
 70
0
 10
35.91636666666667
 20
41.326899999999995
 10
35.91636666666667
 20
41.3259
  0
LWPOLYLINE
  5
697
330
17
100
AcDbEntity
  8
PARTS
100
AcDbPolyline
 90
2
 70
0
 10
35.916066666666666
 20
41.326899999999995
 10
35.916066666666666
 20
41.3259
  0
LWPOLYLINE
  5
698
330
17
100
AcDbEntity
  8
PARTS
100
AcDbPolyline
 90
2
 70
0
 10
35.84446666666667
 20
41.326899999999995
 10
35.85966666666667
 20
41.326899999999995
  0
LWPOLYLINE
  5
699
330
17
100
AcDbEntity
  8
PARTS
100
AcDbPolyline
 90
2
 70
0
 10
35.85966666666667
 20
41.326899999999995
 10
35.86526666666666
 20
41.326899999999995
  0
LWPOLYLINE
  5
69A
330
17
100
AcDbEntity
  8
PARTS
100
AcDbPolyline
 90
2
 70
0
 10
35.86526666666666
 20
41.326899999999995
 10
35.880966666666666
 20
41.326899999999995
  0
LWPOLYLINE
  5
69B
330
17
100
AcDbEntity
  8
PARTS
100
AcDbPolyline
 90
2
 70
0
 10
35.85966666666667
 20
41.326899999999995
 10
35.85966666666667
 20
41.3259
  0
LWPOLYLINE
  5
69C
330
17
100
AcDbEntity
  8
PARTS
100
AcDbPolyline
 90
2
 70
0
 10
35.84446666666667
 20
41.326899999999995
 10
35.84446666666667
 20
41.3259
  0
LWPOLYLINE
  5
69D
330
17
100
AcDbEntity
  8
PARTS
100
AcDbPolyline
 90
2
 70
0
 10
35.86526666666666
 20
41.326899999999995
 10
35.86526666666666
 20
41.3259
  0
LWPOLYLINE
  5
69E
330
17
100
AcDbEntity
  8
PARTS
100
AcDbPolyline
 90
2
 70
0
 10
35.880966666666666
 20
41.326899999999995
 10
35.880966666666666
 20
41.3259
  0
LWPOLYLINE
  5
69F
330
17
100
AcDbEntity
  8
PARTS
100
AcDbPolyline
 90
2
 70
0
 10
36.007866666666665
 20
41.326899999999995
 10
36.007866666666665
 20
41.3259
  0
LWPOLYLINE
  5
6A0
330
17
100
AcDbEntity
  8
PARTS
100
AcDbPolyline
 90
2
 70
0
 10
36.007666666666665
 20
41.326899999999995
 10
36.007866666666665
 20
41.326899999999995
  0
LWPOLYLINE
  5
6A1
330
17
100
AcDbEntity
  8
PARTS
100
AcDbPolyline
 90
2
 70
0
 10
36.00806666666667
 20
41.326899999999995
 10
36.00806666666667
 20
41.3259
  0
LWPOLYLINE
  5
6A2
330
17
100
AcDbEntity
  8
PARTS
100
AcDbPolyline
 90
2
 70
0
 10
36.007866666666665
 20
41.326899999999995
 10
36.00806666666667
 20
41.326899999999995
  0
LWPOLYLINE
  5
6A3
330
17
100
AcDbEntity
  8
PARTS
100
AcDbPolyline
 90
2
 70
0
 10
35.950966666666666
 20
41.326899999999995
 10
35.95106666666667
 20
41.326899999999995
  0
LWPOLYLINE
  5
6A4
330
17
100
AcDbEntity
  8
PARTS
100
AcDbPolyline
 90
2
 70
0
 10
35.95106666666667
 20
41.326899999999995
 10
35.95106666666667
 20
41.3259
  0
LWPOLYLINE
  5
6A5
330
17
100
AcDbEntity
  8
PARTS
100
AcDbPolyline
 90
2
 70
0
 10
35.95106666666667
 20
41.326899999999995
 10
35.95106666666667
 20
41.3259
  0
LWPOLYLINE
  5
6A6
330
17
100
AcDbEntity
  8
PARTS
100
AcDbPolyline
 90
2
 70
0
 10
35.95106666666667
 20
41.326899999999995
 10
35.95106666666667
 20
41.326899999999995
  0
LWPOLYLINE
  5
6A7
330
17
100
AcDbEntity
  8
PARTS
100
AcDbPolyline
 90
2
 70
0
 10
35.94596666666666
 20
41.326899999999995
 10
35.94766666666667
 20
41.326899999999995
  0
LWPOLYLINE
  5
6A8
330
17
100
AcDbEntity
  8
PARTS
100
AcDbPolyline
 90
2
 70
0
 10
35.94766666666667
 20
41.326899999999995
 10
35.950966666666666
 20
41.326899999999995
  0
LWPOLYLINE
  5
6A9
330
17
100
AcDbEntity
  8
PARTS
100
AcDbPolyline
 90
2
 70
0
 10
35.950966666666666
 20
41.326899999999995
 10
35.950966666666666
 20
41.326899999999995
  0
LWPOLYLINE
  5
6AA
330
17
100
AcDbEntity
  8
PARTS
100
AcDbPolyline
 90
2
 70
0
 10
35.950966666666666
 20
41.326899999999995
 10
35.950966666666666
 20
41.326899999999995
  0
LWPOLYLINE
  5
6AB
330
17
100
AcDbEntity
  8
PARTS
100
AcDbPolyline
 90
2
 70
0
 10
35.92296666666667
 20
41.326899999999995
 10
35.92296666666667
 20
41.3259
  0
LWPOLYLINE
  5
6AC
330
17
100
AcDbEntity
  8
PARTS
100
AcDbPolyline
 90
2
 70
0
 10
35.91636666666667
 20
41.326899999999995
 10
35.92296666666667
 20
41.326899999999995
  0
LWPOLYLINE
  5
6AD
330
17
100
AcDbEntity
  8
PARTS
100
AcDbPolyline
 90
2
 70
0
 10
35.92296666666667
 20
41.326899999999995
 10
35.92406666666667
 20
41.326899999999995
  0
LWPOLYLINE
  5
6AE
330
17
100
AcDbEntity
  8
PARTS
100
AcDbPolyline
 90
2
 70
0
 10
35.880966666666666
 20
41.326899999999995
 10
35.88316666666667
 20
41.326899999999995
  0
LWPOLYLINE
  5
6AF
330
17
100
AcDbEntity
  8
PARTS
100
AcDbPolyline
 90
2
 70
0
 10
35.83266666666667
 20
41.326899999999995
 10
35.83266666666667
 20
41.326899999999995
  0
LWPOLYLINE
  5
6B0
330
17
100
AcDbEntity
  8
PARTS
100
AcDbPolyline
 90
2
 70
0
 10
35.83266666666667
 20
41.326899999999995
 10
35.83866666666667
 20
41.326899999999995
  0
LWPOLYLINE
  5
6B1
330
17
100
AcDbEntity
  8
PARTS
100
AcDbPolyline
 90
2
 70
0
 10
35.83866666666667
 20
41.326899999999995
 10
35.84446666666667
 20
41.326899999999995
  0
LWPOLYLINE
  5
6B2
330
17
100
AcDbEntity
  8
PARTS
100
AcDbPolyline
 90
2
 70
0
 10
35.79396666666667
 20
41.326899999999995
 10
35.80916666666667
 20
41.326899999999995
  0
LWPOLYLINE
  5
6B3
330
17
100
AcDbEntity
  8
PARTS
100
AcDbPolyline
 90
2
 70
0
 10
35.80916666666667
 20
41.326899999999995
 10
35.814766666666664
 20
41.326899999999995
  0
LWPOLYLINE
  5
6B4
330
17
100
AcDbEntity
  8
PARTS
100
AcDbPolyline
 90
2
 70
0
 10
35.814766666666664
 20
41.326899999999995
 10
35.83056666666667
 20
41.326899999999995
  0
LWPOLYLINE
  5
6B5
330
17
100
AcDbEntity
  8
PARTS
100
AcDbPolyline
 90
2
 70
0
 10
35.80916666666667
 20
41.326899999999995
 10
35.80916666666667
 20
41.3259
  0
LWPOLYLINE
  5
6B6
330
17
100
AcDbEntity
  8
PARTS
100
AcDbPolyline
 90
2
 70
0
 10
35.79396666666667
 20
41.326899999999995
 10
35.79396666666667
 20
41.3259
  0
LWPOLYLINE
  5
6B7
330
17
100
AcDbEntity
  8
PARTS
100
AcDbPolyline
 90
2
 70
0
 10
35.814766666666664
 20
41.326899999999995
 10
35.814766666666664
 20
41.3259
  0
LWPOLYLINE
  5
6B8
330
17
100
AcDbEntity
  8
PARTS
100
AcDbPolyline
 90
2
 70
0
 10
35.83056666666667
 20
41.326899999999995
 10
35.83056666666667
 20
41.3259
  0
LWPOLYLINE
  5
6B9
330
17
100
AcDbEntity
  8
PARTS
100
AcDbPolyline
 90
2
 70
0
 10
36.04116666666667
 20
41.326899999999995
 10
36.06946666666666
 20
41.326899999999995
  0
LWPOLYLINE
  5
6BA
330
17
100
AcDbEntity
  8
PARTS
100
AcDbPolyline
 90
2
 70
0
 10
36.06946666666666
 20
41.326899999999995
 10
36.084966666666666
 20
41.326899999999995
  0
LWPOLYLINE
  5
6BB
330
17
100
AcDbEntity
  8
PARTS
100
AcDbPolyline
 90
2
 70
0
 10
36.084966666666666
 20
41.326899999999995
 10
36.12416666666667
 20
41.326899999999995
  0
LWPOLYLINE
  5
6BC
330
17
100
AcDbEntity
  8
PARTS
100
AcDbPolyline
 90
2
 70
0
 10
36.12416666666667
 20
41.326899999999995
 10
36.158966666666664
 20
41.326899999999995
  0
LWPOLYLINE
  5
6BD
330
17
100
AcDbEntity
  8
PARTS
100
AcDbPolyline
 90
2
 70
0
 10
36.158966666666664
 20
41.326899999999995
 10
36.17176666666666
 20
41.326899999999995
  0
LWPOLYLINE
  5
6BE
330
17
100
AcDbEntity
  8
PARTS
100
AcDbPolyline
 90
2
 70
0
 10
36.17176666666666
 20
41.326899999999995
 10
36.178466666666665
 20
41.326899999999995
  0
LWPOLYLINE
  5
6BF
330
17
100
AcDbEntity
  8
PARTS
100
AcDbPolyline
 90
2
 70
0
 10
36.178466666666665
 20
41.326899999999995
 10
36.21176666666667
 20
41.326899999999995
  0
LWPOLYLINE
  5
6C0
330
17
100
AcDbEntity
  8
PARTS
100
AcDbPolyline
 90
2
 70
0
 10
36.21176666666667
 20
41.326899999999995
 10
36.225566666666666
 20
41.326899999999995
  0
LWPOLYLINE
  5
6C1
330
17
100
AcDbEntity
  8
PARTS
100
AcDbPolyline
 90
2
 70
0
 10
36.225566666666666
 20
41.326899999999995
 10
36.225566666666666
 20
41.326899999999995
  0
LWPOLYLINE
  5
6C2
330
17
100
AcDbEntity
  8
PARTS
100
AcDbPolyline
 90
2
 70
0
 10
36.225566666666666
 20
41.326899999999995
 10
36.225566666666666
 20
41.326899999999995
  0
LWPOLYLINE
  5
6C3
330
17
100
AcDbEntity
  8
PARTS
100
AcDbPolyline
 90
2
 70
0
 10
36.04116666666667
 20
41.326899999999995
 10
36.04116666666667
 20
41.3259
  0
LWPOLYLINE
  5
6C4
330
17
100
AcDbEntity
  8
PARTS
100
AcDbPolyline
 90
2
 70
0
 10
36.06946666666666
 20
41.326899999999995
 10
36.06946666666666
 20
41.3259
  0
LWPOLYLINE
  5
6C5
330
17
100
AcDbEntity
  8
PARTS
100
AcDbPolyline
 90
2
 70
0
 10
36.084966666666666
 20
41.326899999999995
 10
36.084966666666666
 20
41.3259
  0
LWPOLYLINE
  5
6C6
330
17
100
AcDbEntity
  8
PARTS
100
AcDbPolyline
 90
2
 70
0
 10
36.17176666666666
 20
41.326899999999995
 10
36.17176666666666
 20
41.3259
  0
LWPOLYLINE
  5
6C7
330
17
100
AcDbEntity
  8
PARTS
100
AcDbPolyline
 90
2
 70
0
 10
43.78466666666666
 20
41.3219
 10
43.78466666666666
 20
41.1219
  0
LWPOLYLINE
  5
6C8
330
17
100
AcDbEntity
  8
PARTS
100
AcDbPolyline
 90
2
 70
0
 10
43.78466666666666
 20
40.521899999999995
 10
43.78466666666666
 20
40.3219
  0
LWPOLYLINE
  5
6C9
330
17
100
AcDbEntity
  8
PARTS
100
AcDbPolyline
 90
2
 70
0
 10
43.834666666666664
 20
41.1219
 10
43.78466666666666
 20
41.1219
  0
LWPOLYLINE
  5
6CA
330
17
100
AcDbEntity
  8
PARTS
100
AcDbPolyline
 90
2
 70
0
 10
43.834666666666664
 20
40.521899999999995
 10
43.834666666666664
 20
40.5319
  0
LWPOLYLINE
  5
6CB
330
17
100
AcDbEntity
  8
PARTS
100
AcDbPolyline
 90
2
 70
0
 10
43.834666666666664
 20
41.1119
 10
43.834666666666664
 20
41.1219
  0
LWPOLYLINE
  5
6CC
330
17
100
AcDbEntity
  8
PARTS
100
AcDbPolyline
 90
2
 70
0
 10
43.78466666666666
 20
40.521899999999995
 10
43.834666666666664
 20
40.521899999999995
  0
LWPOLYLINE
  5
6CD
330
17
100
AcDbEntity
  8
PARTS
100
AcDbPolyline
 90
2
 70
0
 10
43.78466666666666
 20
40.3219
 10
44.28466666666666
 20
40.3219
  0
LWPOLYLINE
  5
6CE
330
17
100
AcDbEntity
  8
PARTS
100
AcDbPolyline
 90
2
 70
0
 10
44.28466666666666
 20
40.3219
 10
44.28466666666666
 20
40.521899999999995
  0
LWPOLYLINE
  5
6CF
330
17
100
AcDbEntity
  8
PARTS
100
AcDbPolyline
 90
2
 70
0
 10
44.28466666666666
 20
40.521899999999995
 10
44.23466666666667
 20
40.521899999999995
  0
LWPOLYLINE
  5
6D0
330
17
100
AcDbEntity
  8
PARTS
100
AcDbPolyline
 90
2
 70
0
 10
44.23466666666667
 20
41.1219
 10
44.23466666666667
 20
41.1119
  0
LWPOLYLINE
  5
6D1
330
17
100
AcDbEntity
  8
PARTS
100
AcDbPolyline
 90
2
 70
0
 10
44.23466666666667
 20
40.5319
 10
44.23466666666667
 20
40.521899999999995
  0
LWPOLYLINE
  5
6D2
330
17
100
AcDbEntity
  8
PARTS
100
AcDbPolyline
 90
2
 70
0
 10
44.23466666666667
 20
41.1219
 10
44.28466666666666
 20
41.1219
  0
LWPOLYLINE
  5
6D3
330
17
100
AcDbEntity
  8
PARTS
100
AcDbPolyline
 90
2
 70
0
 10
44.28466666666666
 20
41.1219
 10
44.28466666666666
 20
41.3219
  0
LWPOLYLINE
  5
6D4
330
17
100
AcDbEntity
  8
PARTS
100
AcDbPolyline
 90
2
 70
0
 10
44.28466666666666
 20
41.3219
 10
43.78466666666666
 20
41.3219
  0
LWPOLYLINE
  5
6D5
330
17
100
AcDbEntity
  8
PARTS
100
AcDbPolyline
 90
2
 70
0
 10
44.28466666666666
 20
41.1219
 10
44.28466666666666
 20
40.521899999999995
  0
LWPOLYLINE
  5
6D6
330
17
100
AcDbEntity
  8
PARTS
100
AcDbPolyline
 90
2
 70
0
 10
43.78466666666666
 20
40.521899999999995
 10
43.78466666666666
 20
41.1219
  0
LWPOLYLINE
  5
6D7
330
17
100
AcDbEntity
  8
PARTS
100
AcDbPolyline
 90
2
 70
0
 10
43.79466666666667
 20
40.5319
 10
44.27466666666667
 20
40.5319
  0
LWPOLYLINE
  5
6D8
330
17
100
AcDbEntity
  8
PARTS
100
AcDbPolyline
 90
2
 70
0
 10
44.27466666666667
 20
40.5319
 10
44.27466666666667
 20
41.1119
  0
LWPOLYLINE
  5
6D9
330
17
100
AcDbEntity
  8
PARTS
100
AcDbPolyline
 90
2
 70
0
 10
44.27466666666667
 20
41.1119
 10
43.79466666666667
 20
41.1119
  0
LWPOLYLINE
  5
6DA
330
17
100
AcDbEntity
  8
PARTS
100
AcDbPolyline
 90
2
 70
0
 10
43.79466666666667
 20
41.1119
 10
43.79466666666667
 20
40.5319
  0
LWPOLYLINE
  5
6DB
330
17
100
AcDbEntity
  8
PARTS
100
AcDbPolyline
 90
2
 70
0
 10
43.78466666666666
 20
41.1219
 10
43.79466666666667
 20
41.1119
  0
LWPOLYLINE
  5
6DC
330
17
100
AcDbEntity
  8
PARTS
100
AcDbPolyline
 90
2
 70
0
 10
43.79466666666667
 20
40.5319
 10
43.78466666666666
 20
40.521899999999995
  0
LWPOLYLINE
  5
6DD
330
17
100
AcDbEntity
  8
PARTS
100
AcDbPolyline
 90
2
 70
0
 10
44.27466666666667
 20
40.5319
 10
44.28466666666666
 20
40.521899999999995
  0
LWPOLYLINE
  5
6DE
330
17
100
AcDbEntity
  8
PARTS
100
AcDbPolyline
 90
2
 70
0
 10
44.28466666666666
 20
41.1219
 10
44.27466666666667
 20
41.1119
  0
LWPOLYLINE
  5
6DF
330
17
100
AcDbEntity
  8
PARTS
100
AcDbPolyline
 90
2
 70
0
 10
43.78366666666667
 20
40.7744
 10
43.78466666666666
 20
40.7744
  0
LWPOLYLINE
  5
6E0
330
17
100
AcDbEntity
  8
PARTS
100
AcDbPolyline
 90
2
 70
0
 10
43.78366666666667
 20
40.7744
 10
43.78366666666667
 20
40.7904
  0
LWPOLYLINE
  5
6E1
330
17
100
AcDbEntity
  8
PARTS
100
AcDbPolyline
 90
2
 70
0
 10
43.78366666666667
 20
40.7904
 10
43.78466666666666
 20
40.7904
  0
LWPOLYLINE
  5
6E2
330
17
100
AcDbEntity
  8
PARTS
100
AcDbPolyline
 90
2
 70
0
 10
43.78366666666667
 20
40.7956
 10
43.78466666666666
 20
40.7956
  0
LWPOLYLINE
  5
6E3
330
17
100
AcDbEntity
  8
PARTS
100
AcDbPolyline
 90
2
 70
0
 10
43.78366666666667
 20
40.7904
 10
43.78366666666667
 20
40.7956
  0
LWPOLYLINE
  5
6E4
330
17
100
AcDbEntity
  8
PARTS
100
AcDbPolyline
 90
2
 70
0
 10
43.78366666666667
 20
40.795899999999996
 10
43.78466666666666
 20
40.795899999999996
  0
LWPOLYLINE
  5
6E5
330
17
100
AcDbEntity
  8
PARTS
100
AcDbPolyline
 90
2
 70
0
 10
43.78366666666667
 20
40.7956
 10
43.78366666666667
 20
40.795899999999996
  0
LWPOLYLINE
  5
6E6
330
17
100
AcDbEntity
  8
PARTS
100
AcDbPolyline
 90
2
 70
0
 10
43.78366666666667
 20
40.742
 10
43.78466666666666
 20
40.742
  0
LWPOLYLINE
  5
6E7
330
17
100
AcDbEntity
  8
PARTS
100
AcDbPolyline
 90
2
 70
0
 10
43.78366666666667
 20
40.742
 10
43.78366666666667
 20
40.7517
  0
LWPOLYLINE
  5
6E8
330
17
100
AcDbEntity
  8
PARTS
100
AcDbPolyline
 90
2
 70
0
 10
43.78366666666667
 20
40.7517
 10
43.78366666666667
 20
40.7667
  0
LWPOLYLINE
  5
6E9
330
17
100
AcDbEntity
  8
PARTS
100
AcDbPolyline
 90
2
 70
0
 10
43.78366666666667
 20
40.7667
 10
43.78366666666667
 20
40.7726
  0
LWPOLYLINE
  5
6EA
330
17
100
AcDbEntity
  8
PARTS
100
AcDbPolyline
 90
2
 70
0
 10
43.78366666666667
 20
40.7726
 10
43.78366666666667
 20
40.7726
  0
LWPOLYLINE
  5
6EB
330
17
100
AcDbEntity
  8
PARTS
100
AcDbPolyline
 90
2
 70
0
 10
43.78366666666667
 20
40.7726
 10
43.78366666666667
 20
40.7726
  0
LWPOLYLINE
  5
6EC
330
17
100
AcDbEntity
  8
PARTS
100
AcDbPolyline
 90
2
 70
0
 10
43.78366666666667
 20
40.7123
 10
43.78466666666666
 20
40.7123
  0
LWPOLYLINE
  5
6ED
330
17
100
AcDbEntity
  8
PARTS
100
AcDbPolyline
 90
2
 70
0
 10
43.78366666666667
 20
40.7123
 10
43.78366666666667
 20
40.7129
  0
LWPOLYLINE
  5
6EE
330
17
100
AcDbEntity
  8
PARTS
100
AcDbPolyline
 90
2
 70
0
 10
43.78366666666667
 20
40.7129
 10
43.78466666666666
 20
40.7129
  0
LWPOLYLINE
  5
6EF
330
17
100
AcDbEntity
  8
PARTS
100
AcDbPolyline
 90
2
 70
0
 10
43.78366666666667
 20
40.7339
 10
43.78466666666666
 20
40.7339
  0
LWPOLYLINE
  5
6F0
330
17
100
AcDbEntity
  8
PARTS
100
AcDbPolyline
 90
2
 70
0
 10
43.78366666666667
 20
40.7129
 10
43.78366666666667
 20
40.7339
  0
LWPOLYLINE
  5
6F1
330
17
100
AcDbEntity
  8
PARTS
100
AcDbPolyline
 90
2
 70
0
 10
43.78366666666667
 20
40.734199999999994
 10
43.78466666666666
 20
40.734199999999994
  0
LWPOLYLINE
  5
6F2
330
17
100
AcDbEntity
  8
PARTS
100
AcDbPolyline
 90
2
 70
0
 10
43.78366666666667
 20
40.7339
 10
43.78366666666667
 20
40.734199999999994
  0
LWPOLYLINE
  5
6F3
330
17
100
AcDbEntity
  8
PARTS
100
AcDbPolyline
 90
2
 70
0
 10
43.78366666666667
 20
40.6714
 10
43.78366666666667
 20
40.6714
  0
LWPOLYLINE
  5
6F4
330
17
100
AcDbEntity
  8
PARTS
100
AcDbPolyline
 90
2
 70
0
 10
43.78366666666667
 20
40.6714
 10
43.78366666666667
 20
40.6774
  0
LWPOLYLINE
  5
6F5
330
17
100
AcDbEntity
  8
PARTS
100
AcDbPolyline
 90
2
 70
0
 10
43.78366666666667
 20
40.6774
 10
43.78366666666667
 20
40.692699999999995
  0
LWPOLYLINE
  5
6F6
330
17
100
AcDbEntity
  8
PARTS
100
AcDbPolyline
 90
2
 70
0
 10
43.78366666666667
 20
40.692699999999995
 10
43.78366666666667
 20
40.704299999999996
  0
LWPOLYLINE
  5
6F7
330
17
100
AcDbEntity
  8
PARTS
100
AcDbPolyline
 90
2
 70
0
 10
43.78366666666667
 20
40.704299999999996
 10
43.78366666666667
 20
40.7046
  0
LWPOLYLINE
  5
6F8
330
17
100
AcDbEntity
  8
PARTS
100
AcDbPolyline
 90
2
 70
0
 10
43.78366666666667
 20
40.7046
 10
43.78466666666666
 20
40.7046
  0
LWPOLYLINE
  5
6F9
330
17
100
AcDbEntity
  8
PARTS
100
AcDbPolyline
 90
2
 70
0
 10
43.78366666666667
 20
40.704299999999996
 10
43.78466666666666
 20
40.704299999999996
  0
LWPOLYLINE
  5
6FA
330
17
100
AcDbEntity
  8
PARTS
100
AcDbPolyline
 90
2
 70
0
 10
43.78366666666667
 20
40.6327
 10
43.78366666666667
 20
40.6479
  0
LWPOLYLINE
  5
6FB
330
17
100
AcDbEntity
  8
PARTS
100
AcDbPolyline
 90
2
 70
0
 10
43.78366666666667
 20
40.6479
 10
43.78366666666667
 20
40.653499999999994
  0
LWPOLYLINE
  5
6FC
330
17
100
AcDbEntity
  8
PARTS
100
AcDbPolyline
 90
2
 70
0
 10
43.78366666666667
 20
40.653499999999994
 10
43.78366666666667
 20
40.6693
  0
LWPOLYLINE
  5
6FD
330
17
100
AcDbEntity
  8
PARTS
100
AcDbPolyline
 90
2
 70
0
 10
43.78366666666667
 20
40.6479
 10
43.78466666666666
 20
40.6479
  0
LWPOLYLINE
  5
6FE
330
17
100
AcDbEntity
  8
PARTS
100
AcDbPolyline
 90
2
 70
0
 10
43.78366666666667
 20
40.6327
 10
43.78466666666666
 20
40.6327
  0
LWPOLYLINE
  5
6FF
330
17
100
AcDbEntity
  8
PARTS
100
AcDbPolyline
 90
2
 70
0
 10
43.78366666666667
 20
40.653499999999994
 10
43.78466666666666
 20
40.653499999999994
  0
LWPOLYLINE
  5
700
330
17
100
AcDbEntity
  8
PARTS
100
AcDbPolyline
 90
2
 70
0
 10
43.78366666666667
 20
40.6693
 10
43.78466666666666
 20
40.6693
  0
LWPOLYLINE
  5
701
330
17
100
AcDbEntity
  8
PARTS
100
AcDbPolyline
 90
2
 70
0
 10
43.78366666666667
 20
40.796099999999996
 10
43.78466666666666
 20
40.796099999999996
  0
LWPOLYLINE
  5
702
330
17
100
AcDbEntity
  8
PARTS
100
AcDbPolyline
 90
2
 70
0
 10
43.78366666666667
 20
40.795899999999996
 10
43.78366666666667
 20
40.796099999999996
  0
LWPOLYLINE
  5
703
330
17
100
AcDbEntity
  8
PARTS
100
AcDbPolyline
 90
2
 70
0
 10
43.78366666666667
 20
40.796299999999995
 10
43.78466666666666
 20
40.796299999999995
  0
LWPOLYLINE
  5
704
330
17
100
AcDbEntity
  8
PARTS
100
AcDbPolyline
 90
2
 70
0
 10
43.78366666666667
 20
40.796099999999996
 10
43.78366666666667
 20
40.796299999999995
  0
LWPOLYLINE
  5
705
330
17
100
AcDbEntity
  8
PARTS
100
AcDbPolyline
 90
2
 70
0
 10
43.78366666666667
 20
40.7392
 10
43.78366666666667
 20
40.7393
  0
LWPOLYLINE
  5
706
330
17
100
AcDbEntity
  8
PARTS
100
AcDbPolyline
 90
2
 70
0
 10
43.78366666666667
 20
40.7393
 10
43.78466666666666
 20
40.7393
  0
LWPOLYLINE
  5
707
330
17
100
AcDbEntity
  8
PARTS
100
AcDbPolyline
 90
2
 70
0
 10
43.78366666666667
 20
40.7393
 10
43.78466666666666
 20
40.7393
  0
LWPOLYLINE
  5
708
330
17
100
AcDbEntity
  8
PARTS
100
AcDbPolyline
 90
2
 70
0
 10
43.78366666666667
 20
40.7393
 10
43.78366666666667
 20
40.7393
  0
LWPOLYLINE
  5
709
330
17
100
AcDbEntity
  8
PARTS
100
AcDbPolyline
 90
2
 70
0
 10
43.78366666666667
 20
40.734199999999994
 10
43.78366666666667
 20
40.735899999999994
  0
LWPOLYLINE
  5
70A
330
17
100
AcDbEntity
  8
PARTS
100
AcDbPolyline
 90
2
 70
0
 10
43.78366666666667
 20
40.735899999999994
 10
43.78366666666667
 20
40.7392
  0
LWPOLYLINE
  5
70B
330
17
100
AcDbEntity
  8
PARTS
100
AcDbPolyline
 90
2
 70
0
 10
43.78366666666667
 20
40.7392
 10
43.78366666666667
 20
40.7392
  0
LWPOLYLINE
  5
70C
330
17
100
AcDbEntity
  8
PARTS
100
AcDbPolyline
 90
2
 70
0
 10
43.78366666666667
 20
40.7392
 10
43.78366666666667
 20
40.7392
  0
LWPOLYLINE
  5
70D
330
17
100
AcDbEntity
  8
PARTS
100
AcDbPolyline
 90
2
 70
0
 10
43.78366666666667
 20
40.7112
 10
43.78466666666666
 20
40.7112
  0
LWPOLYLINE
  5
70E
330
17
100
AcDbEntity
  8
PARTS
100
AcDbPolyline
 90
2
 70
0
 10
43.78366666666667
 20
40.7046
 10
43.78366666666667
 20
40.7112
  0
LWPOLYLINE
  5
70F
330
17
100
AcDbEntity
  8
PARTS
100
AcDbPolyline
 90
2
 70
0
 10
43.78366666666667
 20
40.7112
 10
43.78366666666667
 20
40.7123
  0
LWPOLYLINE
  5
710
330
17
100
AcDbEntity
  8
PARTS
100
AcDbPolyline
 90
2
 70
0
 10
43.78366666666667
 20
40.6693
 10
43.78366666666667
 20
40.6714
  0
LWPOLYLINE
  5
711
330
17
100
AcDbEntity
  8
PARTS
100
AcDbPolyline
 90
2
 70
0
 10
43.78366666666667
 20
40.6209
 10
43.78366666666667
 20
40.6209
  0
LWPOLYLINE
  5
712
330
17
100
AcDbEntity
  8
PARTS
100
AcDbPolyline
 90
2
 70
0
 10
43.78366666666667
 20
40.6209
 10
43.78366666666667
 20
40.6269
  0
LWPOLYLINE
  5
713
330
17
100
AcDbEntity
  8
PARTS
100
AcDbPolyline
 90
2
 70
0
 10
43.78366666666667
 20
40.6269
 10
43.78366666666667
 20
40.6327
  0
LWPOLYLINE
  5
714
330
17
100
AcDbEntity
  8
PARTS
100
AcDbPolyline
 90
2
 70
0
 10
43.78366666666667
 20
40.5822
 10
43.78366666666667
 20
40.5974
  0
LWPOLYLINE
  5
715
330
17
100
AcDbEntity
  8
PARTS
100
AcDbPolyline
 90
2
 70
0
 10
43.78366666666667
 20
40.5974
 10
43.78366666666667
 20
40.602999999999994
  0
LWPOLYLINE
  5
716
330
17
100
AcDbEntity
  8
PARTS
100
AcDbPolyline
 90
2
 70
0
 10
43.78366666666667
 20
40.602999999999994
 10
43.78366666666667
 20
40.6188
  0
LWPOLYLINE
  5
717
330
17
100
AcDbEntity
  8
PARTS
100
AcDbPolyline
 90
2
 70
0
 10
43.78366666666667
 20
40.5974
 10
43.78466666666666
 20
40.5974
  0
LWPOLYLINE
  5
718
330
17
100
AcDbEntity
  8
PARTS
100
AcDbPolyline
 90
2
 70
0
 10
43.78366666666667
 20
40.5822
 10
43.78466666666666
 20
40.5822
  0
LWPOLYLINE
  5
719
330
17
100
AcDbEntity
  8
PARTS
100
AcDbPolyline
 90
2
 70
0
 10
43.78366666666667
 20
40.602999999999994
 10
43.78466666666666
 20
40.602999999999994
  0
LWPOLYLINE
  5
71A
330
17
100
AcDbEntity
  8
PARTS
100
AcDbPolyline
 90
2
 70
0
 10
43.78366666666667
 20
40.6188
 10
43.78466666666666
 20
40.6188
  0
LWPOLYLINE
  5
71B
330
17
100
AcDbEntity
  8
PARTS
100
AcDbPolyline
 90
2
 70
0
 10
43.78366666666667
 20
40.8294
 10
43.78366666666667
 20
40.857699999999994
  0
LWPOLYLINE
  5
71C
330
17
100
AcDbEntity
  8
PARTS
100
AcDbPolyline
 90
2
 70
0
 10
43.78366666666667
 20
40.857699999999994
 10
43.78366666666667
 20
40.8732
  0
LWPOLYLINE
  5
71D
330
17
100
AcDbEntity
  8
PARTS
100
AcDbPolyline
 90
2
 70
0
 10
43.78366666666667
 20
40.8732
 10
43.78366666666667
 20
40.9124
  0
LWPOLYLINE
  5
71E
330
17
100
AcDbEntity
  8
PARTS
100
AcDbPolyline
 90
2
 70
0
 10
43.78366666666667
 20
40.9124
 10
43.78366666666667
 20
40.947199999999995
  0
LWPOLYLINE
  5
71F
330
17
100
AcDbEntity
  8
PARTS
100
AcDbPolyline
 90
2
 70
0
 10
43.78366666666667
 20
40.947199999999995
 10
43.78366666666667
 20
40.959999999999994
  0
LWPOLYLINE
  5
720
330
17
100
AcDbEntity
  8
PARTS
100
AcDbPolyline
 90
2
 70
0
 10
43.78366666666667
 20
40.959999999999994
 10
43.78366666666667
 20
40.966699999999996
  0
LWPOLYLINE
  5
721
330
17
100
AcDbEntity
  8
PARTS
100
AcDbPolyline
 90
2
 70
0
 10
43.78366666666667
 20
40.966699999999996
 10
43.78366666666667
 20
41.0
  0
LWPOLYLINE
  5
722
330
17
100
AcDbEntity
  8
PARTS
100
AcDbPolyline
 90
2
 70
0
 10
43.78366666666667
 20
41.0
 10
43.78366666666667
 20
41.013799999999996
  0
LWPOLYLINE
  5
723
330
17
100
AcDbEntity
  8
PARTS
100
AcDbPolyline
 90
2
 70
0
 10
43.78366666666667
 20
41.013799999999996
 10
43.78366666666667
 20
41.013799999999996
  0
LWPOLYLINE
  5
724
330
17
100
AcDbEntity
  8
PARTS
100
AcDbPolyline
 90
2
 70
0
 10
43.78366666666667
 20
41.013799999999996
 10
43.78366666666667
 20
41.013799999999996
  0
LWPOLYLINE
  5
725
330
17
100
AcDbEntity
  8
PARTS
100
AcDbPolyline
 90
2
 70
0
 10
43.78366666666667
 20
40.8294
 10
43.78466666666666
 20
40.8294
  0
LWPOLYLINE
  5
726
330
17
100
AcDbEntity
  8
PARTS
100
AcDbPolyline
 90
2
 70
0
 10
43.78366666666667
 20
40.857699999999994
 10
43.78466666666666
 20
40.857699999999994
  0
LWPOLYLINE
  5
727
330
17
100
AcDbEntity
  8
PARTS
100
AcDbPolyline
 90
2
 70
0
 10
43.78366666666667
 20
40.8732
 10
43.78466666666666
 20
40.8732
  0
LWPOLYLINE
  5
728
330
17
100
AcDbEntity
  8
PARTS
100
AcDbPolyline
 90
2
 70
0
 10
43.78366666666667
 20
40.959999999999994
 10
43.78466666666666
 20
40.959999999999994
  0
LWPOLYLINE
  5
729
330
17
100
AcDbEntity
  8
PARTS
100
AcDbPolyline
 90
2
 70
0
 10
21.817666666666668
 20
39.0479
 10
22.017666666666667
 20
39.0479
  0
LWPOLYLINE
  5
72A
330
17
100
AcDbEntity
  8
PARTS
100
AcDbPolyline
 90
2
 70
0
 10
22.617666666666665
 20
39.0479
 10
22.817666666666668
 20
39.0479
  0
LWPOLYLINE
  5
72B
330
17
100
AcDbEntity
  8
PARTS
100
AcDbPolyline
 90
2
 70
0
 10
22.017666666666667
 20
39.097899999999996
 10
22.017666666666667
 20
39.0479
  0
LWPOLYLINE
  5
72C
330
17
100
AcDbEntity
  8
PARTS
100
AcDbPolyline
 90
2
 70
0
 10
22.617666666666665
 20
39.097899999999996
 10
22.60766666666667
 20
39.097899999999996
  0
LWPOLYLINE
  5
72D
330
17
100
AcDbEntity
  8
PARTS
100
AcDbPolyline
 90
2
 70
0
 10
22.027666666666665
 20
39.097899999999996
 10
22.017666666666667
 20
39.097899999999996
  0
LWPOLYLINE
  5
72E
330
17
100
AcDbEntity
  8
PARTS
100
AcDbPolyline
 90
2
 70
0
 10
22.617666666666665
 20
39.0479
 10
22.617666666666665
 20
39.097899999999996
  0
LWPOLYLINE
  5
72F
330
17
100
AcDbEntity
  8
PARTS
100
AcDbPolyline
 90
2
 70
0
 10
22.817666666666668
 20
39.0479
 10
22.817666666666668
 20
39.5479
  0
LWPOLYLINE
  5
730
330
17
100
AcDbEntity
  8
PARTS
100
AcDbPolyline
 90
2
 70
0
 10
22.817666666666668
 20
39.5479
 10
22.617666666666665
 20
39.5479
  0
LWPOLYLINE
  5
731
330
17
100
AcDbEntity
  8
PARTS
100
AcDbPolyline
 90
2
 70
0
 10
22.617666666666665
 20
39.5479
 10
22.617666666666665
 20
39.497899999999994
  0
LWPOLYLINE
  5
732
330
17
100
AcDbEntity
  8
PARTS
100
AcDbPolyline
 90
2
 70
0
 10
22.017666666666667
 20
39.497899999999994
 10
22.027666666666665
 20
39.497899999999994
  0
LWPOLYLINE
  5
733
330
17
100
AcDbEntity
  8
PARTS
100
AcDbPolyline
 90
2
 70
0
 10
22.60766666666667
 20
39.497899999999994
 10
22.617666666666665
 20
39.497899999999994
  0
LWPOLYLINE
  5
734
330
17
100
AcDbEntity
  8
PARTS
100
AcDbPolyline
 90
2
 70
0
 10
22.017666666666667
 20
39.497899999999994
 10
22.017666666666667
 20
39.5479
  0
LWPOLYLINE
  5
735
330
17
100
AcDbEntity
  8
PARTS
100
AcDbPolyline
 90
2
 70
0
 10
22.017666666666667
 20
39.5479
 10
21.817666666666668
 20
39.5479
  0
LWPOLYLINE
  5
736
330
17
100
AcDbEntity
  8
PARTS
100
AcDbPolyline
 90
2
 70
0
 10
21.817666666666668
 20
39.5479
 10
21.817666666666668
 20
39.0479
  0
LWPOLYLINE
  5
737
330
17
100
AcDbEntity
  8
PARTS
100
AcDbPolyline
 90
2
 70
0
 10
22.017666666666667
 20
39.5479
 10
22.617666666666665
 20
39.5479
  0
LWPOLYLINE
  5
738
330
17
100
AcDbEntity
  8
PARTS
100
AcDbPolyline
 90
2
 70
0
 10
22.617666666666665
 20
39.0479
 10
22.017666666666667
 20
39.0479
  0
LWPOLYLINE
  5
739
330
17
100
AcDbEntity
  8
PARTS
100
AcDbPolyline
 90
2
 70
0
 10
22.60766666666667
 20
39.0579
 10
22.60766666666667
 20
39.5379
  0
LWPOLYLINE
  5
73A
330
17
100
AcDbEntity
  8
PARTS
100
AcDbPolyline
 90
2
 70
0
 10
22.60766666666667
 20
39.5379
 10
22.027666666666665
 20
39.5379
  0
LWPOLYLINE
  5
73B
330
17
100
AcDbEntity
  8
PARTS
100
AcDbPolyline
 90
2
 70
0
 10
22.027666666666665
 20
39.5379
 10
22.027666666666665
 20
39.0579
  0
LWPOLYLINE
  5
73C
330
17
100
AcDbEntity
  8
PARTS
100
AcDbPolyline
 90
2
 70
0
 10
22.027666666666665
 20
39.0579
 10
22.60766666666667
 20
39.0579
  0
LWPOLYLINE
  5
73D
330
17
100
AcDbEntity
  8
PARTS
100
AcDbPolyline
 90
2
 70
0
 10
22.017666666666667
 20
39.0479
 10
22.027666666666665
 20
39.0579
  0
LWPOLYLINE
  5
73E
330
17
100
AcDbEntity
  8
PARTS
100
AcDbPolyline
 90
2
 70
0
 10
22.60766666666667
 20
39.0579
 10
22.617666666666665
 20
39.0479
  0
LWPOLYLINE
  5
73F
330
17
100
AcDbEntity
  8
PARTS
100
AcDbPolyline
 90
2
 70
0
 10
22.60766666666667
 20
39.5379
 10
22.617666666666665
 20
39.5479
  0
LWPOLYLINE
  5
740
330
17
100
AcDbEntity
  8
PARTS
100
AcDbPolyline
 90
2
 70
0
 10
22.017666666666667
 20
39.5479
 10
22.027666666666665
 20
39.5379
  0
LWPOLYLINE
  5
741
330
17
100
AcDbEntity
  8
PARTS
100
AcDbPolyline
 90
2
 70
0
 10
22.365166666666667
 20
39.046899999999994
 10
22.365166666666667
 20
39.0479
  0
LWPOLYLINE
  5
742
330
17
100
AcDbEntity
  8
PARTS
100
AcDbPolyline
 90
2
 70
0
 10
22.365166666666667
 20
39.046899999999994
 10
22.349266666666665
 20
39.046899999999994
  0
LWPOLYLINE
  5
743
330
17
100
AcDbEntity
  8
PARTS
100
AcDbPolyline
 90
2
 70
0
 10
22.349266666666665
 20
39.046899999999994
 10
22.349266666666665
 20
39.0479
  0
LWPOLYLINE
  5
744
330
17
100
AcDbEntity
  8
PARTS
100
AcDbPolyline
 90
2
 70
0
 10
22.34396666666667
 20
39.046899999999994
 10
22.34396666666667
 20
39.0479
  0
LWPOLYLINE
  5
745
330
17
100
AcDbEntity
  8
PARTS
100
AcDbPolyline
 90
2
 70
0
 10
22.349266666666665
 20
39.046899999999994
 10
22.34396666666667
 20
39.046899999999994
  0
LWPOLYLINE
  5
746
330
17
100
AcDbEntity
  8
PARTS
100
AcDbPolyline
 90
2
 70
0
 10
22.343666666666667
 20
39.046899999999994
 10
22.343666666666667
 20
39.0479
  0
LWPOLYLINE
  5
747
330
17
100
AcDbEntity
  8
PARTS
100
AcDbPolyline
 90
2
 70
0
 10
22.34396666666667
 20
39.046899999999994
 10
22.343666666666667
 20
39.046899999999994
  0
LWPOLYLINE
  5
748
330
17
100
AcDbEntity
  8
PARTS
100
AcDbPolyline
 90
2
 70
0
 10
22.397566666666666
 20
39.046899999999994
 10
22.397566666666666
 20
39.0479
  0
LWPOLYLINE
  5
749
330
17
100
AcDbEntity
  8
PARTS
100
AcDbPolyline
 90
2
 70
0
 10
22.397566666666666
 20
39.046899999999994
 10
22.387966666666667
 20
39.046899999999994
  0
LWPOLYLINE
  5
74A
330
17
100
AcDbEntity
  8
PARTS
100
AcDbPolyline
 90
2
 70
0
 10
22.387966666666667
 20
39.046899999999994
 10
22.372966666666667
 20
39.046899999999994
  0
LWPOLYLINE
  5
74B
330
17
100
AcDbEntity
  8
PARTS
100
AcDbPolyline
 90
2
 70
0
 10
22.372966666666667
 20
39.046899999999994
 10
22.366966666666666
 20
39.046899999999994
  0
LWPOLYLINE
  5
74C
330
17
100
AcDbEntity
  8
PARTS
100
AcDbPolyline
 90
2
 70
0
 10
22.366966666666666
 20
39.046899999999994
 10
22.366966666666666
 20
39.046899999999994
  0
LWPOLYLINE
  5
74D
330
17
100
AcDbEntity
  8
PARTS
100
AcDbPolyline
 90
2
 70
0
 10
22.366966666666666
 20
39.046899999999994
 10
22.366966666666666
 20
39.046899999999994
  0
LWPOLYLINE
  5
74E
330
17
100
AcDbEntity
  8
PARTS
100
AcDbPolyline
 90
2
 70
0
 10
22.427366666666668
 20
39.046899999999994
 10
22.427366666666668
 20
39.0479
  0
LWPOLYLINE
  5
74F
330
17
100
AcDbEntity
  8
PARTS
100
AcDbPolyline
 90
2
 70
0
 10
22.427366666666668
 20
39.046899999999994
 10
22.426666666666666
 20
39.046899999999994
  0
LWPOLYLINE
  5
750
330
17
100
AcDbEntity
  8
PARTS
100
AcDbPolyline
 90
2
 70
0
 10
22.426666666666666
 20
39.046899999999994
 10
22.426666666666666
 20
39.0479
  0
LWPOLYLINE
  5
751
330
17
100
AcDbEntity
  8
PARTS
100
AcDbPolyline
 90
2
 70
0
 10
22.405666666666665
 20
39.046899999999994
 10
22.405666666666665
 20
39.0479
  0
LWPOLYLINE
  5
752
330
17
100
AcDbEntity
  8
PARTS
100
AcDbPolyline
 90
2
 70
0
 10
22.426666666666666
 20
39.046899999999994
 10
22.405666666666665
 20
39.046899999999994
  0
LWPOLYLINE
  5
753
330
17
100
AcDbEntity
  8
PARTS
100
AcDbPolyline
 90
2
 70
0
 10
22.405466666666666
 20
39.046899999999994
 10
22.405466666666666
 20
39.0479
  0
LWPOLYLINE
  5
754
330
17
100
AcDbEntity
  8
PARTS
100
AcDbPolyline
 90
2
 70
0
 10
22.405666666666665
 20
39.046899999999994
 10
22.405466666666666
 20
39.046899999999994
  0
LWPOLYLINE
  5
755
330
17
100
AcDbEntity
  8
PARTS
100
AcDbPolyline
 90
2
 70
0
 10
22.468266666666665
 20
39.046899999999994
 10
22.468266666666665
 20
39.046899999999994
  0
LWPOLYLINE
  5
756
330
17
100
AcDbEntity
  8
PARTS
100
AcDbPolyline
 90
2
 70
0
 10
22.468266666666665
 20
39.046899999999994
 10
22.462166666666665
 20
39.046899999999994
  0
LWPOLYLINE
  5
757
330
17
100
AcDbEntity
  8
PARTS
100
AcDbPolyline
 90
2
 70
0
 10
22.462166666666665
 20
39.046899999999994
 10
22.446866666666665
 20
39.046899999999994
  0
LWPOLYLINE
  5
758
330
17
100
AcDbEntity
  8
PARTS
100
AcDbPolyline
 90
2
 70
0
 10
22.446866666666665
 20
39.046899999999994
 10
22.435266666666667
 20
39.046899999999994
  0
LWPOLYLINE
  5
759
330
17
100
AcDbEntity
  8
PARTS
100
AcDbPolyline
 90
2
 70
0
 10
22.435266666666667
 20
39.046899999999994
 10
22.434966666666668
 20
39.046899999999994
  0
LWPOLYLINE
  5
75A
330
17
100
AcDbEntity
  8
PARTS
100
AcDbPolyline
 90
2
 70
0
 10
22.434966666666668
 20
39.046899999999994
 10
22.434966666666668
 20
39.0479
  0
LWPOLYLINE
  5
75B
330
17
100
AcDbEntity
  8
PARTS
100
AcDbPolyline
 90
2
 70
0
 10
22.435266666666667
 20
39.046899999999994
 10
22.435266666666667
 20
39.0479
  0
LWPOLYLINE
  5
75C
330
17
100
AcDbEntity
  8
PARTS
100
AcDbPolyline
 90
2
 70
0
 10
22.506966666666667
 20
39.046899999999994
 10
22.491766666666667
 20
39.046899999999994
  0
LWPOLYLINE
  5
75D
330
17
100
AcDbEntity
  8
PARTS
100
AcDbPolyline
 90
2
 70
0
 10
22.491766666666667
 20
39.046899999999994
 10
22.486166666666666
 20
39.046899999999994
  0
LWPOLYLINE
  5
75E
330
17
100
AcDbEntity
  8
PARTS
100
AcDbPolyline
 90
2
 70
0
 10
22.486166666666666
 20
39.046899999999994
 10
22.470366666666667
 20
39.046899999999994
  0
LWPOLYLINE
  5
75F
330
17
100
AcDbEntity
  8
PARTS
100
AcDbPolyline
 90
2
 70
0
 10
22.491766666666667
 20
39.046899999999994
 10
22.491766666666667
 20
39.0479
  0
LWPOLYLINE
  5
760
330
17
100
AcDbEntity
  8
PARTS
100
AcDbPolyline
 90
2
 70
0
 10
22.506966666666667
 20
39.046899999999994
 10
22.506966666666667
 20
39.0479
  0
LWPOLYLINE
  5
761
330
17
100
AcDbEntity
  8
PARTS
100
AcDbPolyline
 90
2
 70
0
 10
22.486166666666666
 20
39.046899999999994
 10
22.486166666666666
 20
39.0479
  0
LWPOLYLINE
  5
762
330
17
100
AcDbEntity
  8
PARTS
100
AcDbPolyline
 90
2
 70
0
 10
22.470366666666667
 20
39.046899999999994
 10
22.470366666666667
 20
39.0479
  0
LWPOLYLINE
  5
763
330
17
100
AcDbEntity
  8
PARTS
100
AcDbPolyline
 90
2
 70
0
 10
22.343566666666664
 20
39.046899999999994
 10
22.343566666666664
 20
39.0479
  0
LWPOLYLINE
  5
764
330
17
100
AcDbEntity
  8
PARTS
100
AcDbPolyline
 90
2
 70
0
 10
22.343666666666667
 20
39.046899999999994
 10
22.343566666666664
 20
39.046899999999994
  0
LWPOLYLINE
  5
765
330
17
100
AcDbEntity
  8
PARTS
100
AcDbPolyline
 90
2
 70
0
 10
22.343266666666665
 20
39.046899999999994
 10
22.343266666666665
 20
39.0479
  0
LWPOLYLINE
  5
766
330
17
100
AcDbEntity
  8
PARTS
100
AcDbPolyline
 90
2
 70
0
 10
22.343566666666664
 20
39.046899999999994
 10
22.343266666666665
 20
39.046899999999994
  0
LWPOLYLINE
  5
767
330
17
100
AcDbEntity
  8
PARTS
100
AcDbPolyline
 90
2
 70
0
 10
22.40046666666667
 20
39.046899999999994
 10
22.400266666666667
 20
39.046899999999994
  0
LWPOLYLINE
  5
768
330
17
100
AcDbEntity
  8
PARTS
100
AcDbPolyline
 90
2
 70
0
 10
22.400266666666667
 20
39.046899999999994
 10
22.400266666666667
 20
39.0479
  0
LWPOLYLINE
  5
769
330
17
100
AcDbEntity
  8
PARTS
100
AcDbPolyline
 90
2
 70
0
 10
22.400266666666667
 20
39.046899999999994
 10
22.400266666666667
 20
39.0479
  0
LWPOLYLINE
  5
76A
330
17
100
AcDbEntity
  8
PARTS
100
AcDbPolyline
 90
2
 70
0
 10
22.400266666666667
 20
39.046899999999994
 10
22.400266666666667
 20
39.046899999999994
  0
LWPOLYLINE
  5
76B
330
17
100
AcDbEntity
  8
PARTS
100
AcDbPolyline
 90
2
 70
0
 10
22.405466666666666
 20
39.046899999999994
 10
22.403766666666666
 20
39.046899999999994
  0
LWPOLYLINE
  5
76C
330
17
100
AcDbEntity
  8
PARTS
100
AcDbPolyline
 90
2
 70
0
 10
22.403766666666666
 20
39.046899999999994
 10
22.40046666666667
 20
39.046899999999994
  0
LWPOLYLINE
  5
76D
330
17
100
AcDbEntity
  8
PARTS
100
AcDbPolyline
 90
2
 70
0
 10
22.40046666666667
 20
39.046899999999994
 10
22.40046666666667
 20
39.046899999999994
  0
LWPOLYLINE
  5
76E
330
17
100
AcDbEntity
  8
PARTS
100
AcDbPolyline
 90
2
 70
0
 10
22.40046666666667
 20
39.046899999999994
 10
22.40046666666667
 20
39.046899999999994
  0
LWPOLYLINE
  5
76F
330
17
100
AcDbEntity
  8
PARTS
100
AcDbPolyline
 90
2
 70
0
 10
22.428466666666665
 20
39.046899999999994
 10
22.428466666666665
 20
39.0479
  0
LWPOLYLINE
  5
770
330
17
100
AcDbEntity
  8
PARTS
100
AcDbPolyline
 90
2
 70
0
 10
22.434966666666668
 20
39.046899999999994
 10
22.428466666666665
 20
39.046899999999994
  0
LWPOLYLINE
  5
771
330
17
100
AcDbEntity
  8
PARTS
100
AcDbPolyline
 90
2
 70
0
 10
22.428466666666665
 20
39.046899999999994
 10
22.427366666666668
 20
39.046899999999994
  0
LWPOLYLINE
  5
772
330
17
100
AcDbEntity
  8
PARTS
100
AcDbPolyline
 90
2
 70
0
 10
22.470366666666667
 20
39.046899999999994
 10
22.468266666666665
 20
39.046899999999994
  0
LWPOLYLINE
  5
773
330
17
100
AcDbEntity
  8
PARTS
100
AcDbPolyline
 90
2
 70
0
 10
22.518766666666664
 20
39.046899999999994
 10
22.518766666666664
 20
39.046899999999994
  0
LWPOLYLINE
  5
774
330
17
100
AcDbEntity
  8
PARTS
100
AcDbPolyline
 90
2
 70
0
 10
22.518766666666664
 20
39.046899999999994
 10
22.512666666666664
 20
39.046899999999994
  0
LWPOLYLINE
  5
775
330
17
100
AcDbEntity
  8
PARTS
100
AcDbPolyline
 90
2
 70
0
 10
22.512666666666664
 20
39.046899999999994
 10
22.506966666666667
 20
39.046899999999994
  0
LWPOLYLINE
  5
776
330
17
100
AcDbEntity
  8
PARTS
100
AcDbPolyline
 90
2
 70
0
 10
22.557466666666667
 20
39.046899999999994
 10
22.542266666666666
 20
39.046899999999994
  0
LWPOLYLINE
  5
777
330
17
100
AcDbEntity
  8
PARTS
100
AcDbPolyline
 90
2
 70
0
 10
22.542266666666666
 20
39.046899999999994
 10
22.53656666666667
 20
39.046899999999994
  0
LWPOLYLINE
  5
778
330
17
100
AcDbEntity
  8
PARTS
100
AcDbPolyline
 90
2
 70
0
 10
22.53656666666667
 20
39.046899999999994
 10
22.520866666666667
 20
39.046899999999994
  0
LWPOLYLINE
  5
779
330
17
100
AcDbEntity
  8
PARTS
100
AcDbPolyline
 90
2
 70
0
 10
22.542266666666666
 20
39.046899999999994
 10
22.542266666666666
 20
39.0479
  0
LWPOLYLINE
  5
77A
330
17
100
AcDbEntity
  8
PARTS
100
AcDbPolyline
 90
2
 70
0
 10
22.557466666666667
 20
39.046899999999994
 10
22.557466666666667
 20
39.0479
  0
LWPOLYLINE
  5
77B
330
17
100
AcDbEntity
  8
PARTS
100
AcDbPolyline
 90
2
 70
0
 10
22.53656666666667
 20
39.046899999999994
 10
22.53656666666667
 20
39.0479
  0
LWPOLYLINE
  5
77C
330
17
100
AcDbEntity
  8
PARTS
100
AcDbPolyline
 90
2
 70
0
 10
22.520866666666667
 20
39.046899999999994
 10
22.520866666666667
 20
39.0479
  0
LWPOLYLINE
  5
77D
330
17
100
AcDbEntity
  8
PARTS
100
AcDbPolyline
 90
2
 70
0
 10
22.310266666666667
 20
39.046899999999994
 10
22.28186666666667
 20
39.046899999999994
  0
LWPOLYLINE
  5
77E
330
17
100
AcDbEntity
  8
PARTS
100
AcDbPolyline
 90
2
 70
0
 10
22.28186666666667
 20
39.046899999999994
 10
22.266366666666666
 20
39.046899999999994
  0
LWPOLYLINE
  5
77F
330
17
100
AcDbEntity
  8
PARTS
100
AcDbPolyline
 90
2
 70
0
 10
22.266366666666666
 20
39.046899999999994
 10
22.227166666666665
 20
39.046899999999994
  0
LWPOLYLINE
  5
780
330
17
100
AcDbEntity
  8
PARTS
100
AcDbPolyline
 90
2
 70
0
 10
22.227166666666665
 20
39.046899999999994
 10
22.19236666666667
 20
39.046899999999994
  0
LWPOLYLINE
  5
781
330
17
100
AcDbEntity
  8
PARTS
100
AcDbPolyline
 90
2
 70
0
 10
22.19236666666667
 20
39.046899999999994
 10
22.17956666666667
 20
39.046899999999994
  0
LWPOLYLINE
  5
782
330
17
100
AcDbEntity
  8
PARTS
100
AcDbPolyline
 90
2
 70
0
 10
22.17956666666667
 20
39.046899999999994
 10
22.172966666666667
 20
39.046899999999994
  0
LWPOLYLINE
  5
783
330
17
100
AcDbEntity
  8
PARTS
100
AcDbPolyline
 90
2
 70
0
 10
22.172966666666667
 20
39.046899999999994
 10
22.139566666666667
 20
39.046899999999994
  0
LWPOLYLINE
  5
784
330
17
100
AcDbEntity
  8
PARTS
100
AcDbPolyline
 90
2
 70
0
 10
22.139566666666667
 20
39.046899999999994
 10
22.125766666666667
 20
39.046899999999994
  0
LWPOLYLINE
  5
785
330
17
100
AcDbEntity
  8
PARTS
100
AcDbPolyline
 90
2
 70
0
 10
22.125766666666667
 20
39.046899999999994
 10
22.125766666666667
 20
39.046899999999994
  0
LWPOLYLINE
  5
786
330
17
100
AcDbEntity
  8
PARTS
100
AcDbPolyline
 90
2
 70
0
 10
22.125766666666667
 20
39.046899999999994
 10
22.125766666666667
 20
39.046899999999994
  0
LWPOLYLINE
  5
787
330
17
100
AcDbEntity
  8
PARTS
100
AcDbPolyline
 90
2
 70
0
 10
22.310266666666667
 20
39.046899999999994
 10
22.310266666666667
 20
39.0479
  0
LWPOLYLINE
  5
788
330
17
100
AcDbEntity
  8
PARTS
100
AcDbPolyline
 90
2
 70
0
 10
22.28186666666667
 20
39.046899999999994
 10
22.28186666666667
 20
39.0479
  0
LWPOLYLINE
  5
789
330
17
100
AcDbEntity
  8
PARTS
100
AcDbPolyline
 90
2
 70
0
 10
22.266366666666666
 20
39.046899999999994
 10
22.266366666666666
 20
39.0479
  0
LWPOLYLINE
  5
78A
330
17
100
AcDbEntity
  8
PARTS
100
AcDbPolyline
 90
2
 70
0
 10
22.17956666666667
 20
39.046899999999994
 10
22.17956666666667
 20
39.0479
  0
LWPOLYLINE
  5
78B
330
17
100
AcDbEntity
  8
PARTS
100
AcDbPolyline
 90
2
 70
0
 10
33.406666666666666
 20
43.8079
 10
33.406666666666666
 20
44.0079
  0
LWPOLYLINE
  5
78C
330
17
100
AcDbEntity
  8
PARTS
100
AcDbPolyline
 90
2
 70
0
 10
33.406666666666666
 20
44.6079
 10
33.406666666666666
 20
44.8079
  0
LWPOLYLINE
  5
78D
330
17
100
AcDbEntity
  8
PARTS
100
AcDbPolyline
 90
2
 70
0
 10
33.35666666666666
 20
44.0079
 10
33.406666666666666
 20
44.0079
  0
LWPOLYLINE
  5
78E
330
17
100
AcDbEntity
  8
PARTS
100
AcDbPolyline
 90
2
 70
0
 10
33.35666666666666
 20
44.6079
 10
33.35666666666666
 20
44.5979
  0
LWPOLYLINE
  5
78F
330
17
100
AcDbEntity
  8
PARTS
100
AcDbPolyline
 90
2
 70
0
 10
33.35666666666666
 20
44.0179
 10
33.35666666666666
 20
44.0079
  0
LWPOLYLINE
  5
790
330
17
100
AcDbEntity
  8
PARTS
100
AcDbPolyline
 90
2
 70
0
 10
33.406666666666666
 20
44.6079
 10
33.35666666666666
 20
44.6079
  0
LWPOLYLINE
  5
791
330
17
100
AcDbEntity
  8
PARTS
100
AcDbPolyline
 90
2
 70
0
 10
33.406666666666666
 20
44.8079
 10
32.906666666666666
 20
44.8079
  0
LWPOLYLINE
  5
792
330
17
100
AcDbEntity
  8
PARTS
100
AcDbPolyline
 90
2
 70
0
 10
32.906666666666666
 20
44.8079
 10
32.906666666666666
 20
44.6079
  0
LWPOLYLINE
  5
793
330
17
100
AcDbEntity
  8
PARTS
100
AcDbPolyline
 90
2
 70
0
 10
32.906666666666666
 20
44.6079
 10
32.95666666666667
 20
44.6079
  0
LWPOLYLINE
  5
794
330
17
100
AcDbEntity
  8
PARTS
100
AcDbPolyline
 90
2
 70
0
 10
32.95666666666667
 20
44.0079
 10
32.95666666666667
 20
44.0179
  0
LWPOLYLINE
  5
795
330
17
100
AcDbEntity
  8
PARTS
100
AcDbPolyline
 90
2
 70
0
 10
32.95666666666667
 20
44.5979
 10
32.95666666666667
 20
44.6079
  0
LWPOLYLINE
  5
796
330
17
100
AcDbEntity
  8
PARTS
100
AcDbPolyline
 90
2
 70
0
 10
32.95666666666667
 20
44.0079
 10
32.906666666666666
 20
44.0079
  0
LWPOLYLINE
  5
797
330
17
100
AcDbEntity
  8
PARTS
100
AcDbPolyline
 90
2
 70
0
 10
32.906666666666666
 20
44.0079
 10
32.906666666666666
 20
43.8079
  0
LWPOLYLINE
  5
798
330
17
100
AcDbEntity
  8
PARTS
100
AcDbPolyline
 90
2
 70
0
 10
32.906666666666666
 20
43.8079
 10
33.406666666666666
 20
43.8079
  0
LWPOLYLINE
  5
799
330
17
100
AcDbEntity
  8
PARTS
100
AcDbPolyline
 90
2
 70
0
 10
32.906666666666666
 20
44.0079
 10
32.906666666666666
 20
44.6079
  0
LWPOLYLINE
  5
79A
330
17
100
AcDbEntity
  8
PARTS
100
AcDbPolyline
 90
2
 70
0
 10
33.406666666666666
 20
44.6079
 10
33.406666666666666
 20
44.0079
  0
LWPOLYLINE
  5
79B
330
17
100
AcDbEntity
  8
PARTS
100
AcDbPolyline
 90
2
 70
0
 10
33.39666666666667
 20
44.5979
 10
32.916666666666664
 20
44.5979
  0
LWPOLYLINE
  5
79C
330
17
100
AcDbEntity
  8
PARTS
100
AcDbPolyline
 90
2
 70
0
 10
32.916666666666664
 20
44.5979
 10
32.916666666666664
 20
44.0179
  0
LWPOLYLINE
  5
79D
330
17
100
AcDbEntity
  8
PARTS
100
AcDbPolyline
 90
2
 70
0
 10
32.916666666666664
 20
44.0179
 10
33.39666666666667
 20
44.0179
  0
LWPOLYLINE
  5
79E
330
17
100
AcDbEntity
  8
PARTS
100
AcDbPolyline
 90
2
 70
0
 10
33.39666666666667
 20
44.0179
 10
33.39666666666667
 20
44.5979
  0
LWPOLYLINE
  5
79F
330
17
100
AcDbEntity
  8
PARTS
100
AcDbPolyline
 90
2
 70
0
 10
33.406666666666666
 20
44.0079
 10
33.39666666666667
 20
44.0179
  0
LWPOLYLINE
  5
7A0
330
17
100
AcDbEntity
  8
PARTS
100
AcDbPolyline
 90
2
 70
0
 10
33.39666666666667
 20
44.5979
 10
33.406666666666666
 20
44.6079
  0
LWPOLYLINE
  5
7A1
330
17
100
AcDbEntity
  8
PARTS
100
AcDbPolyline
 90
2
 70
0
 10
32.916666666666664
 20
44.5979
 10
32.906666666666666
 20
44.6079
  0
LWPOLYLINE
  5
7A2
330
17
100
AcDbEntity
  8
PARTS
100
AcDbPolyline
 90
2
 70
0
 10
32.906666666666666
 20
44.0079
 10
32.916666666666664
 20
44.0179
  0
LWPOLYLINE
  5
7A3
330
17
100
AcDbEntity
  8
PARTS
100
AcDbPolyline
 90
2
 70
0
 10
33.407666666666664
 20
44.3555
 10
33.406666666666666
 20
44.3555
  0
LWPOLYLINE
  5
7A4
330
17
100
AcDbEntity
  8
PARTS
100
AcDbPolyline
 90
2
 70
0
 10
33.407666666666664
 20
44.3555
 10
33.407666666666664
 20
44.339499999999994
  0
LWPOLYLINE
  5
7A5
330
17
100
AcDbEntity
  8
PARTS
100
AcDbPolyline
 90
2
 70
0
 10
33.407666666666664
 20
44.339499999999994
 10
33.406666666666666
 20
44.339499999999994
  0
LWPOLYLINE
  5
7A6
330
17
100
AcDbEntity
  8
PARTS
100
AcDbPolyline
 90
2
 70
0
 10
33.407666666666664
 20
44.33429999999999
 10
33.406666666666666
 20
44.33429999999999
  0
LWPOLYLINE
  5
7A7
330
17
100
AcDbEntity
  8
PARTS
100
AcDbPolyline
 90
2
 70
0
 10
33.407666666666664
 20
44.339499999999994
 10
33.407666666666664
 20
44.33429999999999
  0
LWPOLYLINE
  5
7A8
330
17
100
AcDbEntity
  8
PARTS
100
AcDbPolyline
 90
2
 70
0
 10
33.407666666666664
 20
44.333999999999996
 10
33.406666666666666
 20
44.333999999999996
  0
LWPOLYLINE
  5
7A9
330
17
100
AcDbEntity
  8
PARTS
100
AcDbPolyline
 90
2
 70
0
 10
33.407666666666664
 20
44.33429999999999
 10
33.407666666666664
 20
44.333999999999996
  0
LWPOLYLINE
  5
7AA
330
17
100
AcDbEntity
  8
PARTS
100
AcDbPolyline
 90
2
 70
0
 10
33.407666666666664
 20
44.3878
 10
33.406666666666666
 20
44.3878
  0
LWPOLYLINE
  5
7AB
330
17
100
AcDbEntity
  8
PARTS
100
AcDbPolyline
 90
2
 70
0
 10
33.407666666666664
 20
44.3878
 10
33.407666666666664
 20
44.37819999999999
  0
LWPOLYLINE
  5
7AC
330
17
100
AcDbEntity
  8
PARTS
100
AcDbPolyline
 90
2
 70
0
 10
33.407666666666664
 20
44.37819999999999
 10
33.407666666666664
 20
44.3632
  0
LWPOLYLINE
  5
7AD
330
17
100
AcDbEntity
  8
PARTS
100
AcDbPolyline
 90
2
 70
0
 10
33.407666666666664
 20
44.3632
 10
33.407666666666664
 20
44.3572
  0
LWPOLYLINE
  5
7AE
330
17
100
AcDbEntity
  8
PARTS
100
AcDbPolyline
 90
2
 70
0
 10
33.407666666666664
 20
44.3572
 10
33.407666666666664
 20
44.3572
  0
LWPOLYLINE
  5
7AF
330
17
100
AcDbEntity
  8
PARTS
100
AcDbPolyline
 90
2
 70
0
 10
33.407666666666664
 20
44.3572
 10
33.407666666666664
 20
44.3572
  0
LWPOLYLINE
  5
7B0
330
17
100
AcDbEntity
  8
PARTS
100
AcDbPolyline
 90
2
 70
0
 10
33.407666666666664
 20
44.41759999999999
 10
33.406666666666666
 20
44.41759999999999
  0
LWPOLYLINE
  5
7B1
330
17
100
AcDbEntity
  8
PARTS
100
AcDbPolyline
 90
2
 70
0
 10
33.407666666666664
 20
44.41759999999999
 10
33.407666666666664
 20
44.4169
  0
LWPOLYLINE
  5
7B2
330
17
100
AcDbEntity
  8
PARTS
100
AcDbPolyline
 90
2
 70
0
 10
33.407666666666664
 20
44.4169
 10
33.406666666666666
 20
44.4169
  0
LWPOLYLINE
  5
7B3
330
17
100
AcDbEntity
  8
PARTS
100
AcDbPolyline
 90
2
 70
0
 10
33.407666666666664
 20
44.395999999999994
 10
33.406666666666666
 20
44.395999999999994
  0
LWPOLYLINE
  5
7B4
330
17
100
AcDbEntity
  8
PARTS
100
AcDbPolyline
 90
2
 70
0
 10
33.407666666666664
 20
44.4169
 10
33.407666666666664
 20
44.395999999999994
  0
LWPOLYLINE
  5
7B5
330
17
100
AcDbEntity
  8
PARTS
100
AcDbPolyline
 90
2
 70
0
 10
33.407666666666664
 20
44.3957
 10
33.406666666666666
 20
44.3957
  0
LWPOLYLINE
  5
7B6
330
17
100
AcDbEntity
  8
PARTS
100
AcDbPolyline
 90
2
 70
0
 10
33.407666666666664
 20
44.395999999999994
 10
33.407666666666664
 20
44.3957
  0
LWPOLYLINE
  5
7B7
330
17
100
AcDbEntity
  8
PARTS
100
AcDbPolyline
 90
2
 70
0
 10
33.407666666666664
 20
44.458499999999994
 10
33.407666666666664
 20
44.458499999999994
  0
LWPOLYLINE
  5
7B8
330
17
100
AcDbEntity
  8
PARTS
100
AcDbPolyline
 90
2
 70
0
 10
33.407666666666664
 20
44.458499999999994
 10
33.407666666666664
 20
44.45249999999999
  0
LWPOLYLINE
  5
7B9
330
17
100
AcDbEntity
  8
PARTS
100
AcDbPolyline
 90
2
 70
0
 10
33.407666666666664
 20
44.45249999999999
 10
33.407666666666664
 20
44.437099999999994
  0
LWPOLYLINE
  5
7BA
330
17
100
AcDbEntity
  8
PARTS
100
AcDbPolyline
 90
2
 70
0
 10
33.407666666666664
 20
44.437099999999994
 10
33.407666666666664
 20
44.4255
  0
LWPOLYLINE
  5
7BB
330
17
100
AcDbEntity
  8
PARTS
100
AcDbPolyline
 90
2
 70
0
 10
33.407666666666664
 20
44.4255
 10
33.407666666666664
 20
44.4252
  0
LWPOLYLINE
  5
7BC
330
17
100
AcDbEntity
  8
PARTS
100
AcDbPolyline
 90
2
 70
0
 10
33.407666666666664
 20
44.4252
 10
33.406666666666666
 20
44.4252
  0
LWPOLYLINE
  5
7BD
330
17
100
AcDbEntity
  8
PARTS
100
AcDbPolyline
 90
2
 70
0
 10
33.407666666666664
 20
44.4255
 10
33.406666666666666
 20
44.4255
  0
LWPOLYLINE
  5
7BE
330
17
100
AcDbEntity
  8
PARTS
100
AcDbPolyline
 90
2
 70
0
 10
33.407666666666664
 20
44.49719999999999
 10
33.407666666666664
 20
44.482
  0
LWPOLYLINE
  5
7BF
330
17
100
AcDbEntity
  8
PARTS
100
AcDbPolyline
 90
2
 70
0
 10
33.407666666666664
 20
44.482
 10
33.407666666666664
 20
44.47639999999999
  0
LWPOLYLINE
  5
7C0
330
17
100
AcDbEntity
  8
PARTS
100
AcDbPolyline
 90
2
 70
0
 10
33.407666666666664
 20
44.47639999999999
 10
33.407666666666664
 20
44.4606
  0
LWPOLYLINE
  5
7C1
330
17
100
AcDbEntity
  8
PARTS
100
AcDbPolyline
 90
2
 70
0
 10
33.407666666666664
 20
44.482
 10
33.406666666666666
 20
44.482
  0
LWPOLYLINE
  5
7C2
330
17
100
AcDbEntity
  8
PARTS
100
AcDbPolyline
 90
2
 70
0
 10
33.407666666666664
 20
44.49719999999999
 10
33.406666666666666
 20
44.49719999999999
  0
LWPOLYLINE
  5
7C3
330
17
100
AcDbEntity
  8
PARTS
100
AcDbPolyline
 90
2
 70
0
 10
33.407666666666664
 20
44.47639999999999
 10
33.406666666666666
 20
44.47639999999999
  0
LWPOLYLINE
  5
7C4
330
17
100
AcDbEntity
  8
PARTS
100
AcDbPolyline
 90
2
 70
0
 10
33.407666666666664
 20
44.4606
 10
33.406666666666666
 20
44.4606
  0
LWPOLYLINE
  5
7C5
330
17
100
AcDbEntity
  8
PARTS
100
AcDbPolyline
 90
2
 70
0
 10
33.407666666666664
 20
44.3338
 10
33.406666666666666
 20
44.3338
  0
LWPOLYLINE
  5
7C6
330
17
100
AcDbEntity
  8
PARTS
100
AcDbPolyline
 90
2
 70
0
 10
33.407666666666664
 20
44.333999999999996
 10
33.407666666666664
 20
44.3338
  0
LWPOLYLINE
  5
7C7
330
17
100
AcDbEntity
  8
PARTS
100
AcDbPolyline
 90
2
 70
0
 10
33.407666666666664
 20
44.333499999999994
 10
33.406666666666666
 20
44.333499999999994
  0
LWPOLYLINE
  5
7C8
330
17
100
AcDbEntity
  8
PARTS
100
AcDbPolyline
 90
2
 70
0
 10
33.407666666666664
 20
44.3338
 10
33.407666666666664
 20
44.333499999999994
  0
LWPOLYLINE
  5
7C9
330
17
100
AcDbEntity
  8
PARTS
100
AcDbPolyline
 90
2
 70
0
 10
33.407666666666664
 20
44.3907
 10
33.407666666666664
 20
44.3906
  0
LWPOLYLINE
  5
7CA
330
17
100
AcDbEntity
  8
PARTS
100
AcDbPolyline
 90
2
 70
0
 10
33.407666666666664
 20
44.3906
 10
33.406666666666666
 20
44.3906
  0
LWPOLYLINE
  5
7CB
330
17
100
AcDbEntity
  8
PARTS
100
AcDbPolyline
 90
2
 70
0
 10
33.407666666666664
 20
44.390499999999996
 10
33.406666666666666
 20
44.390499999999996
  0
LWPOLYLINE
  5
7CC
330
17
100
AcDbEntity
  8
PARTS
100
AcDbPolyline
 90
2
 70
0
 10
33.407666666666664
 20
44.3906
 10
33.407666666666664
 20
44.390499999999996
  0
LWPOLYLINE
  5
7CD
330
17
100
AcDbEntity
  8
PARTS
100
AcDbPolyline
 90
2
 70
0
 10
33.407666666666664
 20
44.3957
 10
33.407666666666664
 20
44.394
  0
LWPOLYLINE
  5
7CE
330
17
100
AcDbEntity
  8
PARTS
100
AcDbPolyline
 90
2
 70
0
 10
33.407666666666664
 20
44.394
 10
33.407666666666664
 20
44.3907
  0
LWPOLYLINE
  5
7CF
330
17
100
AcDbEntity
  8
PARTS
100
AcDbPolyline
 90
2
 70
0
 10
33.407666666666664
 20
44.3907
 10
33.407666666666664
 20
44.3907
  0
LWPOLYLINE
  5
7D0
330
17
100
AcDbEntity
  8
PARTS
100
AcDbPolyline
 90
2
 70
0
 10
33.407666666666664
 20
44.3907
 10
33.407666666666664
 20
44.3907
  0
LWPOLYLINE
  5
7D1
330
17
100
AcDbEntity
  8
PARTS
100
AcDbPolyline
 90
2
 70
0
 10
33.407666666666664
 20
44.4187
 10
33.406666666666666
 20
44.4187
  0
LWPOLYLINE
  5
7D2
330
17
100
AcDbEntity
  8
PARTS
100
AcDbPolyline
 90
2
 70
0
 10
33.407666666666664
 20
44.4252
 10
33.407666666666664
 20
44.4187
  0
LWPOLYLINE
  5
7D3
330
17
100
AcDbEntity
  8
PARTS
100
AcDbPolyline
 90
2
 70
0
 10
33.407666666666664
 20
44.4187
 10
33.407666666666664
 20
44.41759999999999
  0
LWPOLYLINE
  5
7D4
330
17
100
AcDbEntity
  8
PARTS
100
AcDbPolyline
 90
2
 70
0
 10
33.407666666666664
 20
44.4606
 10
33.407666666666664
 20
44.458499999999994
  0
LWPOLYLINE
  5
7D5
330
17
100
AcDbEntity
  8
PARTS
100
AcDbPolyline
 90
2
 70
0
 10
33.407666666666664
 20
44.50899999999999
 10
33.407666666666664
 20
44.50899999999999
  0
LWPOLYLINE
  5
7D6
330
17
100
AcDbEntity
  8
PARTS
100
AcDbPolyline
 90
2
 70
0
 10
33.407666666666664
 20
44.50899999999999
 10
33.407666666666664
 20
44.50299999999999
  0
LWPOLYLINE
  5
7D7
330
17
100
AcDbEntity
  8
PARTS
100
AcDbPolyline
 90
2
 70
0
 10
33.407666666666664
 20
44.50299999999999
 10
33.407666666666664
 20
44.49719999999999
  0
LWPOLYLINE
  5
7D8
330
17
100
AcDbEntity
  8
PARTS
100
AcDbPolyline
 90
2
 70
0
 10
33.407666666666664
 20
44.54769999999999
 10
33.407666666666664
 20
44.5325
  0
LWPOLYLINE
  5
7D9
330
17
100
AcDbEntity
  8
PARTS
100
AcDbPolyline
 90
2
 70
0
 10
33.407666666666664
 20
44.5325
 10
33.407666666666664
 20
44.52689999999999
  0
LWPOLYLINE
  5
7DA
330
17
100
AcDbEntity
  8
PARTS
100
AcDbPolyline
 90
2
 70
0
 10
33.407666666666664
 20
44.52689999999999
 10
33.407666666666664
 20
44.5111
  0
LWPOLYLINE
  5
7DB
330
17
100
AcDbEntity
  8
PARTS
100
AcDbPolyline
 90
2
 70
0
 10
33.407666666666664
 20
44.5325
 10
33.406666666666666
 20
44.5325
  0
LWPOLYLINE
  5
7DC
330
17
100
AcDbEntity
  8
PARTS
100
AcDbPolyline
 90
2
 70
0
 10
33.407666666666664
 20
44.54769999999999
 10
33.406666666666666
 20
44.54769999999999
  0
LWPOLYLINE
  5
7DD
330
17
100
AcDbEntity
  8
PARTS
100
AcDbPolyline
 90
2
 70
0
 10
33.407666666666664
 20
44.52689999999999
 10
33.406666666666666
 20
44.52689999999999
  0
LWPOLYLINE
  5
7DE
330
17
100
AcDbEntity
  8
PARTS
100
AcDbPolyline
 90
2
 70
0
 10
33.407666666666664
 20
44.5111
 10
33.406666666666666
 20
44.5111
  0
LWPOLYLINE
  5
7DF
330
17
100
AcDbEntity
  8
PARTS
100
AcDbPolyline
 90
2
 70
0
 10
33.407666666666664
 20
44.3005
 10
33.407666666666664
 20
44.272099999999995
  0
LWPOLYLINE
  5
7E0
330
17
100
AcDbEntity
  8
PARTS
100
AcDbPolyline
 90
2
 70
0
 10
33.407666666666664
 20
44.272099999999995
 10
33.407666666666664
 20
44.256699999999995
  0
LWPOLYLINE
  5
7E1
330
17
100
AcDbEntity
  8
PARTS
100
AcDbPolyline
 90
2
 70
0
 10
33.407666666666664
 20
44.256699999999995
 10
33.407666666666664
 20
44.2175
  0
LWPOLYLINE
  5
7E2
330
17
100
AcDbEntity
  8
PARTS
100
AcDbPolyline
 90
2
 70
0
 10
33.407666666666664
 20
44.2175
 10
33.407666666666664
 20
44.18269999999999
  0
LWPOLYLINE
  5
7E3
330
17
100
AcDbEntity
  8
PARTS
100
AcDbPolyline
 90
2
 70
0
 10
33.407666666666664
 20
44.18269999999999
 10
33.407666666666664
 20
44.169900000000005
  0
LWPOLYLINE
  5
7E4
330
17
100
AcDbEntity
  8
PARTS
100
AcDbPolyline
 90
2
 70
0
 10
33.407666666666664
 20
44.169900000000005
 10
33.407666666666664
 20
44.163199999999996
  0
LWPOLYLINE
  5
7E5
330
17
100
AcDbEntity
  8
PARTS
100
AcDbPolyline
 90
2
 70
0
 10
33.407666666666664
 20
44.163199999999996
 10
33.407666666666664
 20
44.12989999999999
  0
LWPOLYLINE
  5
7E6
330
17
100
AcDbEntity
  8
PARTS
100
AcDbPolyline
 90
2
 70
0
 10
33.407666666666664
 20
44.12989999999999
 10
33.407666666666664
 20
44.11599999999999
  0
LWPOLYLINE
  5
7E7
330
17
100
AcDbEntity
  8
PARTS
100
AcDbPolyline
 90
2
 70
0
 10
33.407666666666664
 20
44.11599999999999
 10
33.407666666666664
 20
44.11599999999999
  0
LWPOLYLINE
  5
7E8
330
17
100
AcDbEntity
  8
PARTS
100
AcDbPolyline
 90
2
 70
0
 10
33.407666666666664
 20
44.11599999999999
 10
33.407666666666664
 20
44.11599999999999
  0
LWPOLYLINE
  5
7E9
330
17
100
AcDbEntity
  8
PARTS
100
AcDbPolyline
 90
2
 70
0
 10
33.407666666666664
 20
44.3005
 10
33.406666666666666
 20
44.3005
  0
LWPOLYLINE
  5
7EA
330
17
100
AcDbEntity
  8
PARTS
100
AcDbPolyline
 90
2
 70
0
 10
33.407666666666664
 20
44.272099999999995
 10
33.406666666666666
 20
44.272099999999995
  0
LWPOLYLINE
  5
7EB
330
17
100
AcDbEntity
  8
PARTS
100
AcDbPolyline
 90
2
 70
0
 10
33.407666666666664
 20
44.256699999999995
 10
33.406666666666666
 20
44.256699999999995
  0
LWPOLYLINE
  5
7EC
330
17
100
AcDbEntity
  8
PARTS
100
AcDbPolyline
 90
2
 70
0
 10
33.407666666666664
 20
44.169900000000005
 10
33.406666666666666
 20
44.169900000000005
  0
LWPOLYLINE
  5
7ED
330
17
100
AcDbEntity
  8
PARTS
100
AcDbPolyline
 90
2
 70
0
 10
34.67816666666667
 20
45.987899999999996
 10
35.278166666666664
 20
45.987899999999996
  0
LWPOLYLINE
  5
7EE
330
17
100
AcDbEntity
  8
PARTS
100
AcDbPolyline
 90
2
 70
0
 10
35.278166666666664
 20
46.6763
 10
35.278166666666664
 20
45.987899999999996
  0
LWPOLYLINE
  5
7EF
330
17
100
AcDbEntity
  8
PARTS
100
AcDbPolyline
 90
2
 70
0
 10
34.67816666666667
 20
46.6763
 10
34.67816666666667
 20
45.987899999999996
  0
LWPOLYLINE
  5
7F0
330
17
100
AcDbEntity
  8
PARTS
100
AcDbPolyline
 90
2
 70
0
 10
34.67816666666667
 20
46.7614
 10
34.67816666666667
 20
46.6763
  0
LWPOLYLINE
  5
7F1
330
17
100
AcDbEntity
  8
PARTS
100
AcDbPolyline
 90
2
 70
0
 10
35.278166666666664
 20
46.7614
 10
35.278166666666664
 20
46.6763
  0
LWPOLYLINE
  5
7F2
330
17
100
AcDbEntity
  8
PARTS
100
AcDbPolyline
 90
2
 70
0
 10
35.278166666666664
 20
47.2442
 10
35.278166666666664
 20
46.7614
  0
LWPOLYLINE
  5
7F3
330
17
100
AcDbEntity
  8
PARTS
100
AcDbPolyline
 90
2
 70
0
 10
34.67816666666667
 20
47.2442
 10
34.67816666666667
 20
46.7614
  0
LWPOLYLINE
  5
7F4
330
17
100
AcDbEntity
  8
PARTS
100
AcDbPolyline
 90
2
 70
0
 10
35.278166666666664
 20
47.2879
 10
35.278166666666664
 20
47.2442
  0
LWPOLYLINE
  5
7F5
330
17
100
AcDbEntity
  8
PARTS
100
AcDbPolyline
 90
2
 70
0
 10
34.67816666666667
 20
47.2879
 10
34.67816666666667
 20
47.2442
  0
LWPOLYLINE
  5
7F6
330
17
100
AcDbEntity
  8
PARTS
100
AcDbPolyline
 90
2
 70
0
 10
26.38886666666667
 20
45.987899999999996
 10
26.988866666666667
 20
45.987899999999996
  0
LWPOLYLINE
  5
7F7
330
17
100
AcDbEntity
  8
PARTS
100
AcDbPolyline
 90
2
 70
0
 10
26.988866666666667
 20
46.6763
 10
26.988866666666667
 20
45.987899999999996
  0
LWPOLYLINE
  5
7F8
330
17
100
AcDbEntity
  8
PARTS
100
AcDbPolyline
 90
2
 70
0
 10
26.38886666666667
 20
46.6763
 10
26.38886666666667
 20
45.987899999999996
  0
LWPOLYLINE
  5
7F9
330
17
100
AcDbEntity
  8
PARTS
100
AcDbPolyline
 90
2
 70
0
 10
26.38886666666667
 20
46.7614
 10
26.38886666666667
 20
46.6763
  0
LWPOLYLINE
  5
7FA
330
17
100
AcDbEntity
  8
PARTS
100
AcDbPolyline
 90
2
 70
0
 10
26.988866666666667
 20
46.7614
 10
26.988866666666667
 20
46.6763
  0
LWPOLYLINE
  5
7FB
330
17
100
AcDbEntity
  8
PARTS
100
AcDbPolyline
 90
2
 70
0
 10
26.988866666666667
 20
47.269299999999994
 10
26.988866666666667
 20
46.7614
  0
LWPOLYLINE
  5
7FC
330
17
100
AcDbEntity
  8
PARTS
100
AcDbPolyline
 90
2
 70
0
 10
26.38886666666667
 20
47.269299999999994
 10
26.38886666666667
 20
46.7614
  0
LWPOLYLINE
  5
7FD
330
17
100
AcDbEntity
  8
PARTS
100
AcDbPolyline
 90
2
 70
0
 10
26.988866666666667
 20
47.2879
 10
26.988866666666667
 20
47.269299999999994
  0
LWPOLYLINE
  5
7FE
330
17
100
AcDbEntity
  8
PARTS
100
AcDbPolyline
 90
2
 70
0
 10
26.38886666666667
 20
47.2879
 10
26.38886666666667
 20
47.269299999999994
  0
LWPOLYLINE
  5
7FF
330
17
100
AcDbEntity
  8
PARTS
100
AcDbPolyline
 90
2
 70
0
 10
33.028166666666664
 20
45.987899999999996
 10
33.628166666666665
 20
45.987899999999996
  0
LWPOLYLINE
  5
800
330
17
100
AcDbEntity
  8
PARTS
100
AcDbPolyline
 90
2
 70
0
 10
33.628166666666665
 20
46.6763
 10
33.628166666666665
 20
45.987899999999996
  0
LWPOLYLINE
  5
801
330
17
100
AcDbEntity
  8
PARTS
100
AcDbPolyline
 90
2
 70
0
 10
33.028166666666664
 20
46.6763
 10
33.028166666666664
 20
45.987899999999996
  0
LWPOLYLINE
  5
802
330
17
100
AcDbEntity
  8
PARTS
100
AcDbPolyline
 90
2
 70
0
 10
33.028166666666664
 20
46.7614
 10
33.028166666666664
 20
46.6763
  0
LWPOLYLINE
  5
803
330
17
100
AcDbEntity
  8
PARTS
100
AcDbPolyline
 90
2
 70
0
 10
33.628166666666665
 20
46.7614
 10
33.628166666666665
 20
46.6763
  0
LWPOLYLINE
  5
804
330
17
100
AcDbEntity
  8
PARTS
100
AcDbPolyline
 90
2
 70
0
 10
33.628166666666665
 20
47.2442
 10
33.628166666666665
 20
46.7614
  0
LWPOLYLINE
  5
805
330
17
100
AcDbEntity
  8
PARTS
100
AcDbPolyline
 90
2
 70
0
 10
33.028166666666664
 20
47.2442
 10
33.028166666666664
 20
46.7614
  0
LWPOLYLINE
  5
806
330
17
100
AcDbEntity
  8
PARTS
100
AcDbPolyline
 90
2
 70
0
 10
33.628166666666665
 20
47.2879
 10
33.628166666666665
 20
47.2442
  0
LWPOLYLINE
  5
807
330
17
100
AcDbEntity
  8
PARTS
100
AcDbPolyline
 90
2
 70
0
 10
33.028166666666664
 20
47.2879
 10
33.028166666666664
 20
47.2442
  0
LWPOLYLINE
  5
808
330
17
100
AcDbEntity
  8
PARTS
100
AcDbPolyline
 90
2
 70
0
 10
31.37816666666667
 20
45.987899999999996
 10
31.978166666666667
 20
45.987899999999996
  0
LWPOLYLINE
  5
809
330
17
100
AcDbEntity
  8
PARTS
100
AcDbPolyline
 90
2
 70
0
 10
31.978166666666667
 20
46.6763
 10
31.978166666666667
 20
45.987899999999996
  0
LWPOLYLINE
  5
80A
330
17
100
AcDbEntity
  8
PARTS
100
AcDbPolyline
 90
2
 70
0
 10
31.37816666666667
 20
46.6763
 10
31.37816666666667
 20
45.987899999999996
  0
LWPOLYLINE
  5
80B
330
17
100
AcDbEntity
  8
PARTS
100
AcDbPolyline
 90
2
 70
0
 10
31.37816666666667
 20
46.7614
 10
31.37816666666667
 20
46.6763
  0
LWPOLYLINE
  5
80C
330
17
100
AcDbEntity
  8
PARTS
100
AcDbPolyline
 90
2
 70
0
 10
31.978166666666667
 20
46.7614
 10
31.978166666666667
 20
46.6763
  0
LWPOLYLINE
  5
80D
330
17
100
AcDbEntity
  8
PARTS
100
AcDbPolyline
 90
2
 70
0
 10
31.978166666666667
 20
47.2442
 10
31.978166666666667
 20
46.7614
  0
LWPOLYLINE
  5
80E
330
17
100
AcDbEntity
  8
PARTS
100
AcDbPolyline
 90
2
 70
0
 10
31.37816666666667
 20
47.2442
 10
31.37816666666667
 20
46.7614
  0
LWPOLYLINE
  5
80F
330
17
100
AcDbEntity
  8
PARTS
100
AcDbPolyline
 90
2
 70
0
 10
31.978166666666667
 20
47.2879
 10
31.978166666666667
 20
47.2442
  0
LWPOLYLINE
  5
810
330
17
100
AcDbEntity
  8
PARTS
100
AcDbPolyline
 90
2
 70
0
 10
31.37816666666667
 20
47.2879
 10
31.37816666666667
 20
47.2442
  0
LWPOLYLINE
  5
811
330
17
100
AcDbEntity
  8
PARTS
100
AcDbPolyline
 90
2
 70
0
 10
49.463166666666666
 20
47.2879
 10
49.463166666666666
 20
46.0879
  0
LWPOLYLINE
  5
812
330
17
100
AcDbEntity
  8
PARTS
100
AcDbPolyline
 90
2
 70
0
 10
48.863166666666665
 20
46.0879
 10
48.863166666666665
 20
47.3879
  0
LWPOLYLINE
  5
813
330
17
100
AcDbEntity
  8
PARTS
100
AcDbPolyline
 90
2
 70
0
 10
48.963166666666666
 20
47.3879
 10
48.963166666666666
 20
46.0879
  0
LWPOLYLINE
  5
814
330
17
100
AcDbEntity
  8
PARTS
100
AcDbPolyline
 90
2
 70
0
 10
48.863166666666665
 20
45.987899999999996
 10
48.863166666666665
 20
46.0879
  0
LWPOLYLINE
  5
815
330
17
100
AcDbEntity
  8
PARTS
100
AcDbPolyline
 90
2
 70
0
 10
49.363166666666665
 20
45.987899999999996
 10
49.06316666666667
 20
45.987899999999996
  0
LWPOLYLINE
  5
816
330
17
100
AcDbEntity
  8
PARTS
100
AcDbPolyline
 90
2
 70
0
 10
49.06316666666667
 20
45.987899999999996
 10
48.963166666666666
 20
45.987899999999996
  0
LWPOLYLINE
  5
817
330
17
100
AcDbEntity
  8
PARTS
100
AcDbPolyline
 90
2
 70
0
 10
48.963166666666666
 20
45.987899999999996
 10
48.863166666666665
 20
45.987899999999996
  0
LWPOLYLINE
  5
818
330
17
100
AcDbEntity
  8
PARTS
100
AcDbPolyline
 90
2
 70
0
 10
48.863166666666665
 20
45.987899999999996
 10
48.963166666666666
 20
45.987899999999996
  0
LWPOLYLINE
  5
819
330
17
100
AcDbEntity
  8
PARTS
100
AcDbPolyline
 90
2
 70
0
 10
48.963166666666666
 20
46.0879
 10
48.963166666666666
 20
45.987899999999996
  0
LWPOLYLINE
  5
81A
330
17
100
AcDbEntity
  8
PARTS
100
AcDbPolyline
 90
2
 70
0
 10
49.463166666666666
 20
47.2879
 10
49.363166666666665
 20
47.3879
  0
LWPOLYLINE
  5
81B
330
17
100
AcDbEntity
  8
PARTS
100
AcDbPolyline
 90
2
 70
0
 10
49.363166666666665
 20
45.987899999999996
 10
49.463166666666666
 20
46.0879
  0
LWPOLYLINE
  5
81C
330
17
100
AcDbEntity
  8
PARTS
100
AcDbPolyline
 90
2
 70
0
 10
24.453166666666664
 20
76.38789999999999
 10
23.553166666666666
 20
76.38789999999999
  0
LWPOLYLINE
  5
81D
330
17
100
AcDbEntity
  8
PARTS
100
AcDbPolyline
 90
2
 70
0
 10
49.853166666666674
 20
75.7428
 10
49.853166666666674
 20
75.83999999999999
  0
LWPOLYLINE
  5
81E
330
17
100
AcDbEntity
  8
PARTS
100
AcDbPolyline
 90
2
 70
0
 10
49.853166666666674
 20
55.2679
 10
49.853166666666674
 20
61.601099999999995
  0
LWPOLYLINE
  5
81F
330
17
100
AcDbEntity
  8
PARTS
100
AcDbPolyline
 90
2
 70
0
 10
49.853166666666674
 20
71.8947
 10
49.853166666666674
 20
71.99589999999999
  0
LWPOLYLINE
  5
820
330
17
100
AcDbEntity
  8
PARTS
100
AcDbPolyline
 90
2
 70
0
 10
21.353166666666667
 20
75.83999999999999
 10
21.353166666666667
 20
71.8947
  0
LWPOLYLINE
  5
821
330
17
100
AcDbEntity
  8
PARTS
100
AcDbPolyline
 90
2
 70
0
 10
21.353166666666667
 20
68.4474
 10
21.353166666666667
 20
68.38879999999999
  0
LWPOLYLINE
  5
822
330
17
100
AcDbEntity
  8
PARTS
100
AcDbPolyline
 90
2
 70
0
 10
49.153166666666664
 20
76.38789999999999
 10
47.653166666666664
 20
76.38789999999999
  0
LWPOLYLINE
  5
823
330
17
100
AcDbEntity
  8
PARTS
100
AcDbPolyline
 90
2
 70
0
 10
48.60516666666666
 20
75.83999999999999
 10
48.45316666666667
 20
75.6879
  0
LWPOLYLINE
  5
824
330
17
100
AcDbEntity
  8
PARTS
100
AcDbPolyline
 90
2
 70
0
 10
24.155466666666666
 20
68.38879999999999
 10
21.353166666666667
 20
68.38879999999999
  0
LWPOLYLINE
  5
825
330
17
100
AcDbEntity
  8
PARTS
100
AcDbPolyline
 90
2
 70
0
 10
24.155466666666666
 20
58.766099999999994
 10
24.155466666666666
 20
68.38879999999999
  0
LWPOLYLINE
  5
826
330
17
100
AcDbEntity
  8
PARTS
100
AcDbPolyline
 90
2
 70
0
 10
49.95316666666667
 20
71.99589999999999
 10
49.853166666666674
 20
71.99589999999999
  0
LWPOLYLINE
  5
827
330
17
100
AcDbEntity
  8
PARTS
100
AcDbPolyline
 90
2
 70
0
 10
49.95316666666667
 20
75.7428
 10
49.95316666666667
 20
71.99589999999999
  0
LWPOLYLINE
  5
828
330
17
100
AcDbEntity
  8
PARTS
100
AcDbPolyline
 90
2
 70
0
 10
49.95316666666667
 20
75.7428
 10
49.853166666666674
 20
75.7428
  0
LWPOLYLINE
  5
829
330
17
100
AcDbEntity
  8
PARTS
100
AcDbPolyline
 90
2
 70
0
 10
47.653166666666664
 20
76.38789999999999
 10
46.853166666666674
 20
75.5879
  0
LWPOLYLINE
  5
82A
330
17
100
AcDbEntity
  8
PARTS
100
AcDbPolyline
 90
2
 70
0
 10
46.853166666666674
 20
75.5879
 10
46.853166666666674
 20
74.9774
  0
LWPOLYLINE
  5
82B
330
17
100
AcDbEntity
  8
PARTS
100
AcDbPolyline
 90
2
 70
0
 10
24.528966666666665
 20
76.3122
 10
24.453166666666664
 20
76.38789999999999
  0
LWPOLYLINE
  5
82C
330
17
100
AcDbEntity
  8
PARTS
100
AcDbPolyline
 90
2
 70
0
 10
28.87816666666667
 20
47.2879
 10
28.87816666666667
 20
47.2442
  0
LWPOLYLINE
  5
82D
330
17
100
AcDbEntity
  8
PARTS
100
AcDbPolyline
 90
2
 70
0
 10
29.478166666666667
 20
47.2879
 10
29.478166666666667
 20
47.2442
  0
LWPOLYLINE
  5
82E
330
17
100
AcDbEntity
  8
PARTS
100
AcDbPolyline
 90
2
 70
0
 10
28.87816666666667
 20
46.6763
 10
28.87816666666667
 20
45.987899999999996
  0
LWPOLYLINE
  5
82F
330
17
100
AcDbEntity
  8
PARTS
100
AcDbPolyline
 90
2
 70
0
 10
28.87816666666667
 20
46.7614
 10
28.87816666666667
 20
46.6763
  0
LWPOLYLINE
  5
830
330
17
100
AcDbEntity
  8
PARTS
100
AcDbPolyline
 90
2
 70
0
 10
28.87816666666667
 20
47.2442
 10
28.87816666666667
 20
46.7614
  0
LWPOLYLINE
  5
831
330
17
100
AcDbEntity
  8
PARTS
100
AcDbPolyline
 90
2
 70
0
 10
29.478166666666667
 20
47.2442
 10
29.478166666666667
 20
46.7614
  0
LWPOLYLINE
  5
832
330
17
100
AcDbEntity
  8
PARTS
100
AcDbPolyline
 90
2
 70
0
 10
29.478166666666667
 20
46.7614
 10
29.478166666666667
 20
46.6763
  0
LWPOLYLINE
  5
833
330
17
100
AcDbEntity
  8
PARTS
100
AcDbPolyline
 90
2
 70
0
 10
29.478166666666667
 20
46.6763
 10
29.478166666666667
 20
45.987899999999996
  0
LWPOLYLINE
  5
834
330
17
100
AcDbEntity
  8
PARTS
100
AcDbPolyline
 90
2
 70
0
 10
28.87816666666667
 20
45.987899999999996
 10
29.478166666666667
 20
45.987899999999996
  0
LWPOLYLINE
  5
835
330
17
100
AcDbEntity
  8
PARTS
100
AcDbPolyline
 90
2
 70
0
 10
36.378166666666665
 20
47.2879
 10
36.378166666666665
 20
47.2442
  0
LWPOLYLINE
  5
836
330
17
100
AcDbEntity
  8
PARTS
100
AcDbPolyline
 90
2
 70
0
 10
36.97816666666667
 20
47.2879
 10
36.97816666666667
 20
47.2442
  0
LWPOLYLINE
  5
837
330
17
100
AcDbEntity
  8
PARTS
100
AcDbPolyline
 90
2
 70
0
 10
36.378166666666665
 20
46.6763
 10
36.378166666666665
 20
45.987899999999996
  0
LWPOLYLINE
  5
838
330
17
100
AcDbEntity
  8
PARTS
100
AcDbPolyline
 90
2
 70
0
 10
36.378166666666665
 20
46.7614
 10
36.378166666666665
 20
46.6763
  0
LWPOLYLINE
  5
839
330
17
100
AcDbEntity
  8
PARTS
100
AcDbPolyline
 90
2
 70
0
 10
36.378166666666665
 20
47.2442
 10
36.378166666666665
 20
46.7614
  0
LWPOLYLINE
  5
83A
330
17
100
AcDbEntity
  8
PARTS
100
AcDbPolyline
 90
2
 70
0
 10
36.97816666666667
 20
47.2442
 10
36.97816666666667
 20
46.7614
  0
LWPOLYLINE
  5
83B
330
17
100
AcDbEntity
  8
PARTS
100
AcDbPolyline
 90
2
 70
0
 10
36.97816666666667
 20
46.7614
 10
36.97816666666667
 20
46.6763
  0
LWPOLYLINE
  5
83C
330
17
100
AcDbEntity
  8
PARTS
100
AcDbPolyline
 90
2
 70
0
 10
36.97816666666667
 20
46.6763
 10
36.97816666666667
 20
45.987899999999996
  0
LWPOLYLINE
  5
83D
330
17
100
AcDbEntity
  8
PARTS
100
AcDbPolyline
 90
2
 70
0
 10
36.378166666666665
 20
45.987899999999996
 10
36.97816666666667
 20
45.987899999999996
  0
LWPOLYLINE
  5
83E
330
17
100
AcDbEntity
  8
PARTS
100
AcDbPolyline
 90
2
 70
0
 10
38.88816666666667
 20
47.2879
 10
38.88816666666667
 20
47.2442
  0
LWPOLYLINE
  5
83F
330
17
100
AcDbEntity
  8
PARTS
100
AcDbPolyline
 90
2
 70
0
 10
39.488166666666665
 20
47.2879
 10
39.488166666666665
 20
47.2442
  0
LWPOLYLINE
  5
840
330
17
100
AcDbEntity
  8
PARTS
100
AcDbPolyline
 90
2
 70
0
 10
38.88816666666667
 20
46.6763
 10
38.88816666666667
 20
45.987899999999996
  0
LWPOLYLINE
  5
841
330
17
100
AcDbEntity
  8
PARTS
100
AcDbPolyline
 90
2
 70
0
 10
38.88816666666667
 20
46.7614
 10
38.88816666666667
 20
46.6763
  0
LWPOLYLINE
  5
842
330
17
100
AcDbEntity
  8
PARTS
100
AcDbPolyline
 90
2
 70
0
 10
38.88816666666667
 20
47.2442
 10
38.88816666666667
 20
46.7614
  0
LWPOLYLINE
  5
843
330
17
100
AcDbEntity
  8
PARTS
100
AcDbPolyline
 90
2
 70
0
 10
39.488166666666665
 20
47.2442
 10
39.488166666666665
 20
46.7614
  0
LWPOLYLINE
  5
844
330
17
100
AcDbEntity
  8
PARTS
100
AcDbPolyline
 90
2
 70
0
 10
39.488166666666665
 20
46.7614
 10
39.488166666666665
 20
46.6763
  0
LWPOLYLINE
  5
845
330
17
100
AcDbEntity
  8
PARTS
100
AcDbPolyline
 90
2
 70
0
 10
39.488166666666665
 20
46.6763
 10
39.488166666666665
 20
45.987899999999996
  0
LWPOLYLINE
  5
846
330
17
100
AcDbEntity
  8
PARTS
100
AcDbPolyline
 90
2
 70
0
 10
38.88816666666667
 20
45.987899999999996
 10
39.488166666666665
 20
45.987899999999996
  0
LWPOLYLINE
  5
847
330
17
100
AcDbEntity
  8
PARTS
100
AcDbPolyline
 90
2
 70
0
 10
41.38816666666667
 20
47.2879
 10
41.38816666666667
 20
47.2442
  0
LWPOLYLINE
  5
848
330
17
100
AcDbEntity
  8
PARTS
100
AcDbPolyline
 90
2
 70
0
 10
41.988166666666665
 20
47.2879
 10
41.988166666666665
 20
47.2442
  0
LWPOLYLINE
  5
849
330
17
100
AcDbEntity
  8
PARTS
100
AcDbPolyline
 90
2
 70
0
 10
41.38816666666667
 20
46.6763
 10
41.38816666666667
 20
45.987899999999996
  0
LWPOLYLINE
  5
84A
330
17
100
AcDbEntity
  8
PARTS
100
AcDbPolyline
 90
2
 70
0
 10
41.38816666666667
 20
46.7614
 10
41.38816666666667
 20
46.6763
  0
LWPOLYLINE
  5
84B
330
17
100
AcDbEntity
  8
PARTS
100
AcDbPolyline
 90
2
 70
0
 10
41.38816666666667
 20
47.2442
 10
41.38816666666667
 20
46.7614
  0
LWPOLYLINE
  5
84C
330
17
100
AcDbEntity
  8
PARTS
100
AcDbPolyline
 90
2
 70
0
 10
41.988166666666665
 20
47.2442
 10
41.988166666666665
 20
46.7614
  0
LWPOLYLINE
  5
84D
330
17
100
AcDbEntity
  8
PARTS
100
AcDbPolyline
 90
2
 70
0
 10
41.988166666666665
 20
46.7614
 10
41.988166666666665
 20
46.6763
  0
LWPOLYLINE
  5
84E
330
17
100
AcDbEntity
  8
PARTS
100
AcDbPolyline
 90
2
 70
0
 10
41.988166666666665
 20
46.6763
 10
41.988166666666665
 20
45.987899999999996
  0
LWPOLYLINE
  5
84F
330
17
100
AcDbEntity
  8
PARTS
100
AcDbPolyline
 90
2
 70
0
 10
41.38816666666667
 20
45.987899999999996
 10
41.988166666666665
 20
45.987899999999996
  0
LWPOLYLINE
  5
850
330
17
100
AcDbEntity
  8
PARTS
100
AcDbPolyline
 90
2
 70
0
 10
43.81316666666667
 20
47.2879
 10
43.81316666666667
 20
47.2442
  0
LWPOLYLINE
  5
851
330
17
100
AcDbEntity
  8
PARTS
100
AcDbPolyline
 90
2
 70
0
 10
44.413166666666676
 20
47.2879
 10
44.413166666666676
 20
47.2442
  0
LWPOLYLINE
  5
852
330
17
100
AcDbEntity
  8
PARTS
100
AcDbPolyline
 90
2
 70
0
 10
43.81316666666667
 20
46.6763
 10
43.81316666666667
 20
45.987899999999996
  0
LWPOLYLINE
  5
853
330
17
100
AcDbEntity
  8
PARTS
100
AcDbPolyline
 90
2
 70
0
 10
43.81316666666667
 20
46.7614
 10
43.81316666666667
 20
46.6763
  0
LWPOLYLINE
  5
854
330
17
100
AcDbEntity
  8
PARTS
100
AcDbPolyline
 90
2
 70
0
 10
43.81316666666667
 20
47.2442
 10
43.81316666666667
 20
46.7614
  0
LWPOLYLINE
  5
855
330
17
100
AcDbEntity
  8
PARTS
100
AcDbPolyline
 90
2
 70
0
 10
44.413166666666676
 20
47.2442
 10
44.413166666666676
 20
46.7614
  0
LWPOLYLINE
  5
856
330
17
100
AcDbEntity
  8
PARTS
100
AcDbPolyline
 90
2
 70
0
 10
44.413166666666676
 20
46.7614
 10
44.413166666666676
 20
46.6763
  0
LWPOLYLINE
  5
857
330
17
100
AcDbEntity
  8
PARTS
100
AcDbPolyline
 90
2
 70
0
 10
44.413166666666676
 20
46.6763
 10
44.413166666666676
 20
45.987899999999996
  0
LWPOLYLINE
  5
858
330
17
100
AcDbEntity
  8
PARTS
100
AcDbPolyline
 90
2
 70
0
 10
43.81316666666667
 20
45.987899999999996
 10
44.413166666666676
 20
45.987899999999996
  0
LWPOLYLINE
  5
859
330
17
100
AcDbEntity
  8
PARTS
100
AcDbPolyline
 90
2
 70
0
 10
45.51316666666667
 20
47.3879
 10
45.51316666666667
 20
47.2442
  0
LWPOLYLINE
  5
85A
330
17
100
AcDbEntity
  8
PARTS
100
AcDbPolyline
 90
2
 70
0
 10
46.113166666666665
 20
47.3879
 10
46.113166666666665
 20
47.2442
  0
LWPOLYLINE
  5
85B
330
17
100
AcDbEntity
  8
PARTS
100
AcDbPolyline
 90
2
 70
0
 10
45.51316666666667
 20
46.6763
 10
45.51316666666667
 20
45.987899999999996
  0
LWPOLYLINE
  5
85C
330
17
100
AcDbEntity
  8
PARTS
100
AcDbPolyline
 90
2
 70
0
 10
45.51316666666667
 20
46.7614
 10
45.51316666666667
 20
46.6763
  0
LWPOLYLINE
  5
85D
330
17
100
AcDbEntity
  8
PARTS
100
AcDbPolyline
 90
2
 70
0
 10
45.51316666666667
 20
47.2442
 10
45.51316666666667
 20
46.7614
  0
LWPOLYLINE
  5
85E
330
17
100
AcDbEntity
  8
PARTS
100
AcDbPolyline
 90
2
 70
0
 10
46.113166666666665
 20
47.2442
 10
46.113166666666665
 20
46.7614
  0
LWPOLYLINE
  5
85F
330
17
100
AcDbEntity
  8
PARTS
100
AcDbPolyline
 90
2
 70
0
 10
46.113166666666665
 20
46.7614
 10
46.113166666666665
 20
46.6763
  0
LWPOLYLINE
  5
860
330
17
100
AcDbEntity
  8
PARTS
100
AcDbPolyline
 90
2
 70
0
 10
46.113166666666665
 20
46.6763
 10
46.113166666666665
 20
45.987899999999996
  0
LWPOLYLINE
  5
861
330
17
100
AcDbEntity
  8
PARTS
100
AcDbPolyline
 90
2
 70
0
 10
45.51316666666667
 20
45.987899999999996
 10
46.113166666666665
 20
45.987899999999996
  0
LWPOLYLINE
  5
862
330
17
100
AcDbEntity
  8
PARTS
100
AcDbPolyline
 90
2
 70
0
 10
49.95316666666667
 20
64.3855
 10
49.95316666666667
 20
62.2895
  0
LWPOLYLINE
  5
863
330
17
100
AcDbEntity
  8
PARTS
100
AcDbPolyline
 90
2
 70
0
 10
49.95316666666667
 20
51.3784
 10
49.95316666666667
 20
49.24429999999999
  0
LWPOLYLINE
  5
864
330
17
100
AcDbEntity
  8
PARTS
100
AcDbPolyline
 90
261
 70
0
 10
25.297966666666667
 20
75.7323
 10
25.354566666666667
 20
75.6498
 10
25.41186666666667
 20
75.56769999999999
 10
25.46976666666667
 20
75.48610000000001
 10
25.528266666666667
 20
75.4049
 10
25.587366666666668
 20
75.3241
 10
25.64706666666667
 20
75.2437
 10
25.70736666666667
 20
75.1638
 10
25.768266666666666
 20
75.0844
 10
25.829766666666668
 20
75.0054
 10
25.89186666666667
 20
74.9269
 10
25.954466666666665
 20
74.8489
 10
26.01776666666667
 20
74.7713
 10
26.081566666666664
 20
74.6942
 10
26.145966666666666
 20
74.6176
 10
26.210966666666668
 20
74.5414
 10
26.276466666666664
 20
74.46579999999999
 10
26.34256666666667
 20
74.39059999999999
 10
26.409266666666667
 20
74.31599999999999
 10
26.476466666666667
 20
74.2418
 10
26.54426666666667
 20
74.1681
 10
26.612566666666666
 20
74.095
 10
26.681466666666665
 20
74.02239999999999
 10
26.750866666666667
 20
73.9502
 10
26.820766666666668
 20
73.8787
 10
26.891266666666667
 20
73.8076
 10
26.962266666666665
 20
73.7371
 10
27.03386666666667
 20
73.66699999999999
 10
27.105866666666667
 20
73.5976
 10
27.178466666666665
 20
73.5287
 10
27.251566666666665
 20
73.4603
 10
27.325166666666664
 20
73.3924
 10
27.399266666666666
 20
73.3252
 10
27.473866666666666
 20
73.2584
 10
27.54896666666667
 20
73.1923
 10
27.624566666666666
 20
73.1267
 10
27.700666666666667
 20
73.0616
 10
27.777266666666666
 20
72.9972
 10
27.854366666666667
 20
72.93329999999999
 10
27.931866666666668
 20
72.86999999999999
 10
28.009866666666667
 20
72.8073
 10
28.08836666666667
 20
72.7451
 10
28.167266666666666
 20
72.6836
 10
28.24666666666667
 20
72.62259999999999
 10
28.326466666666665
 20
72.5623
 10
28.40676666666667
 20
72.5025
 10
28.487566666666666
 20
72.4433
 10
28.56866666666667
 20
72.3848
 10
28.650366666666667
 20
72.3268
 10
28.732366666666667
 20
72.2695
 10
28.814866666666664
 20
72.2128
 10
28.897766666666666
 20
72.1567
 10
28.981066666666663
 20
72.10119999999999
 10
29.064766666666667
 20
72.04639999999999
 10
29.148866666666667
 20
71.9921
 10
29.23346666666667
 20
71.93849999999999
 10
29.318366666666666
 20
71.8856
 10
29.403666666666666
 20
71.8333
 10
29.48946666666667
 20
71.7816
 10
29.575566666666663
 20
71.73049999999999
 10
29.661966666666668
 20
71.6801
 10
29.748866666666668
 20
71.6304
 10
29.836066666666667
 20
71.5813
 10
29.923666666666666
 20
71.5329
 10
30.011666666666667
 20
71.4851
 10
30.099966666666663
 20
71.438
 10
30.188566666666663
 20
71.3915
 10
30.27756666666667
 20
71.3457
 10
30.366966666666666
 20
71.30059999999999
 10
30.456666666666667
 20
71.25609999999999
 10
30.546666666666667
 20
71.2123
 10
30.636966666666666
 20
71.1692
 10
30.727666666666664
 20
71.12679999999999
 10
30.81856666666667
 20
71.085
 10
30.90986666666667
 20
71.044
 10
31.00146666666667
 20
71.00359999999999
 10
31.093366666666668
 20
70.9639
 10
31.185466666666667
 20
70.9249
 10
31.277966666666668
 20
70.8866
 10
31.37076666666667
 20
70.8489
 10
31.463766666666668
 20
70.812
 10
31.557066666666667
 20
70.77579999999999
 10
31.650666666666666
 20
70.7402
 10
31.744466666666668
 20
70.7054
 10
31.83856666666667
 20
70.67129999999999
 10
31.932866666666666
 20
70.6378
 10
32.02746666666667
 20
70.6051
 10
32.122366666666665
 20
70.5731
 10
32.21746666666667
 20
70.5418
 10
32.31276666666667
 20
70.51119999999999
 10
32.40826666666667
 20
70.48129999999999
 10
32.50396666666666
 20
70.45219999999999
 10
32.59996666666667
 20
70.4237
 10
32.69616666666667
 20
70.396
 10
32.792566666666666
 20
70.369
 10
32.88906666666667
 20
70.3427
 10
32.985866666666666
 20
70.3172
 10
33.08286666666667
 20
70.2923
 10
33.179966666666665
 20
70.2682
 10
33.277366666666666
 20
70.24489999999999
 10
33.37486666666667
 20
70.2222
 10
33.47246666666667
 20
70.2003
 10
33.57026666666667
 20
70.17909999999999
 10
33.66826666666667
 20
70.15859999999999
 10
33.766466666666666
 20
70.13889999999999
 10
33.864666666666665
 20
70.11989999999999
 10
33.96306666666667
 20
70.1017
 10
34.06166666666667
 20
70.0842
 10
34.16036666666667
 20
70.0674
 10
34.259166666666665
 20
70.05139999999999
 10
34.358066666666666
 20
70.03609999999999
 10
34.45706666666667
 20
70.02149999999999
 10
34.556266666666666
 20
70.0077
 10
34.65546666666666
 20
69.9946
 10
34.75476666666667
 20
69.9823
 10
34.854166666666664
 20
69.9707
 10
34.95366666666667
 20
69.95989999999999
 10
35.053266666666666
 20
69.9498
 10
35.152966666666664
 20
69.9404
 10
35.25266666666667
 20
69.9318
 10
35.352466666666665
 20
69.92399999999999
 10
35.45226666666667
 20
69.9169
 10
35.552166666666665
 20
69.9105
 10
35.652166666666666
 20
69.9049
 10
35.75206666666667
 20
69.89999999999999
 10
35.852066666666666
 20
69.8959
 10
35.95216666666667
 20
69.8925
 10
36.052166666666665
 20
69.8899
 10
36.15226666666667
 20
69.88799999999999
 10
36.25236666666667
 20
69.8869
 10
36.352466666666665
 20
69.8865
 10
36.45256666666666
 20
69.8869
 10
36.55266666666667
 20
69.88799999999999
 10
36.65266666666667
 20
69.8899
 10
36.752766666666666
 20
69.8925
 10
36.85276666666667
 20
69.8959
 10
36.952866666666665
 20
69.89999999999999
 10
37.05276666666666
 20
69.9049
 10
37.15276666666667
 20
69.9105
 10
37.25266666666666
 20
69.9169
 10
37.352466666666665
 20
69.92399999999999
 10
37.45226666666667
 20
69.9318
 10
37.551966666666665
 20
69.9404
 10
37.651666666666664
 20
69.9498
 10
37.75116666666667
 20
69.95989999999999
 10
37.85066666666667
 20
69.9707
 10
37.95016666666667
 20
69.9823
 10
38.04946666666667
 20
69.9946
 10
38.148666666666664
 20
70.0077
 10
38.24786666666667
 20
70.02149999999999
 10
38.34686666666666
 20
70.03609999999999
 10
38.445766666666664
 20
70.05139999999999
 10
38.54456666666667
 20
70.0674
 10
38.64326666666667
 20
70.0842
 10
38.74176666666667
 20
70.1017
 10
38.84026666666667
 20
70.11989999999999
 10
38.93846666666666
 20
70.13889999999999
 10
39.03666666666667
 20
70.15859999999999
 10
39.134566666666665
 20
70.17909999999999
 10
39.23246666666667
 20
70.2003
 10
39.33006666666667
 20
70.2222
 10
39.42756666666667
 20
70.24489999999999
 10
39.524966666666664
 20
70.2682
 10
39.62206666666667
 20
70.2923
 10
39.71906666666666
 20
70.3172
 10
39.81576666666667
 20
70.3427
 10
39.912366666666664
 20
70.369
 10
40.008766666666666
 20
70.396
 10
40.10496666666667
 20
70.4237
 10
40.20086666666666
 20
70.45219999999999
 10
40.29666666666667
 20
70.48129999999999
 10
40.39216666666667
 20
70.51119999999999
 10
40.48746666666667
 20
70.5418
 10
40.58256666666667
 20
70.5731
 10
40.677366666666664
 20
70.6051
 10
40.771966666666664
 20
70.6378
 10
40.866366666666664
 20
70.67129999999999
 10
40.96046666666667
 20
70.7054
 10
41.05426666666667
 20
70.7402
 10
41.147866666666665
 20
70.77579999999999
 10
41.241166666666665
 20
70.812
 10
41.33416666666667
 20
70.8489
 10
41.426966666666665
 20
70.8866
 10
41.51936666666666
 20
70.9249
 10
41.61156666666667
 20
70.9639
 10
41.703466666666664
 20
71.00359999999999
 10
41.79506666666666
 20
71.044
 10
41.88636666666667
 20
71.085
 10
41.97726666666667
 20
71.12679999999999
 10
42.06796666666667
 20
71.1692
 10
42.15826666666666
 20
71.2123
 10
42.248266666666666
 20
71.25609999999999
 10
42.33796666666667
 20
71.30059999999999
 10
42.42726666666667
 20
71.3457
 10
42.51626666666667
 20
71.3915
 10
42.60496666666667
 20
71.438
 10
42.69326666666666
 20
71.4851
 10
42.78126666666666
 20
71.5329
 10
42.86886666666667
 20
71.5813
 10
42.956066666666665
 20
71.6304
 10
43.04286666666667
 20
71.6801
 10
43.12936666666667
 20
71.73049999999999
 10
43.215466666666664
 20
71.7816
 10
43.30116666666667
 20
71.8333
 10
43.38656666666666
 20
71.8856
 10
43.471466666666664
 20
71.93849999999999
 10
43.55596666666667
 20
71.9921
 10
43.640166666666666
 20
72.04639999999999
 10
43.72386666666667
 20
72.10119999999999
 10
43.80716666666666
 20
72.1567
 10
43.89006666666668
 20
72.2128
 10
43.972566666666665
 20
72.2695
 10
44.054566666666666
 20
72.3268
 10
44.13616666666667
 20
72.3848
 10
44.21736666666666
 20
72.4433
 10
44.29816666666667
 20
72.5025
 10
44.37846666666667
 20
72.5623
 10
44.45826666666667
 20
72.62259999999999
 10
44.53766666666667
 20
72.6836
 10
44.616566666666664
 20
72.7451
 10
44.69506666666666
 20
72.8073
 10
44.773066666666665
 20
72.86999999999999
 10
44.85056666666667
 20
72.93329999999999
 10
44.927666666666674
 20
72.9972
 10
45.00416666666666
 20
73.0616
 10
45.08026666666666
 20
73.1267
 10
45.15586666666667
 20
73.1923
 10
45.23096666666667
 20
73.2584
 10
45.30566666666667
 20
73.3252
 10
45.37976666666666
 20
73.3924
 10
45.45336666666666
 20
73.4603
 10
45.526466666666664
 20
73.5287
 10
45.59896666666666
 20
73.5976
 10
45.67106666666666
 20
73.66699999999999
 10
45.74256666666667
 20
73.7371
 10
45.81366666666667
 20
73.8076
 10
45.88406666666666
 20
73.8787
 10
45.95406666666667
 20
73.9502
 10
46.02346666666667
 20
74.02239999999999
 10
46.09236666666666
 20
74.095
 10
46.160666666666664
 20
74.1681
 10
46.22846666666667
 20
74.2418
 10
46.29566666666667
 20
74.31599999999999
 10
46.36236666666667
 20
74.39059999999999
 10
46.42846666666667
 20
74.46579999999999
 10
46.493966666666665
 20
74.5414
 10
46.55896666666666
 20
74.6176
 10
46.62336666666667
 20
74.6942
 10
46.68716666666666
 20
74.7713
 10
46.75046666666666
 20
74.8489
 10
46.813066666666664
 20
74.9269
 10
46.875166666666665
 20
75.0054
 10
46.93666666666667
 20
75.0844
 10
46.99756666666667
 20
75.1638
 10
47.057866666666676
 20
75.2437
 10
47.11756666666667
 20
75.3241
 10
47.17666666666667
 20
75.4049
 10
47.235166666666665
 20
75.48610000000001
 10
47.29306666666667
 20
75.56769999999999
 10
47.35026666666666
 20
75.6498
 10
47.40696666666667
 20
75.7323
  0
LWPOLYLINE
  5
865
330
17
100
AcDbEntity
  8
PARTS
100
AcDbPolyline
 90
15
 70
0
 10
25.297966666666667
 20
75.7323
 10
25.23636666666667
 20
75.8164
 10
25.169066666666666
 20
75.896
 10
25.09636666666667
 20
75.9706
 10
25.018666666666665
 20
76.0401
 10
24.936366666666668
 20
76.104
 10
24.849766666666667
 20
76.1621
 10
24.759366666666665
 20
76.214
 10
24.665666666666667
 20
76.2594
 10
24.568966666666668
 20
76.2983
 10
24.46976666666667
 20
76.3304
 10
24.368666666666666
 20
76.35549999999999
 10
24.265966666666667
 20
76.37349999999999
 10
24.162366666666667
 20
76.3843
 10
24.058166666666665
 20
76.38789999999999
  0
LWPOLYLINE
  5
866
330
17
100
AcDbEntity
  8
PARTS
100
AcDbPolyline
 90
2
 70
0
 10
21.453166666666664
 20
76.38789999999999
 10
24.058166666666665
 20
76.38789999999999
  0
LWPOLYLINE
  5
867
330
17
100
AcDbEntity
  8
PARTS
100
AcDbPolyline
 90
2
 70
0
 10
22.75316666666667
 20
75.83999999999999
 10
21.453166666666664
 20
75.83999999999999
  0
LWPOLYLINE
  5
868
330
17
100
AcDbEntity
  8
PARTS
100
AcDbPolyline
 90
2
 70
0
 10
22.75316666666667
 20
75.83999999999999
 10
22.75316666666667
 20
75.34689999999999
  0
LWPOLYLINE
  5
869
330
17
100
AcDbEntity
  8
PARTS
100
AcDbPolyline
 90
2
 70
0
 10
22.75316666666667
 20
75.34689999999999
 10
22.137366666666665
 20
75.34689999999999
  0
LWPOLYLINE
  5
86A
330
17
100
AcDbEntity
  8
PARTS
100
AcDbPolyline
 90
2
 70
0
 10
22.137366666666665
 20
72.6994
 10
22.75316666666667
 20
72.6994
  0
LWPOLYLINE
  5
86B
330
17
100
AcDbEntity
  8
PARTS
100
AcDbPolyline
 90
2
 70
0
 10
22.75316666666667
 20
72.6994
 10
22.75316666666667
 20
71.8947
  0
LWPOLYLINE
  5
86C
330
17
100
AcDbEntity
  8
PARTS
100
AcDbPolyline
 90
2
 70
0
 10
22.75316666666667
 20
71.8947
 10
21.453166666666664
 20
71.8947
  0
LWPOLYLINE
  5
86D
330
17
100
AcDbEntity
  8
PARTS
100
AcDbPolyline
 90
2
 70
0
 10
24.014066666666665
 20
68.4474
 10
21.453166666666664
 20
68.4474
  0
LWPOLYLINE
  5
86E
330
17
100
AcDbEntity
  8
PARTS
100
AcDbPolyline
 90
4
 70
0
 10
24.214066666666668
 20
68.2474
 10
24.18726666666667
 20
68.3474
 10
24.11406666666667
 20
68.4206
 10
24.014066666666665
 20
68.4474
  0
LWPOLYLINE
  5
86F
330
17
100
AcDbEntity
  8
PARTS
100
AcDbPolyline
 90
2
 70
0
 10
24.214066666666668
 20
58.9075
 10
24.214066666666668
 20
68.2474
  0
LWPOLYLINE
  5
870
330
17
100
AcDbEntity
  8
PARTS
100
AcDbPolyline
 90
4
 70
0
 10
24.014066666666665
 20
58.7075
 10
24.11406666666667
 20
58.7343
 10
24.18726666666667
 20
58.8075
 10
24.214066666666668
 20
58.9075
  0
LWPOLYLINE
  5
871
330
17
100
AcDbEntity
  8
PARTS
100
AcDbPolyline
 90
2
 70
0
 10
23.833566666666666
 20
58.7075
 10
24.014066666666665
 20
58.7075
  0
LWPOLYLINE
  5
872
330
17
100
AcDbEntity
  8
PARTS
100
AcDbPolyline
 90
2
 70
0
 10
23.833566666666666
 20
58.7075
 10
23.833566666666666
 20
60.1804
  0
LWPOLYLINE
  5
873
330
17
100
AcDbEntity
  8
PARTS
100
AcDbPolyline
 90
2
 70
0
 10
21.633566666666667
 20
58.7075
 10
21.633566666666667
 20
60.1804
  0
LWPOLYLINE
  5
874
330
17
100
AcDbEntity
  8
PARTS
100
AcDbPolyline
 90
2
 70
0
 10
21.453166666666664
 20
58.7075
 10
21.633566666666667
 20
58.7075
  0
LWPOLYLINE
  5
875
330
17
100
AcDbEntity
  8
PARTS
100
AcDbPolyline
 90
2
 70
0
 10
25.408066666666667
 20
47.3879
 10
21.453166666666664
 20
47.3879
  0
LWPOLYLINE
  5
876
330
17
100
AcDbEntity
  8
PARTS
100
AcDbPolyline
 90
2
 70
0
 10
49.753166666666665
 20
47.3879
 10
45.262166666666666
 20
47.3879
  0
LWPOLYLINE
  5
877
330
17
100
AcDbEntity
  8
PARTS
100
AcDbPolyline
 90
2
 70
0
 10
49.45316666666667
 20
55.2679
 10
49.753166666666665
 20
55.2679
  0
LWPOLYLINE
  5
878
330
17
100
AcDbEntity
  8
PARTS
100
AcDbPolyline
 90
2
 70
0
 10
49.45316666666667
 20
61.601099999999995
 10
49.45316666666667
 20
55.2679
  0
LWPOLYLINE
  5
879
330
17
100
AcDbEntity
  8
PARTS
100
AcDbPolyline
 90
2
 70
0
 10
49.753166666666665
 20
61.601099999999995
 10
49.45316666666667
 20
61.601099999999995
  0
LWPOLYLINE
  5
87A
330
17
100
AcDbEntity
  8
PARTS
100
AcDbPolyline
 90
2
 70
0
 10
48.45316666666667
 20
71.8947
 10
49.753166666666665
 20
71.8947
  0
LWPOLYLINE
  5
87B
330
17
100
AcDbEntity
  8
PARTS
100
AcDbPolyline
 90
2
 70
0
 10
48.45316666666667
 20
72.6994
 10
48.45316666666667
 20
71.8947
  0
LWPOLYLINE
  5
87C
330
17
100
AcDbEntity
  8
PARTS
100
AcDbPolyline
 90
2
 70
0
 10
48.45316666666667
 20
72.6994
 10
49.06886666666667
 20
72.6994
  0
LWPOLYLINE
  5
87D
330
17
100
AcDbEntity
  8
PARTS
100
AcDbPolyline
 90
2
 70
0
 10
49.06886666666667
 20
75.34689999999999
 10
48.45316666666667
 20
75.34689999999999
  0
LWPOLYLINE
  5
87E
330
17
100
AcDbEntity
  8
PARTS
100
AcDbPolyline
 90
2
 70
0
 10
48.45316666666667
 20
75.83999999999999
 10
48.45316666666667
 20
75.34689999999999
  0
LWPOLYLINE
  5
87F
330
17
100
AcDbEntity
  8
PARTS
100
AcDbPolyline
 90
2
 70
0
 10
48.45316666666667
 20
75.83999999999999
 10
49.753166666666665
 20
75.83999999999999
  0
LWPOLYLINE
  5
880
330
17
100
AcDbEntity
  8
PARTS
100
AcDbPolyline
 90
2
 70
0
 10
48.64676666666667
 20
76.38789999999999
 10
49.753166666666665
 20
76.38789999999999
  0
LWPOLYLINE
  5
881
330
17
100
AcDbEntity
  8
PARTS
100
AcDbPolyline
 90
15
 70
0
 10
48.64676666666667
 20
76.38789999999999
 10
48.542566666666666
 20
76.3843
 10
48.438966666666666
 20
76.37349999999999
 10
48.33626666666667
 20
76.35549999999999
 10
48.235166666666665
 20
76.3304
 10
48.13596666666666
 20
76.2983
 10
48.03926666666666
 20
76.2594
 10
47.94546666666667
 20
76.214
 10
47.85516666666666
 20
76.1621
 10
47.768566666666665
 20
76.104
 10
47.686266666666675
 20
76.0401
 10
47.60856666666666
 20
75.9706
 10
47.535866666666664
 20
75.896
 10
47.46856666666667
 20
75.8164
 10
47.40696666666667
 20
75.7323
  0
LWPOLYLINE
  5
882
330
17
100
AcDbEntity
  8
PARTS
100
AcDbPolyline
 90
4
 70
0
 10
47.148066666666665
 20
55.479099999999995
 10
47.17486666666667
 20
55.379099999999994
 10
47.24806666666666
 20
55.3059
 10
47.34806666666666
 20
55.27909999999999
  0
LWPOLYLINE
  5
883
330
17
100
AcDbEntity
  8
PARTS
100
AcDbPolyline
 90
2
 70
0
 10
47.148066666666665
 20
61.33860000000001
 10
47.148066666666665
 20
55.479099999999995
  0
LWPOLYLINE
  5
884
330
17
100
AcDbEntity
  8
PARTS
100
AcDbPolyline
 90
4
 70
0
 10
47.34806666666666
 20
61.538599999999995
 10
47.24806666666666
 20
61.511799999999994
 10
47.17486666666667
 20
61.4386
 10
47.148066666666665
 20
61.33860000000001
  0
LWPOLYLINE
  5
885
330
17
100
AcDbEntity
  8
PARTS
100
AcDbPolyline
 90
2
 70
0
 10
47.987066666666664
 20
61.538599999999995
 10
47.34806666666666
 20
61.538599999999995
  0
LWPOLYLINE
  5
886
330
17
100
AcDbEntity
  8
PARTS
100
AcDbPolyline
 90
4
 70
0
 10
48.18706666666666
 20
61.33860000000001
 10
48.160266666666665
 20
61.4386
 10
48.087066666666665
 20
61.511799999999994
 10
47.987066666666664
 20
61.538599999999995
  0
LWPOLYLINE
  5
887
330
17
100
AcDbEntity
  8
PARTS
100
AcDbPolyline
 90
2
 70
0
 10
48.18706666666666
 20
55.479099999999995
 10
48.18706666666666
 20
61.33860000000001
  0
LWPOLYLINE
  5
888
330
17
100
AcDbEntity
  8
PARTS
100
AcDbPolyline
 90
4
 70
0
 10
47.987066666666664
 20
55.27909999999999
 10
48.087066666666665
 20
55.3059
 10
48.160266666666665
 20
55.379099999999994
 10
48.18706666666666
 20
55.479099999999995
  0
LWPOLYLINE
  5
889
330
17
100
AcDbEntity
  8
PARTS
100
AcDbPolyline
 90
2
 70
0
 10
47.34806666666666
 20
55.27909999999999
 10
47.987066666666664
 20
55.27909999999999
  0
LWPOLYLINE
  5
88A
330
17
100
AcDbEntity
  8
PARTS
100
AcDbPolyline
 90
2
 70
0
 10
21.633566666666667
 20
66.50789999999999
 10
21.633566666666667
 20
67.8981
  0
LWPOLYLINE
  5
88B
330
17
100
AcDbEntity
  8
PARTS
100
AcDbPolyline
 90
2
 70
0
 10
49.95316666666667
 20
47.3879
 10
49.753166666666665
 20
47.3879
  0
LWPOLYLINE
  5
88C
330
17
100
AcDbEntity
  8
PARTS
100
AcDbPolyline
 90
2
 70
0
 10
21.453166666666664
 20
68.4474
 10
21.25316666666667
 20
68.4474
  0
LWPOLYLINE
  5
88D
330
17
100
AcDbEntity
  8
PARTS
100
AcDbPolyline
 90
2
 70
0
 10
21.453166666666664
 20
71.8947
 10
21.25316666666667
 20
71.8947
  0
LWPOLYLINE
  5
88E
330
17
100
AcDbEntity
  8
PARTS
100
AcDbPolyline
 90
2
 70
0
 10
21.25316666666667
 20
71.8947
 10
21.25316666666667
 20
68.4474
  0
LWPOLYLINE
  5
88F
330
17
100
AcDbEntity
  8
PARTS
100
AcDbPolyline
 90
2
 70
0
 10
49.753166666666665
 20
76.38789999999999
 10
49.95316666666667
 20
76.38789999999999
  0
LWPOLYLINE
  5
890
330
17
100
AcDbEntity
  8
PARTS
100
AcDbPolyline
 90
2
 70
0
 10
21.353166666666667
 20
58.7075
 10
21.353166666666667
 20
68.38879999999999
  0
LWPOLYLINE
  5
891
330
17
100
AcDbEntity
  8
PARTS
100
AcDbPolyline
 90
2
 70
0
 10
21.25316666666667
 20
76.38789999999999
 10
21.25316666666667
 20
75.83999999999999
  0
LWPOLYLINE
  5
892
330
17
100
AcDbEntity
  8
PARTS
100
AcDbPolyline
 90
2
 70
0
 10
21.25316666666667
 20
75.83999999999999
 10
21.453166666666664
 20
75.83999999999999
  0
LWPOLYLINE
  5
893
330
17
100
AcDbEntity
  8
PARTS
100
AcDbPolyline
 90
2
 70
0
 10
21.25316666666667
 20
76.38789999999999
 10
21.453166666666664
 20
76.38789999999999
  0
LWPOLYLINE
  5
894
330
17
100
AcDbEntity
  8
PARTS
100
AcDbPolyline
 90
2
 70
0
 10
21.25316666666667
 20
58.7075
 10
21.453166666666664
 20
58.7075
  0
LWPOLYLINE
  5
895
330
17
100
AcDbEntity
  8
PARTS
100
AcDbPolyline
 90
2
 70
0
 10
21.25316666666667
 20
58.7075
 10
21.25316666666667
 20
47.3879
  0
LWPOLYLINE
  5
896
330
17
100
AcDbEntity
  8
PARTS
100
AcDbPolyline
 90
2
 70
0
 10
21.453166666666664
 20
47.3879
 10
21.25316666666667
 20
47.3879
  0
LWPOLYLINE
  5
897
330
17
100
AcDbEntity
  8
PARTS
100
AcDbPolyline
 90
2
 70
0
 10
21.25316666666667
 20
68.4474
 10
21.25316666666667
 20
58.7075
  0
LWPOLYLINE
  5
898
330
17
100
AcDbEntity
  8
PARTS
100
AcDbPolyline
 90
2
 70
0
 10
21.25316666666667
 20
71.8947
 10
21.25316666666667
 20
75.83999999999999
  0
LWPOLYLINE
  5
899
330
17
100
AcDbEntity
  8
PARTS
100
AcDbPolyline
 90
2
 70
0
 10
49.95316666666667
 20
61.601099999999995
 10
49.753166666666665
 20
61.601099999999995
  0
LWPOLYLINE
  5
89A
330
17
100
AcDbEntity
  8
PARTS
100
AcDbPolyline
 90
2
 70
0
 10
49.95316666666667
 20
71.8947
 10
49.95316666666667
 20
61.601099999999995
  0
LWPOLYLINE
  5
89B
330
17
100
AcDbEntity
  8
PARTS
100
AcDbPolyline
 90
2
 70
0
 10
49.753166666666665
 20
71.8947
 10
49.95316666666667
 20
71.8947
  0
LWPOLYLINE
  5
89C
330
17
100
AcDbEntity
  8
PARTS
100
AcDbPolyline
 90
2
 70
0
 10
49.94046666666667
 20
61.3675
 10
49.95316666666667
 20
61.3675
  0
LWPOLYLINE
  5
89D
330
17
100
AcDbEntity
  8
PARTS
100
AcDbPolyline
 90
2
 70
0
 10
49.94046666666667
 20
55.2679
 10
49.94046666666667
 20
61.3675
  0
LWPOLYLINE
  5
89E
330
17
100
AcDbEntity
  8
PARTS
100
AcDbPolyline
 90
2
 70
0
 10
49.753166666666665
 20
55.2679
 10
49.94046666666667
 20
55.2679
  0
LWPOLYLINE
  5
89F
330
17
100
AcDbEntity
  8
PARTS
100
AcDbPolyline
 90
2
 70
0
 10
49.95316666666667
 20
61.3675
 10
49.95316666666667
 20
47.3879
  0
LWPOLYLINE
  5
8A0
330
17
100
AcDbEntity
  8
PARTS
100
AcDbPolyline
 90
2
 70
0
 10
49.853166666666674
 20
71.8947
 10
49.853166666666674
 20
71.99589999999999
  0
LWPOLYLINE
  5
8A1
330
17
100
AcDbEntity
  8
PARTS
100
AcDbPolyline
 90
2
 70
0
 10
49.853166666666674
 20
75.7428
 10
49.853166666666674
 20
75.83999999999999
  0
LWPOLYLINE
  5
8A2
330
17
100
AcDbEntity
  8
PARTS
100
AcDbPolyline
 90
2
 70
0
 10
49.95316666666667
 20
47.3879
 10
49.95316666666667
 20
49.157399999999996
  0
LWPOLYLINE
  5
8A3
330
17
100
AcDbEntity
  8
PARTS
100
AcDbPolyline
 90
2
 70
0
 10
49.95316666666667
 20
51.4415
 10
49.95316666666667
 20
55.2679
  0
LWPOLYLINE
  5
8A4
330
17
100
AcDbEntity
  8
PARTS
100
AcDbPolyline
 90
2
 70
0
 10
49.95316666666667
 20
61.601099999999995
 10
49.95316666666667
 20
62.157399999999996
  0
LWPOLYLINE
  5
8A5
330
17
100
AcDbEntity
  8
PARTS
100
AcDbPolyline
 90
2
 70
0
 10
49.95316666666667
 20
64.4415
 10
49.95316666666667
 20
71.8947
  0
LWPOLYLINE
  5
8A6
330
17
100
AcDbEntity
  8
PARTS
100
AcDbPolyline
 90
2
 70
0
 10
49.95316666666667
 20
75.83999999999999
 10
49.95316666666667
 20
76.38789999999999
  0
LWPOLYLINE
  5
8A7
330
17
100
AcDbEntity
  8
PARTS
100
AcDbPolyline
 90
2
 70
0
 10
49.95316666666667
 20
76.38789999999999
 10
49.95316666666667
 20
75.83999999999999
  0
LWPOLYLINE
  5
8A8
330
17
100
AcDbEntity
  8
PARTS
100
AcDbPolyline
 90
2
 70
0
 10
49.95316666666667
 20
71.8947
 10
49.95316666666667
 20
71.99589999999999
  0
LWPOLYLINE
  5
8A9
330
17
100
AcDbEntity
  8
PARTS
100
AcDbPolyline
 90
2
 70
0
 10
49.95316666666667
 20
75.7428
 10
49.95316666666667
 20
75.83999999999999
  0
LWPOLYLINE
  5
8AA
330
17
100
AcDbEntity
  8
PARTS
100
AcDbPolyline
 90
2
 70
0
 10
49.95316666666667
 20
55.2679
 10
49.95316666666667
 20
61.601099999999995
  0
LWPOLYLINE
  5
8AB
330
17
100
AcDbEntity
  8
PARTS
100
AcDbPolyline
 90
2
 70
0
 10
49.95316666666667
 20
49.157399999999996
 10
49.95316666666667
 20
49.24429999999999
  0
LWPOLYLINE
  5
8AC
330
17
100
AcDbEntity
  8
PARTS
100
AcDbPolyline
 90
2
 70
0
 10
49.95316666666667
 20
51.3784
 10
49.95316666666667
 20
51.4415
  0
LWPOLYLINE
  5
8AD
330
17
100
AcDbEntity
  8
PARTS
100
AcDbPolyline
 90
2
 70
0
 10
49.95316666666667
 20
62.157399999999996
 10
49.95316666666667
 20
62.2895
  0
LWPOLYLINE
  5
8AE
330
17
100
AcDbEntity
  8
PARTS
100
AcDbPolyline
 90
2
 70
0
 10
49.95316666666667
 20
64.3855
 10
49.95316666666667
 20
64.4415
  0
LWPOLYLINE
  5
8AF
330
17
100
AcDbEntity
  8
PARTS
100
AcDbPolyline
 90
2
 70
0
 10
49.95316666666667
 20
75.83999999999999
 10
49.753166666666665
 20
75.83999999999999
  0
LWPOLYLINE
  5
8B0
330
17
100
AcDbEntity
  8
PARTS
100
AcDbPolyline
 90
2
 70
0
 10
49.853166666666674
 20
61.3675
 10
49.94046666666667
 20
61.3675
  0
LWPOLYLINE
  5
8B1
330
17
100
AcDbEntity
  8
PARTS
100
AcDbPolyline
 90
2
 70
0
 10
49.06886666666667
 20
75.34689999999999
 10
49.26886666666667
 20
75.34689999999999
  0
LWPOLYLINE
  5
8B2
330
17
100
AcDbEntity
  8
PARTS
100
AcDbPolyline
 90
2
 70
0
 10
49.26886666666667
 20
72.6994
 10
49.06886666666667
 20
72.6994
  0
LWPOLYLINE
  5
8B3
330
17
100
AcDbEntity
  8
PARTS
100
AcDbPolyline
 90
2
 70
0
 10
22.137366666666665
 20
72.6994
 10
21.937366666666666
 20
72.6994
  0
LWPOLYLINE
  5
8B4
330
17
100
AcDbEntity
  8
PARTS
100
AcDbPolyline
 90
2
 70
0
 10
21.937366666666666
 20
75.34689999999999
 10
22.137366666666665
 20
75.34689999999999
  0
LWPOLYLINE
  5
8B5
330
17
100
AcDbEntity
  8
PARTS
100
AcDbPolyline
 90
2
 70
0
 10
45.262166666666666
 20
47.3879
 10
45.262166666666666
 20
47.2879
  0
LWPOLYLINE
  5
8B6
330
17
100
AcDbEntity
  8
PARTS
100
AcDbPolyline
 90
2
 70
0
 10
25.408066666666667
 20
47.2879
 10
25.408066666666667
 20
47.3879
  0
LWPOLYLINE
  5
8B7
330
17
100
AcDbEntity
  8
PARTS
100
AcDbPolyline
 90
2
 70
0
 10
45.262166666666666
 20
47.2879
 10
25.408066666666667
 20
47.2879
  0
LWPOLYLINE
  5
8B8
330
17
100
AcDbEntity
  8
PARTS
100
AcDbPolyline
 90
2
 70
0
 10
21.633566666666667
 20
66.50789999999999
 10
21.70096666666667
 20
66.3603
  0
LWPOLYLINE
  5
8B9
330
17
100
AcDbEntity
  8
PARTS
100
AcDbPolyline
 90
2
 70
0
 10
23.833566666666666
 20
66.3603
 10
23.833566666666666
 20
67.8981
  0
LWPOLYLINE
  5
8BA
330
17
100
AcDbEntity
  8
PARTS
100
AcDbPolyline
 90
2
 70
0
 10
21.633566666666667
 20
67.8981
 10
23.833566666666666
 20
67.8981
  0
LWPOLYLINE
  5
8BB
330
17
100
AcDbEntity
  8
PARTS
100
AcDbPolyline
 90
5
 70
0
 10
23.833566666666666
 20
60.1804
 10
23.833566666666666
 20
60.284
 10
23.833566666666666
 20
60.3876
 10
23.833566666666666
 20
60.4912
 10
23.833566666666666
 20
60.5948
  0
LWPOLYLINE
  5
8BC
330
17
100
AcDbEntity
  8
PARTS
100
AcDbPolyline
 90
5
 70
0
 10
21.633566666666667
 20
60.1804
 10
21.633566666666667
 20
60.284
 10
21.633566666666667
 20
60.3876
 10
21.633566666666667
 20
60.4912
 10
21.633566666666667
 20
60.5948
  0
LWPOLYLINE
  5
8BD
330
17
100
AcDbEntity
  8
PARTS
100
AcDbPolyline
 90
2
 70
0
 10
21.890366666666665
 20
65.9459
 10
22.20696666666667
 20
65.2529
  0
LWPOLYLINE
  5
8BE
330
17
100
AcDbEntity
  8
PARTS
100
AcDbPolyline
 90
6
 70
0
 10
22.20696666666667
 20
65.2529
 10
22.249366666666663
 20
65.1436
 10
22.278666666666666
 20
65.03009999999999
 10
22.294466666666665
 20
64.9139
 10
22.296566666666667
 20
64.7966
 10
22.28486666666667
 20
64.67989999999999
  0
LWPOLYLINE
  5
8BF
330
17
100
AcDbEntity
  8
PARTS
100
AcDbPolyline
 90
2
 70
0
 10
22.28486666666667
 20
64.67989999999999
 10
21.633566666666667
 20
60.5948
  0
LWPOLYLINE
  5
8C0
330
17
100
AcDbEntity
  8
PARTS
100
AcDbPolyline
 90
2
 70
0
 10
23.833566666666666
 20
60.5948
 10
23.833566666666666
 20
65.9459
  0
LWPOLYLINE
  5
8C1
330
17
100
AcDbEntity
  8
PARTS
100
AcDbPolyline
 90
5
 70
0
 10
23.833566666666666
 20
65.9459
 10
23.833566666666666
 20
66.0495
 10
23.833566666666666
 20
66.1531
 10
23.833566666666666
 20
66.2567
 10
23.833566666666666
 20
66.3603
  0
LWPOLYLINE
  5
8C2
330
17
100
AcDbEntity
  8
PARTS
100
AcDbPolyline
 90
5
 70
0
 10
21.70096666666667
 20
66.3603
 10
21.748366666666666
 20
66.2567
 10
21.795666666666666
 20
66.1531
 10
21.842966666666666
 20
66.0495
 10
21.890366666666665
 20
65.9459
  0
LWPOLYLINE
  5
8C3
330
17
100
AcDbEntity
  8
PARTS
100
AcDbPolyline
 90
2
 70
0
 10
36.61566666666667
 20
44.0319
 10
36.983666666666664
 20
44.0319
  0
LWPOLYLINE
  5
8C4
330
17
100
AcDbEntity
  8
PARTS
100
AcDbPolyline
 90
2
 70
0
 10
36.983666666666664
 20
44.0319
 10
36.983666666666664
 20
45.231899999999996
  0
LWPOLYLINE
  5
8C5
330
17
100
AcDbEntity
  8
PARTS
100
AcDbPolyline
 90
2
 70
0
 10
36.983666666666664
 20
45.231899999999996
 10
36.61566666666667
 20
45.231899999999996
  0
LWPOLYLINE
  5
8C6
330
17
100
AcDbEntity
  8
PARTS
100
AcDbPolyline
 90
2
 70
0
 10
36.983666666666664
 20
45.2819
 10
36.983666666666664
 20
45.231899999999996
  0
LWPOLYLINE
  5
8C7
330
17
100
AcDbEntity
  8
PARTS
100
AcDbPolyline
 90
2
 70
0
 10
36.983666666666664
 20
44.0319
 10
36.983666666666664
 20
43.981899999999996
  0
LWPOLYLINE
  5
8C8
330
17
100
AcDbEntity
  8
PARTS
100
AcDbPolyline
 90
2
 70
0
 10
36.610166666666665
 20
45.21189999999999
 10
35.457166666666666
 20
45.21189999999999
  0
LWPOLYLINE
  5
8C9
330
17
100
AcDbEntity
  8
PARTS
100
AcDbPolyline
 90
2
 70
0
 10
35.457166666666666
 20
44.051899999999996
 10
36.610166666666665
 20
44.051899999999996
  0
LWPOLYLINE
  5
8CA
330
17
100
AcDbEntity
  8
PARTS
100
AcDbPolyline
 90
2
 70
0
 10
35.451766666666664
 20
45.231899999999996
 10
35.083666666666666
 20
45.231899999999996
  0
LWPOLYLINE
  5
8CB
330
17
100
AcDbEntity
  8
PARTS
100
AcDbPolyline
 90
2
 70
0
 10
35.083666666666666
 20
45.231899999999996
 10
35.083666666666666
 20
44.0319
  0
LWPOLYLINE
  5
8CC
330
17
100
AcDbEntity
  8
PARTS
100
AcDbPolyline
 90
2
 70
0
 10
35.083666666666666
 20
44.0319
 10
35.451766666666664
 20
44.0319
  0
LWPOLYLINE
  5
8CD
330
17
100
AcDbEntity
  8
PARTS
100
AcDbPolyline
 90
2
 70
0
 10
35.083666666666666
 20
43.981899999999996
 10
35.083666666666666
 20
44.0319
  0
LWPOLYLINE
  5
8CE
330
17
100
AcDbEntity
  8
PARTS
100
AcDbPolyline
 90
2
 70
0
 10
35.03366666666667
 20
44.0319
 10
35.083666666666666
 20
43.981899999999996
  0
LWPOLYLINE
  5
8CF
330
17
100
AcDbEntity
  8
PARTS
100
AcDbPolyline
 90
2
 70
0
 10
35.03366666666667
 20
44.0319
 10
35.083666666666666
 20
44.0319
  0
LWPOLYLINE
  5
8D0
330
17
100
AcDbEntity
  8
PARTS
100
AcDbPolyline
 90
2
 70
0
 10
35.083666666666666
 20
45.231899999999996
 10
35.083666666666666
 20
45.2819
  0
LWPOLYLINE
  5
8D1
330
17
100
AcDbEntity
  8
PARTS
100
AcDbPolyline
 90
2
 70
0
 10
35.03366666666667
 20
45.231899999999996
 10
35.083666666666666
 20
45.231899999999996
  0
LWPOLYLINE
  5
8D2
330
17
100
AcDbEntity
  8
PARTS
100
AcDbPolyline
 90
2
 70
0
 10
37.03366666666667
 20
45.231899999999996
 10
36.983666666666664
 20
45.2819
  0
LWPOLYLINE
  5
8D3
330
17
100
AcDbEntity
  8
PARTS
100
AcDbPolyline
 90
2
 70
0
 10
37.03366666666667
 20
45.231899999999996
 10
36.983666666666664
 20
45.231899999999996
  0
LWPOLYLINE
  5
8D4
330
17
100
AcDbEntity
  8
PARTS
100
AcDbPolyline
 90
2
 70
0
 10
37.03366666666667
 20
44.0319
 10
36.983666666666664
 20
44.0319
  0
LWPOLYLINE
  5
8D5
330
17
100
AcDbEntity
  8
PARTS
100
AcDbPolyline
 90
2
 70
0
 10
36.123066666666666
 20
43.991899999999994
 10
36.123066666666666
 20
44.0019
  0
LWPOLYLINE
  5
8D6
330
17
100
AcDbEntity
  8
PARTS
100
AcDbPolyline
 90
2
 70
0
 10
36.100566666666666
 20
43.991899999999994
 10
36.100566666666666
 20
44.0019
  0
LWPOLYLINE
  5
8D7
330
17
100
AcDbEntity
  8
PARTS
100
AcDbPolyline
 90
2
 70
0
 10
36.23446666666667
 20
43.991899999999994
 10
36.23446666666667
 20
44.0019
  0
LWPOLYLINE
  5
8D8
330
17
100
AcDbEntity
  8
PARTS
100
AcDbPolyline
 90
2
 70
0
 10
36.21146666666667
 20
43.991899999999994
 10
36.21146666666667
 20
44.0019
  0
LWPOLYLINE
  5
8D9
330
17
100
AcDbEntity
  8
PARTS
100
AcDbPolyline
 90
2
 70
0
 10
36.14756666666667
 20
43.991899999999994
 10
36.14756666666667
 20
44.0019
  0
LWPOLYLINE
  5
8DA
330
17
100
AcDbEntity
  8
PARTS
100
AcDbPolyline
 90
2
 70
0
 10
36.31086666666667
 20
43.991899999999994
 10
36.31086666666667
 20
44.0019
  0
LWPOLYLINE
  5
8DB
330
17
100
AcDbEntity
  8
PARTS
100
AcDbPolyline
 90
2
 70
0
 10
35.881766666666664
 20
43.991899999999994
 10
35.881766666666664
 20
44.0019
  0
LWPOLYLINE
  5
8DC
330
17
100
AcDbEntity
  8
PARTS
100
AcDbPolyline
 90
2
 70
0
 10
35.829766666666664
 20
43.991899999999994
 10
35.829766666666664
 20
44.0019
  0
LWPOLYLINE
  5
8DD
330
17
100
AcDbEntity
  8
PARTS
100
AcDbPolyline
 90
2
 70
0
 10
35.800666666666665
 20
43.991899999999994
 10
35.800666666666665
 20
44.0019
  0
LWPOLYLINE
  5
8DE
330
17
100
AcDbEntity
  8
PARTS
100
AcDbPolyline
 90
2
 70
0
 10
35.750766666666664
 20
43.991899999999994
 10
35.750766666666664
 20
44.0019
  0
LWPOLYLINE
  5
8DF
330
17
100
AcDbEntity
  8
PARTS
100
AcDbPolyline
 90
2
 70
0
 10
36.58186666666666
 20
43.106899999999996
 10
35.48546666666667
 20
43.106899999999996
  0
LWPOLYLINE
  5
8E0
330
17
100
AcDbEntity
  8
PARTS
100
AcDbPolyline
 90
2
 70
0
 10
35.48396666666667
 20
42.3469
 10
36.58336666666667
 20
42.3469
  0
LWPOLYLINE
  5
8E1
330
17
100
AcDbEntity
  8
PARTS
100
AcDbPolyline
 90
2
 70
0
 10
36.58336666666667
 20
42.3469
 10
36.81366666666667
 20
42.3469
  0
LWPOLYLINE
  5
8E2
330
17
100
AcDbEntity
  8
PARTS
100
AcDbPolyline
 90
2
 70
0
 10
36.81366666666667
 20
42.3469
 10
36.81366666666667
 20
43.106899999999996
  0
LWPOLYLINE
  5
8E3
330
17
100
AcDbEntity
  8
PARTS
100
AcDbPolyline
 90
2
 70
0
 10
36.81366666666667
 20
43.106899999999996
 10
36.58186666666666
 20
43.106899999999996
  0
LWPOLYLINE
  5
8E4
330
17
100
AcDbEntity
  8
PARTS
100
AcDbPolyline
 90
2
 70
0
 10
36.81366666666667
 20
43.1269
 10
36.81366666666667
 20
43.106899999999996
  0
LWPOLYLINE
  5
8E5
330
17
100
AcDbEntity
  8
PARTS
100
AcDbPolyline
 90
2
 70
0
 10
36.81366666666667
 20
42.3469
 10
36.81366666666667
 20
42.326899999999995
  0
LWPOLYLINE
  5
8E6
330
17
100
AcDbEntity
  8
PARTS
100
AcDbPolyline
 90
2
 70
0
 10
35.48546666666667
 20
43.106899999999996
 10
35.25366666666667
 20
43.106899999999996
  0
LWPOLYLINE
  5
8E7
330
17
100
AcDbEntity
  8
PARTS
100
AcDbPolyline
 90
2
 70
0
 10
35.25366666666667
 20
43.106899999999996
 10
35.25366666666667
 20
42.3469
  0
LWPOLYLINE
  5
8E8
330
17
100
AcDbEntity
  8
PARTS
100
AcDbPolyline
 90
2
 70
0
 10
35.25366666666667
 20
42.3469
 10
35.48396666666667
 20
42.3469
  0
LWPOLYLINE
  5
8E9
330
17
100
AcDbEntity
  8
PARTS
100
AcDbPolyline
 90
2
 70
0
 10
35.25366666666667
 20
42.326899999999995
 10
35.25366666666667
 20
42.3469
  0
LWPOLYLINE
  5
8EA
330
17
100
AcDbEntity
  8
PARTS
100
AcDbPolyline
 90
2
 70
0
 10
35.25366666666667
 20
42.326899999999995
 10
35.233666666666664
 20
42.3469
  0
LWPOLYLINE
  5
8EB
330
17
100
AcDbEntity
  8
PARTS
100
AcDbPolyline
 90
2
 70
0
 10
35.233666666666664
 20
42.3469
 10
35.25366666666667
 20
42.326899999999995
  0
LWPOLYLINE
  5
8EC
330
17
100
AcDbEntity
  8
PARTS
100
AcDbPolyline
 90
2
 70
0
 10
35.233666666666664
 20
42.3469
 10
35.25366666666667
 20
42.3469
  0
LWPOLYLINE
  5
8ED
330
17
100
AcDbEntity
  8
PARTS
100
AcDbPolyline
 90
2
 70
0
 10
35.25366666666667
 20
43.106899999999996
 10
35.25366666666667
 20
43.1269
  0
LWPOLYLINE
  5
8EE
330
17
100
AcDbEntity
  8
PARTS
100
AcDbPolyline
 90
2
 70
0
 10
35.233666666666664
 20
43.106899999999996
 10
35.25366666666667
 20
43.106899999999996
  0
LWPOLYLINE
  5
8EF
330
17
100
AcDbEntity
  8
PARTS
100
AcDbPolyline
 90
2
 70
0
 10
36.833666666666666
 20
43.106899999999996
 10
36.81366666666667
 20
43.1269
  0
LWPOLYLINE
  5
8F0
330
17
100
AcDbEntity
  8
PARTS
100
AcDbPolyline
 90
2
 70
0
 10
36.833666666666666
 20
43.106899999999996
 10
36.81366666666667
 20
43.106899999999996
  0
LWPOLYLINE
  5
8F1
330
17
100
AcDbEntity
  8
PARTS
100
AcDbPolyline
 90
2
 70
0
 10
36.833666666666666
 20
42.3469
 10
36.81366666666667
 20
42.3469
  0
LWPOLYLINE
  5
8F2
330
17
100
AcDbEntity
  8
PARTS
100
AcDbPolyline
 90
2
 70
0
 10
36.08176666666667
 20
42.326899999999995
 10
36.08176666666667
 20
42.3369
  0
LWPOLYLINE
  5
8F3
330
17
100
AcDbEntity
  8
PARTS
100
AcDbPolyline
 90
2
 70
0
 10
36.05936666666667
 20
42.326899999999995
 10
36.05936666666667
 20
42.3369
  0
LWPOLYLINE
  5
8F4
330
17
100
AcDbEntity
  8
PARTS
100
AcDbPolyline
 90
2
 70
0
 10
36.193266666666666
 20
42.326899999999995
 10
36.193266666666666
 20
42.3369
  0
LWPOLYLINE
  5
8F5
330
17
100
AcDbEntity
  8
PARTS
100
AcDbPolyline
 90
2
 70
0
 10
36.17016666666667
 20
42.326899999999995
 10
36.17016666666667
 20
42.3369
  0
LWPOLYLINE
  5
8F6
330
17
100
AcDbEntity
  8
PARTS
100
AcDbPolyline
 90
2
 70
0
 10
36.10626666666667
 20
42.326899999999995
 10
36.10626666666667
 20
42.3369
  0
LWPOLYLINE
  5
8F7
330
17
100
AcDbEntity
  8
PARTS
100
AcDbPolyline
 90
2
 70
0
 10
36.269666666666666
 20
42.326899999999995
 10
36.269666666666666
 20
42.3369
  0
LWPOLYLINE
  5
8F8
330
17
100
AcDbEntity
  8
PARTS
100
AcDbPolyline
 90
2
 70
0
 10
35.840466666666664
 20
42.326899999999995
 10
35.840466666666664
 20
42.3369
  0
LWPOLYLINE
  5
8F9
330
17
100
AcDbEntity
  8
PARTS
100
AcDbPolyline
 90
2
 70
0
 10
35.788466666666665
 20
42.326899999999995
 10
35.788466666666665
 20
42.3369
  0
LWPOLYLINE
  5
8FA
330
17
100
AcDbEntity
  8
PARTS
100
AcDbPolyline
 90
2
 70
0
 10
35.759366666666665
 20
42.326899999999995
 10
35.759366666666665
 20
42.3369
  0
LWPOLYLINE
  5
8FB
330
17
100
AcDbEntity
  8
PARTS
100
AcDbPolyline
 90
2
 70
0
 10
35.709466666666664
 20
42.326899999999995
 10
35.709466666666664
 20
42.3369
  0
LWPOLYLINE
  5
8FC
330
17
100
AcDbEntity
  8
PARTS
100
AcDbPolyline
 90
2
 70
0
 10
22.413666666666668
 20
37.725899999999996
 10
22.413666666666668
 20
37.738899999999994
  0
LWPOLYLINE
  5
8FD
330
17
100
AcDbEntity
  8
PARTS
100
AcDbPolyline
 90
2
 70
0
 10
22.450666666666667
 20
37.6889
 10
22.46366666666667
 20
37.6889
  0
LWPOLYLINE
  5
8FE
330
17
100
AcDbEntity
  8
PARTS
100
AcDbPolyline
 90
2
 70
0
 10
21.71366666666667
 20
37.725899999999996
 10
21.71366666666667
 20
37.738899999999994
  0
LWPOLYLINE
  5
8FF
330
17
100
AcDbEntity
  8
PARTS
100
AcDbPolyline
 90
2
 70
0
 10
21.71366666666667
 20
37.725899999999996
 10
22.413666666666668
 20
37.725899999999996
  0
LWPOLYLINE
  5
900
330
17
100
AcDbEntity
  8
PARTS
100
AcDbPolyline
 90
2
 70
0
 10
21.676666666666666
 20
37.6889
 10
21.663666666666668
 20
37.6889
  0
LWPOLYLINE
  5
901
330
17
100
AcDbEntity
  8
PARTS
100
AcDbPolyline
 90
2
 70
0
 10
21.676666666666666
 20
36.588899999999995
 10
21.663666666666668
 20
36.588899999999995
  0
LWPOLYLINE
  5
902
330
17
100
AcDbEntity
  8
PARTS
100
AcDbPolyline
 90
2
 70
0
 10
21.676666666666666
 20
36.588899999999995
 10
21.676666666666666
 20
37.6889
  0
LWPOLYLINE
  5
903
330
17
100
AcDbEntity
  8
PARTS
100
AcDbPolyline
 90
2
 70
0
 10
21.71366666666667
 20
36.551899999999996
 10
21.71366666666667
 20
36.5389
  0
LWPOLYLINE
  5
904
330
17
100
AcDbEntity
  8
PARTS
100
AcDbPolyline
 90
2
 70
0
 10
22.413666666666668
 20
36.551899999999996
 10
22.413666666666668
 20
36.5389
  0
LWPOLYLINE
  5
905
330
17
100
AcDbEntity
  8
PARTS
100
AcDbPolyline
 90
2
 70
0
 10
22.413666666666668
 20
36.551899999999996
 10
21.71366666666667
 20
36.551899999999996
  0
LWPOLYLINE
  5
906
330
17
100
AcDbEntity
  8
PARTS
100
AcDbPolyline
 90
2
 70
0
 10
22.450666666666667
 20
36.588899999999995
 10
22.46366666666667
 20
36.588899999999995
  0
LWPOLYLINE
  5
907
330
17
100
AcDbEntity
  8
PARTS
100
AcDbPolyline
 90
2
 70
0
 10
22.450666666666667
 20
37.6889
 10
22.450666666666667
 20
36.588899999999995
  0
LWPOLYLINE
  5
908
330
17
100
AcDbEntity
  8
PARTS
100
AcDbPolyline
 90
2
 70
0
 10
21.776266666666668
 20
36.651599999999995
 10
22.351066666666668
 20
36.651599999999995
  0
LWPOLYLINE
  5
909
330
17
100
AcDbEntity
  8
PARTS
100
AcDbPolyline
 90
2
 70
0
 10
22.351066666666668
 20
36.651599999999995
 10
22.351066666666668
 20
37.6263
  0
LWPOLYLINE
  5
90A
330
17
100
AcDbEntity
  8
PARTS
100
AcDbPolyline
 90
2
 70
0
 10
22.351066666666668
 20
37.6263
 10
21.776266666666668
 20
37.6263
  0
LWPOLYLINE
  5
90B
330
17
100
AcDbEntity
  8
PARTS
100
AcDbPolyline
 90
2
 70
0
 10
21.776266666666668
 20
37.6263
 10
21.776266666666668
 20
36.651599999999995
  0
LWPOLYLINE
  5
90C
330
17
100
AcDbEntity
  8
PARTS
100
AcDbPolyline
 90
2
 70
0
 10
21.653666666666666
 20
37.1033
 10
21.663666666666668
 20
37.1033
  0
LWPOLYLINE
  5
90D
330
17
100
AcDbEntity
  8
PARTS
100
AcDbPolyline
 90
2
 70
0
 10
21.653666666666666
 20
37.1183
 10
21.663666666666668
 20
37.1183
  0
LWPOLYLINE
  5
90E
330
17
100
AcDbEntity
  8
PARTS
100
AcDbPolyline
 90
2
 70
0
 10
21.653666666666666
 20
37.028999999999996
 10
21.663666666666668
 20
37.028999999999996
  0
LWPOLYLINE
  5
90F
330
17
100
AcDbEntity
  8
PARTS
100
AcDbPolyline
 90
2
 70
0
 10
21.653666666666666
 20
37.044399999999996
 10
21.663666666666668
 20
37.044399999999996
  0
LWPOLYLINE
  5
910
330
17
100
AcDbEntity
  8
PARTS
100
AcDbPolyline
 90
2
 70
0
 10
21.653666666666666
 20
37.086999999999996
 10
21.663666666666668
 20
37.086999999999996
  0
LWPOLYLINE
  5
911
330
17
100
AcDbEntity
  8
PARTS
100
AcDbPolyline
 90
2
 70
0
 10
21.653666666666666
 20
36.9781
 10
21.663666666666668
 20
36.9781
  0
LWPOLYLINE
  5
912
330
17
100
AcDbEntity
  8
PARTS
100
AcDbPolyline
 90
2
 70
0
 10
21.653666666666666
 20
37.264199999999995
 10
21.663666666666668
 20
37.264199999999995
  0
LWPOLYLINE
  5
913
330
17
100
AcDbEntity
  8
PARTS
100
AcDbPolyline
 90
2
 70
0
 10
21.653666666666666
 20
37.298899999999996
 10
21.663666666666668
 20
37.298899999999996
  0
LWPOLYLINE
  5
914
330
17
100
AcDbEntity
  8
PARTS
100
AcDbPolyline
 90
2
 70
0
 10
21.653666666666666
 20
37.3182
 10
21.663666666666668
 20
37.3182
  0
LWPOLYLINE
  5
915
330
17
100
AcDbEntity
  8
PARTS
100
AcDbPolyline
 90
2
 70
0
 10
21.653666666666666
 20
37.351499999999994
 10
21.663666666666668
 20
37.351499999999994
  0
LWPOLYLINE
  5
916
330
17
100
AcDbEntity
  8
PARTS
100
AcDbPolyline
 90
2
 70
0
 10
32.09366666666667
 20
40.892199999999995
 10
32.092666666666666
 20
40.892199999999995
  0
LWPOLYLINE
  5
917
330
17
100
AcDbEntity
  8
PARTS
100
AcDbPolyline
 90
2
 70
0
 10
32.09366666666667
 20
40.877199999999995
 10
32.092666666666666
 20
40.877199999999995
  0
LWPOLYLINE
  5
918
330
17
100
AcDbEntity
  8
PARTS
100
AcDbPolyline
 90
2
 70
0
 10
32.09366666666667
 20
40.871199999999995
 10
32.092666666666666
 20
40.871199999999995
  0
LWPOLYLINE
  5
919
330
17
100
AcDbEntity
  8
PARTS
100
AcDbPolyline
 90
2
 70
0
 10
32.09366666666667
 20
40.9725
 10
32.092666666666666
 20
40.9725
  0
LWPOLYLINE
  5
91A
330
17
100
AcDbEntity
  8
PARTS
100
AcDbPolyline
 90
2
 70
0
 10
32.09366666666667
 20
40.966499999999996
 10
32.092666666666666
 20
40.966499999999996
  0
LWPOLYLINE
  5
91B
330
17
100
AcDbEntity
  8
PARTS
100
AcDbPolyline
 90
2
 70
0
 10
32.09366666666667
 20
40.9511
 10
32.092666666666666
 20
40.9511
  0
LWPOLYLINE
  5
91C
330
17
100
AcDbEntity
  8
PARTS
100
AcDbPolyline
 90
2
 70
0
 10
32.09366666666667
 20
40.907999999999994
 10
32.092666666666666
 20
40.907999999999994
  0
LWPOLYLINE
  5
91D
330
17
100
AcDbEntity
  8
PARTS
100
AcDbPolyline
 90
2
 70
0
 10
32.09366666666667
 20
40.9047
 10
32.092666666666666
 20
40.9047
  0
LWPOLYLINE
  5
91E
330
17
100
AcDbEntity
  8
PARTS
100
AcDbPolyline
 90
2
 70
0
 10
32.09366666666667
 20
41.022999999999996
 10
32.092666666666666
 20
41.022999999999996
  0
LWPOLYLINE
  5
91F
330
17
100
AcDbEntity
  8
PARTS
100
AcDbPolyline
 90
2
 70
0
 10
32.09366666666667
 20
41.016999999999996
 10
32.092666666666666
 20
41.016999999999996
  0
LWPOLYLINE
  5
920
330
17
100
AcDbEntity
  8
PARTS
100
AcDbPolyline
 90
2
 70
0
 10
32.09366666666667
 20
40.7315
 10
32.092666666666666
 20
40.7315
  0
LWPOLYLINE
  5
921
330
17
100
AcDbEntity
  8
PARTS
100
AcDbPolyline
 90
2
 70
0
 10
32.09366666666667
 20
40.6967
 10
32.092666666666666
 20
40.6967
  0
LWPOLYLINE
  5
922
330
17
100
AcDbEntity
  8
PARTS
100
AcDbPolyline
 90
2
 70
0
 10
32.09366666666667
 20
40.6772
 10
32.092666666666666
 20
40.6772
  0
LWPOLYLINE
  5
923
330
17
100
AcDbEntity
  8
PARTS
100
AcDbPolyline
 90
2
 70
0
 10
32.09366666666667
 20
40.643899999999995
 10
32.092666666666666
 20
40.643899999999995
  0
LWPOLYLINE
  5
924
330
17
100
AcDbEntity
  8
PARTS
100
AcDbPolyline
 90
2
 70
0
 10
32.09366666666667
 20
40.629999999999995
 10
32.092666666666666
 20
40.629999999999995
  0
LWPOLYLINE
  5
925
330
17
100
AcDbEntity
  8
PARTS
100
AcDbPolyline
 90
2
 70
0
 10
38.454366666666665
 20
40.9146
 10
38.45336666666667
 20
40.9146
  0
LWPOLYLINE
  5
926
330
17
100
AcDbEntity
  8
PARTS
100
AcDbPolyline
 90
2
 70
0
 10
38.454366666666665
 20
40.8996
 10
38.45336666666667
 20
40.8996
  0
LWPOLYLINE
  5
927
330
17
100
AcDbEntity
  8
PARTS
100
AcDbPolyline
 90
2
 70
0
 10
38.454366666666665
 20
40.8936
 10
38.45336666666667
 20
40.8936
  0
LWPOLYLINE
  5
928
330
17
100
AcDbEntity
  8
PARTS
100
AcDbPolyline
 90
2
 70
0
 10
38.454366666666665
 20
40.994899999999994
 10
38.45336666666667
 20
40.994899999999994
  0
LWPOLYLINE
  5
929
330
17
100
AcDbEntity
  8
PARTS
100
AcDbPolyline
 90
2
 70
0
 10
38.454366666666665
 20
40.988899999999994
 10
38.45336666666667
 20
40.988899999999994
  0
LWPOLYLINE
  5
92A
330
17
100
AcDbEntity
  8
PARTS
100
AcDbPolyline
 90
2
 70
0
 10
38.454366666666665
 20
40.973499999999994
 10
38.45336666666667
 20
40.973499999999994
  0
LWPOLYLINE
  5
92B
330
17
100
AcDbEntity
  8
PARTS
100
AcDbPolyline
 90
2
 70
0
 10
38.454366666666665
 20
40.9304
 10
38.45336666666667
 20
40.9304
  0
LWPOLYLINE
  5
92C
330
17
100
AcDbEntity
  8
PARTS
100
AcDbPolyline
 90
2
 70
0
 10
38.454366666666665
 20
40.927099999999996
 10
38.45336666666667
 20
40.927099999999996
  0
LWPOLYLINE
  5
92D
330
17
100
AcDbEntity
  8
PARTS
100
AcDbPolyline
 90
2
 70
0
 10
38.454366666666665
 20
41.045399999999994
 10
38.45336666666667
 20
41.045399999999994
  0
LWPOLYLINE
  5
92E
330
17
100
AcDbEntity
  8
PARTS
100
AcDbPolyline
 90
2
 70
0
 10
38.454366666666665
 20
41.0393
 10
38.45336666666667
 20
41.0393
  0
LWPOLYLINE
  5
92F
330
17
100
AcDbEntity
  8
PARTS
100
AcDbPolyline
 90
2
 70
0
 10
38.454366666666665
 20
40.7538
 10
38.45336666666667
 20
40.7538
  0
LWPOLYLINE
  5
930
330
17
100
AcDbEntity
  8
PARTS
100
AcDbPolyline
 90
2
 70
0
 10
38.454366666666665
 20
40.7191
 10
38.45336666666667
 20
40.7191
  0
LWPOLYLINE
  5
931
330
17
100
AcDbEntity
  8
PARTS
100
AcDbPolyline
 90
2
 70
0
 10
38.454366666666665
 20
40.6996
 10
38.45336666666667
 20
40.6996
  0
LWPOLYLINE
  5
932
330
17
100
AcDbEntity
  8
PARTS
100
AcDbPolyline
 90
2
 70
0
 10
38.454366666666665
 20
40.666199999999996
 10
38.45336666666667
 20
40.666199999999996
  0
LWPOLYLINE
  5
933
330
17
100
AcDbEntity
  8
PARTS
100
AcDbPolyline
 90
2
 70
0
 10
38.454366666666665
 20
40.6524
 10
38.45336666666667
 20
40.6524
  0
LWPOLYLINE
  5
934
330
17
100
AcDbEntity
  8
PARTS
100
AcDbPolyline
 90
2
 70
0
 10
41.23766666666667
 20
40.892199999999995
 10
41.23666666666667
 20
40.892199999999995
  0
LWPOLYLINE
  5
935
330
17
100
AcDbEntity
  8
PARTS
100
AcDbPolyline
 90
2
 70
0
 10
41.23766666666667
 20
40.877199999999995
 10
41.23666666666667
 20
40.877199999999995
  0
LWPOLYLINE
  5
936
330
17
100
AcDbEntity
  8
PARTS
100
AcDbPolyline
 90
2
 70
0
 10
41.23766666666667
 20
40.871199999999995
 10
41.23666666666667
 20
40.871199999999995
  0
LWPOLYLINE
  5
937
330
17
100
AcDbEntity
  8
PARTS
100
AcDbPolyline
 90
2
 70
0
 10
41.23766666666667
 20
40.9725
 10
41.23666666666667
 20
40.9725
  0
LWPOLYLINE
  5
938
330
17
100
AcDbEntity
  8
PARTS
100
AcDbPolyline
 90
2
 70
0
 10
41.23766666666667
 20
40.966499999999996
 10
41.23666666666667
 20
40.966499999999996
  0
LWPOLYLINE
  5
939
330
17
100
AcDbEntity
  8
PARTS
100
AcDbPolyline
 90
2
 70
0
 10
41.23766666666667
 20
40.9511
 10
41.23666666666667
 20
40.9511
  0
LWPOLYLINE
  5
93A
330
17
100
AcDbEntity
  8
PARTS
100
AcDbPolyline
 90
2
 70
0
 10
41.23766666666667
 20
40.907999999999994
 10
41.23666666666667
 20
40.907999999999994
  0
LWPOLYLINE
  5
93B
330
17
100
AcDbEntity
  8
PARTS
100
AcDbPolyline
 90
2
 70
0
 10
41.23766666666667
 20
40.9047
 10
41.23666666666667
 20
40.9047
  0
LWPOLYLINE
  5
93C
330
17
100
AcDbEntity
  8
PARTS
100
AcDbPolyline
 90
2
 70
0
 10
41.23766666666667
 20
41.022999999999996
 10
41.23666666666667
 20
41.022999999999996
  0
LWPOLYLINE
  5
93D
330
17
100
AcDbEntity
  8
PARTS
100
AcDbPolyline
 90
2
 70
0
 10
41.23766666666667
 20
41.016999999999996
 10
41.23666666666667
 20
41.016999999999996
  0
LWPOLYLINE
  5
93E
330
17
100
AcDbEntity
  8
PARTS
100
AcDbPolyline
 90
2
 70
0
 10
41.23766666666667
 20
40.7315
 10
41.23666666666667
 20
40.7315
  0
LWPOLYLINE
  5
93F
330
17
100
AcDbEntity
  8
PARTS
100
AcDbPolyline
 90
2
 70
0
 10
41.23766666666667
 20
40.6967
 10
41.23666666666667
 20
40.6967
  0
LWPOLYLINE
  5
940
330
17
100
AcDbEntity
  8
PARTS
100
AcDbPolyline
 90
2
 70
0
 10
41.23766666666667
 20
40.6772
 10
41.23666666666667
 20
40.6772
  0
LWPOLYLINE
  5
941
330
17
100
AcDbEntity
  8
PARTS
100
AcDbPolyline
 90
2
 70
0
 10
41.23766666666667
 20
40.643899999999995
 10
41.23666666666667
 20
40.643899999999995
  0
LWPOLYLINE
  5
942
330
17
100
AcDbEntity
  8
PARTS
100
AcDbPolyline
 90
2
 70
0
 10
41.23766666666667
 20
40.629999999999995
 10
41.23666666666667
 20
40.629999999999995
  0
LWPOLYLINE
  5
943
330
17
100
AcDbEntity
  8
PARTS
100
AcDbPolyline
 90
2
 70
0
 10
43.01566666666667
 20
40.892199999999995
 10
43.01466666666666
 20
40.892199999999995
  0
LWPOLYLINE
  5
944
330
17
100
AcDbEntity
  8
PARTS
100
AcDbPolyline
 90
2
 70
0
 10
43.01566666666667
 20
40.877199999999995
 10
43.01466666666666
 20
40.877199999999995
  0
LWPOLYLINE
  5
945
330
17
100
AcDbEntity
  8
PARTS
100
AcDbPolyline
 90
2
 70
0
 10
43.01566666666667
 20
40.871199999999995
 10
43.01466666666666
 20
40.871199999999995
  0
LWPOLYLINE
  5
946
330
17
100
AcDbEntity
  8
PARTS
100
AcDbPolyline
 90
2
 70
0
 10
43.01566666666667
 20
40.9725
 10
43.01466666666666
 20
40.9725
  0
LWPOLYLINE
  5
947
330
17
100
AcDbEntity
  8
PARTS
100
AcDbPolyline
 90
2
 70
0
 10
43.01566666666667
 20
40.966499999999996
 10
43.01466666666666
 20
40.966499999999996
  0
LWPOLYLINE
  5
948
330
17
100
AcDbEntity
  8
PARTS
100
AcDbPolyline
 90
2
 70
0
 10
43.01566666666667
 20
40.9511
 10
43.01466666666666
 20
40.9511
  0
LWPOLYLINE
  5
949
330
17
100
AcDbEntity
  8
PARTS
100
AcDbPolyline
 90
2
 70
0
 10
43.01566666666667
 20
40.907999999999994
 10
43.01466666666666
 20
40.907999999999994
  0
LWPOLYLINE
  5
94A
330
17
100
AcDbEntity
  8
PARTS
100
AcDbPolyline
 90
2
 70
0
 10
43.01566666666667
 20
40.9047
 10
43.01466666666666
 20
40.9047
  0
LWPOLYLINE
  5
94B
330
17
100
AcDbEntity
  8
PARTS
100
AcDbPolyline
 90
2
 70
0
 10
43.01566666666667
 20
41.022999999999996
 10
43.01466666666666
 20
41.022999999999996
  0
LWPOLYLINE
  5
94C
330
17
100
AcDbEntity
  8
PARTS
100
AcDbPolyline
 90
2
 70
0
 10
43.01566666666667
 20
41.016999999999996
 10
43.01466666666666
 20
41.016999999999996
  0
LWPOLYLINE
  5
94D
330
17
100
AcDbEntity
  8
PARTS
100
AcDbPolyline
 90
2
 70
0
 10
43.01566666666667
 20
40.7315
 10
43.01466666666666
 20
40.7315
  0
LWPOLYLINE
  5
94E
330
17
100
AcDbEntity
  8
PARTS
100
AcDbPolyline
 90
2
 70
0
 10
43.01566666666667
 20
40.6967
 10
43.01466666666666
 20
40.6967
  0
LWPOLYLINE
  5
94F
330
17
100
AcDbEntity
  8
PARTS
100
AcDbPolyline
 90
2
 70
0
 10
43.01566666666667
 20
40.6772
 10
43.01466666666666
 20
40.6772
  0
LWPOLYLINE
  5
950
330
17
100
AcDbEntity
  8
PARTS
100
AcDbPolyline
 90
2
 70
0
 10
43.01566666666667
 20
40.643899999999995
 10
43.01466666666666
 20
40.643899999999995
  0
LWPOLYLINE
  5
951
330
17
100
AcDbEntity
  8
PARTS
100
AcDbPolyline
 90
2
 70
0
 10
43.01566666666667
 20
40.629999999999995
 10
43.01466666666666
 20
40.629999999999995
  0
LWPOLYLINE
  5
952
330
17
100
AcDbEntity
  8
PARTS
100
AcDbPolyline
 90
2
 70
0
 10
29.680666666666667
 20
40.892199999999995
 10
29.679666666666666
 20
40.892199999999995
  0
LWPOLYLINE
  5
953
330
17
100
AcDbEntity
  8
PARTS
100
AcDbPolyline
 90
2
 70
0
 10
29.680666666666667
 20
40.877199999999995
 10
29.679666666666666
 20
40.877199999999995
  0
LWPOLYLINE
  5
954
330
17
100
AcDbEntity
  8
PARTS
100
AcDbPolyline
 90
2
 70
0
 10
29.680666666666667
 20
40.871199999999995
 10
29.679666666666666
 20
40.871199999999995
  0
LWPOLYLINE
  5
955
330
17
100
AcDbEntity
  8
PARTS
100
AcDbPolyline
 90
2
 70
0
 10
29.680666666666667
 20
40.9725
 10
29.679666666666666
 20
40.9725
  0
LWPOLYLINE
  5
956
330
17
100
AcDbEntity
  8
PARTS
100
AcDbPolyline
 90
2
 70
0
 10
29.680666666666667
 20
40.966499999999996
 10
29.679666666666666
 20
40.966499999999996
  0
LWPOLYLINE
  5
957
330
17
100
AcDbEntity
  8
PARTS
100
AcDbPolyline
 90
2
 70
0
 10
29.680666666666667
 20
40.9511
 10
29.679666666666666
 20
40.9511
  0
LWPOLYLINE
  5
958
330
17
100
AcDbEntity
  8
PARTS
100
AcDbPolyline
 90
2
 70
0
 10
29.680666666666667
 20
40.907999999999994
 10
29.679666666666666
 20
40.907999999999994
  0
LWPOLYLINE
  5
959
330
17
100
AcDbEntity
  8
PARTS
100
AcDbPolyline
 90
2
 70
0
 10
29.680666666666667
 20
40.9047
 10
29.679666666666666
 20
40.9047
  0
LWPOLYLINE
  5
95A
330
17
100
AcDbEntity
  8
PARTS
100
AcDbPolyline
 90
2
 70
0
 10
29.680666666666667
 20
41.022999999999996
 10
29.679666666666666
 20
41.022999999999996
  0
LWPOLYLINE
  5
95B
330
17
100
AcDbEntity
  8
PARTS
100
AcDbPolyline
 90
2
 70
0
 10
29.680666666666667
 20
41.016999999999996
 10
29.679666666666666
 20
41.016999999999996
  0
LWPOLYLINE
  5
95C
330
17
100
AcDbEntity
  8
PARTS
100
AcDbPolyline
 90
2
 70
0
 10
29.680666666666667
 20
40.7315
 10
29.679666666666666
 20
40.7315
  0
LWPOLYLINE
  5
95D
330
17
100
AcDbEntity
  8
PARTS
100
AcDbPolyline
 90
2
 70
0
 10
29.680666666666667
 20
40.6967
 10
29.679666666666666
 20
40.6967
  0
LWPOLYLINE
  5
95E
330
17
100
AcDbEntity
  8
PARTS
100
AcDbPolyline
 90
2
 70
0
 10
29.680666666666667
 20
40.6772
 10
29.679666666666666
 20
40.6772
  0
LWPOLYLINE
  5
95F
330
17
100
AcDbEntity
  8
PARTS
100
AcDbPolyline
 90
2
 70
0
 10
29.680666666666667
 20
40.643899999999995
 10
29.679666666666666
 20
40.643899999999995
  0
LWPOLYLINE
  5
960
330
17
100
AcDbEntity
  8
PARTS
100
AcDbPolyline
 90
2
 70
0
 10
29.680666666666667
 20
40.629999999999995
 10
29.679666666666666
 20
40.629999999999995
  0
LWPOLYLINE
  5
961
330
17
100
AcDbEntity
  8
PARTS
100
AcDbPolyline
 90
2
 70
0
 10
29.299666666666667
 20
44.575199999999995
 10
29.298666666666666
 20
44.575199999999995
  0
LWPOLYLINE
  5
962
330
17
100
AcDbEntity
  8
PARTS
100
AcDbPolyline
 90
2
 70
0
 10
29.299666666666667
 20
44.5602
 10
29.298666666666666
 20
44.5602
  0
LWPOLYLINE
  5
963
330
17
100
AcDbEntity
  8
PARTS
100
AcDbPolyline
 90
2
 70
0
 10
29.299666666666667
 20
44.5542
 10
29.298666666666666
 20
44.5542
  0
LWPOLYLINE
  5
964
330
17
100
AcDbEntity
  8
PARTS
100
AcDbPolyline
 90
2
 70
0
 10
29.299666666666667
 20
44.655499999999996
 10
29.298666666666666
 20
44.655499999999996
  0
LWPOLYLINE
  5
965
330
17
100
AcDbEntity
  8
PARTS
100
AcDbPolyline
 90
2
 70
0
 10
29.299666666666667
 20
44.649499999999996
 10
29.298666666666666
 20
44.649499999999996
  0
LWPOLYLINE
  5
966
330
17
100
AcDbEntity
  8
PARTS
100
AcDbPolyline
 90
2
 70
0
 10
29.299666666666667
 20
44.6341
 10
29.298666666666666
 20
44.6341
  0
LWPOLYLINE
  5
967
330
17
100
AcDbEntity
  8
PARTS
100
AcDbPolyline
 90
2
 70
0
 10
29.299666666666667
 20
44.591
 10
29.298666666666666
 20
44.591
  0
LWPOLYLINE
  5
968
330
17
100
AcDbEntity
  8
PARTS
100
AcDbPolyline
 90
2
 70
0
 10
29.299666666666667
 20
44.587700000000005
 10
29.298666666666666
 20
44.587700000000005
  0
LWPOLYLINE
  5
969
330
17
100
AcDbEntity
  8
PARTS
100
AcDbPolyline
 90
2
 70
0
 10
29.299666666666667
 20
44.705999999999996
 10
29.298666666666666
 20
44.705999999999996
  0
LWPOLYLINE
  5
96A
330
17
100
AcDbEntity
  8
PARTS
100
AcDbPolyline
 90
2
 70
0
 10
29.299666666666667
 20
44.699999999999996
 10
29.298666666666666
 20
44.699999999999996
  0
LWPOLYLINE
  5
96B
330
17
100
AcDbEntity
  8
PARTS
100
AcDbPolyline
 90
2
 70
0
 10
29.299666666666667
 20
44.4145
 10
29.298666666666666
 20
44.4145
  0
LWPOLYLINE
  5
96C
330
17
100
AcDbEntity
  8
PARTS
100
AcDbPolyline
 90
2
 70
0
 10
29.299666666666667
 20
44.37969999999999
 10
29.298666666666666
 20
44.37969999999999
  0
LWPOLYLINE
  5
96D
330
17
100
AcDbEntity
  8
PARTS
100
AcDbPolyline
 90
2
 70
0
 10
29.299666666666667
 20
44.36019999999999
 10
29.298666666666666
 20
44.36019999999999
  0
LWPOLYLINE
  5
96E
330
17
100
AcDbEntity
  8
PARTS
100
AcDbPolyline
 90
2
 70
0
 10
29.299666666666667
 20
44.326899999999995
 10
29.298666666666666
 20
44.326899999999995
  0
LWPOLYLINE
  5
96F
330
17
100
AcDbEntity
  8
PARTS
100
AcDbPolyline
 90
2
 70
0
 10
29.299666666666667
 20
44.312999999999995
 10
29.298666666666666
 20
44.312999999999995
  0
LWPOLYLINE
  5
970
330
17
100
AcDbEntity
  8
PARTS
100
AcDbPolyline
 90
2
 70
0
 10
31.83966666666667
 20
44.575199999999995
 10
31.83866666666667
 20
44.575199999999995
  0
LWPOLYLINE
  5
971
330
17
100
AcDbEntity
  8
PARTS
100
AcDbPolyline
 90
2
 70
0
 10
31.83966666666667
 20
44.5602
 10
31.83866666666667
 20
44.5602
  0
LWPOLYLINE
  5
972
330
17
100
AcDbEntity
  8
PARTS
100
AcDbPolyline
 90
2
 70
0
 10
31.83966666666667
 20
44.5542
 10
31.83866666666667
 20
44.5542
  0
LWPOLYLINE
  5
973
330
17
100
AcDbEntity
  8
PARTS
100
AcDbPolyline
 90
2
 70
0
 10
31.83966666666667
 20
44.655499999999996
 10
31.83866666666667
 20
44.655499999999996
  0
LWPOLYLINE
  5
974
330
17
100
AcDbEntity
  8
PARTS
100
AcDbPolyline
 90
2
 70
0
 10
31.83966666666667
 20
44.649499999999996
 10
31.83866666666667
 20
44.649499999999996
  0
LWPOLYLINE
  5
975
330
17
100
AcDbEntity
  8
PARTS
100
AcDbPolyline
 90
2
 70
0
 10
31.83966666666667
 20
44.6341
 10
31.83866666666667
 20
44.6341
  0
LWPOLYLINE
  5
976
330
17
100
AcDbEntity
  8
PARTS
100
AcDbPolyline
 90
2
 70
0
 10
31.83966666666667
 20
44.591
 10
31.83866666666667
 20
44.591
  0
LWPOLYLINE
  5
977
330
17
100
AcDbEntity
  8
PARTS
100
AcDbPolyline
 90
2
 70
0
 10
31.83966666666667
 20
44.587700000000005
 10
31.83866666666667
 20
44.587700000000005
  0
LWPOLYLINE
  5
978
330
17
100
AcDbEntity
  8
PARTS
100
AcDbPolyline
 90
2
 70
0
 10
31.83966666666667
 20
44.705999999999996
 10
31.83866666666667
 20
44.705999999999996
  0
LWPOLYLINE
  5
979
330
17
100
AcDbEntity
  8
PARTS
100
AcDbPolyline
 90
2
 70
0
 10
31.83966666666667
 20
44.699999999999996
 10
31.83866666666667
 20
44.699999999999996
  0
LWPOLYLINE
  5
97A
330
17
100
AcDbEntity
  8
PARTS
100
AcDbPolyline
 90
2
 70
0
 10
31.83966666666667
 20
44.4145
 10
31.83866666666667
 20
44.4145
  0
LWPOLYLINE
  5
97B
330
17
100
AcDbEntity
  8
PARTS
100
AcDbPolyline
 90
2
 70
0
 10
31.83966666666667
 20
44.37969999999999
 10
31.83866666666667
 20
44.37969999999999
  0
LWPOLYLINE
  5
97C
330
17
100
AcDbEntity
  8
PARTS
100
AcDbPolyline
 90
2
 70
0
 10
31.83966666666667
 20
44.36019999999999
 10
31.83866666666667
 20
44.36019999999999
  0
LWPOLYLINE
  5
97D
330
17
100
AcDbEntity
  8
PARTS
100
AcDbPolyline
 90
2
 70
0
 10
31.83966666666667
 20
44.326899999999995
 10
31.83866666666667
 20
44.326899999999995
  0
LWPOLYLINE
  5
97E
330
17
100
AcDbEntity
  8
PARTS
100
AcDbPolyline
 90
2
 70
0
 10
31.83966666666667
 20
44.312999999999995
 10
31.83866666666667
 20
44.312999999999995
  0
LWPOLYLINE
  5
97F
330
17
100
AcDbEntity
  8
PARTS
100
AcDbPolyline
 90
2
 70
0
 10
41.23766666666667
 20
43.813199999999995
 10
41.23666666666667
 20
43.813199999999995
  0
LWPOLYLINE
  5
980
330
17
100
AcDbEntity
  8
PARTS
100
AcDbPolyline
 90
2
 70
0
 10
41.23766666666667
 20
43.7982
 10
41.23666666666667
 20
43.7982
  0
LWPOLYLINE
  5
981
330
17
100
AcDbEntity
  8
PARTS
100
AcDbPolyline
 90
2
 70
0
 10
41.23766666666667
 20
43.7922
 10
41.23666666666667
 20
43.7922
  0
LWPOLYLINE
  5
982
330
17
100
AcDbEntity
  8
PARTS
100
AcDbPolyline
 90
2
 70
0
 10
41.23766666666667
 20
43.893499999999996
 10
41.23666666666667
 20
43.893499999999996
  0
LWPOLYLINE
  5
983
330
17
100
AcDbEntity
  8
PARTS
100
AcDbPolyline
 90
2
 70
0
 10
41.23766666666667
 20
43.887499999999996
 10
41.23666666666667
 20
43.887499999999996
  0
LWPOLYLINE
  5
984
330
17
100
AcDbEntity
  8
PARTS
100
AcDbPolyline
 90
2
 70
0
 10
41.23766666666667
 20
43.872099999999996
 10
41.23666666666667
 20
43.872099999999996
  0
LWPOLYLINE
  5
985
330
17
100
AcDbEntity
  8
PARTS
100
AcDbPolyline
 90
2
 70
0
 10
41.23766666666667
 20
43.829
 10
41.23666666666667
 20
43.829
  0
LWPOLYLINE
  5
986
330
17
100
AcDbEntity
  8
PARTS
100
AcDbPolyline
 90
2
 70
0
 10
41.23766666666667
 20
43.825700000000005
 10
41.23666666666667
 20
43.825700000000005
  0
LWPOLYLINE
  5
987
330
17
100
AcDbEntity
  8
PARTS
100
AcDbPolyline
 90
2
 70
0
 10
41.23766666666667
 20
43.943999999999996
 10
41.23666666666667
 20
43.943999999999996
  0
LWPOLYLINE
  5
988
330
17
100
AcDbEntity
  8
PARTS
100
AcDbPolyline
 90
2
 70
0
 10
41.23766666666667
 20
43.937999999999995
 10
41.23666666666667
 20
43.937999999999995
  0
LWPOLYLINE
  5
989
330
17
100
AcDbEntity
  8
PARTS
100
AcDbPolyline
 90
2
 70
0
 10
41.23766666666667
 20
43.652499999999996
 10
41.23666666666667
 20
43.652499999999996
  0
LWPOLYLINE
  5
98A
330
17
100
AcDbEntity
  8
PARTS
100
AcDbPolyline
 90
2
 70
0
 10
41.23766666666667
 20
43.61769999999999
 10
41.23666666666667
 20
43.61769999999999
  0
LWPOLYLINE
  5
98B
330
17
100
AcDbEntity
  8
PARTS
100
AcDbPolyline
 90
2
 70
0
 10
41.23766666666667
 20
43.5982
 10
41.23666666666667
 20
43.5982
  0
LWPOLYLINE
  5
98C
330
17
100
AcDbEntity
  8
PARTS
100
AcDbPolyline
 90
2
 70
0
 10
41.23766666666667
 20
43.564899999999994
 10
41.23666666666667
 20
43.564899999999994
  0
LWPOLYLINE
  5
98D
330
17
100
AcDbEntity
  8
PARTS
100
AcDbPolyline
 90
2
 70
0
 10
41.23766666666667
 20
43.550999999999995
 10
41.23666666666667
 20
43.550999999999995
  0
LWPOLYLINE
  5
98E
330
17
100
AcDbEntity
  8
PARTS
100
AcDbPolyline
 90
2
 70
0
 10
43.77766666666667
 20
43.813199999999995
 10
43.776666666666664
 20
43.813199999999995
  0
LWPOLYLINE
  5
98F
330
17
100
AcDbEntity
  8
PARTS
100
AcDbPolyline
 90
2
 70
0
 10
43.77766666666667
 20
43.7982
 10
43.776666666666664
 20
43.7982
  0
LWPOLYLINE
  5
990
330
17
100
AcDbEntity
  8
PARTS
100
AcDbPolyline
 90
2
 70
0
 10
43.77766666666667
 20
43.7922
 10
43.776666666666664
 20
43.7922
  0
LWPOLYLINE
  5
991
330
17
100
AcDbEntity
  8
PARTS
100
AcDbPolyline
 90
2
 70
0
 10
43.77766666666667
 20
43.893499999999996
 10
43.776666666666664
 20
43.893499999999996
  0
LWPOLYLINE
  5
992
330
17
100
AcDbEntity
  8
PARTS
100
AcDbPolyline
 90
2
 70
0
 10
43.77766666666667
 20
43.887499999999996
 10
43.776666666666664
 20
43.887499999999996
  0
LWPOLYLINE
  5
993
330
17
100
AcDbEntity
  8
PARTS
100
AcDbPolyline
 90
2
 70
0
 10
43.77766666666667
 20
43.872099999999996
 10
43.776666666666664
 20
43.872099999999996
  0
LWPOLYLINE
  5
994
330
17
100
AcDbEntity
  8
PARTS
100
AcDbPolyline
 90
2
 70
0
 10
43.77766666666667
 20
43.829
 10
43.776666666666664
 20
43.829
  0
LWPOLYLINE
  5
995
330
17
100
AcDbEntity
  8
PARTS
100
AcDbPolyline
 90
2
 70
0
 10
43.77766666666667
 20
43.825700000000005
 10
43.776666666666664
 20
43.825700000000005
  0
LWPOLYLINE
  5
996
330
17
100
AcDbEntity
  8
PARTS
100
AcDbPolyline
 90
2
 70
0
 10
43.77766666666667
 20
43.943999999999996
 10
43.776666666666664
 20
43.943999999999996
  0
LWPOLYLINE
  5
997
330
17
100
AcDbEntity
  8
PARTS
100
AcDbPolyline
 90
2
 70
0
 10
43.77766666666667
 20
43.937999999999995
 10
43.776666666666664
 20
43.937999999999995
  0
LWPOLYLINE
  5
998
330
17
100
AcDbEntity
  8
PARTS
100
AcDbPolyline
 90
2
 70
0
 10
43.77766666666667
 20
43.652499999999996
 10
43.776666666666664
 20
43.652499999999996
  0
LWPOLYLINE
  5
999
330
17
100
AcDbEntity
  8
PARTS
100
AcDbPolyline
 90
2
 70
0
 10
43.77766666666667
 20
43.61769999999999
 10
43.776666666666664
 20
43.61769999999999
  0
LWPOLYLINE
  5
99A
330
17
100
AcDbEntity
  8
PARTS
100
AcDbPolyline
 90
2
 70
0
 10
43.77766666666667
 20
43.5982
 10
43.776666666666664
 20
43.5982
  0
LWPOLYLINE
  5
99B
330
17
100
AcDbEntity
  8
PARTS
100
AcDbPolyline
 90
2
 70
0
 10
43.77766666666667
 20
43.564899999999994
 10
43.776666666666664
 20
43.564899999999994
  0
LWPOLYLINE
  5
99C
330
17
100
AcDbEntity
  8
PARTS
100
AcDbPolyline
 90
2
 70
0
 10
43.77766666666667
 20
43.550999999999995
 10
43.776666666666664
 20
43.550999999999995
  0
LWPOLYLINE
  5
99D
330
17
100
AcDbEntity
  8
PARTS
100
AcDbPolyline
 90
2
 70
0
 10
27.013666666666666
 20
44.575199999999995
 10
27.012666666666664
 20
44.575199999999995
  0
LWPOLYLINE
  5
99E
330
17
100
AcDbEntity
  8
PARTS
100
AcDbPolyline
 90
2
 70
0
 10
27.013666666666666
 20
44.5602
 10
27.012666666666664
 20
44.5602
  0
LWPOLYLINE
  5
99F
330
17
100
AcDbEntity
  8
PARTS
100
AcDbPolyline
 90
2
 70
0
 10
27.013666666666666
 20
44.5542
 10
27.012666666666664
 20
44.5542
  0
LWPOLYLINE
  5
9A0
330
17
100
AcDbEntity
  8
PARTS
100
AcDbPolyline
 90
2
 70
0
 10
27.013666666666666
 20
44.655499999999996
 10
27.012666666666664
 20
44.655499999999996
  0
LWPOLYLINE
  5
9A1
330
17
100
AcDbEntity
  8
PARTS
100
AcDbPolyline
 90
2
 70
0
 10
27.013666666666666
 20
44.649499999999996
 10
27.012666666666664
 20
44.649499999999996
  0
LWPOLYLINE
  5
9A2
330
17
100
AcDbEntity
  8
PARTS
100
AcDbPolyline
 90
2
 70
0
 10
27.013666666666666
 20
44.6341
 10
27.012666666666664
 20
44.6341
  0
LWPOLYLINE
  5
9A3
330
17
100
AcDbEntity
  8
PARTS
100
AcDbPolyline
 90
2
 70
0
 10
27.013666666666666
 20
44.591
 10
27.012666666666664
 20
44.591
  0
LWPOLYLINE
  5
9A4
330
17
100
AcDbEntity
  8
PARTS
100
AcDbPolyline
 90
2
 70
0
 10
27.013666666666666
 20
44.587700000000005
 10
27.012666666666664
 20
44.587700000000005
  0
LWPOLYLINE
  5
9A5
330
17
100
AcDbEntity
  8
PARTS
100
AcDbPolyline
 90
2
 70
0
 10
27.013666666666666
 20
44.705999999999996
 10
27.012666666666664
 20
44.705999999999996
  0
LWPOLYLINE
  5
9A6
330
17
100
AcDbEntity
  8
PARTS
100
AcDbPolyline
 90
2
 70
0
 10
27.013666666666666
 20
44.699999999999996
 10
27.012666666666664
 20
44.699999999999996
  0
LWPOLYLINE
  5
9A7
330
17
100
AcDbEntity
  8
PARTS
100
AcDbPolyline
 90
2
 70
0
 10
27.013666666666666
 20
44.4145
 10
27.012666666666664
 20
44.4145
  0
LWPOLYLINE
  5
9A8
330
17
100
AcDbEntity
  8
PARTS
100
AcDbPolyline
 90
2
 70
0
 10
27.013666666666666
 20
44.37969999999999
 10
27.012666666666664
 20
44.37969999999999
  0
LWPOLYLINE
  5
9A9
330
17
100
AcDbEntity
  8
PARTS
100
AcDbPolyline
 90
2
 70
0
 10
27.013666666666666
 20
44.36019999999999
 10
27.012666666666664
 20
44.36019999999999
  0
LWPOLYLINE
  5
9AA
330
17
100
AcDbEntity
  8
PARTS
100
AcDbPolyline
 90
2
 70
0
 10
27.013666666666666
 20
44.326899999999995
 10
27.012666666666664
 20
44.326899999999995
  0
LWPOLYLINE
  5
9AB
330
17
100
AcDbEntity
  8
PARTS
100
AcDbPolyline
 90
2
 70
0
 10
27.013666666666666
 20
44.312999999999995
 10
27.012666666666664
 20
44.312999999999995
  0
LWPOLYLINE
  5
9AC
330
17
100
AcDbEntity
  8
PARTS
100
AcDbPolyline
 90
2
 70
0
 10
35.96346666666667
 20
41.326899999999995
 10
35.96346666666667
 20
41.3259
  0
LWPOLYLINE
  5
9AD
330
17
100
AcDbEntity
  8
PARTS
100
AcDbPolyline
 90
2
 70
0
 10
35.97846666666667
 20
41.326899999999995
 10
35.97846666666667
 20
41.3259
  0
LWPOLYLINE
  5
9AE
330
17
100
AcDbEntity
  8
PARTS
100
AcDbPolyline
 90
2
 70
0
 10
35.984366666666666
 20
41.326899999999995
 10
35.984366666666666
 20
41.3259
  0
LWPOLYLINE
  5
9AF
330
17
100
AcDbEntity
  8
PARTS
100
AcDbPolyline
 90
2
 70
0
 10
35.88316666666667
 20
41.326899999999995
 10
35.88316666666667
 20
41.3259
  0
LWPOLYLINE
  5
9B0
330
17
100
AcDbEntity
  8
PARTS
100
AcDbPolyline
 90
2
 70
0
 10
35.88916666666667
 20
41.326899999999995
 10
35.88916666666667
 20
41.3259
  0
LWPOLYLINE
  5
9B1
330
17
100
AcDbEntity
  8
PARTS
100
AcDbPolyline
 90
2
 70
0
 10
35.90446666666667
 20
41.326899999999995
 10
35.90446666666667
 20
41.3259
  0
LWPOLYLINE
  5
9B2
330
17
100
AcDbEntity
  8
PARTS
100
AcDbPolyline
 90
2
 70
0
 10
35.94766666666667
 20
41.326899999999995
 10
35.94766666666667
 20
41.3259
  0
LWPOLYLINE
  5
9B3
330
17
100
AcDbEntity
  8
PARTS
100
AcDbPolyline
 90
2
 70
0
 10
35.950966666666666
 20
41.326899999999995
 10
35.950966666666666
 20
41.3259
  0
LWPOLYLINE
  5
9B4
330
17
100
AcDbEntity
  8
PARTS
100
AcDbPolyline
 90
2
 70
0
 10
35.83266666666667
 20
41.326899999999995
 10
35.83266666666667
 20
41.3259
  0
LWPOLYLINE
  5
9B5
330
17
100
AcDbEntity
  8
PARTS
100
AcDbPolyline
 90
2
 70
0
 10
35.83866666666667
 20
41.326899999999995
 10
35.83866666666667
 20
41.3259
  0
LWPOLYLINE
  5
9B6
330
17
100
AcDbEntity
  8
PARTS
100
AcDbPolyline
 90
2
 70
0
 10
36.12416666666667
 20
41.326899999999995
 10
36.12416666666667
 20
41.3259
  0
LWPOLYLINE
  5
9B7
330
17
100
AcDbEntity
  8
PARTS
100
AcDbPolyline
 90
2
 70
0
 10
36.158966666666664
 20
41.326899999999995
 10
36.158966666666664
 20
41.3259
  0
LWPOLYLINE
  5
9B8
330
17
100
AcDbEntity
  8
PARTS
100
AcDbPolyline
 90
2
 70
0
 10
36.178466666666665
 20
41.326899999999995
 10
36.178466666666665
 20
41.3259
  0
LWPOLYLINE
  5
9B9
330
17
100
AcDbEntity
  8
PARTS
100
AcDbPolyline
 90
2
 70
0
 10
36.21176666666667
 20
41.326899999999995
 10
36.21176666666667
 20
41.3259
  0
LWPOLYLINE
  5
9BA
330
17
100
AcDbEntity
  8
PARTS
100
AcDbPolyline
 90
2
 70
0
 10
36.225566666666666
 20
41.326899999999995
 10
36.225566666666666
 20
41.3259
  0
LWPOLYLINE
  5
9BB
330
17
100
AcDbEntity
  8
PARTS
100
AcDbPolyline
 90
2
 70
0
 10
43.78366666666667
 20
40.7517
 10
43.78466666666666
 20
40.7517
  0
LWPOLYLINE
  5
9BC
330
17
100
AcDbEntity
  8
PARTS
100
AcDbPolyline
 90
2
 70
0
 10
43.78366666666667
 20
40.7667
 10
43.78466666666666
 20
40.7667
  0
LWPOLYLINE
  5
9BD
330
17
100
AcDbEntity
  8
PARTS
100
AcDbPolyline
 90
2
 70
0
 10
43.78366666666667
 20
40.7726
 10
43.78466666666666
 20
40.7726
  0
LWPOLYLINE
  5
9BE
330
17
100
AcDbEntity
  8
PARTS
100
AcDbPolyline
 90
2
 70
0
 10
43.78366666666667
 20
40.6714
 10
43.78466666666666
 20
40.6714
  0
LWPOLYLINE
  5
9BF
330
17
100
AcDbEntity
  8
PARTS
100
AcDbPolyline
 90
2
 70
0
 10
43.78366666666667
 20
40.6774
 10
43.78466666666666
 20
40.6774
  0
LWPOLYLINE
  5
9C0
330
17
100
AcDbEntity
  8
PARTS
100
AcDbPolyline
 90
2
 70
0
 10
43.78366666666667
 20
40.692699999999995
 10
43.78466666666666
 20
40.692699999999995
  0
LWPOLYLINE
  5
9C1
330
17
100
AcDbEntity
  8
PARTS
100
AcDbPolyline
 90
2
 70
0
 10
43.78366666666667
 20
40.735899999999994
 10
43.78466666666666
 20
40.735899999999994
  0
LWPOLYLINE
  5
9C2
330
17
100
AcDbEntity
  8
PARTS
100
AcDbPolyline
 90
2
 70
0
 10
43.78366666666667
 20
40.7392
 10
43.78466666666666
 20
40.7392
  0
LWPOLYLINE
  5
9C3
330
17
100
AcDbEntity
  8
PARTS
100
AcDbPolyline
 90
2
 70
0
 10
43.78366666666667
 20
40.6209
 10
43.78466666666666
 20
40.6209
  0
LWPOLYLINE
  5
9C4
330
17
100
AcDbEntity
  8
PARTS
100
AcDbPolyline
 90
2
 70
0
 10
43.78366666666667
 20
40.6269
 10
43.78466666666666
 20
40.6269
  0
LWPOLYLINE
  5
9C5
330
17
100
AcDbEntity
  8
PARTS
100
AcDbPolyline
 90
2
 70
0
 10
43.78366666666667
 20
40.9124
 10
43.78466666666666
 20
40.9124
  0
LWPOLYLINE
  5
9C6
330
17
100
AcDbEntity
  8
PARTS
100
AcDbPolyline
 90
2
 70
0
 10
43.78366666666667
 20
40.947199999999995
 10
43.78466666666666
 20
40.947199999999995
  0
LWPOLYLINE
  5
9C7
330
17
100
AcDbEntity
  8
PARTS
100
AcDbPolyline
 90
2
 70
0
 10
43.78366666666667
 20
40.966699999999996
 10
43.78466666666666
 20
40.966699999999996
  0
LWPOLYLINE
  5
9C8
330
17
100
AcDbEntity
  8
PARTS
100
AcDbPolyline
 90
2
 70
0
 10
43.78366666666667
 20
41.0
 10
43.78466666666666
 20
41.0
  0
LWPOLYLINE
  5
9C9
330
17
100
AcDbEntity
  8
PARTS
100
AcDbPolyline
 90
2
 70
0
 10
43.78366666666667
 20
41.013799999999996
 10
43.78466666666666
 20
41.013799999999996
  0
LWPOLYLINE
  5
9CA
330
17
100
AcDbEntity
  8
PARTS
100
AcDbPolyline
 90
2
 70
0
 10
22.387966666666667
 20
39.046899999999994
 10
22.387966666666667
 20
39.0479
  0
LWPOLYLINE
  5
9CB
330
17
100
AcDbEntity
  8
PARTS
100
AcDbPolyline
 90
2
 70
0
 10
22.372966666666667
 20
39.046899999999994
 10
22.372966666666667
 20
39.0479
  0
LWPOLYLINE
  5
9CC
330
17
100
AcDbEntity
  8
PARTS
100
AcDbPolyline
 90
2
 70
0
 10
22.366966666666666
 20
39.046899999999994
 10
22.366966666666666
 20
39.0479
  0
LWPOLYLINE
  5
9CD
330
17
100
AcDbEntity
  8
PARTS
100
AcDbPolyline
 90
2
 70
0
 10
22.468266666666665
 20
39.046899999999994
 10
22.468266666666665
 20
39.0479
  0
LWPOLYLINE
  5
9CE
330
17
100
AcDbEntity
  8
PARTS
100
AcDbPolyline
 90
2
 70
0
 10
22.462166666666665
 20
39.046899999999994
 10
22.462166666666665
 20
39.0479
  0
LWPOLYLINE
  5
9CF
330
17
100
AcDbEntity
  8
PARTS
100
AcDbPolyline
 90
2
 70
0
 10
22.446866666666665
 20
39.046899999999994
 10
22.446866666666665
 20
39.0479
  0
LWPOLYLINE
  5
9D0
330
17
100
AcDbEntity
  8
PARTS
100
AcDbPolyline
 90
2
 70
0
 10
22.403766666666666
 20
39.046899999999994
 10
22.403766666666666
 20
39.0479
  0
LWPOLYLINE
  5
9D1
330
17
100
AcDbEntity
  8
PARTS
100
AcDbPolyline
 90
2
 70
0
 10
22.40046666666667
 20
39.046899999999994
 10
22.40046666666667
 20
39.0479
  0
LWPOLYLINE
  5
9D2
330
17
100
AcDbEntity
  8
PARTS
100
AcDbPolyline
 90
2
 70
0
 10
22.518766666666664
 20
39.046899999999994
 10
22.518766666666664
 20
39.0479
  0
LWPOLYLINE
  5
9D3
330
17
100
AcDbEntity
  8
PARTS
100
AcDbPolyline
 90
2
 70
0
 10
22.512666666666664
 20
39.046899999999994
 10
22.512666666666664
 20
39.0479
  0
LWPOLYLINE
  5
9D4
330
17
100
AcDbEntity
  8
PARTS
100
AcDbPolyline
 90
2
 70
0
 10
22.227166666666665
 20
39.046899999999994
 10
22.227166666666665
 20
39.0479
  0
LWPOLYLINE
  5
9D5
330
17
100
AcDbEntity
  8
PARTS
100
AcDbPolyline
 90
2
 70
0
 10
22.19236666666667
 20
39.046899999999994
 10
22.19236666666667
 20
39.0479
  0
LWPOLYLINE
  5
9D6
330
17
100
AcDbEntity
  8
PARTS
100
AcDbPolyline
 90
2
 70
0
 10
22.172966666666667
 20
39.046899999999994
 10
22.172966666666667
 20
39.0479
  0
LWPOLYLINE
  5
9D7
330
17
100
AcDbEntity
  8
PARTS
100
AcDbPolyline
 90
2
 70
0
 10
22.139566666666667
 20
39.046899999999994
 10
22.139566666666667
 20
39.0479
  0
LWPOLYLINE
  5
9D8
330
17
100
AcDbEntity
  8
PARTS
100
AcDbPolyline
 90
2
 70
0
 10
22.125766666666667
 20
39.046899999999994
 10
22.125766666666667
 20
39.0479
  0
LWPOLYLINE
  5
9D9
330
17
100
AcDbEntity
  8
PARTS
100
AcDbPolyline
 90
2
 70
0
 10
33.407666666666664
 20
44.37819999999999
 10
33.406666666666666
 20
44.37819999999999
  0
LWPOLYLINE
  5
9DA
330
17
100
AcDbEntity
  8
PARTS
100
AcDbPolyline
 90
2
 70
0
 10
33.407666666666664
 20
44.3632
 10
33.406666666666666
 20
44.3632
  0
LWPOLYLINE
  5
9DB
330
17
100
AcDbEntity
  8
PARTS
100
AcDbPolyline
 90
2
 70
0
 10
33.407666666666664
 20
44.3572
 10
33.406666666666666
 20
44.3572
  0
LWPOLYLINE
  5
9DC
330
17
100
AcDbEntity
  8
PARTS
100
AcDbPolyline
 90
2
 70
0
 10
33.407666666666664
 20
44.458499999999994
 10
33.406666666666666
 20
44.458499999999994
  0
LWPOLYLINE
  5
9DD
330
17
100
AcDbEntity
  8
PARTS
100
AcDbPolyline
 90
2
 70
0
 10
33.407666666666664
 20
44.45249999999999
 10
33.406666666666666
 20
44.45249999999999
  0
LWPOLYLINE
  5
9DE
330
17
100
AcDbEntity
  8
PARTS
100
AcDbPolyline
 90
2
 70
0
 10
33.407666666666664
 20
44.437099999999994
 10
33.406666666666666
 20
44.437099999999994
  0
LWPOLYLINE
  5
9DF
330
17
100
AcDbEntity
  8
PARTS
100
AcDbPolyline
 90
2
 70
0
 10
33.407666666666664
 20
44.394
 10
33.406666666666666
 20
44.394
  0
LWPOLYLINE
  5
9E0
330
17
100
AcDbEntity
  8
PARTS
100
AcDbPolyline
 90
2
 70
0
 10
33.407666666666664
 20
44.3907
 10
33.406666666666666
 20
44.3907
  0
LWPOLYLINE
  5
9E1
330
17
100
AcDbEntity
  8
PARTS
100
AcDbPolyline
 90
2
 70
0
 10
33.407666666666664
 20
44.50899999999999
 10
33.406666666666666
 20
44.50899999999999
  0
LWPOLYLINE
  5
9E2
330
17
100
AcDbEntity
  8
PARTS
100
AcDbPolyline
 90
2
 70
0
 10
33.407666666666664
 20
44.50299999999999
 10
33.406666666666666
 20
44.50299999999999
  0
LWPOLYLINE
  5
9E3
330
17
100
AcDbEntity
  8
PARTS
100
AcDbPolyline
 90
2
 70
0
 10
33.407666666666664
 20
44.2175
 10
33.406666666666666
 20
44.2175
  0
LWPOLYLINE
  5
9E4
330
17
100
AcDbEntity
  8
PARTS
100
AcDbPolyline
 90
2
 70
0
 10
33.407666666666664
 20
44.18269999999999
 10
33.406666666666666
 20
44.18269999999999
  0
LWPOLYLINE
  5
9E5
330
17
100
AcDbEntity
  8
PARTS
100
AcDbPolyline
 90
2
 70
0
 10
33.407666666666664
 20
44.163199999999996
 10
33.406666666666666
 20
44.163199999999996
  0
LWPOLYLINE
  5
9E6
330
17
100
AcDbEntity
  8
PARTS
100
AcDbPolyline
 90
2
 70
0
 10
33.407666666666664
 20
44.12989999999999
 10
33.406666666666666
 20
44.12989999999999
  0
LWPOLYLINE
  5
9E7
330
17
100
AcDbEntity
  8
PARTS
100
AcDbPolyline
 90
2
 70
0
 10
33.407666666666664
 20
44.11599999999999
 10
33.406666666666666
 20
44.11599999999999
  0
LWPOLYLINE
  5
9E8
330
17
100
AcDbEntity
  8
PARTS
100
AcDbPolyline
 90
2
 70
0
 10
34.67816666666667
 20
46.6763
 10
35.278166666666664
 20
46.6763
  0
LWPOLYLINE
  5
9E9
330
17
100
AcDbEntity
  8
PARTS
100
AcDbPolyline
 90
2
 70
0
 10
34.67816666666667
 20
46.7614
 10
35.278166666666664
 20
46.7614
  0
LWPOLYLINE
  5
9EA
330
17
100
AcDbEntity
  8
PARTS
100
AcDbPolyline
 90
2
 70
0
 10
34.67816666666667
 20
47.2442
 10
35.278166666666664
 20
47.2442
  0
LWPOLYLINE
  5
9EB
330
17
100
AcDbEntity
  8
PARTS
100
AcDbPolyline
 90
2
 70
0
 10
26.38886666666667
 20
46.6763
 10
26.988866666666667
 20
46.6763
  0
LWPOLYLINE
  5
9EC
330
17
100
AcDbEntity
  8
PARTS
100
AcDbPolyline
 90
2
 70
0
 10
26.38886666666667
 20
46.7614
 10
26.988866666666667
 20
46.7614
  0
LWPOLYLINE
  5
9ED
330
17
100
AcDbEntity
  8
PARTS
100
AcDbPolyline
 90
2
 70
0
 10
26.38886666666667
 20
47.269299999999994
 10
26.988866666666667
 20
47.269299999999994
  0
LWPOLYLINE
  5
9EE
330
17
100
AcDbEntity
  8
PARTS
100
AcDbPolyline
 90
2
 70
0
 10
33.028166666666664
 20
46.6763
 10
33.628166666666665
 20
46.6763
  0
LWPOLYLINE
  5
9EF
330
17
100
AcDbEntity
  8
PARTS
100
AcDbPolyline
 90
2
 70
0
 10
33.028166666666664
 20
46.7614
 10
33.628166666666665
 20
46.7614
  0
LWPOLYLINE
  5
9F0
330
17
100
AcDbEntity
  8
PARTS
100
AcDbPolyline
 90
2
 70
0
 10
33.028166666666664
 20
47.2442
 10
33.628166666666665
 20
47.2442
  0
LWPOLYLINE
  5
9F1
330
17
100
AcDbEntity
  8
PARTS
100
AcDbPolyline
 90
2
 70
0
 10
31.37816666666667
 20
46.6763
 10
31.978166666666667
 20
46.6763
  0
LWPOLYLINE
  5
9F2
330
17
100
AcDbEntity
  8
PARTS
100
AcDbPolyline
 90
2
 70
0
 10
31.37816666666667
 20
46.7614
 10
31.978166666666667
 20
46.7614
  0
LWPOLYLINE
  5
9F3
330
17
100
AcDbEntity
  8
PARTS
100
AcDbPolyline
 90
2
 70
0
 10
31.37816666666667
 20
47.2442
 10
31.978166666666667
 20
47.2442
  0
LWPOLYLINE
  5
9F4
330
17
100
AcDbEntity
  8
PARTS
100
AcDbPolyline
 90
2
 70
0
 10
48.863166666666665
 20
46.0879
 10
48.963166666666666
 20
46.0879
  0
LWPOLYLINE
  5
9F5
330
17
100
AcDbEntity
  8
PARTS
100
AcDbPolyline
 90
2
 70
0
 10
49.06316666666667
 20
47.3879
 10
49.06316666666667
 20
45.987899999999996
  0
LWPOLYLINE
  5
9F6
330
17
100
AcDbEntity
  8
PARTS
100
AcDbPolyline
 90
2
 70
0
 10
28.87816666666667
 20
47.2442
 10
29.478166666666667
 20
47.2442
  0
LWPOLYLINE
  5
9F7
330
17
100
AcDbEntity
  8
PARTS
100
AcDbPolyline
 90
2
 70
0
 10
28.87816666666667
 20
46.7614
 10
29.478166666666667
 20
46.7614
  0
LWPOLYLINE
  5
9F8
330
17
100
AcDbEntity
  8
PARTS
100
AcDbPolyline
 90
2
 70
0
 10
28.87816666666667
 20
46.6763
 10
29.478166666666667
 20
46.6763
  0
LWPOLYLINE
  5
9F9
330
17
100
AcDbEntity
  8
PARTS
100
AcDbPolyline
 90
2
 70
0
 10
36.378166666666665
 20
47.2442
 10
36.97816666666667
 20
47.2442
  0
LWPOLYLINE
  5
9FA
330
17
100
AcDbEntity
  8
PARTS
100
AcDbPolyline
 90
2
 70
0
 10
36.378166666666665
 20
46.7614
 10
36.97816666666667
 20
46.7614
  0
LWPOLYLINE
  5
9FB
330
17
100
AcDbEntity
  8
PARTS
100
AcDbPolyline
 90
2
 70
0
 10
36.378166666666665
 20
46.6763
 10
36.97816666666667
 20
46.6763
  0
LWPOLYLINE
  5
9FC
330
17
100
AcDbEntity
  8
PARTS
100
AcDbPolyline
 90
2
 70
0
 10
38.88816666666667
 20
47.2442
 10
39.488166666666665
 20
47.2442
  0
LWPOLYLINE
  5
9FD
330
17
100
AcDbEntity
  8
PARTS
100
AcDbPolyline
 90
2
 70
0
 10
38.88816666666667
 20
46.7614
 10
39.488166666666665
 20
46.7614
  0
LWPOLYLINE
  5
9FE
330
17
100
AcDbEntity
  8
PARTS
100
AcDbPolyline
 90
2
 70
0
 10
38.88816666666667
 20
46.6763
 10
39.488166666666665
 20
46.6763
  0
LWPOLYLINE
  5
9FF
330
17
100
AcDbEntity
  8
PARTS
100
AcDbPolyline
 90
2
 70
0
 10
41.38816666666667
 20
47.2442
 10
41.988166666666665
 20
47.2442
  0
LWPOLYLINE
  5
A00
330
17
100
AcDbEntity
  8
PARTS
100
AcDbPolyline
 90
2
 70
0
 10
41.38816666666667
 20
46.7614
 10
41.988166666666665
 20
46.7614
  0
LWPOLYLINE
  5
A01
330
17
100
AcDbEntity
  8
PARTS
100
AcDbPolyline
 90
2
 70
0
 10
41.38816666666667
 20
46.6763
 10
41.988166666666665
 20
46.6763
  0
LWPOLYLINE
  5
A02
330
17
100
AcDbEntity
  8
PARTS
100
AcDbPolyline
 90
2
 70
0
 10
43.81316666666667
 20
47.2442
 10
44.413166666666676
 20
47.2442
  0
LWPOLYLINE
  5
A03
330
17
100
AcDbEntity
  8
PARTS
100
AcDbPolyline
 90
2
 70
0
 10
43.81316666666667
 20
46.7614
 10
44.413166666666676
 20
46.7614
  0
LWPOLYLINE
  5
A04
330
17
100
AcDbEntity
  8
PARTS
100
AcDbPolyline
 90
2
 70
0
 10
43.81316666666667
 20
46.6763
 10
44.413166666666676
 20
46.6763
  0
LWPOLYLINE
  5
A05
330
17
100
AcDbEntity
  8
PARTS
100
AcDbPolyline
 90
2
 70
0
 10
45.51316666666667
 20
47.2442
 10
46.113166666666665
 20
47.2442
  0
LWPOLYLINE
  5
A06
330
17
100
AcDbEntity
  8
PARTS
100
AcDbPolyline
 90
2
 70
0
 10
45.51316666666667
 20
46.7614
 10
46.113166666666665
 20
46.7614
  0
LWPOLYLINE
  5
A07
330
17
100
AcDbEntity
  8
PARTS
100
AcDbPolyline
 90
2
 70
0
 10
45.51316666666667
 20
46.6763
 10
46.113166666666665
 20
46.6763
  0
LWPOLYLINE
  5
A08
330
17
100
AcDbEntity
  8
PARTS
100
AcDbPolyline
 90
2
 70
0
 10
21.453166666666664
 20
76.38789999999999
 10
21.453166666666664
 20
75.83999999999999
  0
LWPOLYLINE
  5
A09
330
17
100
AcDbEntity
  8
PARTS
100
AcDbPolyline
 90
2
 70
0
 10
22.137366666666665
 20
75.34689999999999
 10
22.137366666666665
 20
72.6994
  0
LWPOLYLINE
  5
A0A
330
17
100
AcDbEntity
  8
PARTS
100
AcDbPolyline
 90
2
 70
0
 10
21.453166666666664
 20
71.8947
 10
21.453166666666664
 20
68.4474
  0
LWPOLYLINE
  5
A0B
330
17
100
AcDbEntity
  8
PARTS
100
AcDbPolyline
 90
2
 70
0
 10
21.633566666666667
 20
60.1804
 10
23.833566666666666
 20
60.1804
  0
LWPOLYLINE
  5
A0C
330
17
100
AcDbEntity
  8
PARTS
100
AcDbPolyline
 90
2
 70
0
 10
21.453166666666664
 20
58.7075
 10
21.453166666666664
 20
47.3879
  0
LWPOLYLINE
  5
A0D
330
17
100
AcDbEntity
  8
PARTS
100
AcDbPolyline
 90
2
 70
0
 10
25.408066666666667
 20
47.3879
 10
45.262166666666666
 20
47.3879
  0
LWPOLYLINE
  5
A0E
330
17
100
AcDbEntity
  8
PARTS
100
AcDbPolyline
 90
2
 70
0
 10
49.753166666666665
 20
55.2679
 10
49.753166666666665
 20
47.3879
  0
LWPOLYLINE
  5
A0F
330
17
100
AcDbEntity
  8
PARTS
100
AcDbPolyline
 90
2
 70
0
 10
49.753166666666665
 20
71.8947
 10
49.753166666666665
 20
61.601099999999995
  0
LWPOLYLINE
  5
A10
330
17
100
AcDbEntity
  8
PARTS
100
AcDbPolyline
 90
2
 70
0
 10
49.06886666666667
 20
72.6994
 10
49.06886666666667
 20
75.34689999999999
  0
LWPOLYLINE
  5
A11
330
17
100
AcDbEntity
  8
PARTS
100
AcDbPolyline
 90
2
 70
0
 10
49.753166666666665
 20
76.38789999999999
 10
49.753166666666665
 20
75.83999999999999
  0
LWPOLYLINE
  5
A12
330
17
100
AcDbEntity
  8
PARTS
100
AcDbPolyline
 90
2
 70
0
 10
21.70096666666667
 20
66.3603
 10
23.833566666666666
 20
66.3603
  0
LWPOLYLINE
  5
A13
330
17
100
AcDbEntity
  8
PARTS
100
AcDbPolyline
 90
2
 70
0
 10
21.633566666666667
 20
60.5948
 10
23.833566666666666
 20
60.5948
  0
LWPOLYLINE
  5
A14
330
17
100
AcDbEntity
  8
PARTS
100
AcDbPolyline
 90
2
 70
0
 10
21.890366666666665
 20
65.9459
 10
23.833566666666666
 20
65.9459
  0
LWPOLYLINE
  5
A15
330
17
100
AcDbEntity
  8
PARTS
100
AcDbPolyline
 90
2
 70
0
 10
35.53366666666667
 20
45.2619
 10
35.53366666666667
 20
45.2819
  0
LWPOLYLINE
  5
A16
330
17
100
AcDbEntity
  8
PARTS
100
AcDbPolyline
 90
2
 70
0
 10
35.53366666666667
 20
44.0019
 10
35.53366666666667
 20
43.981899999999996
  0
LWPOLYLINE
  5
A17
330
17
100
AcDbEntity
  8
PARTS
100
AcDbPolyline
 90
2
 70
0
 10
36.53366666666667
 20
45.2619
 10
36.53366666666667
 20
45.2819
  0
LWPOLYLINE
  5
A18
330
17
100
AcDbEntity
  8
PARTS
100
AcDbPolyline
 90
2
 70
0
 10
36.53366666666667
 20
44.0019
 10
36.53366666666667
 20
43.981899999999996
  0
LWPOLYLINE
  5
A19
330
17
100
AcDbEntity
  8
PARTS
100
AcDbPolyline
 90
2
 70
0
 10
35.53366666666667
 20
43.116899999999994
 10
35.53366666666667
 20
43.1269
  0
LWPOLYLINE
  5
A1A
330
17
100
AcDbEntity
  8
PARTS
100
AcDbPolyline
 90
2
 70
0
 10
35.53366666666667
 20
42.3369
 10
35.53366666666667
 20
42.326899999999995
  0
LWPOLYLINE
  5
A1B
330
17
100
AcDbEntity
  8
PARTS
100
AcDbPolyline
 90
2
 70
0
 10
36.53366666666667
 20
43.116899999999994
 10
36.53366666666667
 20
43.1269
  0
LWPOLYLINE
  5
A1C
330
17
100
AcDbEntity
  8
PARTS
100
AcDbPolyline
 90
2
 70
0
 10
36.53366666666667
 20
42.3369
 10
36.53366666666667
 20
42.326899999999995
  0
LWPOLYLINE
  5
A1D
330
17
100
AcDbEntity
  8
PARTS
100
AcDbPolyline
 90
2
 70
0
 10
32.09366666666667
 20
40.871199999999995
 10
32.092666666666666
 20
40.871199999999995
  0
LWPOLYLINE
  5
A1E
330
17
100
AcDbEntity
  8
PARTS
100
AcDbPolyline
 90
2
 70
0
 10
32.09366666666667
 20
40.9725
 10
32.092666666666666
 20
40.9725
  0
LWPOLYLINE
  5
A1F
330
17
100
AcDbEntity
  8
PARTS
100
AcDbPolyline
 90
2
 70
0
 10
32.09366666666667
 20
40.9047
 10
32.092666666666666
 20
40.9047
  0
LWPOLYLINE
  5
A20
330
17
100
AcDbEntity
  8
PARTS
100
AcDbPolyline
 90
2
 70
0
 10
32.09366666666667
 20
41.022999999999996
 10
32.092666666666666
 20
41.022999999999996
  0
LWPOLYLINE
  5
A21
330
17
100
AcDbEntity
  8
PARTS
100
AcDbPolyline
 90
2
 70
0
 10
32.09366666666667
 20
40.629999999999995
 10
32.092666666666666
 20
40.629999999999995
  0
LWPOLYLINE
  5
A22
330
17
100
AcDbEntity
  8
PARTS
100
AcDbPolyline
 90
2
 70
0
 10
38.454366666666665
 20
40.8936
 10
38.45336666666667
 20
40.8936
  0
LWPOLYLINE
  5
A23
330
17
100
AcDbEntity
  8
PARTS
100
AcDbPolyline
 90
2
 70
0
 10
38.454366666666665
 20
40.994899999999994
 10
38.45336666666667
 20
40.994899999999994
  0
LWPOLYLINE
  5
A24
330
17
100
AcDbEntity
  8
PARTS
100
AcDbPolyline
 90
2
 70
0
 10
38.454366666666665
 20
40.927099999999996
 10
38.45336666666667
 20
40.927099999999996
  0
LWPOLYLINE
  5
A25
330
17
100
AcDbEntity
  8
PARTS
100
AcDbPolyline
 90
2
 70
0
 10
38.454366666666665
 20
41.045399999999994
 10
38.45336666666667
 20
41.045399999999994
  0
LWPOLYLINE
  5
A26
330
17
100
AcDbEntity
  8
PARTS
100
AcDbPolyline
 90
2
 70
0
 10
38.454366666666665
 20
40.6524
 10
38.45336666666667
 20
40.6524
  0
LWPOLYLINE
  5
A27
330
17
100
AcDbEntity
  8
PARTS
100
AcDbPolyline
 90
2
 70
0
 10
41.23766666666667
 20
40.871199999999995
 10
41.23666666666667
 20
40.871199999999995
  0
LWPOLYLINE
  5
A28
330
17
100
AcDbEntity
  8
PARTS
100
AcDbPolyline
 90
2
 70
0
 10
41.23766666666667
 20
40.9725
 10
41.23666666666667
 20
40.9725
  0
LWPOLYLINE
  5
A29
330
17
100
AcDbEntity
  8
PARTS
100
AcDbPolyline
 90
2
 70
0
 10
41.23766666666667
 20
40.9047
 10
41.23666666666667
 20
40.9047
  0
LWPOLYLINE
  5
A2A
330
17
100
AcDbEntity
  8
PARTS
100
AcDbPolyline
 90
2
 70
0
 10
41.23766666666667
 20
41.022999999999996
 10
41.23666666666667
 20
41.022999999999996
  0
LWPOLYLINE
  5
A2B
330
17
100
AcDbEntity
  8
PARTS
100
AcDbPolyline
 90
2
 70
0
 10
41.23766666666667
 20
40.629999999999995
 10
41.23666666666667
 20
40.629999999999995
  0
LWPOLYLINE
  5
A2C
330
17
100
AcDbEntity
  8
PARTS
100
AcDbPolyline
 90
2
 70
0
 10
43.01566666666667
 20
40.871199999999995
 10
43.01466666666666
 20
40.871199999999995
  0
LWPOLYLINE
  5
A2D
330
17
100
AcDbEntity
  8
PARTS
100
AcDbPolyline
 90
2
 70
0
 10
43.01566666666667
 20
40.9725
 10
43.01466666666666
 20
40.9725
  0
LWPOLYLINE
  5
A2E
330
17
100
AcDbEntity
  8
PARTS
100
AcDbPolyline
 90
2
 70
0
 10
43.01566666666667
 20
40.9047
 10
43.01466666666666
 20
40.9047
  0
LWPOLYLINE
  5
A2F
330
17
100
AcDbEntity
  8
PARTS
100
AcDbPolyline
 90
2
 70
0
 10
43.01566666666667
 20
41.022999999999996
 10
43.01466666666666
 20
41.022999999999996
  0
LWPOLYLINE
  5
A30
330
17
100
AcDbEntity
  8
PARTS
100
AcDbPolyline
 90
2
 70
0
 10
43.01566666666667
 20
40.629999999999995
 10
43.01466666666666
 20
40.629999999999995
  0
LWPOLYLINE
  5
A31
330
17
100
AcDbEntity
  8
PARTS
100
AcDbPolyline
 90
2
 70
0
 10
29.680666666666667
 20
40.871199999999995
 10
29.679666666666666
 20
40.871199999999995
  0
LWPOLYLINE
  5
A32
330
17
100
AcDbEntity
  8
PARTS
100
AcDbPolyline
 90
2
 70
0
 10
29.680666666666667
 20
40.9725
 10
29.679666666666666
 20
40.9725
  0
LWPOLYLINE
  5
A33
330
17
100
AcDbEntity
  8
PARTS
100
AcDbPolyline
 90
2
 70
0
 10
29.680666666666667
 20
40.9047
 10
29.679666666666666
 20
40.9047
  0
LWPOLYLINE
  5
A34
330
17
100
AcDbEntity
  8
PARTS
100
AcDbPolyline
 90
2
 70
0
 10
29.680666666666667
 20
41.022999999999996
 10
29.679666666666666
 20
41.022999999999996
  0
LWPOLYLINE
  5
A35
330
17
100
AcDbEntity
  8
PARTS
100
AcDbPolyline
 90
2
 70
0
 10
29.680666666666667
 20
40.629999999999995
 10
29.679666666666666
 20
40.629999999999995
  0
LWPOLYLINE
  5
A36
330
17
100
AcDbEntity
  8
PARTS
100
AcDbPolyline
 90
2
 70
0
 10
29.299666666666667
 20
44.5542
 10
29.298666666666666
 20
44.5542
  0
LWPOLYLINE
  5
A37
330
17
100
AcDbEntity
  8
PARTS
100
AcDbPolyline
 90
2
 70
0
 10
29.299666666666667
 20
44.655499999999996
 10
29.298666666666666
 20
44.655499999999996
  0
LWPOLYLINE
  5
A38
330
17
100
AcDbEntity
  8
PARTS
100
AcDbPolyline
 90
2
 70
0
 10
29.299666666666667
 20
44.587700000000005
 10
29.298666666666666
 20
44.587700000000005
  0
LWPOLYLINE
  5
A39
330
17
100
AcDbEntity
  8
PARTS
100
AcDbPolyline
 90
2
 70
0
 10
29.299666666666667
 20
44.705999999999996
 10
29.298666666666666
 20
44.705999999999996
  0
LWPOLYLINE
  5
A3A
330
17
100
AcDbEntity
  8
PARTS
100
AcDbPolyline
 90
2
 70
0
 10
29.299666666666667
 20
44.312999999999995
 10
29.298666666666666
 20
44.312999999999995
  0
LWPOLYLINE
  5
A3B
330
17
100
AcDbEntity
  8
PARTS
100
AcDbPolyline
 90
2
 70
0
 10
31.83966666666667
 20
44.5542
 10
31.83866666666667
 20
44.5542
  0
LWPOLYLINE
  5
A3C
330
17
100
AcDbEntity
  8
PARTS
100
AcDbPolyline
 90
2
 70
0
 10
31.83966666666667
 20
44.655499999999996
 10
31.83866666666667
 20
44.655499999999996
  0
LWPOLYLINE
  5
A3D
330
17
100
AcDbEntity
  8
PARTS
100
AcDbPolyline
 90
2
 70
0
 10
31.83966666666667
 20
44.587700000000005
 10
31.83866666666667
 20
44.587700000000005
  0
LWPOLYLINE
  5
A3E
330
17
100
AcDbEntity
  8
PARTS
100
AcDbPolyline
 90
2
 70
0
 10
31.83966666666667
 20
44.705999999999996
 10
31.83866666666667
 20
44.705999999999996
  0
LWPOLYLINE
  5
A3F
330
17
100
AcDbEntity
  8
PARTS
100
AcDbPolyline
 90
2
 70
0
 10
31.83966666666667
 20
44.312999999999995
 10
31.83866666666667
 20
44.312999999999995
  0
LWPOLYLINE
  5
A40
330
17
100
AcDbEntity
  8
PARTS
100
AcDbPolyline
 90
2
 70
0
 10
41.23766666666667
 20
43.7922
 10
41.23666666666667
 20
43.7922
  0
LWPOLYLINE
  5
A41
330
17
100
AcDbEntity
  8
PARTS
100
AcDbPolyline
 90
2
 70
0
 10
41.23766666666667
 20
43.893499999999996
 10
41.23666666666667
 20
43.893499999999996
  0
LWPOLYLINE
  5
A42
330
17
100
AcDbEntity
  8
PARTS
100
AcDbPolyline
 90
2
 70
0
 10
41.23766666666667
 20
43.825700000000005
 10
41.23666666666667
 20
43.825700000000005
  0
LWPOLYLINE
  5
A43
330
17
100
AcDbEntity
  8
PARTS
100
AcDbPolyline
 90
2
 70
0
 10
41.23766666666667
 20
43.943999999999996
 10
41.23666666666667
 20
43.943999999999996
  0
LWPOLYLINE
  5
A44
330
17
100
AcDbEntity
  8
PARTS
100
AcDbPolyline
 90
2
 70
0
 10
41.23766666666667
 20
43.550999999999995
 10
41.23666666666667
 20
43.550999999999995
  0
LWPOLYLINE
  5
A45
330
17
100
AcDbEntity
  8
PARTS
100
AcDbPolyline
 90
2
 70
0
 10
43.77766666666667
 20
43.7922
 10
43.776666666666664
 20
43.7922
  0
LWPOLYLINE
  5
A46
330
17
100
AcDbEntity
  8
PARTS
100
AcDbPolyline
 90
2
 70
0
 10
43.77766666666667
 20
43.893499999999996
 10
43.776666666666664
 20
43.893499999999996
  0
LWPOLYLINE
  5
A47
330
17
100
AcDbEntity
  8
PARTS
100
AcDbPolyline
 90
2
 70
0
 10
43.77766666666667
 20
43.825700000000005
 10
43.776666666666664
 20
43.825700000000005
  0
LWPOLYLINE
  5
A48
330
17
100
AcDbEntity
  8
PARTS
100
AcDbPolyline
 90
2
 70
0
 10
43.77766666666667
 20
43.943999999999996
 10
43.776666666666664
 20
43.943999999999996
  0
LWPOLYLINE
  5
A49
330
17
100
AcDbEntity
  8
PARTS
100
AcDbPolyline
 90
2
 70
0
 10
43.77766666666667
 20
43.550999999999995
 10
43.776666666666664
 20
43.550999999999995
  0
LWPOLYLINE
  5
A4A
330
17
100
AcDbEntity
  8
PARTS
100
AcDbPolyline
 90
2
 70
0
 10
27.013666666666666
 20
44.5542
 10
27.012666666666664
 20
44.5542
  0
LWPOLYLINE
  5
A4B
330
17
100
AcDbEntity
  8
PARTS
100
AcDbPolyline
 90
2
 70
0
 10
27.013666666666666
 20
44.655499999999996
 10
27.012666666666664
 20
44.655499999999996
  0
LWPOLYLINE
  5
A4C
330
17
100
AcDbEntity
  8
PARTS
100
AcDbPolyline
 90
2
 70
0
 10
27.013666666666666
 20
44.587700000000005
 10
27.012666666666664
 20
44.587700000000005
  0
LWPOLYLINE
  5
A4D
330
17
100
AcDbEntity
  8
PARTS
100
AcDbPolyline
 90
2
 70
0
 10
27.013666666666666
 20
44.705999999999996
 10
27.012666666666664
 20
44.705999999999996
  0
LWPOLYLINE
  5
A4E
330
17
100
AcDbEntity
  8
PARTS
100
AcDbPolyline
 90
2
 70
0
 10
27.013666666666666
 20
44.312999999999995
 10
27.012666666666664
 20
44.312999999999995
  0
LWPOLYLINE
  5
A4F
330
17
100
AcDbEntity
  8
PARTS
100
AcDbPolyline
 90
2
 70
0
 10
35.984366666666666
 20
41.326899999999995
 10
35.984366666666666
 20
41.3259
  0
LWPOLYLINE
  5
A50
330
17
100
AcDbEntity
  8
PARTS
100
AcDbPolyline
 90
2
 70
0
 10
35.88316666666667
 20
41.326899999999995
 10
35.88316666666667
 20
41.3259
  0
LWPOLYLINE
  5
A51
330
17
100
AcDbEntity
  8
PARTS
100
AcDbPolyline
 90
2
 70
0
 10
35.950966666666666
 20
41.326899999999995
 10
35.950966666666666
 20
41.3259
  0
LWPOLYLINE
  5
A52
330
17
100
AcDbEntity
  8
PARTS
100
AcDbPolyline
 90
2
 70
0
 10
35.83266666666667
 20
41.326899999999995
 10
35.83266666666667
 20
41.3259
  0
LWPOLYLINE
  5
A53
330
17
100
AcDbEntity
  8
PARTS
100
AcDbPolyline
 90
2
 70
0
 10
36.225566666666666
 20
41.326899999999995
 10
36.225566666666666
 20
41.3259
  0
LWPOLYLINE
  5
A54
330
17
100
AcDbEntity
  8
PARTS
100
AcDbPolyline
 90
2
 70
0
 10
43.78366666666667
 20
40.7726
 10
43.78466666666666
 20
40.7726
  0
LWPOLYLINE
  5
A55
330
17
100
AcDbEntity
  8
PARTS
100
AcDbPolyline
 90
2
 70
0
 10
43.78366666666667
 20
40.6714
 10
43.78466666666666
 20
40.6714
  0
LWPOLYLINE
  5
A56
330
17
100
AcDbEntity
  8
PARTS
100
AcDbPolyline
 90
2
 70
0
 10
43.78366666666667
 20
40.7392
 10
43.78466666666666
 20
40.7392
  0
LWPOLYLINE
  5
A57
330
17
100
AcDbEntity
  8
PARTS
100
AcDbPolyline
 90
2
 70
0
 10
43.78366666666667
 20
40.6209
 10
43.78466666666666
 20
40.6209
  0
LWPOLYLINE
  5
A58
330
17
100
AcDbEntity
  8
PARTS
100
AcDbPolyline
 90
2
 70
0
 10
43.78366666666667
 20
41.013799999999996
 10
43.78466666666666
 20
41.013799999999996
  0
LWPOLYLINE
  5
A59
330
17
100
AcDbEntity
  8
PARTS
100
AcDbPolyline
 90
2
 70
0
 10
22.366966666666666
 20
39.046899999999994
 10
22.366966666666666
 20
39.0479
  0
LWPOLYLINE
  5
A5A
330
17
100
AcDbEntity
  8
PARTS
100
AcDbPolyline
 90
2
 70
0
 10
22.468266666666665
 20
39.046899999999994
 10
22.468266666666665
 20
39.0479
  0
LWPOLYLINE
  5
A5B
330
17
100
AcDbEntity
  8
PARTS
100
AcDbPolyline
 90
2
 70
0
 10
22.40046666666667
 20
39.046899999999994
 10
22.40046666666667
 20
39.0479
  0
LWPOLYLINE
  5
A5C
330
17
100
AcDbEntity
  8
PARTS
100
AcDbPolyline
 90
2
 70
0
 10
22.518766666666664
 20
39.046899999999994
 10
22.518766666666664
 20
39.0479
  0
LWPOLYLINE
  5
A5D
330
17
100
AcDbEntity
  8
PARTS
100
AcDbPolyline
 90
2
 70
0
 10
22.125766666666667
 20
39.046899999999994
 10
22.125766666666667
 20
39.0479
  0
LWPOLYLINE
  5
A5E
330
17
100
AcDbEntity
  8
PARTS
100
AcDbPolyline
 90
2
 70
0
 10
33.407666666666664
 20
44.3572
 10
33.406666666666666
 20
44.3572
  0
LWPOLYLINE
  5
A5F
330
17
100
AcDbEntity
  8
PARTS
100
AcDbPolyline
 90
2
 70
0
 10
33.407666666666664
 20
44.458499999999994
 10
33.406666666666666
 20
44.458499999999994
  0
LWPOLYLINE
  5
A60
330
17
100
AcDbEntity
  8
PARTS
100
AcDbPolyline
 90
2
 70
0
 10
33.407666666666664
 20
44.3907
 10
33.406666666666666
 20
44.3907
  0
LWPOLYLINE
  5
A61
330
17
100
AcDbEntity
  8
PARTS
100
AcDbPolyline
 90
2
 70
0
 10
33.407666666666664
 20
44.50899999999999
 10
33.406666666666666
 20
44.50899999999999
  0
LWPOLYLINE
  5
A62
330
17
100
AcDbEntity
  8
PARTS
100
AcDbPolyline
 90
2
 70
0
 10
33.407666666666664
 20
44.11599999999999
 10
33.406666666666666
 20
44.11599999999999
  0
LWPOLYLINE
  5
A63
330
17
100
AcDbEntity
  8
OUTLINE
100
AcDbPolyline
 90
2
 70
0
 10
20.666666666666668
 20
35.0
 10
20.666666666666668
 20
75.0
  0
LWPOLYLINE
  5
A64
330
17
100
AcDbEntity
  8
OUTLINE
100
AcDbPolyline
 90
2
 70
0
 10
20.666666666666668
 20
75.0
 10
50.666666666666664
 20
75.0
  0
LWPOLYLINE
  5
A65
330
17
100
AcDbEntity
  8
OUTLINE
100
AcDbPolyline
 90
2
 70
0
 10
50.666666666666664
 20
75.0
 10
50.666666666666664
 20
35.0
  0
LWPOLYLINE
  5
A66
330
17
100
AcDbEntity
  8
OUTLINE
100
AcDbPolyline
 90
2
 70
0
 10
50.666666666666664
 20
35.0
 10
20.666666666666668
 20
35.0
  0
CIRCLE
  5
A67
330
17
100
AcDbEntity
  8
HOLES
100
AcDbCircle
 10
23.666666666666668
 20
42.599999999999994
 30
0.0
 40
2.4
  0
LWPOLYLINE
  5
A68
330
17
100
AcDbEntity
  8
CENTER
100
AcDbPolyline
 90
2
 70
0
 10
20.433333333333334
 20
42.599999999999994
 10
26.900000000000002
 20
42.599999999999994
  0
LWPOLYLINE
  5
A69
330
17
100
AcDbEntity
  8
CENTER
100
AcDbPolyline
 90
2
 70
0
 10
23.666666666666668
 20
39.36666666666666
 10
23.666666666666668
 20
45.83333333333332
  0
CIRCLE
  5
A6A
330
17
100
AcDbEntity
  8
HOLES
100
AcDbCircle
 10
47.666666666666664
 20
42.599999999999994
 30
0.0
 40
2.4
  0
LWPOLYLINE
  5
A6B
330
17
100
AcDbEntity
  8
CENTER
100
AcDbPolyline
 90
2
 70
0
 10
44.43333333333334
 20
42.599999999999994
 10
50.9
 20
42.599999999999994
  0
LWPOLYLINE
  5
A6C
330
17
100
AcDbEntity
  8
CENTER
100
AcDbPolyline
 90
2
 70
0
 10
47.666666666666664
 20
39.36666666666666
 10
47.666666666666664
 20
45.83333333333332
  0
TEXT
  5
A6D
330
17
100
AcDbEntity
  8
TEXT
100
AcDbText
 10
25.86666666666667
 20
39.73333333333333
 30
0.0
 40
0.8333333333333334
  1
H1
  7
CJK
 11
25.86666666666667
 21
39.73333333333333
 31
0.0
100
AcDbText
  0
TEXT
  5
A6E
330
17
100
AcDbEntity
  8
TEXT
100
AcDbText
 10
49.86666666666667
 20
39.73333333333333
 30
0.0
 40
0.8333333333333334
  1
H2
  7
CJK
 11
49.86666666666667
 21
39.73333333333333
 31
0.0
100
AcDbText
  0
TEXT
  5
A6F
330
17
100
AcDbEntity
  8
TEXT
100
AcDbText
 10
20.166666666666668
 20
33.6
 30
0.0
 40
0.7333333333333334
  1
(0,0)
  7
CJK
 72
2
 11
20.166666666666668
 21
33.6
 31
0.0
100
AcDbText
  0
CIRCLE
  5
A70
330
17
100
AcDbEntity
  8
DIM
100
AcDbCircle
 10
20.666666666666668
 20
35.0
 30
0.0
 40
0.39999999999999997
  0
DIMENSION
  5
A71
330
17
100
AcDbEntity
  8
DIM
100
AcDbDimension
280
0
  2
*D1
  3
PCB2
 10
20.666666666666668
 20
25.0
 30
0.0
 11
35.666666666666664
 21
25.616666666666667
 31
0.0
 70
32
 71
5
  1
<>
100
AcDbAlignedDimension
 13
20.666666666666668
 23
35.0
 33
0.0
 14
50.666666666666664
 24
35.0
 34
0.0
 50
0.0
100
AcDbRotatedDimension
  0
DIMENSION
  5
A80
330
17
100
AcDbEntity
  8
DIM
100
AcDbDimension
280
0
  2
*D2
  3
PCB2
 10
13.333333333333334
 20
35.0
 30
0.0
 11
12.716666666666667
 21
55.0
 31
0.0
 70
32
 71
5
  1
<>
100
AcDbAlignedDimension
 13
20.666666666666668
 23
35.0
 33
0.0
 14
20.666666666666668
 24
75.0
 34
0.0
 50
90.0
100
AcDbRotatedDimension
  0
DIMENSION
  5
A8F
330
17
100
AcDbEntity
  8
DIM
100
AcDbDimension
280
0
  2
*D3
  3
PCB2
 10
20.666666666666668
 20
31.666666666666668
 30
0.0
 11
22.166666666666668
 21
32.78333333333333
 31
0.0
 70
32
 71
5
  1
<>
100
AcDbAlignedDimension
 13
20.666666666666668
 23
35.0
 33
0.0
 14
23.666666666666668
 24
42.599999999999994
 34
0.0
 50
0.0
100
AcDbRotatedDimension
  0
DIMENSION
  5
A9E
330
17
100
AcDbEntity
  8
DIM
100
AcDbDimension
280
0
  2
*D4
  3
PCB2
 10
23.666666666666668
 20
31.666666666666668
 30
0.0
 11
35.666666666666664
 21
32.28333333333333
 31
0.0
 70
32
 71
5
  1
<>
100
AcDbAlignedDimension
 13
23.666666666666668
 23
42.599999999999994
 33
0.0
 14
47.666666666666664
 24
42.599999999999994
 34
0.0
 50
0.0
100
AcDbRotatedDimension
  0
DIMENSION
  5
AAD
330
17
100
AcDbEntity
  8
DIM
100
AcDbDimension
280
0
  2
*D5
  3
PCB2
 10
47.666666666666664
 20
31.666666666666668
 30
0.0
 11
49.166666666666664
 21
32.78333333333333
 31
0.0
 70
32
 71
5
  1
<>
100
AcDbAlignedDimension
 13
47.666666666666664
 23
42.599999999999994
 33
0.0
 14
50.666666666666664
 24
35.0
 34
0.0
 50
0.0
100
AcDbRotatedDimension
  0
DIMENSION
  5
ABC
330
17
100
AcDbEntity
  8
DIM
100
AcDbDimension
280
0
  2
*D6
  3
PCB2
 10
20.666666666666668
 20
81.0
 30
0.0
 11
20.959906665044667
 21
82.11666666666666
 31
0.0
 70
32
 71
5
  1
<>
100
AcDbAlignedDimension
 13
20.666666666666668
 23
75.0
 33
0.0
 14
21.253146663422665
 24
75.0
 34
0.0
 50
0.0
100
AcDbRotatedDimension
  0
DIMENSION
  5
ACD
330
17
100
AcDbEntity
  8
DIM
100
AcDbDimension
280
0
  2
*D7
  3
PCB2
 10
21.253146663422665
 20
81.0
 30
0.0
 11
35.603146219624165
 21
81.61666666666666
 31
0.0
 70
32
 71
5
  1
<>
100
AcDbAlignedDimension
 13
21.253146663422665
 23
75.0
 33
0.0
 14
49.95314577582567
 24
75.0
 34
0.0
 50
0.0
100
AcDbRotatedDimension
  0
DIMENSION
  5
ADC
330
17
100
AcDbEntity
  8
DIM
100
AcDbDimension
280
0
  2
*D8
  3
PCB2
 10
49.95314577582567
 20
81.0
 30
0.0
 11
50.309906221246166
 21
82.11666666666666
 31
0.0
 70
32
 71
5
  1
<>
100
AcDbAlignedDimension
 13
49.95314577582567
 23
75.0
 33
0.0
 14
50.666666666666664
 24
75.0
 34
0.0
 50
0.0
100
AcDbRotatedDimension
  0
TEXT
  5
AED
330
17
100
AcDbEntity
  8
TEXT
100
AcDbText
 10
50.286479109158996
 20
73.5
 30
0.0
 40
0.7666666666666666
  1
CARD2
  7
CJK
 11
50.286479109158996
 21
73.5
 31
0.0
100
AcDbText
  0
DIMENSION
  5
AEE
330
17
100
AcDbEntity
  8
DIM
100
AcDbDimension
280
0
  2
*D9
  3
PCB2
 10
54.0
 20
75.0
 30
0.0
 11
52.88333333333333
 21
75.6939732379575
 31
0.0
 70
32
 71
5
  1
<>
100
AcDbAlignedDimension
 13
50.666666666666664
 23
75.0
 33
0.0
 14
49.95314577582567
 24
76.387946475915
 34
0.0
 50
90.0
100
AcDbRotatedDimension
  0
DIMENSION
  5
AFF
330
17
100
AcDbEntity
  8
DIM
100
AcDbDimension
280
0
  2
*D10
  3
PCB2
 10
17.0
 20
35.0
 30
0.0
 11
16.383333333333333
 21
38.8
 31
0.0
 70
32
 71
5
  1
<>
100
AcDbAlignedDimension
 13
20.666666666666668
 23
35.0
 33
0.0
 14
23.666666666666668
 24
42.599999999999994
 34
0.0
 50
90.0
100
AcDbRotatedDimension
  0
DIMENSION
  5
B0E
330
17
100
AcDbEntity
  8
DIM
100
AcDbDimension
280
0
  2
*D11
  3
PCB2
 10
17.0
 20
42.599999999999994
 30
0.0
 11
16.383333333333333
 21
58.8
 31
0.0
 70
32
 71
5
  1
<>
100
AcDbAlignedDimension
 13
23.666666666666668
 23
42.599999999999994
 33
0.0
 14
20.666666666666668
 24
75.0
 34
0.0
 50
90.0
100
AcDbRotatedDimension
  0
DIMENSION
  5
B1D
330
17
100
AcDbEntity
  8
DIM
100
AcDbDimension
280
0
  2
*D12
  3
PCB2
 10
20.666666666666668
 20
28.333333333333332
 30
0.0
 11
22.451666666666668
 21
28.95
 31
0.0
 70
32
 71
5
  1
<>
100
AcDbAlignedDimension
 13
20.666666666666668
 23
35.0
 33
0.0
 14
24.236666666666665
 24
36.25
 34
0.0
 50
0.0
100
AcDbRotatedDimension
  0
DIMENSION
  5
B2C
330
17
100
AcDbEntity
  8
DIM
100
AcDbDimension
280
0
  2
*D13
  3
PCB2
 10
24.236666666666665
 20
28.333333333333332
 30
0.0
 11
35.666666666666664
 21
28.95
 31
0.0
 70
32
 71
5
  1
9x2.54=22.86
100
AcDbAlignedDimension
 13
24.236666666666665
 23
36.25
 33
0.0
 14
47.096666666666664
 24
36.25
 34
0.0
 50
0.0
100
AcDbRotatedDimension
  0
DIMENSION
  5
B3B
330
17
100
AcDbEntity
  8
DIM
100
AcDbDimension
280
0
  2
*D14
  3
PCB2
 10
47.096666666666664
 20
28.333333333333332
 30
0.0
 11
48.88166666666666
 21
28.95
 31
0.0
 70
32
 71
5
  1
<>
100
AcDbAlignedDimension
 13
47.096666666666664
 23
36.25
 33
0.0
 14
50.666666666666664
 24
35.0
 34
0.0
 50
0.0
100
AcDbRotatedDimension
  0
DIMENSION
  5
B4A
330
17
100
AcDbEntity
  8
DIM
100
AcDbDimension
280
0
  2
*D15
  3
PCB2
 10
24.236666666666665
 20
25.333333333333332
 30
0.0
 11
25.506666666666668
 21
26.45
 31
0.0
 70
32
 71
5
  1
<>
100
AcDbAlignedDimension
 13
24.236666666666665
 23
36.25
 33
0.0
 14
26.776666666666667
 24
36.25
 34
0.0
 50
0.0
100
AcDbRotatedDimension
  0
DIMENSION
  5
B59
330
17
100
AcDbEntity
  8
DIM
100
AcDbDimension
280
0
  2
*D16
  3
PCB2
 10
54.0
 20
35.0
 30
0.0
 11
52.88333333333333
 21
35.625
 31
0.0
 70
32
 71
5
  1
<>
100
AcDbAlignedDimension
 13
50.666666666666664
 23
35.0
 33
0.0
 14
47.096666666666664
 24
36.25
 34
0.0
 50
90.0
100
AcDbRotatedDimension
  0
LWPOLYLINE
  5
B6A
330
17
100
AcDbEntity
  8
DIM
100
AcDbPolyline
 90
2
 70
0
 10
49.363722941514375
 20
44.297056274847705
 10
52.666666666666664
 20
47.63038960818104
  0
TEXT
  5
B6B
330
17
100
AcDbEntity
  8
DIM
100
AcDbText
 10
53.0
 20
47.89705627484771
 30
0.0
 40
0.8333333333333334
  1
2x %%c4.80 NPTH
  7
CJK
 11
53.0
 21
47.89705627484771
 31
0.0
100
AcDbText
  0
TEXT
  5
B6C
330
17
100
AcDbEntity
  8
TEXT
100
AcDbText
 10
35.666666666666664
 20
21.0
 30
0.0
 40
1.1666666666666667
  1
TOP VIEW
  7
CJK
 72
1
 11
35.666666666666664
 21
21.0
 31
0.0
100
AcDbText
  0
LWPOLYLINE
  5
B6D
330
17
100
AcDbEntity
  8
PARTS
100
AcDbPolyline
 90
2
 70
0
 10
50.654066666666665
 20
14.498949284330001
 10
50.654066666666665
 20
16.09904928433
  0
LWPOLYLINE
  5
B6E
330
17
100
AcDbEntity
  8
PARTS
100
AcDbPolyline
 90
2
 70
0
 10
50.654066666666665
 20
16.09904928433
 10
20.679366666666667
 20
16.09904928433
  0
LWPOLYLINE
  5
B6F
330
17
100
AcDbEntity
  8
PARTS
100
AcDbPolyline
 90
2
 70
0
 10
20.679366666666667
 20
14.498949284330001
 10
20.679366666666667
 20
16.09904928433
  0
LWPOLYLINE
  5
B70
330
17
100
AcDbEntity
  8
PARTS
100
AcDbPolyline
 90
2
 70
0
 10
50.654066666666665
 20
14.498949284330001
 10
20.679366666666667
 20
14.498949284330001
  0
LWPOLYLINE
  5
B71
330
17
100
AcDbEntity
  8
PARTS
100
AcDbPolyline
 90
5
 70
0
 10
36.61566666666667
 20
17.34904928433
 10
36.58786666666666
 20
17.23814928433
 10
36.565666666666665
 20
17.12594928433
 10
36.54926666666667
 20
17.01284928433
 10
36.53876666666667
 20
16.89904928433
  0
LWPOLYLINE
  5
B72
330
17
100
AcDbEntity
  8
PARTS
100
AcDbPolyline
 90
2
 70
0
 10
36.61566666666667
 20
17.39904928433
 10
36.53366666666667
 20
17.39904928433
  0
LWPOLYLINE
  5
B73
330
17
100
AcDbEntity
  8
PARTS
100
AcDbPolyline
 90
2
 70
0
 10
36.53366666666667
 20
17.39904928433
 10
36.61566666666667
 20
17.39904928433
  0
LWPOLYLINE
  5
B74
330
17
100
AcDbEntity
  8
PARTS
100
AcDbPolyline
 90
2
 70
0
 10
36.61566666666667
 20
17.39904928433
 10
36.983666666666664
 20
17.39904928433
  0
LWPOLYLINE
  5
B75
330
17
100
AcDbEntity
  8
PARTS
100
AcDbPolyline
 90
2
 70
0
 10
36.619566666666664
 20
17.396949284330002
 10
36.61566666666667
 20
17.39904928433
  0
LWPOLYLINE
  5
B76
330
17
100
AcDbEntity
  8
PARTS
100
AcDbPolyline
 90
2
 70
0
 10
36.62716666666667
 20
17.379049284329998
 10
36.62716666666667
 20
17.37914928433
  0
LWPOLYLINE
  5
B77
330
17
100
AcDbEntity
  8
PARTS
100
AcDbPolyline
 90
2
 70
0
 10
36.62716666666667
 20
17.379049284329998
 10
36.624266666666664
 20
17.379049284329998
  0
LWPOLYLINE
  5
B78
330
17
100
AcDbEntity
  8
PARTS
100
AcDbPolyline
 90
2
 70
0
 10
36.624266666666664
 20
17.379049284329998
 10
36.61566666666667
 20
17.34904928433
  0
LWPOLYLINE
  5
B79
330
17
100
AcDbEntity
  8
PARTS
100
AcDbPolyline
 90
2
 70
0
 10
36.61566666666667
 20
17.39904928433
 10
36.624266666666664
 20
17.38904928433
  0
LWPOLYLINE
  5
B7A
330
17
100
AcDbEntity
  8
PARTS
100
AcDbPolyline
 90
2
 70
0
 10
36.624266666666664
 20
17.38904928433
 10
36.62716666666667
 20
17.38904928433
  0
LWPOLYLINE
  5
B7B
330
17
100
AcDbEntity
  8
PARTS
100
AcDbPolyline
 90
2
 70
0
 10
36.62716666666667
 20
17.38904928433
 10
36.62586666666667
 20
17.38434928433
  0
LWPOLYLINE
  5
B7C
330
17
100
AcDbEntity
  8
PARTS
100
AcDbPolyline
 90
2
 70
0
 10
36.62586666666667
 20
17.38434928433
 10
36.62716666666667
 20
17.379049284329998
  0
LWPOLYLINE
  5
B7D
330
17
100
AcDbEntity
  8
PARTS
100
AcDbPolyline
 90
2
 70
0
 10
36.53366666666667
 20
17.379049284329998
 10
35.53366666666667
 20
17.379049284329998
  0
LWPOLYLINE
  5
B7E
330
17
100
AcDbEntity
  8
PARTS
100
AcDbPolyline
 90
2
 70
0
 10
35.457166666666666
 20
17.379049284329998
 10
36.610166666666665
 20
17.379049284329998
  0
LWPOLYLINE
  5
B7F
330
17
100
AcDbEntity
  8
PARTS
100
AcDbPolyline
 90
2
 70
0
 10
35.451766666666664
 20
17.39904928433
 10
35.53366666666667
 20
17.39904928433
  0
LWPOLYLINE
  5
B80
330
17
100
AcDbEntity
  8
PARTS
100
AcDbPolyline
 90
2
 70
0
 10
35.53366666666667
 20
17.39904928433
 10
35.451766666666664
 20
17.39904928433
  0
LWPOLYLINE
  5
B81
330
17
100
AcDbEntity
  8
PARTS
100
AcDbPolyline
 90
2
 70
0
 10
35.083666666666666
 20
17.39904928433
 10
35.451766666666664
 20
17.39904928433
  0
LWPOLYLINE
  5
B82
330
17
100
AcDbEntity
  8
PARTS
100
AcDbPolyline
 90
5
 70
0
 10
35.451766666666664
 20
17.34904928433
 10
35.47956666666667
 20
17.23814928433
 10
35.501666666666665
 20
17.12594928433
 10
35.51806666666667
 20
17.01284928433
 10
35.528666666666666
 20
16.89904928433
  0
LWPOLYLINE
  5
B83
330
17
100
AcDbEntity
  8
PARTS
100
AcDbPolyline
 90
2
 70
0
 10
35.03366666666667
 20
16.14904928433
 10
35.03366666666667
 20
17.34904928433
  0
LWPOLYLINE
  5
B84
330
17
100
AcDbEntity
  8
PARTS
100
AcDbPolyline
 90
2
 70
0
 10
35.451766666666664
 20
17.39904928433
 10
35.44316666666666
 20
17.38904928433
  0
LWPOLYLINE
  5
B85
330
17
100
AcDbEntity
  8
PARTS
100
AcDbPolyline
 90
2
 70
0
 10
35.44316666666666
 20
17.379049284329998
 10
35.451766666666664
 20
17.34904928433
  0
LWPOLYLINE
  5
B86
330
17
100
AcDbEntity
  8
PARTS
100
AcDbPolyline
 90
2
 70
0
 10
35.44316666666666
 20
17.379049284329998
 10
35.44016666666667
 20
17.379049284329998
  0
LWPOLYLINE
  5
B87
330
17
100
AcDbEntity
  8
PARTS
100
AcDbPolyline
 90
2
 70
0
 10
35.44156666666667
 20
17.38434928433
 10
35.44016666666667
 20
17.379049284329998
  0
LWPOLYLINE
  5
B88
330
17
100
AcDbEntity
  8
PARTS
100
AcDbPolyline
 90
2
 70
0
 10
35.44016666666667
 20
17.38904928433
 10
35.44156666666667
 20
17.38434928433
  0
LWPOLYLINE
  5
B89
330
17
100
AcDbEntity
  8
PARTS
100
AcDbPolyline
 90
2
 70
0
 10
35.44016666666667
 20
17.38904928433
 10
35.44316666666666
 20
17.38904928433
  0
LWPOLYLINE
  5
B8A
330
17
100
AcDbEntity
  8
PARTS
100
AcDbPolyline
 90
2
 70
0
 10
35.03366666666667
 20
17.34904928433
 10
35.083666666666666
 20
17.39904928433
  0
LWPOLYLINE
  5
B8B
330
17
100
AcDbEntity
  8
PARTS
100
AcDbPolyline
 90
2
 70
0
 10
35.083666666666666
 20
16.09904928433
 10
35.03366666666667
 20
16.14904928433
  0
LWPOLYLINE
  5
B8C
330
17
100
AcDbEntity
  8
PARTS
100
AcDbPolyline
 90
2
 70
0
 10
35.447466666666664
 20
17.39664928433
 10
35.451766666666664
 20
17.39904928433
  0
LWPOLYLINE
  5
B8D
330
17
100
AcDbEntity
  8
PARTS
100
AcDbPolyline
 90
2
 70
0
 10
35.44016666666667
 20
17.379049284329998
 10
35.44156666666667
 20
17.38434928433
  0
LWPOLYLINE
  5
B8E
330
17
100
AcDbEntity
  8
PARTS
100
AcDbPolyline
 90
2
 70
0
 10
35.44316666666666
 20
17.379049284329998
 10
35.44316666666666
 20
17.38904928433
  0
LWPOLYLINE
  5
B8F
330
17
100
AcDbEntity
  8
PARTS
100
AcDbPolyline
 90
2
 70
0
 10
35.44736666666667
 20
17.36434928433
 10
35.457166666666666
 20
17.379049284329998
  0
LWPOLYLINE
  5
B90
330
17
100
AcDbEntity
  8
PARTS
100
AcDbPolyline
 90
2
 70
0
 10
35.44316666666666
 20
17.379049284329998
 10
35.44156666666667
 20
17.38434928433
  0
LWPOLYLINE
  5
B91
330
17
100
AcDbEntity
  8
PARTS
100
AcDbPolyline
 90
2
 70
0
 10
35.44016666666667
 20
17.38904928433
 10
35.44096666666667
 20
17.386549284330002
  0
LWPOLYLINE
  5
B92
330
17
100
AcDbEntity
  8
PARTS
100
AcDbPolyline
 90
2
 70
0
 10
35.44156666666667
 20
17.38434928433
 10
35.44316666666666
 20
17.379049284329998
  0
LWPOLYLINE
  5
B93
330
17
100
AcDbEntity
  8
PARTS
100
AcDbPolyline
 90
2
 70
0
 10
37.03366666666667
 20
17.34904928433
 10
37.03366666666667
 20
16.14904928433
  0
LWPOLYLINE
  5
B94
330
17
100
AcDbEntity
  8
PARTS
100
AcDbPolyline
 90
2
 70
0
 10
36.98376666666667
 20
16.09904928433
 10
37.03366666666667
 20
16.14904928433
  0
LWPOLYLINE
  5
B95
330
17
100
AcDbEntity
  8
PARTS
100
AcDbPolyline
 90
2
 70
0
 10
37.03366666666667
 20
17.34904928433
 10
36.983666666666664
 20
17.39904928433
  0
LWPOLYLINE
  5
B96
330
17
100
AcDbEntity
  8
PARTS
100
AcDbPolyline
 90
2
 70
0
 10
36.610166666666665
 20
17.379049284329998
 10
36.61996666666667
 20
17.36434928433
  0
LWPOLYLINE
  5
B97
330
17
100
AcDbEntity
  8
PARTS
100
AcDbPolyline
 90
2
 70
0
 10
36.624266666666664
 20
17.379049284329998
 10
36.624266666666664
 20
17.38904928433
  0
LWPOLYLINE
  5
B98
330
17
100
AcDbEntity
  8
PARTS
100
AcDbPolyline
 90
2
 70
0
 10
36.62586666666667
 20
17.38434928433
 10
36.624266666666664
 20
17.379049284329998
  0
LWPOLYLINE
  5
B99
330
17
100
AcDbEntity
  8
PARTS
100
AcDbPolyline
 90
2
 70
0
 10
36.62716666666667
 20
17.38904928433
 10
36.626466666666666
 20
17.386549284330002
  0
LWPOLYLINE
  5
B9A
330
17
100
AcDbEntity
  8
PARTS
100
AcDbPolyline
 90
2
 70
0
 10
36.62586666666667
 20
17.38434928433
 10
36.624266666666664
 20
17.379049284329998
  0
LWPOLYLINE
  5
B9B
330
17
100
AcDbEntity
  8
PARTS
100
AcDbPolyline
 90
2
 70
0
 10
36.58186666666666
 20
16.109049284330002
 10
36.53366666666667
 20
16.109049284330002
  0
LWPOLYLINE
  5
B9C
330
17
100
AcDbEntity
  8
PARTS
100
AcDbPolyline
 90
2
 70
0
 10
36.28366666666667
 20
16.109049284330002
 10
35.78366666666667
 20
16.109049284330002
  0
LWPOLYLINE
  5
B9D
330
17
100
AcDbEntity
  8
PARTS
100
AcDbPolyline
 90
2
 70
0
 10
35.53366666666667
 20
16.109049284330002
 10
35.48546666666667
 20
16.109049284330002
  0
LWPOLYLINE
  5
B9E
330
17
100
AcDbEntity
  8
PARTS
100
AcDbPolyline
 90
2
 70
0
 10
35.78366666666667
 20
16.109049284330002
 10
35.839866666666666
 20
16.109049284330002
  0
LWPOLYLINE
  5
B9F
330
17
100
AcDbEntity
  8
PARTS
100
AcDbPolyline
 90
2
 70
0
 10
35.89106666666667
 20
16.109049284330002
 10
35.899566666666665
 20
16.109049284330002
  0
LWPOLYLINE
  5
BA0
330
17
100
AcDbEntity
  8
PARTS
100
AcDbPolyline
 90
2
 70
0
 10
35.97396666666666
 20
16.109049284330002
 10
35.99346666666667
 20
16.109049284330002
  0
LWPOLYLINE
  5
BA1
330
17
100
AcDbEntity
  8
PARTS
100
AcDbPolyline
 90
2
 70
0
 10
36.04716666666667
 20
16.109049284330002
 10
36.06666666666667
 20
16.109049284330002
  0
LWPOLYLINE
  5
BA2
330
17
100
AcDbEntity
  8
PARTS
100
AcDbPolyline
 90
2
 70
0
 10
36.147166666666664
 20
16.109049284330002
 10
36.15446666666667
 20
16.109049284330002
  0
LWPOLYLINE
  5
BA3
330
17
100
AcDbEntity
  8
PARTS
100
AcDbPolyline
 90
2
 70
0
 10
36.24476666666666
 20
16.109049284330002
 10
36.28366666666667
 20
16.109049284330002
  0
LWPOLYLINE
  5
BA4
330
17
100
AcDbEntity
  8
PARTS
100
AcDbPolyline
 90
2
 70
0
 10
35.482866666666666
 20
16.88904928433
 10
35.479366666666664
 20
16.88904928433
  0
LWPOLYLINE
  5
BA5
330
17
100
AcDbEntity
  8
PARTS
100
AcDbPolyline
 90
2
 70
0
 10
35.48396666666667
 20
16.88904928433
 10
36.58336666666667
 20
16.88904928433
  0
LWPOLYLINE
  5
BA6
330
17
100
AcDbEntity
  8
PARTS
100
AcDbPolyline
 90
2
 70
0
 10
35.482866666666666
 20
16.101649284329998
 10
35.482866666666666
 20
16.11474928433
  0
LWPOLYLINE
  5
BA7
330
17
100
AcDbEntity
  8
PARTS
100
AcDbPolyline
 90
2
 70
0
 10
35.481366666666666
 20
16.109049284330002
 10
35.48106666666666
 20
16.10804928433
  0
LWPOLYLINE
  5
BA8
330
17
100
AcDbEntity
  8
PARTS
100
AcDbPolyline
 90
2
 70
0
 10
35.482866666666666
 20
16.101649284329998
 10
35.479366666666664
 20
16.101649284329998
  0
LWPOLYLINE
  5
BA9
330
17
100
AcDbEntity
  8
PARTS
100
AcDbPolyline
 90
2
 70
0
 10
36.58336666666667
 20
16.11904928433
 10
36.58606666666667
 20
16.109049284330002
  0
LWPOLYLINE
  5
BAA
330
17
100
AcDbEntity
  8
PARTS
100
AcDbPolyline
 90
2
 70
0
 10
36.58606666666667
 20
16.109049284330002
 10
36.58646666666667
 20
16.109049284330002
  0
LWPOLYLINE
  5
BAB
330
17
100
AcDbEntity
  8
PARTS
100
AcDbPolyline
 90
2
 70
0
 10
36.58646666666667
 20
16.109049284330002
 10
36.58636666666667
 20
16.10804928433
  0
LWPOLYLINE
  5
BAC
330
17
100
AcDbEntity
  8
PARTS
100
AcDbPolyline
 90
2
 70
0
 10
36.58636666666667
 20
16.10804928433
 10
36.58806666666667
 20
16.101649284329998
  0
LWPOLYLINE
  5
BAD
330
17
100
AcDbEntity
  8
PARTS
100
AcDbPolyline
 90
2
 70
0
 10
36.58806666666667
 20
16.101649284329998
 10
36.58456666666667
 20
16.101649284329998
  0
LWPOLYLINE
  5
BAE
330
17
100
AcDbEntity
  8
PARTS
100
AcDbPolyline
 90
2
 70
0
 10
36.58456666666667
 20
16.101649284329998
 10
36.58186666666666
 20
16.09904928433
  0
LWPOLYLINE
  5
BAF
330
17
100
AcDbEntity
  8
PARTS
100
AcDbPolyline
 90
2
 70
0
 10
36.81366666666667
 20
16.09904928433
 10
36.58186666666666
 20
16.09904928433
  0
LWPOLYLINE
  5
BB0
330
17
100
AcDbEntity
  8
PARTS
100
AcDbPolyline
 90
8
 70
0
 10
36.58186666666666
 20
16.879049284329998
 10
36.558166666666665
 20
16.77184928433
 10
36.542366666666666
 20
16.66324928433
 10
36.53456666666667
 20
16.55374928433
 10
36.53476666666666
 20
16.444049284330003
 10
36.54306666666667
 20
16.334649284330002
 10
36.559266666666666
 20
16.22604928433
 10
36.58336666666667
 20
16.11904928433
  0
LWPOLYLINE
  5
BB1
330
17
100
AcDbEntity
  8
PARTS
100
AcDbPolyline
 90
2
 70
0
 10
36.53366666666667
 20
16.89904928433
 10
36.58336666666667
 20
16.89904928433
  0
LWPOLYLINE
  5
BB2
330
17
100
AcDbEntity
  8
PARTS
100
AcDbPolyline
 90
2
 70
0
 10
36.58336666666667
 20
16.89904928433
 10
36.81366666666667
 20
16.89904928433
  0
LWPOLYLINE
  5
BB3
330
17
100
AcDbEntity
  8
PARTS
100
AcDbPolyline
 90
2
 70
0
 10
36.58336666666667
 20
16.89904928433
 10
36.58606666666667
 20
16.89634928433
  0
LWPOLYLINE
  5
BB4
330
17
100
AcDbEntity
  8
PARTS
100
AcDbPolyline
 90
2
 70
0
 10
36.58606666666667
 20
16.89634928433
 10
36.58646666666667
 20
16.89634928433
  0
LWPOLYLINE
  5
BB5
330
17
100
AcDbEntity
  8
PARTS
100
AcDbPolyline
 90
2
 70
0
 10
36.58646666666667
 20
16.89634928433
 10
36.58636666666667
 20
16.895749284329998
  0
LWPOLYLINE
  5
BB6
330
17
100
AcDbEntity
  8
PARTS
100
AcDbPolyline
 90
2
 70
0
 10
36.58636666666667
 20
16.895749284329998
 10
36.58806666666667
 20
16.88904928433
  0
LWPOLYLINE
  5
BB7
330
17
100
AcDbEntity
  8
PARTS
100
AcDbPolyline
 90
2
 70
0
 10
36.58806666666667
 20
16.88904928433
 10
36.58456666666667
 20
16.88904928433
  0
LWPOLYLINE
  5
BB8
330
17
100
AcDbEntity
  8
PARTS
100
AcDbPolyline
 90
2
 70
0
 10
36.58456666666667
 20
16.88904928433
 10
36.58186666666666
 20
16.879049284329998
  0
LWPOLYLINE
  5
BB9
330
17
100
AcDbEntity
  8
PARTS
100
AcDbPolyline
 90
2
 70
0
 10
36.58456666666667
 20
16.101649284329998
 10
36.58456666666667
 20
16.11474928433
  0
LWPOLYLINE
  5
BBA
330
17
100
AcDbEntity
  8
PARTS
100
AcDbPolyline
 90
2
 70
0
 10
36.58456666666667
 20
16.11474928433
 10
36.584466666666664
 20
16.114849284330003
  0
LWPOLYLINE
  5
BBB
330
17
100
AcDbEntity
  8
PARTS
100
AcDbPolyline
 90
2
 70
0
 10
36.58436666666667
 20
16.115349284329998
 10
36.58186666666666
 20
16.109049284330002
  0
LWPOLYLINE
  5
BBC
330
17
100
AcDbEntity
  8
PARTS
100
AcDbPolyline
 90
2
 70
0
 10
36.58186666666666
 20
16.09904928433
 10
36.53366666666667
 20
16.09904928433
  0
LWPOLYLINE
  5
BBD
330
17
100
AcDbEntity
  8
PARTS
100
AcDbPolyline
 90
2
 70
0
 10
36.58606666666667
 20
16.109049284330002
 10
36.58636666666667
 20
16.10804928433
  0
LWPOLYLINE
  5
BBE
330
17
100
AcDbEntity
  8
PARTS
100
AcDbPolyline
 90
2
 70
0
 10
36.58606666666667
 20
16.109049284330002
 10
36.58636666666667
 20
16.10804928433
  0
LWPOLYLINE
  5
BBF
330
17
100
AcDbEntity
  8
PARTS
100
AcDbPolyline
 90
2
 70
0
 10
35.53366666666667
 20
16.89904928433
 10
35.48396666666667
 20
16.89904928433
  0
LWPOLYLINE
  5
BC0
330
17
100
AcDbEntity
  8
PARTS
100
AcDbPolyline
 90
2
 70
0
 10
35.25366666666667
 20
16.89904928433
 10
35.48396666666667
 20
16.89904928433
  0
LWPOLYLINE
  5
BC1
330
17
100
AcDbEntity
  8
PARTS
100
AcDbPolyline
 90
8
 70
0
 10
35.48546666666667
 20
16.879049284329998
 10
35.509166666666665
 20
16.77184928433
 10
35.524966666666664
 20
16.66324928433
 10
35.53276666666667
 20
16.55374928433
 10
35.53256666666667
 20
16.444049284330003
 10
35.524366666666666
 20
16.334649284330002
 10
35.50816666666667
 20
16.22604928433
 10
35.48396666666667
 20
16.11904928433
  0
LWPOLYLINE
  5
BC2
330
17
100
AcDbEntity
  8
PARTS
100
AcDbPolyline
 90
2
 70
0
 10
35.48546666666667
 20
16.109049284330002
 10
35.483066666666666
 20
16.115349284329998
  0
LWPOLYLINE
  5
BC3
330
17
100
AcDbEntity
  8
PARTS
100
AcDbPolyline
 90
2
 70
0
 10
35.483066666666666
 20
16.115349284329998
 10
35.483066666666666
 20
16.115349284329998
  0
LWPOLYLINE
  5
BC4
330
17
100
AcDbEntity
  8
PARTS
100
AcDbPolyline
 90
2
 70
0
 10
35.482866666666666
 20
16.101649284329998
 10
35.48546666666667
 20
16.09904928433
  0
LWPOLYLINE
  5
BC5
330
17
100
AcDbEntity
  8
PARTS
100
AcDbPolyline
 90
2
 70
0
 10
35.48546666666667
 20
16.09904928433
 10
35.53366666666667
 20
16.09904928433
  0
LWPOLYLINE
  5
BC6
330
17
100
AcDbEntity
  8
PARTS
100
AcDbPolyline
 90
2
 70
0
 10
35.48546666666667
 20
16.09904928433
 10
35.25366666666667
 20
16.09904928433
  0
LWPOLYLINE
  5
BC7
330
17
100
AcDbEntity
  8
PARTS
100
AcDbPolyline
 90
2
 70
0
 10
35.233666666666664
 20
16.11904928433
 10
35.233666666666664
 20
16.879049284329998
  0
LWPOLYLINE
  5
BC8
330
17
100
AcDbEntity
  8
PARTS
100
AcDbPolyline
 90
2
 70
0
 10
35.480866666666664
 20
16.109049284330002
 10
35.481366666666666
 20
16.109049284330002
  0
LWPOLYLINE
  5
BC9
330
17
100
AcDbEntity
  8
PARTS
100
AcDbPolyline
 90
2
 70
0
 10
35.48396666666667
 20
16.89904928433
 10
35.481366666666666
 20
16.89634928433
  0
LWPOLYLINE
  5
BCA
330
17
100
AcDbEntity
  8
PARTS
100
AcDbPolyline
 90
2
 70
0
 10
35.482866666666666
 20
16.88904928433
 10
35.48546666666667
 20
16.879049284329998
  0
LWPOLYLINE
  5
BCB
330
17
100
AcDbEntity
  8
PARTS
100
AcDbPolyline
 90
2
 70
0
 10
35.48106666666666
 20
16.895749284329998
 10
35.479366666666664
 20
16.88904928433
  0
LWPOLYLINE
  5
BCC
330
17
100
AcDbEntity
  8
PARTS
100
AcDbPolyline
 90
2
 70
0
 10
35.480866666666664
 20
16.89634928433
 10
35.48106666666666
 20
16.895749284329998
  0
LWPOLYLINE
  5
BCD
330
17
100
AcDbEntity
  8
PARTS
100
AcDbPolyline
 90
2
 70
0
 10
35.480866666666664
 20
16.89634928433
 10
35.481366666666666
 20
16.89634928433
  0
LWPOLYLINE
  5
BCE
330
17
100
AcDbEntity
  8
PARTS
100
AcDbPolyline
 90
2
 70
0
 10
35.48396666666667
 20
16.11904928433
 10
35.481366666666666
 20
16.109049284330002
  0
LWPOLYLINE
  5
BCF
330
17
100
AcDbEntity
  8
PARTS
100
AcDbPolyline
 90
2
 70
0
 10
35.48106666666666
 20
16.10804928433
 10
35.479366666666664
 20
16.101649284329998
  0
LWPOLYLINE
  5
BD0
330
17
100
AcDbEntity
  8
PARTS
100
AcDbPolyline
 90
2
 70
0
 10
35.480866666666664
 20
16.109049284330002
 10
35.48106666666666
 20
16.10804928433
  0
LWPOLYLINE
  5
BD1
330
17
100
AcDbEntity
  8
PARTS
100
AcDbPolyline
 90
2
 70
0
 10
35.233666666666664
 20
16.879049284329998
 10
35.25366666666667
 20
16.89904928433
  0
LWPOLYLINE
  5
BD2
330
17
100
AcDbEntity
  8
PARTS
100
AcDbPolyline
 90
2
 70
0
 10
35.25366666666667
 20
16.09904928433
 10
35.233666666666664
 20
16.11904928433
  0
LWPOLYLINE
  5
BD3
330
17
100
AcDbEntity
  8
PARTS
100
AcDbPolyline
 90
2
 70
0
 10
35.48106666666666
 20
16.10804928433
 10
35.481366666666666
 20
16.109049284330002
  0
LWPOLYLINE
  5
BD4
330
17
100
AcDbEntity
  8
PARTS
100
AcDbPolyline
 90
2
 70
0
 10
35.481366666666666
 20
16.89474928433
 10
35.48106666666666
 20
16.895749284329998
  0
LWPOLYLINE
  5
BD5
330
17
100
AcDbEntity
  8
PARTS
100
AcDbPolyline
 90
2
 70
0
 10
35.480866666666664
 20
16.89634928433
 10
35.48096666666667
 20
16.89604928433
  0
LWPOLYLINE
  5
BD6
330
17
100
AcDbEntity
  8
PARTS
100
AcDbPolyline
 90
2
 70
0
 10
35.48106666666666
 20
16.895749284329998
 10
35.481366666666666
 20
16.89474928433
  0
LWPOLYLINE
  5
BD7
330
17
100
AcDbEntity
  8
PARTS
100
AcDbPolyline
 90
2
 70
0
 10
35.481366666666666
 20
16.89474928433
 10
35.481366666666666
 20
16.89634928433
  0
LWPOLYLINE
  5
BD8
330
17
100
AcDbEntity
  8
PARTS
100
AcDbPolyline
 90
2
 70
0
 10
35.483066666666666
 20
16.88834928433
 10
35.48396666666667
 20
16.88904928433
  0
LWPOLYLINE
  5
BD9
330
17
100
AcDbEntity
  8
PARTS
100
AcDbPolyline
 90
2
 70
0
 10
36.833666666666666
 20
16.879049284329998
 10
36.833666666666666
 20
16.11904928433
  0
LWPOLYLINE
  5
BDA
330
17
100
AcDbEntity
  8
PARTS
100
AcDbPolyline
 90
2
 70
0
 10
36.81366666666667
 20
16.09904928433
 10
36.833666666666666
 20
16.11904928433
  0
LWPOLYLINE
  5
BDB
330
17
100
AcDbEntity
  8
PARTS
100
AcDbPolyline
 90
2
 70
0
 10
36.833666666666666
 20
16.879049284329998
 10
36.81366666666667
 20
16.89904928433
  0
LWPOLYLINE
  5
BDC
330
17
100
AcDbEntity
  8
PARTS
100
AcDbPolyline
 90
2
 70
0
 10
36.58336666666667
 20
16.88904928433
 10
36.58436666666667
 20
16.88834928433
  0
LWPOLYLINE
  5
BDD
330
17
100
AcDbEntity
  8
PARTS
100
AcDbPolyline
 90
2
 70
0
 10
36.58636666666667
 20
16.895749284329998
 10
36.58606666666667
 20
16.89474928433
  0
LWPOLYLINE
  5
BDE
330
17
100
AcDbEntity
  8
PARTS
100
AcDbPolyline
 90
2
 70
0
 10
36.58606666666667
 20
16.89474928433
 10
36.58606666666667
 20
16.89634928433
  0
LWPOLYLINE
  5
BDF
330
17
100
AcDbEntity
  8
PARTS
100
AcDbPolyline
 90
2
 70
0
 10
36.58436666666667
 20
16.88834928433
 10
36.58326666666667
 20
16.88424928433
  0
LWPOLYLINE
  5
BE0
330
17
100
AcDbEntity
  8
PARTS
100
AcDbPolyline
 90
2
 70
0
 10
36.58646666666667
 20
16.89634928433
 10
36.58636666666667
 20
16.89604928433
  0
LWPOLYLINE
  5
BE1
330
17
100
AcDbEntity
  8
PARTS
100
AcDbPolyline
 90
2
 70
0
 10
36.58636666666667
 20
16.895749284329998
 10
36.58606666666667
 20
16.89474928433
  0
LWPOLYLINE
  5
BE2
330
17
100
AcDbEntity
  8
PARTS
100
AcDbPolyline
 90
2
 70
0
 10
21.676666666666666
 20
16.41774928433
 10
21.66456666666667
 20
16.27904928433
  0
LWPOLYLINE
  5
BE3
330
17
100
AcDbEntity
  8
PARTS
100
AcDbPolyline
 90
2
 70
0
 10
21.71366666666667
 20
16.41774928433
 10
21.676666666666666
 20
16.41774928433
  0
LWPOLYLINE
  5
BE4
330
17
100
AcDbEntity
  8
PARTS
100
AcDbPolyline
 90
2
 70
0
 10
22.450666666666667
 20
16.41774928433
 10
22.462766666666667
 20
16.27904928433
  0
LWPOLYLINE
  5
BE5
330
17
100
AcDbEntity
  8
PARTS
100
AcDbPolyline
 90
2
 70
0
 10
22.450666666666667
 20
16.41774928433
 10
22.413666666666668
 20
16.41774928433
  0
LWPOLYLINE
  5
BE6
330
17
100
AcDbEntity
  8
PARTS
100
AcDbPolyline
 90
2
 70
0
 10
21.776266666666668
 20
16.50904928433
 10
22.351066666666668
 20
16.50904928433
  0
LWPOLYLINE
  5
BE7
330
17
100
AcDbEntity
  8
PARTS
100
AcDbPolyline
 90
2
 70
0
 10
21.776266666666668
 20
16.50904928433
 10
21.711866666666666
 20
16.48544928433
  0
LWPOLYLINE
  5
BE8
330
17
100
AcDbEntity
  8
PARTS
100
AcDbPolyline
 90
2
 70
0
 10
21.680866666666663
 20
16.43864928433
 10
21.678966666666668
 20
16.43194928433
  0
LWPOLYLINE
  5
BE9
330
17
100
AcDbEntity
  8
PARTS
100
AcDbPolyline
 90
2
 70
0
 10
21.678966666666668
 20
16.43194928433
 10
21.676666666666666
 20
16.41774928433
  0
LWPOLYLINE
  5
BEA
330
17
100
AcDbEntity
  8
PARTS
100
AcDbPolyline
 90
2
 70
0
 10
21.776266666666668
 20
16.50904928433
 10
21.709766666666667
 20
16.48364928433
  0
LWPOLYLINE
  5
BEB
330
17
100
AcDbEntity
  8
PARTS
100
AcDbPolyline
 90
2
 70
0
 10
21.709766666666667
 20
16.48364928433
 10
21.702366666666666
 20
16.476349284330002
  0
LWPOLYLINE
  5
BEC
330
17
100
AcDbEntity
  8
PARTS
100
AcDbPolyline
 90
2
 70
0
 10
21.702366666666666
 20
16.476349284330002
 10
21.696866666666665
 20
16.46974928433
  0
LWPOLYLINE
  5
BED
330
17
100
AcDbEntity
  8
PARTS
100
AcDbPolyline
 90
2
 70
0
 10
21.696866666666665
 20
16.46974928433
 10
21.687866666666665
 20
16.45564928433
  0
LWPOLYLINE
  5
BEE
330
17
100
AcDbEntity
  8
PARTS
100
AcDbPolyline
 90
2
 70
0
 10
21.687866666666665
 20
16.45564928433
 10
21.686366666666668
 20
16.45274928433
  0
LWPOLYLINE
  5
BEF
330
17
100
AcDbEntity
  8
PARTS
100
AcDbPolyline
 90
2
 70
0
 10
21.686366666666668
 20
16.45274928433
 10
21.67996666666667
 20
16.43564928433
  0
LWPOLYLINE
  5
BF0
330
17
100
AcDbEntity
  8
PARTS
100
AcDbPolyline
 90
2
 70
0
 10
21.67996666666667
 20
16.43564928433
 10
21.676666666666666
 20
16.41774928433
  0
LWPOLYLINE
  5
BF1
330
17
100
AcDbEntity
  8
PARTS
100
AcDbPolyline
 90
2
 70
0
 10
21.776266666666668
 20
16.50904928433
 10
21.71366666666667
 20
16.41774928433
  0
LWPOLYLINE
  5
BF2
330
17
100
AcDbEntity
  8
PARTS
100
AcDbPolyline
 90
2
 70
0
 10
22.450666666666667
 20
16.41774928433
 10
22.447866666666666
 20
16.433849284329998
  0
LWPOLYLINE
  5
BF3
330
17
100
AcDbEntity
  8
PARTS
100
AcDbPolyline
 90
2
 70
0
 10
22.447866666666666
 20
16.433849284329998
 10
22.441066666666668
 20
16.45254928433
  0
LWPOLYLINE
  5
BF4
330
17
100
AcDbEntity
  8
PARTS
100
AcDbPolyline
 90
2
 70
0
 10
22.415466666666664
 20
16.48544928433
 10
22.38576666666667
 20
16.50284928433
  0
LWPOLYLINE
  5
BF5
330
17
100
AcDbEntity
  8
PARTS
100
AcDbPolyline
 90
2
 70
0
 10
22.38576666666667
 20
16.50284928433
 10
22.384866666666667
 20
16.50324928433
  0
LWPOLYLINE
  5
BF6
330
17
100
AcDbEntity
  8
PARTS
100
AcDbPolyline
 90
2
 70
0
 10
22.384866666666667
 20
16.50324928433
 10
22.351066666666668
 20
16.50904928433
  0
LWPOLYLINE
  5
BF7
330
17
100
AcDbEntity
  8
PARTS
100
AcDbPolyline
 90
2
 70
0
 10
22.351066666666668
 20
16.50904928433
 10
22.413666666666668
 20
16.41774928433
  0
LWPOLYLINE
  5
BF8
330
17
100
AcDbEntity
  8
PARTS
100
AcDbPolyline
 90
2
 70
0
 10
22.450666666666667
 20
16.41774928433
 10
22.447366666666667
 20
16.43564928433
  0
LWPOLYLINE
  5
BF9
330
17
100
AcDbEntity
  8
PARTS
100
AcDbPolyline
 90
2
 70
0
 10
22.447366666666667
 20
16.43564928433
 10
22.430566666666667
 20
16.46974928433
  0
LWPOLYLINE
  5
BFA
330
17
100
AcDbEntity
  8
PARTS
100
AcDbPolyline
 90
2
 70
0
 10
22.430566666666667
 20
16.46974928433
 10
22.424966666666666
 20
16.476349284330002
  0
LWPOLYLINE
  5
BFB
330
17
100
AcDbEntity
  8
PARTS
100
AcDbPolyline
 90
2
 70
0
 10
22.424966666666666
 20
16.476349284330002
 10
22.41756666666667
 20
16.48364928433
  0
LWPOLYLINE
  5
BFC
330
17
100
AcDbEntity
  8
PARTS
100
AcDbPolyline
 90
2
 70
0
 10
22.41756666666667
 20
16.48364928433
 10
22.351066666666668
 20
16.50904928433
  0
LWPOLYLINE
  5
BFD
330
17
100
AcDbEntity
  8
PARTS
100
AcDbPolyline
 90
2
 70
0
 10
21.663666666666668
 20
16.27904928433
 10
22.46366666666667
 20
16.27904928433
  0
LWPOLYLINE
  5
BFE
330
17
100
AcDbEntity
  8
PARTS
100
AcDbPolyline
 90
2
 70
0
 10
22.46366666666667
 20
16.09904928433
 10
22.46366666666667
 20
16.27904928433
  0
LWPOLYLINE
  5
BFF
330
17
100
AcDbEntity
  8
PARTS
100
AcDbPolyline
 90
2
 70
0
 10
21.663666666666668
 20
16.09904928433
 10
21.663666666666668
 20
16.27904928433
  0
LWPOLYLINE
  5
C00
330
17
100
AcDbEntity
  8
PARTS
100
AcDbPolyline
 90
2
 70
0
 10
21.653666666666666
 20
16.20734928433
 10
21.663666666666668
 20
16.20734928433
  0
LWPOLYLINE
  5
C01
330
17
100
AcDbEntity
  8
PARTS
100
AcDbPolyline
 90
2
 70
0
 10
21.653666666666666
 20
16.20734928433
 10
21.653666666666666
 20
16.20804928433
  0
LWPOLYLINE
  5
C02
330
17
100
AcDbEntity
  8
PARTS
100
AcDbPolyline
 90
2
 70
0
 10
21.653666666666666
 20
16.24874928433
 10
21.653666666666666
 20
16.24944928433
  0
LWPOLYLINE
  5
C03
330
17
100
AcDbEntity
  8
PARTS
100
AcDbPolyline
 90
2
 70
0
 10
21.653666666666666
 20
16.24944928433
 10
21.663666666666668
 20
16.24944928433
  0
LWPOLYLINE
  5
C04
330
17
100
AcDbEntity
  8
PARTS
100
AcDbPolyline
 90
2
 70
0
 10
21.653666666666666
 20
16.20804928433
 10
21.653666666666666
 20
16.24874928433
  0
LWPOLYLINE
  5
C05
330
17
100
AcDbEntity
  8
PARTS
100
AcDbPolyline
 90
2
 70
0
 10
21.653666666666666
 20
16.24874928433
 10
21.663666666666668
 20
16.24874928433
  0
LWPOLYLINE
  5
C06
330
17
100
AcDbEntity
  8
PARTS
100
AcDbPolyline
 90
2
 70
0
 10
21.653666666666666
 20
16.20804928433
 10
21.663666666666668
 20
16.20804928433
  0
LWPOLYLINE
  5
C07
330
17
100
AcDbEntity
  8
PARTS
100
AcDbPolyline
 90
2
 70
0
 10
21.653666666666666
 20
16.12984928433
 10
21.663666666666668
 20
16.12984928433
  0
LWPOLYLINE
  5
C08
330
17
100
AcDbEntity
  8
PARTS
100
AcDbPolyline
 90
2
 70
0
 10
21.653666666666666
 20
16.12984928433
 10
21.653666666666666
 20
16.13914928433
  0
LWPOLYLINE
  5
C09
330
17
100
AcDbEntity
  8
PARTS
100
AcDbPolyline
 90
2
 70
0
 10
21.653666666666666
 20
16.13914928433
 10
21.653666666666666
 20
16.14354928433
  0
LWPOLYLINE
  5
C0A
330
17
100
AcDbEntity
  8
PARTS
100
AcDbPolyline
 90
2
 70
0
 10
21.653666666666666
 20
16.14354928433
 10
21.653666666666666
 20
16.18424928433
  0
LWPOLYLINE
  5
C0B
330
17
100
AcDbEntity
  8
PARTS
100
AcDbPolyline
 90
2
 70
0
 10
21.653666666666666
 20
16.18424928433
 10
21.663666666666668
 20
16.18424928433
  0
LWPOLYLINE
  5
C0C
330
17
100
AcDbEntity
  8
PARTS
100
AcDbPolyline
 90
2
 70
0
 10
21.653666666666666
 20
16.14354928433
 10
21.663666666666668
 20
16.14354928433
  0
LWPOLYLINE
  5
C0D
330
17
100
AcDbEntity
  8
PARTS
100
AcDbPolyline
 90
2
 70
0
 10
21.653666666666666
 20
16.18424928433
 10
21.653666666666666
 20
16.20734928433
  0
LWPOLYLINE
  5
C0E
330
17
100
AcDbEntity
  8
PARTS
100
AcDbPolyline
 90
2
 70
0
 10
21.653666666666666
 20
16.24944928433
 10
21.653666666666666
 20
16.25964928433
  0
LWPOLYLINE
  5
C0F
330
17
100
AcDbEntity
  8
PARTS
100
AcDbPolyline
 90
2
 70
0
 10
21.653666666666666
 20
16.12434928433
 10
21.653666666666666
 20
16.12984928433
  0
LWPOLYLINE
  5
C10
330
17
100
AcDbEntity
  8
PARTS
100
AcDbPolyline
 90
2
 70
0
 10
21.653666666666666
 20
16.25964928433
 10
21.663666666666668
 20
16.25964928433
  0
LWPOLYLINE
  5
C11
330
17
100
AcDbEntity
  8
PARTS
100
AcDbPolyline
 90
2
 70
0
 10
21.653666666666666
 20
16.12434928433
 10
21.663666666666668
 20
16.12434928433
  0
LWPOLYLINE
  5
C12
330
17
100
AcDbEntity
  8
PARTS
100
AcDbPolyline
 90
2
 70
0
 10
32.092666666666666
 20
16.44904928433
 10
32.092666666666666
 20
16.09904928433
  0
LWPOLYLINE
  5
C13
330
17
100
AcDbEntity
  8
PARTS
100
AcDbPolyline
 90
2
 70
0
 10
31.592666666666663
 20
16.44904928433
 10
32.092666666666666
 20
16.44904928433
  0
LWPOLYLINE
  5
C14
330
17
100
AcDbEntity
  8
PARTS
100
AcDbPolyline
 90
2
 70
0
 10
31.592666666666663
 20
16.44904928433
 10
31.592666666666663
 20
16.09904928433
  0
LWPOLYLINE
  5
C15
330
17
100
AcDbEntity
  8
PARTS
100
AcDbPolyline
 90
2
 70
0
 10
31.602666666666664
 20
16.45904928433
 10
32.08266666666667
 20
16.45904928433
  0
LWPOLYLINE
  5
C16
330
17
100
AcDbEntity
  8
PARTS
100
AcDbPolyline
 90
2
 70
0
 10
32.08766666666667
 20
16.44904928433
 10
32.08266666666667
 20
16.45904928433
  0
LWPOLYLINE
  5
C17
330
17
100
AcDbEntity
  8
PARTS
100
AcDbPolyline
 90
2
 70
0
 10
31.59766666666667
 20
16.44904928433
 10
31.602666666666664
 20
16.45904928433
  0
LWPOLYLINE
  5
C18
330
17
100
AcDbEntity
  8
PARTS
100
AcDbPolyline
 90
2
 70
0
 10
32.09366666666667
 20
16.33234928433
 10
32.09366666666667
 20
16.33234928433
  0
LWPOLYLINE
  5
C19
330
17
100
AcDbEntity
  8
PARTS
100
AcDbPolyline
 90
2
 70
0
 10
32.09366666666667
 20
16.33234928433
 10
32.09366666666667
 20
16.32124928433
  0
LWPOLYLINE
  5
C1A
330
17
100
AcDbEntity
  8
PARTS
100
AcDbPolyline
 90
2
 70
0
 10
32.09366666666667
 20
16.32124928433
 10
32.09366666666667
 20
16.30924928433
  0
LWPOLYLINE
  5
C1B
330
17
100
AcDbEntity
  8
PARTS
100
AcDbPolyline
 90
2
 70
0
 10
32.09366666666667
 20
16.30924928433
 10
32.09366666666667
 20
16.30924928433
  0
LWPOLYLINE
  5
C1C
330
17
100
AcDbEntity
  8
PARTS
100
AcDbPolyline
 90
2
 70
0
 10
32.09366666666667
 20
16.30924928433
 10
32.09366666666667
 20
16.29564928433
  0
LWPOLYLINE
  5
C1D
330
17
100
AcDbEntity
  8
PARTS
100
AcDbPolyline
 90
2
 70
0
 10
32.09366666666667
 20
16.29564928433
 10
32.09366666666667
 20
16.262749284330003
  0
LWPOLYLINE
  5
C1E
330
17
100
AcDbEntity
  8
PARTS
100
AcDbPolyline
 90
2
 70
0
 10
32.09366666666667
 20
16.262749284330003
 10
32.09366666666667
 20
16.23114928433
  0
LWPOLYLINE
  5
C1F
330
17
100
AcDbEntity
  8
PARTS
100
AcDbPolyline
 90
2
 70
0
 10
32.09366666666667
 20
16.23114928433
 10
32.09366666666667
 20
16.217149284330002
  0
LWPOLYLINE
  5
C20
330
17
100
AcDbEntity
  8
PARTS
100
AcDbPolyline
 90
2
 70
0
 10
32.09366666666667
 20
16.217149284330002
 10
32.09366666666667
 20
16.197249284330002
  0
LWPOLYLINE
  5
C21
330
17
100
AcDbEntity
  8
PARTS
100
AcDbPolyline
 90
2
 70
0
 10
32.09366666666667
 20
16.197249284330002
 10
32.09366666666667
 20
16.197249284330002
  0
LWPOLYLINE
  5
C22
330
17
100
AcDbEntity
  8
PARTS
100
AcDbPolyline
 90
2
 70
0
 10
32.09366666666667
 20
16.197249284330002
 10
32.09366666666667
 20
16.197249284330002
  0
LWPOLYLINE
  5
C23
330
17
100
AcDbEntity
  8
PARTS
100
AcDbPolyline
 90
2
 70
0
 10
32.09366666666667
 20
16.217149284330002
 10
32.092666666666666
 20
16.217149284330002
  0
LWPOLYLINE
  5
C24
330
17
100
AcDbEntity
  8
PARTS
100
AcDbPolyline
 90
2
 70
0
 10
38.45336666666667
 20
16.44904928433
 10
38.45336666666667
 20
16.09904928433
  0
LWPOLYLINE
  5
C25
330
17
100
AcDbEntity
  8
PARTS
100
AcDbPolyline
 90
2
 70
0
 10
37.95336666666667
 20
16.44904928433
 10
38.45336666666667
 20
16.44904928433
  0
LWPOLYLINE
  5
C26
330
17
100
AcDbEntity
  8
PARTS
100
AcDbPolyline
 90
2
 70
0
 10
37.95336666666667
 20
16.44904928433
 10
37.95336666666667
 20
16.09904928433
  0
LWPOLYLINE
  5
C27
330
17
100
AcDbEntity
  8
PARTS
100
AcDbPolyline
 90
2
 70
0
 10
37.963366666666666
 20
16.45904928433
 10
38.44336666666667
 20
16.45904928433
  0
LWPOLYLINE
  5
C28
330
17
100
AcDbEntity
  8
PARTS
100
AcDbPolyline
 90
2
 70
0
 10
38.448366666666665
 20
16.44904928433
 10
38.44336666666667
 20
16.45904928433
  0
LWPOLYLINE
  5
C29
330
17
100
AcDbEntity
  8
PARTS
100
AcDbPolyline
 90
2
 70
0
 10
37.95836666666667
 20
16.44904928433
 10
37.963366666666666
 20
16.45904928433
  0
LWPOLYLINE
  5
C2A
330
17
100
AcDbEntity
  8
PARTS
100
AcDbPolyline
 90
2
 70
0
 10
38.454366666666665
 20
16.33234928433
 10
38.454366666666665
 20
16.33234928433
  0
LWPOLYLINE
  5
C2B
330
17
100
AcDbEntity
  8
PARTS
100
AcDbPolyline
 90
2
 70
0
 10
38.454366666666665
 20
16.33234928433
 10
38.454366666666665
 20
16.32124928433
  0
LWPOLYLINE
  5
C2C
330
17
100
AcDbEntity
  8
PARTS
100
AcDbPolyline
 90
2
 70
0
 10
38.454366666666665
 20
16.32124928433
 10
38.454366666666665
 20
16.30924928433
  0
LWPOLYLINE
  5
C2D
330
17
100
AcDbEntity
  8
PARTS
100
AcDbPolyline
 90
2
 70
0
 10
38.454366666666665
 20
16.30924928433
 10
38.454366666666665
 20
16.30924928433
  0
LWPOLYLINE
  5
C2E
330
17
100
AcDbEntity
  8
PARTS
100
AcDbPolyline
 90
2
 70
0
 10
38.454366666666665
 20
16.30924928433
 10
38.454366666666665
 20
16.29564928433
  0
LWPOLYLINE
  5
C2F
330
17
100
AcDbEntity
  8
PARTS
100
AcDbPolyline
 90
2
 70
0
 10
38.454366666666665
 20
16.29564928433
 10
38.454366666666665
 20
16.262749284330003
  0
LWPOLYLINE
  5
C30
330
17
100
AcDbEntity
  8
PARTS
100
AcDbPolyline
 90
2
 70
0
 10
38.454366666666665
 20
16.262749284330003
 10
38.454366666666665
 20
16.23114928433
  0
LWPOLYLINE
  5
C31
330
17
100
AcDbEntity
  8
PARTS
100
AcDbPolyline
 90
2
 70
0
 10
38.454366666666665
 20
16.23114928433
 10
38.454366666666665
 20
16.217149284330002
  0
LWPOLYLINE
  5
C32
330
17
100
AcDbEntity
  8
PARTS
100
AcDbPolyline
 90
2
 70
0
 10
38.454366666666665
 20
16.217149284330002
 10
38.454366666666665
 20
16.197249284330002
  0
LWPOLYLINE
  5
C33
330
17
100
AcDbEntity
  8
PARTS
100
AcDbPolyline
 90
2
 70
0
 10
38.454366666666665
 20
16.197249284330002
 10
38.454366666666665
 20
16.197249284330002
  0
LWPOLYLINE
  5
C34
330
17
100
AcDbEntity
  8
PARTS
100
AcDbPolyline
 90
2
 70
0
 10
38.454366666666665
 20
16.197249284330002
 10
38.454366666666665
 20
16.197249284330002
  0
LWPOLYLINE
  5
C35
330
17
100
AcDbEntity
  8
PARTS
100
AcDbPolyline
 90
2
 70
0
 10
38.454366666666665
 20
16.217149284330002
 10
38.45336666666667
 20
16.217149284330002
  0
LWPOLYLINE
  5
C36
330
17
100
AcDbEntity
  8
PARTS
100
AcDbPolyline
 90
2
 70
0
 10
41.23666666666667
 20
16.44904928433
 10
41.23666666666667
 20
16.09904928433
  0
LWPOLYLINE
  5
C37
330
17
100
AcDbEntity
  8
PARTS
100
AcDbPolyline
 90
2
 70
0
 10
40.73666666666667
 20
16.44904928433
 10
41.23666666666667
 20
16.44904928433
  0
LWPOLYLINE
  5
C38
330
17
100
AcDbEntity
  8
PARTS
100
AcDbPolyline
 90
2
 70
0
 10
40.73666666666667
 20
16.44904928433
 10
40.73666666666667
 20
16.09904928433
  0
LWPOLYLINE
  5
C39
330
17
100
AcDbEntity
  8
PARTS
100
AcDbPolyline
 90
2
 70
0
 10
40.74666666666666
 20
16.45904928433
 10
41.22666666666667
 20
16.45904928433
  0
LWPOLYLINE
  5
C3A
330
17
100
AcDbEntity
  8
PARTS
100
AcDbPolyline
 90
2
 70
0
 10
41.23166666666667
 20
16.44904928433
 10
41.22666666666667
 20
16.45904928433
  0
LWPOLYLINE
  5
C3B
330
17
100
AcDbEntity
  8
PARTS
100
AcDbPolyline
 90
2
 70
0
 10
40.74166666666667
 20
16.44904928433
 10
40.74666666666666
 20
16.45904928433
  0
LWPOLYLINE
  5
C3C
330
17
100
AcDbEntity
  8
PARTS
100
AcDbPolyline
 90
2
 70
0
 10
41.23766666666667
 20
16.33234928433
 10
41.23766666666667
 20
16.33234928433
  0
LWPOLYLINE
  5
C3D
330
17
100
AcDbEntity
  8
PARTS
100
AcDbPolyline
 90
2
 70
0
 10
41.23766666666667
 20
16.33234928433
 10
41.23766666666667
 20
16.32124928433
  0
LWPOLYLINE
  5
C3E
330
17
100
AcDbEntity
  8
PARTS
100
AcDbPolyline
 90
2
 70
0
 10
41.23766666666667
 20
16.32124928433
 10
41.23766666666667
 20
16.30924928433
  0
LWPOLYLINE
  5
C3F
330
17
100
AcDbEntity
  8
PARTS
100
AcDbPolyline
 90
2
 70
0
 10
41.23766666666667
 20
16.30924928433
 10
41.23766666666667
 20
16.30924928433
  0
LWPOLYLINE
  5
C40
330
17
100
AcDbEntity
  8
PARTS
100
AcDbPolyline
 90
2
 70
0
 10
41.23766666666667
 20
16.30924928433
 10
41.23766666666667
 20
16.29564928433
  0
LWPOLYLINE
  5
C41
330
17
100
AcDbEntity
  8
PARTS
100
AcDbPolyline
 90
2
 70
0
 10
41.23766666666667
 20
16.29564928433
 10
41.23766666666667
 20
16.262749284330003
  0
LWPOLYLINE
  5
C42
330
17
100
AcDbEntity
  8
PARTS
100
AcDbPolyline
 90
2
 70
0
 10
41.23766666666667
 20
16.262749284330003
 10
41.23766666666667
 20
16.23114928433
  0
LWPOLYLINE
  5
C43
330
17
100
AcDbEntity
  8
PARTS
100
AcDbPolyline
 90
2
 70
0
 10
41.23766666666667
 20
16.23114928433
 10
41.23766666666667
 20
16.217149284330002
  0
LWPOLYLINE
  5
C44
330
17
100
AcDbEntity
  8
PARTS
100
AcDbPolyline
 90
2
 70
0
 10
41.23766666666667
 20
16.217149284330002
 10
41.23766666666667
 20
16.197249284330002
  0
LWPOLYLINE
  5
C45
330
17
100
AcDbEntity
  8
PARTS
100
AcDbPolyline
 90
2
 70
0
 10
41.23766666666667
 20
16.197249284330002
 10
41.23766666666667
 20
16.197249284330002
  0
LWPOLYLINE
  5
C46
330
17
100
AcDbEntity
  8
PARTS
100
AcDbPolyline
 90
2
 70
0
 10
41.23766666666667
 20
16.197249284330002
 10
41.23766666666667
 20
16.197249284330002
  0
LWPOLYLINE
  5
C47
330
17
100
AcDbEntity
  8
PARTS
100
AcDbPolyline
 90
2
 70
0
 10
41.23766666666667
 20
16.217149284330002
 10
41.23666666666667
 20
16.217149284330002
  0
LWPOLYLINE
  5
C48
330
17
100
AcDbEntity
  8
PARTS
100
AcDbPolyline
 90
2
 70
0
 10
43.01466666666666
 20
16.44904928433
 10
43.01466666666666
 20
16.09904928433
  0
LWPOLYLINE
  5
C49
330
17
100
AcDbEntity
  8
PARTS
100
AcDbPolyline
 90
2
 70
0
 10
42.51466666666666
 20
16.44904928433
 10
43.01466666666666
 20
16.44904928433
  0
LWPOLYLINE
  5
C4A
330
17
100
AcDbEntity
  8
PARTS
100
AcDbPolyline
 90
2
 70
0
 10
42.51466666666666
 20
16.44904928433
 10
42.51466666666666
 20
16.09904928433
  0
LWPOLYLINE
  5
C4B
330
17
100
AcDbEntity
  8
PARTS
100
AcDbPolyline
 90
2
 70
0
 10
42.52466666666667
 20
16.45904928433
 10
43.00466666666667
 20
16.45904928433
  0
LWPOLYLINE
  5
C4C
330
17
100
AcDbEntity
  8
PARTS
100
AcDbPolyline
 90
2
 70
0
 10
43.00966666666667
 20
16.44904928433
 10
43.00466666666667
 20
16.45904928433
  0
LWPOLYLINE
  5
C4D
330
17
100
AcDbEntity
  8
PARTS
100
AcDbPolyline
 90
2
 70
0
 10
42.519666666666666
 20
16.44904928433
 10
42.52466666666667
 20
16.45904928433
  0
LWPOLYLINE
  5
C4E
330
17
100
AcDbEntity
  8
PARTS
100
AcDbPolyline
 90
2
 70
0
 10
43.01566666666667
 20
16.33234928433
 10
43.01566666666667
 20
16.33234928433
  0
LWPOLYLINE
  5
C4F
330
17
100
AcDbEntity
  8
PARTS
100
AcDbPolyline
 90
2
 70
0
 10
43.01566666666667
 20
16.33234928433
 10
43.01566666666667
 20
16.32124928433
  0
LWPOLYLINE
  5
C50
330
17
100
AcDbEntity
  8
PARTS
100
AcDbPolyline
 90
2
 70
0
 10
43.01566666666667
 20
16.32124928433
 10
43.01566666666667
 20
16.30924928433
  0
LWPOLYLINE
  5
C51
330
17
100
AcDbEntity
  8
PARTS
100
AcDbPolyline
 90
2
 70
0
 10
43.01566666666667
 20
16.30924928433
 10
43.01566666666667
 20
16.30924928433
  0
LWPOLYLINE
  5
C52
330
17
100
AcDbEntity
  8
PARTS
100
AcDbPolyline
 90
2
 70
0
 10
43.01566666666667
 20
16.30924928433
 10
43.01566666666667
 20
16.29564928433
  0
LWPOLYLINE
  5
C53
330
17
100
AcDbEntity
  8
PARTS
100
AcDbPolyline
 90
2
 70
0
 10
43.01566666666667
 20
16.29564928433
 10
43.01566666666667
 20
16.262749284330003
  0
LWPOLYLINE
  5
C54
330
17
100
AcDbEntity
  8
PARTS
100
AcDbPolyline
 90
2
 70
0
 10
43.01566666666667
 20
16.262749284330003
 10
43.01566666666667
 20
16.23114928433
  0
LWPOLYLINE
  5
C55
330
17
100
AcDbEntity
  8
PARTS
100
AcDbPolyline
 90
2
 70
0
 10
43.01566666666667
 20
16.23114928433
 10
43.01566666666667
 20
16.217149284330002
  0
LWPOLYLINE
  5
C56
330
17
100
AcDbEntity
  8
PARTS
100
AcDbPolyline
 90
2
 70
0
 10
43.01566666666667
 20
16.217149284330002
 10
43.01566666666667
 20
16.197249284330002
  0
LWPOLYLINE
  5
C57
330
17
100
AcDbEntity
  8
PARTS
100
AcDbPolyline
 90
2
 70
0
 10
43.01566666666667
 20
16.197249284330002
 10
43.01566666666667
 20
16.197249284330002
  0
LWPOLYLINE
  5
C58
330
17
100
AcDbEntity
  8
PARTS
100
AcDbPolyline
 90
2
 70
0
 10
43.01566666666667
 20
16.197249284330002
 10
43.01566666666667
 20
16.197249284330002
  0
LWPOLYLINE
  5
C59
330
17
100
AcDbEntity
  8
PARTS
100
AcDbPolyline
 90
2
 70
0
 10
43.01566666666667
 20
16.217149284330002
 10
43.01466666666666
 20
16.217149284330002
  0
LWPOLYLINE
  5
C5A
330
17
100
AcDbEntity
  8
PARTS
100
AcDbPolyline
 90
2
 70
0
 10
29.679666666666666
 20
16.44904928433
 10
29.679666666666666
 20
16.09904928433
  0
LWPOLYLINE
  5
C5B
330
17
100
AcDbEntity
  8
PARTS
100
AcDbPolyline
 90
2
 70
0
 10
29.179666666666666
 20
16.44904928433
 10
29.679666666666666
 20
16.44904928433
  0
LWPOLYLINE
  5
C5C
330
17
100
AcDbEntity
  8
PARTS
100
AcDbPolyline
 90
2
 70
0
 10
29.179666666666666
 20
16.44904928433
 10
29.179666666666666
 20
16.09904928433
  0
LWPOLYLINE
  5
C5D
330
17
100
AcDbEntity
  8
PARTS
100
AcDbPolyline
 90
2
 70
0
 10
29.189666666666668
 20
16.45904928433
 10
29.669666666666668
 20
16.45904928433
  0
LWPOLYLINE
  5
C5E
330
17
100
AcDbEntity
  8
PARTS
100
AcDbPolyline
 90
2
 70
0
 10
29.674666666666667
 20
16.44904928433
 10
29.669666666666668
 20
16.45904928433
  0
LWPOLYLINE
  5
C5F
330
17
100
AcDbEntity
  8
PARTS
100
AcDbPolyline
 90
2
 70
0
 10
29.18466666666667
 20
16.44904928433
 10
29.189666666666668
 20
16.45904928433
  0
LWPOLYLINE
  5
C60
330
17
100
AcDbEntity
  8
PARTS
100
AcDbPolyline
 90
2
 70
0
 10
29.680666666666667
 20
16.33234928433
 10
29.680666666666667
 20
16.33234928433
  0
LWPOLYLINE
  5
C61
330
17
100
AcDbEntity
  8
PARTS
100
AcDbPolyline
 90
2
 70
0
 10
29.680666666666667
 20
16.33234928433
 10
29.680666666666667
 20
16.32124928433
  0
LWPOLYLINE
  5
C62
330
17
100
AcDbEntity
  8
PARTS
100
AcDbPolyline
 90
2
 70
0
 10
29.680666666666667
 20
16.32124928433
 10
29.680666666666667
 20
16.30924928433
  0
LWPOLYLINE
  5
C63
330
17
100
AcDbEntity
  8
PARTS
100
AcDbPolyline
 90
2
 70
0
 10
29.680666666666667
 20
16.30924928433
 10
29.680666666666667
 20
16.30924928433
  0
LWPOLYLINE
  5
C64
330
17
100
AcDbEntity
  8
PARTS
100
AcDbPolyline
 90
2
 70
0
 10
29.680666666666667
 20
16.30924928433
 10
29.680666666666667
 20
16.29564928433
  0
LWPOLYLINE
  5
C65
330
17
100
AcDbEntity
  8
PARTS
100
AcDbPolyline
 90
2
 70
0
 10
29.680666666666667
 20
16.29564928433
 10
29.680666666666667
 20
16.262749284330003
  0
LWPOLYLINE
  5
C66
330
17
100
AcDbEntity
  8
PARTS
100
AcDbPolyline
 90
2
 70
0
 10
29.680666666666667
 20
16.262749284330003
 10
29.680666666666667
 20
16.23114928433
  0
LWPOLYLINE
  5
C67
330
17
100
AcDbEntity
  8
PARTS
100
AcDbPolyline
 90
2
 70
0
 10
29.680666666666667
 20
16.23114928433
 10
29.680666666666667
 20
16.217149284330002
  0
LWPOLYLINE
  5
C68
330
17
100
AcDbEntity
  8
PARTS
100
AcDbPolyline
 90
2
 70
0
 10
29.680666666666667
 20
16.217149284330002
 10
29.680666666666667
 20
16.197249284330002
  0
LWPOLYLINE
  5
C69
330
17
100
AcDbEntity
  8
PARTS
100
AcDbPolyline
 90
2
 70
0
 10
29.680666666666667
 20
16.197249284330002
 10
29.680666666666667
 20
16.197249284330002
  0
LWPOLYLINE
  5
C6A
330
17
100
AcDbEntity
  8
PARTS
100
AcDbPolyline
 90
2
 70
0
 10
29.680666666666667
 20
16.197249284330002
 10
29.680666666666667
 20
16.197249284330002
  0
LWPOLYLINE
  5
C6B
330
17
100
AcDbEntity
  8
PARTS
100
AcDbPolyline
 90
2
 70
0
 10
29.680666666666667
 20
16.217149284330002
 10
29.679666666666666
 20
16.217149284330002
  0
LWPOLYLINE
  5
C6C
330
17
100
AcDbEntity
  8
PARTS
100
AcDbPolyline
 90
2
 70
0
 10
28.798666666666666
 20
16.44904928433
 10
29.179666666666666
 20
16.44904928433
  0
LWPOLYLINE
  5
C6D
330
17
100
AcDbEntity
  8
PARTS
100
AcDbPolyline
 90
2
 70
0
 10
28.798666666666666
 20
16.44904928433
 10
28.798666666666666
 20
16.09904928433
  0
LWPOLYLINE
  5
C6E
330
17
100
AcDbEntity
  8
PARTS
100
AcDbPolyline
 90
2
 70
0
 10
28.808666666666667
 20
16.45904928433
 10
29.189666666666668
 20
16.45904928433
  0
LWPOLYLINE
  5
C6F
330
17
100
AcDbEntity
  8
PARTS
100
AcDbPolyline
 90
2
 70
0
 10
28.80366666666667
 20
16.44904928433
 10
28.808666666666667
 20
16.45904928433
  0
LWPOLYLINE
  5
C70
330
17
100
AcDbEntity
  8
PARTS
100
AcDbPolyline
 90
2
 70
0
 10
31.33866666666667
 20
16.44904928433
 10
31.592666666666663
 20
16.44904928433
  0
LWPOLYLINE
  5
C71
330
17
100
AcDbEntity
  8
PARTS
100
AcDbPolyline
 90
2
 70
0
 10
31.33866666666667
 20
16.44904928433
 10
31.33866666666667
 20
16.09904928433
  0
LWPOLYLINE
  5
C72
330
17
100
AcDbEntity
  8
PARTS
100
AcDbPolyline
 90
2
 70
0
 10
31.348666666666663
 20
16.45904928433
 10
31.602666666666664
 20
16.45904928433
  0
LWPOLYLINE
  5
C73
330
17
100
AcDbEntity
  8
PARTS
100
AcDbPolyline
 90
2
 70
0
 10
31.343666666666667
 20
16.44904928433
 10
31.348666666666663
 20
16.45904928433
  0
LWPOLYLINE
  5
C74
330
17
100
AcDbEntity
  8
PARTS
100
AcDbPolyline
 90
2
 70
0
 10
41.23766666666667
 20
16.33234928433
 10
41.23766666666667
 20
16.33214928433
  0
LWPOLYLINE
  5
C75
330
17
100
AcDbEntity
  8
PARTS
100
AcDbPolyline
 90
2
 70
0
 10
43.776666666666664
 20
16.44904928433
 10
43.776666666666664
 20
16.09904928433
  0
LWPOLYLINE
  5
C76
330
17
100
AcDbEntity
  8
PARTS
100
AcDbPolyline
 90
2
 70
0
 10
43.276666666666664
 20
16.44904928433
 10
43.776666666666664
 20
16.44904928433
  0
LWPOLYLINE
  5
C77
330
17
100
AcDbEntity
  8
PARTS
100
AcDbPolyline
 90
2
 70
0
 10
43.276666666666664
 20
16.44904928433
 10
43.276666666666664
 20
16.09904928433
  0
LWPOLYLINE
  5
C78
330
17
100
AcDbEntity
  8
PARTS
100
AcDbPolyline
 90
2
 70
0
 10
43.28666666666667
 20
16.45904928433
 10
43.76666666666667
 20
16.45904928433
  0
LWPOLYLINE
  5
C79
330
17
100
AcDbEntity
  8
PARTS
100
AcDbPolyline
 90
2
 70
0
 10
43.77166666666667
 20
16.44904928433
 10
43.76666666666667
 20
16.45904928433
  0
LWPOLYLINE
  5
C7A
330
17
100
AcDbEntity
  8
PARTS
100
AcDbPolyline
 90
2
 70
0
 10
43.281666666666666
 20
16.44904928433
 10
43.28666666666667
 20
16.45904928433
  0
LWPOLYLINE
  5
C7B
330
17
100
AcDbEntity
  8
PARTS
100
AcDbPolyline
 90
2
 70
0
 10
43.77766666666667
 20
16.33234928433
 10
43.77766666666667
 20
16.33234928433
  0
LWPOLYLINE
  5
C7C
330
17
100
AcDbEntity
  8
PARTS
100
AcDbPolyline
 90
2
 70
0
 10
43.77766666666667
 20
16.33234928433
 10
43.77766666666667
 20
16.32124928433
  0
LWPOLYLINE
  5
C7D
330
17
100
AcDbEntity
  8
PARTS
100
AcDbPolyline
 90
2
 70
0
 10
43.77766666666667
 20
16.32124928433
 10
43.77766666666667
 20
16.30924928433
  0
LWPOLYLINE
  5
C7E
330
17
100
AcDbEntity
  8
PARTS
100
AcDbPolyline
 90
2
 70
0
 10
43.77766666666667
 20
16.30924928433
 10
43.77766666666667
 20
16.30924928433
  0
LWPOLYLINE
  5
C7F
330
17
100
AcDbEntity
  8
PARTS
100
AcDbPolyline
 90
2
 70
0
 10
43.77766666666667
 20
16.30924928433
 10
43.77766666666667
 20
16.29564928433
  0
LWPOLYLINE
  5
C80
330
17
100
AcDbEntity
  8
PARTS
100
AcDbPolyline
 90
2
 70
0
 10
43.77766666666667
 20
16.29564928433
 10
43.77766666666667
 20
16.262749284330003
  0
LWPOLYLINE
  5
C81
330
17
100
AcDbEntity
  8
PARTS
100
AcDbPolyline
 90
2
 70
0
 10
43.77766666666667
 20
16.262749284330003
 10
43.77766666666667
 20
16.23114928433
  0
LWPOLYLINE
  5
C82
330
17
100
AcDbEntity
  8
PARTS
100
AcDbPolyline
 90
2
 70
0
 10
43.77766666666667
 20
16.23114928433
 10
43.77766666666667
 20
16.217149284330002
  0
LWPOLYLINE
  5
C83
330
17
100
AcDbEntity
  8
PARTS
100
AcDbPolyline
 90
2
 70
0
 10
43.77766666666667
 20
16.217149284330002
 10
43.77766666666667
 20
16.197249284330002
  0
LWPOLYLINE
  5
C84
330
17
100
AcDbEntity
  8
PARTS
100
AcDbPolyline
 90
2
 70
0
 10
43.77766666666667
 20
16.197249284330002
 10
43.77766666666667
 20
16.197249284330002
  0
LWPOLYLINE
  5
C85
330
17
100
AcDbEntity
  8
PARTS
100
AcDbPolyline
 90
2
 70
0
 10
43.77766666666667
 20
16.197249284330002
 10
43.77766666666667
 20
16.197249284330002
  0
LWPOLYLINE
  5
C86
330
17
100
AcDbEntity
  8
PARTS
100
AcDbPolyline
 90
2
 70
0
 10
43.77766666666667
 20
16.217149284330002
 10
43.776666666666664
 20
16.217149284330002
  0
LWPOLYLINE
  5
C87
330
17
100
AcDbEntity
  8
PARTS
100
AcDbPolyline
 90
2
 70
0
 10
27.012666666666664
 20
16.44904928433
 10
27.012666666666664
 20
16.09904928433
  0
LWPOLYLINE
  5
C88
330
17
100
AcDbEntity
  8
PARTS
100
AcDbPolyline
 90
2
 70
0
 10
26.512666666666664
 20
16.44904928433
 10
27.012666666666664
 20
16.44904928433
  0
LWPOLYLINE
  5
C89
330
17
100
AcDbEntity
  8
PARTS
100
AcDbPolyline
 90
2
 70
0
 10
26.512666666666664
 20
16.44904928433
 10
26.512666666666664
 20
16.09904928433
  0
LWPOLYLINE
  5
C8A
330
17
100
AcDbEntity
  8
PARTS
100
AcDbPolyline
 90
2
 70
0
 10
26.522666666666666
 20
16.45904928433
 10
27.00266666666667
 20
16.45904928433
  0
LWPOLYLINE
  5
C8B
330
17
100
AcDbEntity
  8
PARTS
100
AcDbPolyline
 90
2
 70
0
 10
27.007666666666665
 20
16.44904928433
 10
27.00266666666667
 20
16.45904928433
  0
LWPOLYLINE
  5
C8C
330
17
100
AcDbEntity
  8
PARTS
100
AcDbPolyline
 90
2
 70
0
 10
26.517666666666667
 20
16.44904928433
 10
26.522666666666666
 20
16.45904928433
  0
LWPOLYLINE
  5
C8D
330
17
100
AcDbEntity
  8
PARTS
100
AcDbPolyline
 90
2
 70
0
 10
27.013666666666666
 20
16.33234928433
 10
27.013666666666666
 20
16.33234928433
  0
LWPOLYLINE
  5
C8E
330
17
100
AcDbEntity
  8
PARTS
100
AcDbPolyline
 90
2
 70
0
 10
27.013666666666666
 20
16.33234928433
 10
27.013666666666666
 20
16.32124928433
  0
LWPOLYLINE
  5
C8F
330
17
100
AcDbEntity
  8
PARTS
100
AcDbPolyline
 90
2
 70
0
 10
27.013666666666666
 20
16.32124928433
 10
27.013666666666666
 20
16.30924928433
  0
LWPOLYLINE
  5
C90
330
17
100
AcDbEntity
  8
PARTS
100
AcDbPolyline
 90
2
 70
0
 10
27.013666666666666
 20
16.30924928433
 10
27.013666666666666
 20
16.30924928433
  0
LWPOLYLINE
  5
C91
330
17
100
AcDbEntity
  8
PARTS
100
AcDbPolyline
 90
2
 70
0
 10
27.013666666666666
 20
16.30924928433
 10
27.013666666666666
 20
16.29564928433
  0
LWPOLYLINE
  5
C92
330
17
100
AcDbEntity
  8
PARTS
100
AcDbPolyline
 90
2
 70
0
 10
27.013666666666666
 20
16.29564928433
 10
27.013666666666666
 20
16.262749284330003
  0
LWPOLYLINE
  5
C93
330
17
100
AcDbEntity
  8
PARTS
100
AcDbPolyline
 90
2
 70
0
 10
27.013666666666666
 20
16.262749284330003
 10
27.013666666666666
 20
16.23114928433
  0
LWPOLYLINE
  5
C94
330
17
100
AcDbEntity
  8
PARTS
100
AcDbPolyline
 90
2
 70
0
 10
27.013666666666666
 20
16.23114928433
 10
27.013666666666666
 20
16.217149284330002
  0
LWPOLYLINE
  5
C95
330
17
100
AcDbEntity
  8
PARTS
100
AcDbPolyline
 90
2
 70
0
 10
27.013666666666666
 20
16.217149284330002
 10
27.013666666666666
 20
16.197249284330002
  0
LWPOLYLINE
  5
C96
330
17
100
AcDbEntity
  8
PARTS
100
AcDbPolyline
 90
2
 70
0
 10
27.013666666666666
 20
16.197249284330002
 10
27.013666666666666
 20
16.197249284330002
  0
LWPOLYLINE
  5
C97
330
17
100
AcDbEntity
  8
PARTS
100
AcDbPolyline
 90
2
 70
0
 10
27.013666666666666
 20
16.197249284330002
 10
27.013666666666666
 20
16.197249284330002
  0
LWPOLYLINE
  5
C98
330
17
100
AcDbEntity
  8
PARTS
100
AcDbPolyline
 90
2
 70
0
 10
27.013666666666666
 20
16.217149284330002
 10
27.012666666666664
 20
16.217149284330002
  0
LWPOLYLINE
  5
C99
330
17
100
AcDbEntity
  8
PARTS
100
AcDbPolyline
 90
2
 70
0
 10
35.53366666666667
 20
16.44904928433
 10
35.733666666666664
 20
16.44904928433
  0
LWPOLYLINE
  5
C9A
330
17
100
AcDbEntity
  8
PARTS
100
AcDbPolyline
 90
2
 70
0
 10
36.333666666666666
 20
16.44904928433
 10
36.32866666666667
 20
16.44904928433
  0
LWPOLYLINE
  5
C9B
330
17
100
AcDbEntity
  8
PARTS
100
AcDbPolyline
 90
2
 70
0
 10
35.73866666666667
 20
16.44904928433
 10
35.733666666666664
 20
16.44904928433
  0
LWPOLYLINE
  5
C9C
330
17
100
AcDbEntity
  8
PARTS
100
AcDbPolyline
 90
2
 70
0
 10
36.333666666666666
 20
16.44904928433
 10
36.53366666666667
 20
16.44904928433
  0
LWPOLYLINE
  5
C9D
330
17
100
AcDbEntity
  8
PARTS
100
AcDbPolyline
 90
2
 70
0
 10
36.28366666666667
 20
16.09904928433
 10
36.28366666666667
 20
16.124049284330003
  0
LWPOLYLINE
  5
C9E
330
17
100
AcDbEntity
  8
PARTS
100
AcDbPolyline
 90
2
 70
0
 10
35.78366666666667
 20
16.124049284330003
 10
35.78366666666667
 20
16.09904928433
  0
LWPOLYLINE
  5
C9F
330
17
100
AcDbEntity
  8
PARTS
100
AcDbPolyline
 90
2
 70
0
 10
36.28366666666667
 20
16.124049284330003
 10
36.50866666666667
 20
16.124049284330003
  0
LWPOLYLINE
  5
CA0
330
17
100
AcDbEntity
  8
PARTS
100
AcDbPolyline
 90
2
 70
0
 10
36.53366666666667
 20
16.44904928433
 10
36.53366666666667
 20
16.09904928433
  0
LWPOLYLINE
  5
CA1
330
17
100
AcDbEntity
  8
PARTS
100
AcDbPolyline
 90
2
 70
0
 10
36.333666666666666
 20
16.42404928433
 10
36.333666666666666
 20
16.44904928433
  0
LWPOLYLINE
  5
CA2
330
17
100
AcDbEntity
  8
PARTS
100
AcDbPolyline
 90
2
 70
0
 10
36.50866666666667
 20
16.42404928433
 10
36.333666666666666
 20
16.42404928433
  0
LWPOLYLINE
  5
CA3
330
17
100
AcDbEntity
  8
PARTS
100
AcDbPolyline
 90
2
 70
0
 10
36.50866666666667
 20
16.124049284330003
 10
36.50866666666667
 20
16.42404928433
  0
LWPOLYLINE
  5
CA4
330
17
100
AcDbEntity
  8
PARTS
100
AcDbPolyline
 90
2
 70
0
 10
35.53366666666667
 20
16.44904928433
 10
35.53366666666667
 20
16.09904928433
  0
LWPOLYLINE
  5
CA5
330
17
100
AcDbEntity
  8
PARTS
100
AcDbPolyline
 90
2
 70
0
 10
35.55866666666667
 20
16.124049284330003
 10
35.78366666666667
 20
16.124049284330003
  0
LWPOLYLINE
  5
CA6
330
17
100
AcDbEntity
  8
PARTS
100
AcDbPolyline
 90
2
 70
0
 10
35.55866666666667
 20
16.42404928433
 10
35.55866666666667
 20
16.124049284330003
  0
LWPOLYLINE
  5
CA7
330
17
100
AcDbEntity
  8
PARTS
100
AcDbPolyline
 90
2
 70
0
 10
35.733666666666664
 20
16.42404928433
 10
35.55866666666667
 20
16.42404928433
  0
LWPOLYLINE
  5
CA8
330
17
100
AcDbEntity
  8
PARTS
100
AcDbPolyline
 90
2
 70
0
 10
35.733666666666664
 20
16.44904928433
 10
35.733666666666664
 20
16.42404928433
  0
LWPOLYLINE
  5
CA9
330
17
100
AcDbEntity
  8
PARTS
100
AcDbPolyline
 90
2
 70
0
 10
36.333666666666666
 20
16.42404928433
 10
36.333666666666666
 20
16.43904928433
  0
LWPOLYLINE
  5
CAA
330
17
100
AcDbEntity
  8
PARTS
100
AcDbPolyline
 90
2
 70
0
 10
36.333666666666666
 20
16.43904928433
 10
35.733666666666664
 20
16.43904928433
  0
LWPOLYLINE
  5
CAB
330
17
100
AcDbEntity
  8
PARTS
100
AcDbPolyline
 90
2
 70
0
 10
35.733666666666664
 20
16.42404928433
 10
35.733666666666664
 20
16.43904928433
  0
LWPOLYLINE
  5
CAC
330
17
100
AcDbEntity
  8
PARTS
100
AcDbPolyline
 90
2
 70
0
 10
35.733666666666664
 20
16.42404928433
 10
36.333666666666666
 20
16.42404928433
  0
LWPOLYLINE
  5
CAD
330
17
100
AcDbEntity
  8
PARTS
100
AcDbPolyline
 90
2
 70
0
 10
35.74366666666666
 20
16.45904928433
 10
36.32366666666667
 20
16.45904928433
  0
LWPOLYLINE
  5
CAE
330
17
100
AcDbEntity
  8
PARTS
100
AcDbPolyline
 90
2
 70
0
 10
35.74366666666666
 20
16.45904928433
 10
35.733666666666664
 20
16.43904928433
  0
LWPOLYLINE
  5
CAF
330
17
100
AcDbEntity
  8
PARTS
100
AcDbPolyline
 90
2
 70
0
 10
36.333666666666666
 20
16.43904928433
 10
36.32366666666667
 20
16.45904928433
  0
LWPOLYLINE
  5
CB0
330
17
100
AcDbEntity
  8
PARTS
100
AcDbPolyline
 90
2
 70
0
 10
36.50866666666667
 20
16.124049284330003
 10
36.50866666666667
 20
16.42404928433
  0
LWPOLYLINE
  5
CB1
330
17
100
AcDbEntity
  8
PARTS
100
AcDbPolyline
 90
2
 70
0
 10
35.55866666666667
 20
16.124049284330003
 10
36.50866666666667
 20
16.124049284330003
  0
LWPOLYLINE
  5
CB2
330
17
100
AcDbEntity
  8
PARTS
100
AcDbPolyline
 90
2
 70
0
 10
35.55866666666667
 20
16.42404928433
 10
35.55866666666667
 20
16.124049284330003
  0
LWPOLYLINE
  5
CB3
330
17
100
AcDbEntity
  8
PARTS
100
AcDbPolyline
 90
2
 70
0
 10
36.50866666666667
 20
16.42404928433
 10
35.55866666666667
 20
16.42404928433
  0
LWPOLYLINE
  5
CB4
330
17
100
AcDbEntity
  8
PARTS
100
AcDbPolyline
 90
2
 70
0
 10
43.78466666666666
 20
16.44904928433
 10
43.78466666666666
 20
16.09904928433
  0
LWPOLYLINE
  5
CB5
330
17
100
AcDbEntity
  8
PARTS
100
AcDbPolyline
 90
2
 70
0
 10
43.78466666666666
 20
16.44904928433
 10
44.28466666666666
 20
16.44904928433
  0
LWPOLYLINE
  5
CB6
330
17
100
AcDbEntity
  8
PARTS
100
AcDbPolyline
 90
2
 70
0
 10
44.28466666666666
 20
16.44904928433
 10
44.28466666666666
 20
16.09904928433
  0
LWPOLYLINE
  5
CB7
330
17
100
AcDbEntity
  8
PARTS
100
AcDbPolyline
 90
2
 70
0
 10
43.79466666666667
 20
16.45904928433
 10
44.27466666666667
 20
16.45904928433
  0
LWPOLYLINE
  5
CB8
330
17
100
AcDbEntity
  8
PARTS
100
AcDbPolyline
 90
2
 70
0
 10
43.79466666666667
 20
16.45904928433
 10
43.78966666666667
 20
16.44904928433
  0
LWPOLYLINE
  5
CB9
330
17
100
AcDbEntity
  8
PARTS
100
AcDbPolyline
 90
2
 70
0
 10
44.27466666666667
 20
16.45904928433
 10
44.279666666666664
 20
16.44904928433
  0
LWPOLYLINE
  5
CBA
330
17
100
AcDbEntity
  8
PARTS
100
AcDbPolyline
 90
2
 70
0
 10
43.78366666666667
 20
16.32014928433
 10
43.78366666666667
 20
16.320949284330002
  0
LWPOLYLINE
  5
CBB
330
17
100
AcDbEntity
  8
PARTS
100
AcDbPolyline
 90
2
 70
0
 10
43.78366666666667
 20
16.320949284330002
 10
43.78366666666667
 20
16.320949284330002
  0
LWPOLYLINE
  5
CBC
330
17
100
AcDbEntity
  8
PARTS
100
AcDbPolyline
 90
2
 70
0
 10
43.78366666666667
 20
16.320949284330002
 10
43.78366666666667
 20
16.320949284330002
  0
LWPOLYLINE
  5
CBD
330
17
100
AcDbEntity
  8
PARTS
100
AcDbPolyline
 90
2
 70
0
 10
43.78366666666667
 20
16.31994928433
 10
43.78466666666666
 20
16.31994928433
  0
LWPOLYLINE
  5
CBE
330
17
100
AcDbEntity
  8
PARTS
100
AcDbPolyline
 90
2
 70
0
 10
43.78366666666667
 20
16.31994928433
 10
43.78366666666667
 20
16.31994928433
  0
LWPOLYLINE
  5
CBF
330
17
100
AcDbEntity
  8
PARTS
100
AcDbPolyline
 90
2
 70
0
 10
43.78366666666667
 20
16.32014928433
 10
43.78466666666666
 20
16.32014928433
  0
LWPOLYLINE
  5
CC0
330
17
100
AcDbEntity
  8
PARTS
100
AcDbPolyline
 90
2
 70
0
 10
43.78366666666667
 20
16.31994928433
 10
43.78366666666667
 20
16.32014928433
  0
LWPOLYLINE
  5
CC1
330
17
100
AcDbEntity
  8
PARTS
100
AcDbPolyline
 90
2
 70
0
 10
43.78366666666667
 20
16.319549284329998
 10
43.78366666666667
 20
16.31984928433
  0
LWPOLYLINE
  5
CC2
330
17
100
AcDbEntity
  8
PARTS
100
AcDbPolyline
 90
2
 70
0
 10
43.78366666666667
 20
16.31984928433
 10
43.78366666666667
 20
16.31994928433
  0
LWPOLYLINE
  5
CC3
330
17
100
AcDbEntity
  8
PARTS
100
AcDbPolyline
 90
2
 70
0
 10
43.78366666666667
 20
16.31994928433
 10
43.78466666666666
 20
16.31994928433
  0
LWPOLYLINE
  5
CC4
330
17
100
AcDbEntity
  8
PARTS
100
AcDbPolyline
 90
2
 70
0
 10
43.78366666666667
 20
16.27874928433
 10
43.78366666666667
 20
16.319549284329998
  0
LWPOLYLINE
  5
CC5
330
17
100
AcDbEntity
  8
PARTS
100
AcDbPolyline
 90
2
 70
0
 10
43.78366666666667
 20
16.319549284329998
 10
43.78366666666667
 20
16.319549284329998
  0
LWPOLYLINE
  5
CC6
330
17
100
AcDbEntity
  8
PARTS
100
AcDbPolyline
 90
2
 70
0
 10
43.78366666666667
 20
16.319549284329998
 10
43.78466666666666
 20
16.319549284329998
  0
LWPOLYLINE
  5
CC7
330
17
100
AcDbEntity
  8
PARTS
100
AcDbPolyline
 90
2
 70
0
 10
43.78366666666667
 20
16.27874928433
 10
43.78466666666666
 20
16.27874928433
  0
LWPOLYLINE
  5
CC8
330
17
100
AcDbEntity
  8
PARTS
100
AcDbPolyline
 90
2
 70
0
 10
43.78366666666667
 20
16.319549284329998
 10
43.78466666666666
 20
16.319549284329998
  0
LWPOLYLINE
  5
CC9
330
17
100
AcDbEntity
  8
PARTS
100
AcDbPolyline
 90
2
 70
0
 10
43.78366666666667
 20
16.25584928433
 10
43.78466666666666
 20
16.25584928433
  0
LWPOLYLINE
  5
CCA
330
17
100
AcDbEntity
  8
PARTS
100
AcDbPolyline
 90
2
 70
0
 10
43.78366666666667
 20
16.255249284330002
 10
43.78366666666667
 20
16.25584928433
  0
LWPOLYLINE
  5
CCB
330
17
100
AcDbEntity
  8
PARTS
100
AcDbPolyline
 90
2
 70
0
 10
43.78366666666667
 20
16.25604928433
 10
43.78466666666666
 20
16.25604928433
  0
LWPOLYLINE
  5
CCC
330
17
100
AcDbEntity
  8
PARTS
100
AcDbPolyline
 90
2
 70
0
 10
43.78366666666667
 20
16.25584928433
 10
43.78366666666667
 20
16.25604928433
  0
LWPOLYLINE
  5
CCD
330
17
100
AcDbEntity
  8
PARTS
100
AcDbPolyline
 90
2
 70
0
 10
43.78366666666667
 20
16.20104928433
 10
43.78366666666667
 20
16.20104928433
  0
LWPOLYLINE
  5
CCE
330
17
100
AcDbEntity
  8
PARTS
100
AcDbPolyline
 90
2
 70
0
 10
43.78366666666667
 20
16.20104928433
 10
43.78366666666667
 20
16.21034928433
  0
LWPOLYLINE
  5
CCF
330
17
100
AcDbEntity
  8
PARTS
100
AcDbPolyline
 90
2
 70
0
 10
43.78366666666667
 20
16.21034928433
 10
43.78366666666667
 20
16.21384928433
  0
LWPOLYLINE
  5
CD0
330
17
100
AcDbEntity
  8
PARTS
100
AcDbPolyline
 90
2
 70
0
 10
43.78366666666667
 20
16.25514928433
 10
43.78466666666666
 20
16.25514928433
  0
LWPOLYLINE
  5
CD1
330
17
100
AcDbEntity
  8
PARTS
100
AcDbPolyline
 90
2
 70
0
 10
43.78366666666667
 20
16.25504928433
 10
43.78366666666667
 20
16.25514928433
  0
LWPOLYLINE
  5
CD2
330
17
100
AcDbEntity
  8
PARTS
100
AcDbPolyline
 90
2
 70
0
 10
43.78366666666667
 20
16.255249284330002
 10
43.78466666666666
 20
16.255249284330002
  0
LWPOLYLINE
  5
CD3
330
17
100
AcDbEntity
  8
PARTS
100
AcDbPolyline
 90
2
 70
0
 10
43.78366666666667
 20
16.25514928433
 10
43.78366666666667
 20
16.255249284330002
  0
LWPOLYLINE
  5
CD4
330
17
100
AcDbEntity
  8
PARTS
100
AcDbPolyline
 90
2
 70
0
 10
43.78366666666667
 20
16.25464928433
 10
43.78366666666667
 20
16.25494928433
  0
LWPOLYLINE
  5
CD5
330
17
100
AcDbEntity
  8
PARTS
100
AcDbPolyline
 90
2
 70
0
 10
43.78366666666667
 20
16.25494928433
 10
43.78366666666667
 20
16.25504928433
  0
LWPOLYLINE
  5
CD6
330
17
100
AcDbEntity
  8
PARTS
100
AcDbPolyline
 90
2
 70
0
 10
43.78366666666667
 20
16.25504928433
 10
43.78466666666666
 20
16.25504928433
  0
LWPOLYLINE
  5
CD7
330
17
100
AcDbEntity
  8
PARTS
100
AcDbPolyline
 90
2
 70
0
 10
43.78366666666667
 20
16.21384928433
 10
43.78366666666667
 20
16.25464928433
  0
LWPOLYLINE
  5
CD8
330
17
100
AcDbEntity
  8
PARTS
100
AcDbPolyline
 90
2
 70
0
 10
43.78366666666667
 20
16.25464928433
 10
43.78366666666667
 20
16.25464928433
  0
LWPOLYLINE
  5
CD9
330
17
100
AcDbEntity
  8
PARTS
100
AcDbPolyline
 90
2
 70
0
 10
43.78366666666667
 20
16.25464928433
 10
43.78466666666666
 20
16.25464928433
  0
LWPOLYLINE
  5
CDA
330
17
100
AcDbEntity
  8
PARTS
100
AcDbPolyline
 90
2
 70
0
 10
43.78366666666667
 20
16.21384928433
 10
43.78466666666666
 20
16.21384928433
  0
LWPOLYLINE
  5
CDB
330
17
100
AcDbEntity
  8
PARTS
100
AcDbPolyline
 90
2
 70
0
 10
43.78366666666667
 20
16.25464928433
 10
43.78466666666666
 20
16.25464928433
  0
LWPOLYLINE
  5
CDC
330
17
100
AcDbEntity
  8
PARTS
100
AcDbPolyline
 90
2
 70
0
 10
43.78366666666667
 20
16.25604928433
 10
43.78366666666667
 20
16.27874928433
  0
LWPOLYLINE
  5
CDD
330
17
100
AcDbEntity
  8
PARTS
100
AcDbPolyline
 90
2
 70
0
 10
43.78366666666667
 20
16.320949284330002
 10
43.78366666666667
 20
16.33234928433
  0
LWPOLYLINE
  5
CDE
330
17
100
AcDbEntity
  8
PARTS
100
AcDbPolyline
 90
2
 70
0
 10
43.78366666666667
 20
16.33234928433
 10
43.78366666666667
 20
16.33234928433
  0
LWPOLYLINE
  5
CDF
330
17
100
AcDbEntity
  8
PARTS
100
AcDbPolyline
 90
2
 70
0
 10
43.78366666666667
 20
16.33234928433
 10
43.78366666666667
 20
16.33234928433
  0
LWPOLYLINE
  5
CE0
330
17
100
AcDbEntity
  8
PARTS
100
AcDbPolyline
 90
2
 70
0
 10
43.78366666666667
 20
16.197249284330002
 10
43.78366666666667
 20
16.197249284330002
  0
LWPOLYLINE
  5
CE1
330
17
100
AcDbEntity
  8
PARTS
100
AcDbPolyline
 90
2
 70
0
 10
43.78366666666667
 20
16.197249284330002
 10
43.78366666666667
 20
16.20104928433
  0
LWPOLYLINE
  5
CE2
330
17
100
AcDbEntity
  8
PARTS
100
AcDbPolyline
 90
2
 70
0
 10
22.617666666666665
 20
16.44904928433
 10
22.617666666666665
 20
16.42404928433
  0
LWPOLYLINE
  5
CE3
330
17
100
AcDbEntity
  8
PARTS
100
AcDbPolyline
 90
2
 70
0
 10
22.617666666666665
 20
16.42404928433
 10
22.792666666666666
 20
16.42404928433
  0
LWPOLYLINE
  5
CE4
330
17
100
AcDbEntity
  8
PARTS
100
AcDbPolyline
 90
2
 70
0
 10
22.792666666666666
 20
16.42404928433
 10
22.792666666666666
 20
16.124049284330003
  0
LWPOLYLINE
  5
CE5
330
17
100
AcDbEntity
  8
PARTS
100
AcDbPolyline
 90
2
 70
0
 10
22.792666666666666
 20
16.124049284330003
 10
22.567666666666668
 20
16.124049284330003
  0
LWPOLYLINE
  5
CE6
330
17
100
AcDbEntity
  8
PARTS
100
AcDbPolyline
 90
2
 70
0
 10
22.567666666666668
 20
16.124049284330003
 10
22.567666666666668
 20
16.09904928433
  0
LWPOLYLINE
  5
CE7
330
17
100
AcDbEntity
  8
PARTS
100
AcDbPolyline
 90
2
 70
0
 10
22.817666666666668
 20
16.44904928433
 10
22.817666666666668
 20
16.09904928433
  0
LWPOLYLINE
  5
CE8
330
17
100
AcDbEntity
  8
PARTS
100
AcDbPolyline
 90
2
 70
0
 10
22.617666666666665
 20
16.44904928433
 10
22.817666666666668
 20
16.44904928433
  0
LWPOLYLINE
  5
CE9
330
17
100
AcDbEntity
  8
PARTS
100
AcDbPolyline
 90
2
 70
0
 10
22.617666666666665
 20
16.44904928433
 10
22.612666666666666
 20
16.44904928433
  0
LWPOLYLINE
  5
CEA
330
17
100
AcDbEntity
  8
PARTS
100
AcDbPolyline
 90
2
 70
0
 10
22.617666666666665
 20
16.42404928433
 10
22.617666666666665
 20
16.43904928433
  0
LWPOLYLINE
  5
CEB
330
17
100
AcDbEntity
  8
PARTS
100
AcDbPolyline
 90
2
 70
0
 10
22.617666666666665
 20
16.43904928433
 10
22.446466666666666
 20
16.43904928433
  0
LWPOLYLINE
  5
CEC
330
17
100
AcDbEntity
  8
PARTS
100
AcDbPolyline
 90
2
 70
0
 10
22.449866666666665
 20
16.42404928433
 10
22.617666666666665
 20
16.42404928433
  0
LWPOLYLINE
  5
CED
330
17
100
AcDbEntity
  8
PARTS
100
AcDbPolyline
 90
2
 70
0
 10
22.407066666666665
 20
16.45904928433
 10
22.60766666666667
 20
16.45904928433
  0
LWPOLYLINE
  5
CEE
330
17
100
AcDbEntity
  8
PARTS
100
AcDbPolyline
 90
2
 70
0
 10
22.60766666666667
 20
16.45904928433
 10
22.617666666666665
 20
16.43904928433
  0
LWPOLYLINE
  5
CEF
330
17
100
AcDbEntity
  8
PARTS
100
AcDbPolyline
 90
2
 70
0
 10
22.792666666666666
 20
16.124049284330003
 10
22.46366666666667
 20
16.124049284330003
  0
LWPOLYLINE
  5
CF0
330
17
100
AcDbEntity
  8
PARTS
100
AcDbPolyline
 90
2
 70
0
 10
22.792666666666666
 20
16.42404928433
 10
22.792666666666666
 20
16.124049284330003
  0
LWPOLYLINE
  5
CF1
330
17
100
AcDbEntity
  8
PARTS
100
AcDbPolyline
 90
2
 70
0
 10
22.449866666666665
 20
16.42404928433
 10
22.792666666666666
 20
16.42404928433
  0
LWPOLYLINE
  5
CF2
330
17
100
AcDbEntity
  8
PARTS
100
AcDbPolyline
 90
2
 70
0
 10
22.462266666666665
 20
16.28504928433
 10
22.468266666666665
 20
16.299849284329998
  0
LWPOLYLINE
  5
CF3
330
17
100
AcDbEntity
  8
PARTS
100
AcDbPolyline
 90
2
 70
0
 10
22.468266666666665
 20
16.299849284329998
 10
22.462166666666665
 20
16.31434928433
  0
LWPOLYLINE
  5
CF4
330
17
100
AcDbEntity
  8
PARTS
100
AcDbPolyline
 90
2
 70
0
 10
22.462166666666665
 20
16.31434928433
 10
22.459566666666664
 20
16.31634928433
  0
LWPOLYLINE
  5
CF5
330
17
100
AcDbEntity
  8
PARTS
100
AcDbPolyline
 90
2
 70
0
 10
22.462766666666667
 20
16.29974928433
 10
22.460166666666666
 20
16.30924928433
  0
LWPOLYLINE
  5
CF6
330
17
100
AcDbEntity
  8
PARTS
100
AcDbPolyline
 90
2
 70
0
 10
22.461566666666666
 20
16.29294928433
 10
22.462766666666667
 20
16.29974928433
  0
LWPOLYLINE
  5
CF7
330
17
100
AcDbEntity
  8
PARTS
100
AcDbPolyline
 90
2
 70
0
 10
22.506966666666667
 20
16.27874928433
 10
22.491766666666667
 20
16.319549284329998
  0
LWPOLYLINE
  5
CF8
330
17
100
AcDbEntity
  8
PARTS
100
AcDbPolyline
 90
2
 70
0
 10
22.491766666666667
 20
16.319549284329998
 10
22.486166666666666
 20
16.319549284329998
  0
LWPOLYLINE
  5
CF9
330
17
100
AcDbEntity
  8
PARTS
100
AcDbPolyline
 90
2
 70
0
 10
22.486166666666666
 20
16.319549284329998
 10
22.470366666666667
 20
16.27904928433
  0
LWPOLYLINE
  5
CFA
330
17
100
AcDbEntity
  8
PARTS
100
AcDbPolyline
 90
2
 70
0
 10
22.470366666666667
 20
16.27904928433
 10
22.476166666666668
 20
16.27894928433
  0
LWPOLYLINE
  5
CFB
330
17
100
AcDbEntity
  8
PARTS
100
AcDbPolyline
 90
2
 70
0
 10
22.476166666666668
 20
16.27894928433
 10
22.480166666666666
 20
16.29004928433
  0
LWPOLYLINE
  5
CFC
330
17
100
AcDbEntity
  8
PARTS
100
AcDbPolyline
 90
2
 70
0
 10
22.480166666666666
 20
16.29004928433
 10
22.49706666666667
 20
16.28994928433
  0
LWPOLYLINE
  5
CFD
330
17
100
AcDbEntity
  8
PARTS
100
AcDbPolyline
 90
2
 70
0
 10
22.49706666666667
 20
16.28994928433
 10
22.501166666666666
 20
16.27874928433
  0
LWPOLYLINE
  5
CFE
330
17
100
AcDbEntity
  8
PARTS
100
AcDbPolyline
 90
2
 70
0
 10
22.501166666666666
 20
16.27874928433
 10
22.506966666666667
 20
16.27874928433
  0
LWPOLYLINE
  5
CFF
330
17
100
AcDbEntity
  8
PARTS
100
AcDbPolyline
 90
2
 70
0
 10
22.481866666666665
 20
16.294649284330003
 10
22.49546666666667
 20
16.29454928433
  0
LWPOLYLINE
  5
D00
330
17
100
AcDbEntity
  8
PARTS
100
AcDbPolyline
 90
2
 70
0
 10
22.48806666666667
 20
16.311549284330003
 10
22.481866666666665
 20
16.294649284330003
  0
LWPOLYLINE
  5
D01
330
17
100
AcDbEntity
  8
PARTS
100
AcDbPolyline
 90
2
 70
0
 10
22.488766666666667
 20
16.31434928433
 10
22.48806666666667
 20
16.311549284330003
  0
LWPOLYLINE
  5
D02
330
17
100
AcDbEntity
  8
PARTS
100
AcDbPolyline
 90
2
 70
0
 10
22.488866666666667
 20
16.31434928433
 10
22.488766666666667
 20
16.31434928433
  0
LWPOLYLINE
  5
D03
330
17
100
AcDbEntity
  8
PARTS
100
AcDbPolyline
 90
2
 70
0
 10
22.48946666666667
 20
16.31144928433
 10
22.488866666666667
 20
16.31434928433
  0
LWPOLYLINE
  5
D04
330
17
100
AcDbEntity
  8
PARTS
100
AcDbPolyline
 90
2
 70
0
 10
22.49546666666667
 20
16.29454928433
 10
22.48946666666667
 20
16.31144928433
  0
LWPOLYLINE
  5
D05
330
17
100
AcDbEntity
  8
PARTS
100
AcDbPolyline
 90
2
 70
0
 10
22.477766666666668
 20
16.21444928433
 10
22.477766666666668
 20
16.21904928433
  0
LWPOLYLINE
  5
D06
330
17
100
AcDbEntity
  8
PARTS
100
AcDbPolyline
 90
2
 70
0
 10
22.477766666666668
 20
16.21904928433
 10
22.46366666666667
 20
16.21914928433
  0
LWPOLYLINE
  5
D07
330
17
100
AcDbEntity
  8
PARTS
100
AcDbPolyline
 90
2
 70
0
 10
22.46366666666667
 20
16.23284928433
 10
22.475866666666665
 20
16.23274928433
  0
LWPOLYLINE
  5
D08
330
17
100
AcDbEntity
  8
PARTS
100
AcDbPolyline
 90
2
 70
0
 10
22.475866666666665
 20
16.23274928433
 10
22.475866666666665
 20
16.23744928433
  0
LWPOLYLINE
  5
D09
330
17
100
AcDbEntity
  8
PARTS
100
AcDbPolyline
 90
2
 70
0
 10
22.475866666666665
 20
16.23744928433
 10
22.46366666666667
 20
16.23744928433
  0
LWPOLYLINE
  5
D0A
330
17
100
AcDbEntity
  8
PARTS
100
AcDbPolyline
 90
2
 70
0
 10
22.46366666666667
 20
16.250549284330003
 10
22.47706666666667
 20
16.25044928433
  0
LWPOLYLINE
  5
D0B
330
17
100
AcDbEntity
  8
PARTS
100
AcDbPolyline
 90
2
 70
0
 10
22.47706666666667
 20
16.25044928433
 10
22.477166666666665
 20
16.25514928433
  0
LWPOLYLINE
  5
D0C
330
17
100
AcDbEntity
  8
PARTS
100
AcDbPolyline
 90
2
 70
0
 10
22.477166666666665
 20
16.25514928433
 10
22.46366666666667
 20
16.25514928433
  0
LWPOLYLINE
  5
D0D
330
17
100
AcDbEntity
  8
PARTS
100
AcDbPolyline
 90
2
 70
0
 10
22.46366666666667
 20
16.21454928433
 10
22.477766666666668
 20
16.21444928433
  0
LWPOLYLINE
  5
D0E
330
17
100
AcDbEntity
  8
PARTS
100
AcDbPolyline
 90
2
 70
0
 10
22.485466666666667
 20
16.21434928433
 10
22.496666666666666
 20
16.21424928433
  0
LWPOLYLINE
  5
D0F
330
17
100
AcDbEntity
  8
PARTS
100
AcDbPolyline
 90
2
 70
0
 10
22.496666666666666
 20
16.21424928433
 10
22.51246666666667
 20
16.21984928433
  0
LWPOLYLINE
  5
D10
330
17
100
AcDbEntity
  8
PARTS
100
AcDbPolyline
 90
2
 70
0
 10
22.51246666666667
 20
16.21984928433
 10
22.518766666666664
 20
16.23494928433
  0
LWPOLYLINE
  5
D11
330
17
100
AcDbEntity
  8
PARTS
100
AcDbPolyline
 90
2
 70
0
 10
22.518766666666664
 20
16.23494928433
 10
22.512666666666664
 20
16.24944928433
  0
LWPOLYLINE
  5
D12
330
17
100
AcDbEntity
  8
PARTS
100
AcDbPolyline
 90
2
 70
0
 10
22.512666666666664
 20
16.24944928433
 10
22.497366666666665
 20
16.25494928433
  0
LWPOLYLINE
  5
D13
330
17
100
AcDbEntity
  8
PARTS
100
AcDbPolyline
 90
2
 70
0
 10
22.497366666666665
 20
16.25494928433
 10
22.485766666666667
 20
16.25504928433
  0
LWPOLYLINE
  5
D14
330
17
100
AcDbEntity
  8
PARTS
100
AcDbPolyline
 90
2
 70
0
 10
22.485766666666667
 20
16.25504928433
 10
22.485466666666667
 20
16.21434928433
  0
LWPOLYLINE
  5
D15
330
17
100
AcDbEntity
  8
PARTS
100
AcDbPolyline
 90
2
 70
0
 10
22.490966666666665
 20
16.25034928433
 10
22.49076666666667
 20
16.218949284329998
  0
LWPOLYLINE
  5
D16
330
17
100
AcDbEntity
  8
PARTS
100
AcDbPolyline
 90
2
 70
0
 10
22.49706666666667
 20
16.25024928433
 10
22.490966666666665
 20
16.25034928433
  0
LWPOLYLINE
  5
D17
330
17
100
AcDbEntity
  8
PARTS
100
AcDbPolyline
 90
2
 70
0
 10
22.508866666666666
 20
16.246349284329998
 10
22.49706666666667
 20
16.25024928433
  0
LWPOLYLINE
  5
D18
330
17
100
AcDbEntity
  8
PARTS
100
AcDbPolyline
 90
2
 70
0
 10
22.513166666666667
 20
16.23484928433
 10
22.508866666666666
 20
16.246349284329998
  0
LWPOLYLINE
  5
D19
330
17
100
AcDbEntity
  8
PARTS
100
AcDbPolyline
 90
2
 70
0
 10
22.50876666666667
 20
16.22304928433
 10
22.513166666666667
 20
16.23484928433
  0
LWPOLYLINE
  5
D1A
330
17
100
AcDbEntity
  8
PARTS
100
AcDbPolyline
 90
2
 70
0
 10
22.496666666666666
 20
16.218949284329998
 10
22.50876666666667
 20
16.22304928433
  0
LWPOLYLINE
  5
D1B
330
17
100
AcDbEntity
  8
PARTS
100
AcDbPolyline
 90
2
 70
0
 10
22.49076666666667
 20
16.218949284329998
 10
22.496666666666666
 20
16.218949284329998
  0
LWPOLYLINE
  5
D1C
330
17
100
AcDbEntity
  8
PARTS
100
AcDbPolyline
 90
2
 70
0
 10
22.557466666666667
 20
16.21384928433
 10
22.542266666666666
 20
16.25464928433
  0
LWPOLYLINE
  5
D1D
330
17
100
AcDbEntity
  8
PARTS
100
AcDbPolyline
 90
2
 70
0
 10
22.542266666666666
 20
16.25464928433
 10
22.53656666666667
 20
16.25464928433
  0
LWPOLYLINE
  5
D1E
330
17
100
AcDbEntity
  8
PARTS
100
AcDbPolyline
 90
2
 70
0
 10
22.53656666666667
 20
16.25464928433
 10
22.520866666666667
 20
16.214149284330002
  0
LWPOLYLINE
  5
D1F
330
17
100
AcDbEntity
  8
PARTS
100
AcDbPolyline
 90
2
 70
0
 10
22.520866666666667
 20
16.214149284330002
 10
22.526666666666667
 20
16.21404928433
  0
LWPOLYLINE
  5
D20
330
17
100
AcDbEntity
  8
PARTS
100
AcDbPolyline
 90
2
 70
0
 10
22.526666666666667
 20
16.21404928433
 10
22.530666666666665
 20
16.22514928433
  0
LWPOLYLINE
  5
D21
330
17
100
AcDbEntity
  8
PARTS
100
AcDbPolyline
 90
2
 70
0
 10
22.530666666666665
 20
16.22514928433
 10
22.54756666666667
 20
16.22504928433
  0
LWPOLYLINE
  5
D22
330
17
100
AcDbEntity
  8
PARTS
100
AcDbPolyline
 90
2
 70
0
 10
22.54756666666667
 20
16.22504928433
 10
22.551666666666666
 20
16.21384928433
  0
LWPOLYLINE
  5
D23
330
17
100
AcDbEntity
  8
PARTS
100
AcDbPolyline
 90
2
 70
0
 10
22.551666666666666
 20
16.21384928433
 10
22.557466666666667
 20
16.21384928433
  0
LWPOLYLINE
  5
D24
330
17
100
AcDbEntity
  8
PARTS
100
AcDbPolyline
 90
2
 70
0
 10
22.53226666666667
 20
16.22974928433
 10
22.54596666666667
 20
16.229649284329998
  0
LWPOLYLINE
  5
D25
330
17
100
AcDbEntity
  8
PARTS
100
AcDbPolyline
 90
2
 70
0
 10
22.538566666666668
 20
16.24664928433
 10
22.53226666666667
 20
16.22974928433
  0
LWPOLYLINE
  5
D26
330
17
100
AcDbEntity
  8
PARTS
100
AcDbPolyline
 90
2
 70
0
 10
22.53916666666667
 20
16.24944928433
 10
22.538566666666668
 20
16.24664928433
  0
LWPOLYLINE
  5
D27
330
17
100
AcDbEntity
  8
PARTS
100
AcDbPolyline
 90
2
 70
0
 10
22.539366666666666
 20
16.24944928433
 10
22.53916666666667
 20
16.24944928433
  0
LWPOLYLINE
  5
D28
330
17
100
AcDbEntity
  8
PARTS
100
AcDbPolyline
 90
2
 70
0
 10
22.53996666666667
 20
16.24664928433
 10
22.539366666666666
 20
16.24944928433
  0
LWPOLYLINE
  5
D29
330
17
100
AcDbEntity
  8
PARTS
100
AcDbPolyline
 90
2
 70
0
 10
22.54596666666667
 20
16.229649284329998
 10
22.53996666666667
 20
16.24664928433
  0
LWPOLYLINE
  5
D2A
330
17
100
AcDbEntity
  8
PARTS
100
AcDbPolyline
 90
2
 70
0
 10
33.406666666666666
 20
16.44904928433
 10
33.406666666666666
 20
16.09904928433
  0
LWPOLYLINE
  5
D2B
330
17
100
AcDbEntity
  8
PARTS
100
AcDbPolyline
 90
2
 70
0
 10
32.906666666666666
 20
16.44904928433
 10
33.406666666666666
 20
16.44904928433
  0
LWPOLYLINE
  5
D2C
330
17
100
AcDbEntity
  8
PARTS
100
AcDbPolyline
 90
2
 70
0
 10
32.906666666666666
 20
16.44904928433
 10
32.906666666666666
 20
16.09904928433
  0
LWPOLYLINE
  5
D2D
330
17
100
AcDbEntity
  8
PARTS
100
AcDbPolyline
 90
2
 70
0
 10
32.916666666666664
 20
16.45904928433
 10
33.39666666666667
 20
16.45904928433
  0
LWPOLYLINE
  5
D2E
330
17
100
AcDbEntity
  8
PARTS
100
AcDbPolyline
 90
2
 70
0
 10
33.401666666666664
 20
16.44904928433
 10
33.39666666666667
 20
16.45904928433
  0
LWPOLYLINE
  5
D2F
330
17
100
AcDbEntity
  8
PARTS
100
AcDbPolyline
 90
2
 70
0
 10
32.91166666666667
 20
16.44904928433
 10
32.916666666666664
 20
16.45904928433
  0
LWPOLYLINE
  5
D30
330
17
100
AcDbEntity
  8
PARTS
100
AcDbPolyline
 90
2
 70
0
 10
33.407666666666664
 20
16.33234928433
 10
33.407666666666664
 20
16.33234928433
  0
LWPOLYLINE
  5
D31
330
17
100
AcDbEntity
  8
PARTS
100
AcDbPolyline
 90
2
 70
0
 10
33.407666666666664
 20
16.33234928433
 10
33.407666666666664
 20
16.32124928433
  0
LWPOLYLINE
  5
D32
330
17
100
AcDbEntity
  8
PARTS
100
AcDbPolyline
 90
2
 70
0
 10
33.407666666666664
 20
16.32124928433
 10
33.407666666666664
 20
16.30924928433
  0
LWPOLYLINE
  5
D33
330
17
100
AcDbEntity
  8
PARTS
100
AcDbPolyline
 90
2
 70
0
 10
33.407666666666664
 20
16.30924928433
 10
33.407666666666664
 20
16.30924928433
  0
LWPOLYLINE
  5
D34
330
17
100
AcDbEntity
  8
PARTS
100
AcDbPolyline
 90
2
 70
0
 10
33.407666666666664
 20
16.30924928433
 10
33.407666666666664
 20
16.29564928433
  0
LWPOLYLINE
  5
D35
330
17
100
AcDbEntity
  8
PARTS
100
AcDbPolyline
 90
2
 70
0
 10
33.407666666666664
 20
16.29564928433
 10
33.407666666666664
 20
16.262749284330003
  0
LWPOLYLINE
  5
D36
330
17
100
AcDbEntity
  8
PARTS
100
AcDbPolyline
 90
2
 70
0
 10
33.407666666666664
 20
16.262749284330003
 10
33.407666666666664
 20
16.23114928433
  0
LWPOLYLINE
  5
D37
330
17
100
AcDbEntity
  8
PARTS
100
AcDbPolyline
 90
2
 70
0
 10
33.407666666666664
 20
16.23114928433
 10
33.407666666666664
 20
16.217149284330002
  0
LWPOLYLINE
  5
D38
330
17
100
AcDbEntity
  8
PARTS
100
AcDbPolyline
 90
2
 70
0
 10
33.407666666666664
 20
16.217149284330002
 10
33.407666666666664
 20
16.197249284330002
  0
LWPOLYLINE
  5
D39
330
17
100
AcDbEntity
  8
PARTS
100
AcDbPolyline
 90
2
 70
0
 10
33.407666666666664
 20
16.197249284330002
 10
33.407666666666664
 20
16.197249284330002
  0
LWPOLYLINE
  5
D3A
330
17
100
AcDbEntity
  8
PARTS
100
AcDbPolyline
 90
2
 70
0
 10
33.407666666666664
 20
16.197249284330002
 10
33.407666666666664
 20
16.197249284330002
  0
LWPOLYLINE
  5
D3B
330
17
100
AcDbEntity
  8
PARTS
100
AcDbPolyline
 90
2
 70
0
 10
33.407666666666664
 20
16.217149284330002
 10
33.406666666666666
 20
16.217149284330002
  0
LWPOLYLINE
  5
D3C
330
17
100
AcDbEntity
  8
PARTS
100
AcDbPolyline
 90
2
 70
0
 10
34.67816666666667
 20
16.179049284330002
 10
35.03366666666667
 20
16.179049284330002
  0
LWPOLYLINE
  5
D3D
330
17
100
AcDbEntity
  8
PARTS
100
AcDbPolyline
 90
2
 70
0
 10
34.67816666666667
 20
16.179049284330002
 10
34.67816666666667
 20
16.09904928433
  0
LWPOLYLINE
  5
D3E
330
17
100
AcDbEntity
  8
PARTS
100
AcDbPolyline
 90
2
 70
0
 10
34.67816666666667
 20
16.22644928433
 10
34.67816666666667
 20
16.179049284330002
  0
LWPOLYLINE
  5
D3F
330
17
100
AcDbEntity
  8
PARTS
100
AcDbPolyline
 90
2
 70
0
 10
34.67816666666667
 20
17.00904928433
 10
34.67816666666667
 20
16.22644928433
  0
LWPOLYLINE
  5
D40
330
17
100
AcDbEntity
  8
PARTS
100
AcDbPolyline
 90
2
 70
0
 10
34.67816666666667
 20
17.15154928433
 10
34.67816666666667
 20
17.00904928433
  0
LWPOLYLINE
  5
D41
330
17
100
AcDbEntity
  8
PARTS
100
AcDbPolyline
 90
2
 70
0
 10
26.38886666666667
 20
16.179049284330002
 10
26.512666666666664
 20
16.179049284330002
  0
LWPOLYLINE
  5
D42
330
17
100
AcDbEntity
  8
PARTS
100
AcDbPolyline
 90
2
 70
0
 10
26.38886666666667
 20
16.179049284330002
 10
26.38886666666667
 20
16.09904928433
  0
LWPOLYLINE
  5
D43
330
17
100
AcDbEntity
  8
PARTS
100
AcDbPolyline
 90
2
 70
0
 10
26.38886666666667
 20
16.22644928433
 10
26.38886666666667
 20
16.179049284330002
  0
LWPOLYLINE
  5
D44
330
17
100
AcDbEntity
  8
PARTS
100
AcDbPolyline
 90
2
 70
0
 10
26.988866666666667
 20
17.04974928433
 10
26.988866666666667
 20
16.45904928433
  0
LWPOLYLINE
  5
D45
330
17
100
AcDbEntity
  8
PARTS
100
AcDbPolyline
 90
2
 70
0
 10
26.38886666666667
 20
17.04974928433
 10
26.38886666666667
 20
16.22644928433
  0
LWPOLYLINE
  5
D46
330
17
100
AcDbEntity
  8
PARTS
100
AcDbPolyline
 90
2
 70
0
 10
26.988866666666667
 20
17.14474928433
 10
26.988866666666667
 20
17.04974928433
  0
LWPOLYLINE
  5
D47
330
17
100
AcDbEntity
  8
PARTS
100
AcDbPolyline
 90
2
 70
0
 10
26.38886666666667
 20
17.14474928433
 10
26.38886666666667
 20
17.04974928433
  0
LWPOLYLINE
  5
D48
330
17
100
AcDbEntity
  8
PARTS
100
AcDbPolyline
 90
2
 70
0
 10
33.628166666666665
 20
16.179049284330002
 10
33.628166666666665
 20
16.09904928433
  0
LWPOLYLINE
  5
D49
330
17
100
AcDbEntity
  8
PARTS
100
AcDbPolyline
 90
2
 70
0
 10
33.406666666666666
 20
16.179049284330002
 10
33.628166666666665
 20
16.179049284330002
  0
LWPOLYLINE
  5
D4A
330
17
100
AcDbEntity
  8
PARTS
100
AcDbPolyline
 90
2
 70
0
 10
33.628166666666665
 20
16.22644928433
 10
33.628166666666665
 20
16.179049284330002
  0
LWPOLYLINE
  5
D4B
330
17
100
AcDbEntity
  8
PARTS
100
AcDbPolyline
 90
2
 70
0
 10
33.628166666666665
 20
17.00904928433
 10
33.628166666666665
 20
16.22644928433
  0
LWPOLYLINE
  5
D4C
330
17
100
AcDbEntity
  8
PARTS
100
AcDbPolyline
 90
2
 70
0
 10
33.028166666666664
 20
17.00904928433
 10
33.028166666666664
 20
16.45904928433
  0
LWPOLYLINE
  5
D4D
330
17
100
AcDbEntity
  8
PARTS
100
AcDbPolyline
 90
2
 70
0
 10
33.628166666666665
 20
17.15154928433
 10
33.628166666666665
 20
17.00904928433
  0
LWPOLYLINE
  5
D4E
330
17
100
AcDbEntity
  8
PARTS
100
AcDbPolyline
 90
2
 70
0
 10
33.028166666666664
 20
17.15154928433
 10
33.028166666666664
 20
17.00904928433
  0
LWPOLYLINE
  5
D4F
330
17
100
AcDbEntity
  8
PARTS
100
AcDbPolyline
 90
2
 70
0
 10
31.978166666666667
 20
17.00904928433
 10
31.978166666666667
 20
16.45904928433
  0
LWPOLYLINE
  5
D50
330
17
100
AcDbEntity
  8
PARTS
100
AcDbPolyline
 90
2
 70
0
 10
31.37816666666667
 20
17.00904928433
 10
31.37816666666667
 20
16.45904928433
  0
LWPOLYLINE
  5
D51
330
17
100
AcDbEntity
  8
PARTS
100
AcDbPolyline
 90
2
 70
0
 10
31.978166666666667
 20
17.15154928433
 10
31.978166666666667
 20
17.00904928433
  0
LWPOLYLINE
  5
D52
330
17
100
AcDbEntity
  8
PARTS
100
AcDbPolyline
 90
2
 70
0
 10
31.37816666666667
 20
17.15154928433
 10
31.37816666666667
 20
17.00904928433
  0
LWPOLYLINE
  5
D53
330
17
100
AcDbEntity
  8
PARTS
100
AcDbPolyline
 90
2
 70
0
 10
49.463166666666666
 20
16.19904928433
 10
49.463166666666666
 20
16.09904928433
  0
LWPOLYLINE
  5
D54
330
17
100
AcDbEntity
  8
PARTS
100
AcDbPolyline
 90
2
 70
0
 10
48.863166666666665
 20
18.37314928433
 10
48.963166666666666
 20
18.37314928433
  0
LWPOLYLINE
  5
D55
330
17
100
AcDbEntity
  8
PARTS
100
AcDbPolyline
 90
2
 70
0
 10
48.863166666666665
 20
18.27314928433
 10
48.863166666666665
 20
16.19904928433
  0
LWPOLYLINE
  5
D56
330
17
100
AcDbEntity
  8
PARTS
100
AcDbPolyline
 90
2
 70
0
 10
48.863166666666665
 20
18.27314928433
 10
48.863166666666665
 20
18.37314928433
  0
LWPOLYLINE
  5
D57
330
17
100
AcDbEntity
  8
PARTS
100
AcDbPolyline
 90
2
 70
0
 10
49.463166666666666
 20
16.09904928433
 10
49.363166666666665
 20
16.09904928433
  0
LWPOLYLINE
  5
D58
330
17
100
AcDbEntity
  8
PARTS
100
AcDbPolyline
 90
2
 70
0
 10
48.963166666666666
 20
16.09904928433
 10
49.363166666666665
 20
16.09904928433
  0
LWPOLYLINE
  5
D59
330
17
100
AcDbEntity
  8
PARTS
100
AcDbPolyline
 90
2
 70
0
 10
49.363166666666665
 20
16.19904928433
 10
49.06316666666667
 20
16.19904928433
  0
LWPOLYLINE
  5
D5A
330
17
100
AcDbEntity
  8
PARTS
100
AcDbPolyline
 90
2
 70
0
 10
49.06316666666667
 20
16.19904928433
 10
48.963166666666666
 20
16.29904928433
  0
LWPOLYLINE
  5
D5B
330
17
100
AcDbEntity
  8
PARTS
100
AcDbPolyline
 90
2
 70
0
 10
48.963166666666666
 20
16.29904928433
 10
48.963166666666666
 20
18.27314928433
  0
LWPOLYLINE
  5
D5C
330
17
100
AcDbEntity
  8
PARTS
100
AcDbPolyline
 90
2
 70
0
 10
48.863166666666665
 20
16.19904928433
 10
48.963166666666666
 20
16.09904928433
  0
LWPOLYLINE
  5
D5D
330
17
100
AcDbEntity
  8
PARTS
100
AcDbPolyline
 90
2
 70
0
 10
48.963166666666666
 20
18.37314928433
 10
48.963166666666666
 20
18.27314928433
  0
LWPOLYLINE
  5
D5E
330
17
100
AcDbEntity
  8
PARTS
100
AcDbPolyline
 90
2
 70
0
 10
49.363166666666665
 20
16.19904928433
 10
49.463166666666666
 20
16.19904928433
  0
LWPOLYLINE
  5
D5F
330
17
100
AcDbEntity
  8
PARTS
100
AcDbPolyline
 90
2
 70
0
 10
21.353166666666667
 20
16.09904928433
 10
21.663666666666668
 20
16.09904928433
  0
LWPOLYLINE
  5
D60
330
17
100
AcDbEntity
  8
PARTS
100
AcDbPolyline
 90
2
 70
0
 10
22.46366666666667
 20
16.09904928433
 10
22.567666666666668
 20
16.09904928433
  0
LWPOLYLINE
  5
D61
330
17
100
AcDbEntity
  8
PARTS
100
AcDbPolyline
 90
2
 70
0
 10
22.817666666666668
 20
16.09904928433
 10
26.38886666666667
 20
16.09904928433
  0
LWPOLYLINE
  5
D62
330
17
100
AcDbEntity
  8
PARTS
100
AcDbPolyline
 90
2
 70
0
 10
27.012666666666664
 20
16.09904928433
 10
28.798666666666666
 20
16.09904928433
  0
LWPOLYLINE
  5
D63
330
17
100
AcDbEntity
  8
PARTS
100
AcDbPolyline
 90
2
 70
0
 10
29.679666666666666
 20
16.09904928433
 10
31.33866666666667
 20
16.09904928433
  0
LWPOLYLINE
  5
D64
330
17
100
AcDbEntity
  8
PARTS
100
AcDbPolyline
 90
2
 70
0
 10
32.092666666666666
 20
16.09904928433
 10
32.906666666666666
 20
16.09904928433
  0
LWPOLYLINE
  5
D65
330
17
100
AcDbEntity
  8
PARTS
100
AcDbPolyline
 90
2
 70
0
 10
33.628166666666665
 20
16.09904928433
 10
34.67816666666667
 20
16.09904928433
  0
LWPOLYLINE
  5
D66
330
17
100
AcDbEntity
  8
PARTS
100
AcDbPolyline
 90
2
 70
0
 10
35.278166666666664
 20
16.09904928433
 10
35.53366666666667
 20
16.09904928433
  0
LWPOLYLINE
  5
D67
330
17
100
AcDbEntity
  8
PARTS
100
AcDbPolyline
 90
2
 70
0
 10
35.78366666666667
 20
16.09904928433
 10
36.28366666666667
 20
16.09904928433
  0
LWPOLYLINE
  5
D68
330
17
100
AcDbEntity
  8
PARTS
100
AcDbPolyline
 90
2
 70
0
 10
36.983666666666664
 20
16.09904928433
 10
37.95336666666667
 20
16.09904928433
  0
LWPOLYLINE
  5
D69
330
17
100
AcDbEntity
  8
PARTS
100
AcDbPolyline
 90
2
 70
0
 10
38.45336666666667
 20
16.09904928433
 10
38.88816666666667
 20
16.09904928433
  0
LWPOLYLINE
  5
D6A
330
17
100
AcDbEntity
  8
PARTS
100
AcDbPolyline
 90
2
 70
0
 10
39.488166666666665
 20
16.09904928433
 10
40.73666666666667
 20
16.09904928433
  0
LWPOLYLINE
  5
D6B
330
17
100
AcDbEntity
  8
PARTS
100
AcDbPolyline
 90
2
 70
0
 10
41.23666666666667
 20
16.09904928433
 10
41.38816666666667
 20
16.09904928433
  0
LWPOLYLINE
  5
D6C
330
17
100
AcDbEntity
  8
PARTS
100
AcDbPolyline
 90
2
 70
0
 10
41.988166666666665
 20
16.09904928433
 10
42.51466666666666
 20
16.09904928433
  0
LWPOLYLINE
  5
D6D
330
17
100
AcDbEntity
  8
PARTS
100
AcDbPolyline
 90
2
 70
0
 10
43.01466666666666
 20
16.09904928433
 10
43.276666666666664
 20
16.09904928433
  0
LWPOLYLINE
  5
D6E
330
17
100
AcDbEntity
  8
PARTS
100
AcDbPolyline
 90
2
 70
0
 10
43.776666666666664
 20
16.09904928433
 10
43.78466666666666
 20
16.09904928433
  0
LWPOLYLINE
  5
D6F
330
17
100
AcDbEntity
  8
PARTS
100
AcDbPolyline
 90
2
 70
0
 10
44.413166666666676
 20
16.09904928433
 10
45.51316666666667
 20
16.09904928433
  0
LWPOLYLINE
  5
D70
330
17
100
AcDbEntity
  8
PARTS
100
AcDbPolyline
 90
2
 70
0
 10
46.113166666666665
 20
16.09904928433
 10
49.363166666666665
 20
16.09904928433
  0
LWPOLYLINE
  5
D71
330
17
100
AcDbEntity
  8
PARTS
100
AcDbPolyline
 90
2
 70
0
 10
49.463166666666666
 20
16.09904928433
 10
49.853166666666674
 20
16.09904928433
  0
LWPOLYLINE
  5
D72
330
17
100
AcDbEntity
  8
PARTS
100
AcDbPolyline
 90
2
 70
0
 10
49.853166666666674
 20
18.89904928433
 10
49.853166666666674
 20
16.09904928433
  0
LWPOLYLINE
  5
D73
330
17
100
AcDbEntity
  8
PARTS
100
AcDbPolyline
 90
2
 70
0
 10
21.353166666666667
 20
18.89904928433
 10
21.353166666666667
 20
16.09904928433
  0
LWPOLYLINE
  5
D74
330
17
100
AcDbEntity
  8
PARTS
100
AcDbPolyline
 90
2
 70
0
 10
45.51316666666667
 20
17.13004928433
 10
46.113166666666665
 20
17.13004928433
  0
LWPOLYLINE
  5
D75
330
17
100
AcDbEntity
  8
PARTS
100
AcDbPolyline
 90
2
 70
0
 10
43.81316666666667
 20
17.13004928433
 10
44.413166666666676
 20
17.13004928433
  0
LWPOLYLINE
  5
D76
330
17
100
AcDbEntity
  8
PARTS
100
AcDbPolyline
 90
2
 70
0
 10
41.38816666666667
 20
17.13004928433
 10
41.988166666666665
 20
17.13004928433
  0
LWPOLYLINE
  5
D77
330
17
100
AcDbEntity
  8
PARTS
100
AcDbPolyline
 90
2
 70
0
 10
38.88816666666667
 20
17.13004928433
 10
39.488166666666665
 20
17.13004928433
  0
LWPOLYLINE
  5
D78
330
17
100
AcDbEntity
  8
PARTS
100
AcDbPolyline
 90
2
 70
0
 10
28.87816666666667
 20
17.13004928433
 10
29.478166666666667
 20
17.13004928433
  0
LWPOLYLINE
  5
D79
330
17
100
AcDbEntity
  8
PARTS
100
AcDbPolyline
 90
2
 70
0
 10
21.353166666666667
 20
18.89904928433
 10
25.408066666666667
 20
18.89904928433
  0
LWPOLYLINE
  5
D7A
330
17
100
AcDbEntity
  8
PARTS
100
AcDbPolyline
 90
2
 70
0
 10
45.262166666666666
 20
18.89904928433
 10
49.853166666666674
 20
18.89904928433
  0
LWPOLYLINE
  5
D7B
330
17
100
AcDbEntity
  8
PARTS
100
AcDbPolyline
 90
2
 70
0
 10
49.95316666666667
 20
18.89904928433
 10
49.92636666666667
 20
18.89904928433
  0
LWPOLYLINE
  5
D7C
330
17
100
AcDbEntity
  8
PARTS
100
AcDbPolyline
 90
2
 70
0
 10
28.87816666666667
 20
17.13004928433
 10
28.87816666666667
 20
17.00904928433
  0
LWPOLYLINE
  5
D7D
330
17
100
AcDbEntity
  8
PARTS
100
AcDbPolyline
 90
2
 70
0
 10
29.478166666666667
 20
17.13004928433
 10
29.478166666666667
 20
17.00904928433
  0
LWPOLYLINE
  5
D7E
330
17
100
AcDbEntity
  8
PARTS
100
AcDbPolyline
 90
2
 70
0
 10
28.87816666666667
 20
17.00904928433
 10
28.87816666666667
 20
16.45904928433
  0
LWPOLYLINE
  5
D7F
330
17
100
AcDbEntity
  8
PARTS
100
AcDbPolyline
 90
2
 70
0
 10
29.478166666666667
 20
17.00904928433
 10
29.478166666666667
 20
16.45904928433
  0
LWPOLYLINE
  5
D80
330
17
100
AcDbEntity
  8
PARTS
100
AcDbPolyline
 90
2
 70
0
 10
38.88816666666667
 20
17.13004928433
 10
38.88816666666667
 20
17.00904928433
  0
LWPOLYLINE
  5
D81
330
17
100
AcDbEntity
  8
PARTS
100
AcDbPolyline
 90
2
 70
0
 10
39.488166666666665
 20
17.13004928433
 10
39.488166666666665
 20
17.00904928433
  0
LWPOLYLINE
  5
D82
330
17
100
AcDbEntity
  8
PARTS
100
AcDbPolyline
 90
2
 70
0
 10
38.88816666666667
 20
16.179049284330002
 10
38.88816666666667
 20
16.09904928433
  0
LWPOLYLINE
  5
D83
330
17
100
AcDbEntity
  8
PARTS
100
AcDbPolyline
 90
2
 70
0
 10
38.88816666666667
 20
16.22644928433
 10
38.88816666666667
 20
16.179049284330002
  0
LWPOLYLINE
  5
D84
330
17
100
AcDbEntity
  8
PARTS
100
AcDbPolyline
 90
2
 70
0
 10
38.88816666666667
 20
17.00904928433
 10
38.88816666666667
 20
16.22644928433
  0
LWPOLYLINE
  5
D85
330
17
100
AcDbEntity
  8
PARTS
100
AcDbPolyline
 90
2
 70
0
 10
39.488166666666665
 20
17.00904928433
 10
39.488166666666665
 20
16.22644928433
  0
LWPOLYLINE
  5
D86
330
17
100
AcDbEntity
  8
PARTS
100
AcDbPolyline
 90
2
 70
0
 10
39.488166666666665
 20
16.22644928433
 10
39.488166666666665
 20
16.179049284330002
  0
LWPOLYLINE
  5
D87
330
17
100
AcDbEntity
  8
PARTS
100
AcDbPolyline
 90
2
 70
0
 10
39.488166666666665
 20
16.179049284330002
 10
39.488166666666665
 20
16.09904928433
  0
LWPOLYLINE
  5
D88
330
17
100
AcDbEntity
  8
PARTS
100
AcDbPolyline
 90
2
 70
0
 10
38.88816666666667
 20
16.179049284330002
 10
39.488166666666665
 20
16.179049284330002
  0
LWPOLYLINE
  5
D89
330
17
100
AcDbEntity
  8
PARTS
100
AcDbPolyline
 90
2
 70
0
 10
41.38816666666667
 20
17.13004928433
 10
41.38816666666667
 20
17.00904928433
  0
LWPOLYLINE
  5
D8A
330
17
100
AcDbEntity
  8
PARTS
100
AcDbPolyline
 90
2
 70
0
 10
41.988166666666665
 20
17.13004928433
 10
41.988166666666665
 20
17.00904928433
  0
LWPOLYLINE
  5
D8B
330
17
100
AcDbEntity
  8
PARTS
100
AcDbPolyline
 90
2
 70
0
 10
41.38816666666667
 20
16.179049284330002
 10
41.38816666666667
 20
16.09904928433
  0
LWPOLYLINE
  5
D8C
330
17
100
AcDbEntity
  8
PARTS
100
AcDbPolyline
 90
2
 70
0
 10
41.38816666666667
 20
16.22644928433
 10
41.38816666666667
 20
16.179049284330002
  0
LWPOLYLINE
  5
D8D
330
17
100
AcDbEntity
  8
PARTS
100
AcDbPolyline
 90
2
 70
0
 10
41.38816666666667
 20
17.00904928433
 10
41.38816666666667
 20
16.22644928433
  0
LWPOLYLINE
  5
D8E
330
17
100
AcDbEntity
  8
PARTS
100
AcDbPolyline
 90
2
 70
0
 10
41.988166666666665
 20
17.00904928433
 10
41.988166666666665
 20
16.22644928433
  0
LWPOLYLINE
  5
D8F
330
17
100
AcDbEntity
  8
PARTS
100
AcDbPolyline
 90
2
 70
0
 10
41.988166666666665
 20
16.22644928433
 10
41.988166666666665
 20
16.179049284330002
  0
LWPOLYLINE
  5
D90
330
17
100
AcDbEntity
  8
PARTS
100
AcDbPolyline
 90
2
 70
0
 10
41.988166666666665
 20
16.179049284330002
 10
41.988166666666665
 20
16.09904928433
  0
LWPOLYLINE
  5
D91
330
17
100
AcDbEntity
  8
PARTS
100
AcDbPolyline
 90
2
 70
0
 10
41.38816666666667
 20
16.179049284330002
 10
41.988166666666665
 20
16.179049284330002
  0
LWPOLYLINE
  5
D92
330
17
100
AcDbEntity
  8
PARTS
100
AcDbPolyline
 90
2
 70
0
 10
43.81316666666667
 20
17.13004928433
 10
43.81316666666667
 20
17.00904928433
  0
LWPOLYLINE
  5
D93
330
17
100
AcDbEntity
  8
PARTS
100
AcDbPolyline
 90
2
 70
0
 10
44.413166666666676
 20
17.13004928433
 10
44.413166666666676
 20
17.00904928433
  0
LWPOLYLINE
  5
D94
330
17
100
AcDbEntity
  8
PARTS
100
AcDbPolyline
 90
2
 70
0
 10
43.81316666666667
 20
17.00904928433
 10
43.81316666666667
 20
16.45904928433
  0
LWPOLYLINE
  5
D95
330
17
100
AcDbEntity
  8
PARTS
100
AcDbPolyline
 90
2
 70
0
 10
44.413166666666676
 20
17.00904928433
 10
44.413166666666676
 20
16.22644928433
  0
LWPOLYLINE
  5
D96
330
17
100
AcDbEntity
  8
PARTS
100
AcDbPolyline
 90
2
 70
0
 10
44.413166666666676
 20
16.22644928433
 10
44.413166666666676
 20
16.179049284330002
  0
LWPOLYLINE
  5
D97
330
17
100
AcDbEntity
  8
PARTS
100
AcDbPolyline
 90
2
 70
0
 10
44.413166666666676
 20
16.179049284330002
 10
44.413166666666676
 20
16.09904928433
  0
LWPOLYLINE
  5
D98
330
17
100
AcDbEntity
  8
PARTS
100
AcDbPolyline
 90
2
 70
0
 10
44.28466666666666
 20
16.179049284330002
 10
44.413166666666676
 20
16.179049284330002
  0
LWPOLYLINE
  5
D99
330
17
100
AcDbEntity
  8
PARTS
100
AcDbPolyline
 90
2
 70
0
 10
45.51316666666667
 20
17.13004928433
 10
45.51316666666667
 20
17.00904928433
  0
LWPOLYLINE
  5
D9A
330
17
100
AcDbEntity
  8
PARTS
100
AcDbPolyline
 90
2
 70
0
 10
46.113166666666665
 20
17.13004928433
 10
46.113166666666665
 20
17.00904928433
  0
LWPOLYLINE
  5
D9B
330
17
100
AcDbEntity
  8
PARTS
100
AcDbPolyline
 90
2
 70
0
 10
45.51316666666667
 20
16.179049284330002
 10
45.51316666666667
 20
16.09904928433
  0
LWPOLYLINE
  5
D9C
330
17
100
AcDbEntity
  8
PARTS
100
AcDbPolyline
 90
2
 70
0
 10
45.51316666666667
 20
16.22644928433
 10
45.51316666666667
 20
16.179049284330002
  0
LWPOLYLINE
  5
D9D
330
17
100
AcDbEntity
  8
PARTS
100
AcDbPolyline
 90
2
 70
0
 10
45.51316666666667
 20
17.00904928433
 10
45.51316666666667
 20
16.22644928433
  0
LWPOLYLINE
  5
D9E
330
17
100
AcDbEntity
  8
PARTS
100
AcDbPolyline
 90
2
 70
0
 10
46.113166666666665
 20
17.00904928433
 10
46.113166666666665
 20
16.22644928433
  0
LWPOLYLINE
  5
D9F
330
17
100
AcDbEntity
  8
PARTS
100
AcDbPolyline
 90
2
 70
0
 10
46.113166666666665
 20
16.22644928433
 10
46.113166666666665
 20
16.179049284330002
  0
LWPOLYLINE
  5
DA0
330
17
100
AcDbEntity
  8
PARTS
100
AcDbPolyline
 90
2
 70
0
 10
46.113166666666665
 20
16.179049284330002
 10
46.113166666666665
 20
16.09904928433
  0
LWPOLYLINE
  5
DA1
330
17
100
AcDbEntity
  8
PARTS
100
AcDbPolyline
 90
2
 70
0
 10
45.51316666666667
 20
16.179049284330002
 10
46.113166666666665
 20
16.179049284330002
  0
LWPOLYLINE
  5
DA2
330
17
100
AcDbEntity
  8
PARTS
100
AcDbPolyline
 90
2
 70
0
 10
49.95316666666667
 20
18.89904928433
 10
49.95316666666667
 20
18.080149284330002
  0
LWPOLYLINE
  5
DA3
330
17
100
AcDbEntity
  8
PARTS
100
AcDbPolyline
 90
2
 70
0
 10
22.75316666666667
 20
18.99904928433
 10
21.453166666666664
 20
18.99904928433
  0
LWPOLYLINE
  5
DA4
330
17
100
AcDbEntity
  8
PARTS
100
AcDbPolyline
 90
2
 70
0
 10
24.014066666666665
 20
18.99904928433
 10
21.453166666666664
 20
18.99904928433
  0
LWPOLYLINE
  5
DA5
330
17
100
AcDbEntity
  8
PARTS
100
AcDbPolyline
 90
2
 70
0
 10
25.408066666666667
 20
18.99904928433
 10
21.453166666666664
 20
18.99904928433
  0
LWPOLYLINE
  5
DA6
330
17
100
AcDbEntity
  8
PARTS
100
AcDbPolyline
 90
2
 70
0
 10
25.408066666666667
 20
18.99904928433
 10
45.262166666666666
 20
18.99904928433
  0
LWPOLYLINE
  5
DA7
330
17
100
AcDbEntity
  8
PARTS
100
AcDbPolyline
 90
2
 70
0
 10
49.753166666666665
 20
18.99904928433
 10
45.262166666666666
 20
18.99904928433
  0
LWPOLYLINE
  5
DA8
330
17
100
AcDbEntity
  8
PARTS
100
AcDbPolyline
 90
2
 70
0
 10
49.753166666666665
 20
18.99904928433
 10
49.45316666666667
 20
18.99904928433
  0
LWPOLYLINE
  5
DA9
330
17
100
AcDbEntity
  8
PARTS
100
AcDbPolyline
 90
2
 70
0
 10
48.45316666666667
 20
18.99904928433
 10
49.753166666666665
 20
18.99904928433
  0
LWPOLYLINE
  5
DAA
330
17
100
AcDbEntity
  8
PARTS
100
AcDbPolyline
 90
2
 70
0
 10
49.952666666666666
 20
16.09904928433
 10
49.95316666666667
 20
16.109049284330002
  0
LWPOLYLINE
  5
DAB
330
17
100
AcDbEntity
  8
PARTS
100
AcDbPolyline
 90
2
 70
0
 10
49.95316666666667
 20
16.109049284330002
 10
49.95316666666667
 20
18.79904928433
  0
LWPOLYLINE
  5
DAC
330
17
100
AcDbEntity
  8
PARTS
100
AcDbPolyline
 90
4
 70
0
 10
49.95316666666667
 20
18.79904928433
 10
49.92636666666667
 20
18.89904928433
 10
49.853166666666674
 20
18.97224928433
 10
49.753166666666665
 20
18.99904928433
  0
LWPOLYLINE
  5
DAD
330
17
100
AcDbEntity
  8
PARTS
100
AcDbPolyline
 90
2
 70
0
 10
49.753166666666665
 20
18.89904928433
 10
45.262166666666666
 20
18.89904928433
  0
LWPOLYLINE
  5
DAE
330
17
100
AcDbEntity
  8
PARTS
100
AcDbPolyline
 90
2
 70
0
 10
49.853166666666674
 20
18.79904928433
 10
49.753166666666665
 20
18.89904928433
  0
LWPOLYLINE
  5
DAF
330
17
100
AcDbEntity
  8
PARTS
100
AcDbPolyline
 90
2
 70
0
 10
49.853166666666674
 20
16.09904928433
 10
49.853166666666674
 20
18.79904928433
  0
LWPOLYLINE
  5
DB0
330
17
100
AcDbEntity
  8
PARTS
100
AcDbPolyline
 90
2
 70
0
 10
21.353166666666667
 20
18.79904928433
 10
21.353166666666667
 20
16.09904928433
  0
LWPOLYLINE
  5
DB1
330
17
100
AcDbEntity
  8
PARTS
100
AcDbPolyline
 90
2
 70
0
 10
21.453166666666664
 20
18.89904928433
 10
21.353166666666667
 20
18.79904928433
  0
LWPOLYLINE
  5
DB2
330
17
100
AcDbEntity
  8
PARTS
100
AcDbPolyline
 90
2
 70
0
 10
25.408066666666667
 20
18.89904928433
 10
21.453166666666664
 20
18.89904928433
  0
LWPOLYLINE
  5
DB3
330
17
100
AcDbEntity
  8
PARTS
100
AcDbPolyline
 90
4
 70
0
 10
21.453166666666664
 20
18.99904928433
 10
21.353166666666667
 20
18.97224928433
 10
21.279966666666667
 20
18.89904928433
 10
21.25316666666667
 20
18.79904928433
  0
LWPOLYLINE
  5
DB4
330
17
100
AcDbEntity
  8
PARTS
100
AcDbPolyline
 90
2
 70
0
 10
21.25316666666667
 20
18.79904928433
 10
21.25316666666667
 20
16.109049284330002
  0
LWPOLYLINE
  5
DB5
330
17
100
AcDbEntity
  8
PARTS
100
AcDbPolyline
 90
2
 70
0
 10
21.25316666666667
 20
18.699049284330002
 10
21.25316666666667
 20
18.79904928433
  0
LWPOLYLINE
  5
DB6
330
17
100
AcDbEntity
  8
PARTS
100
AcDbPolyline
 90
2
 70
0
 10
21.25316666666667
 20
18.080149284330002
 10
21.25316666666667
 20
18.79904928433
  0
LWPOLYLINE
  5
DB7
330
17
100
AcDbEntity
  8
PARTS
100
AcDbPolyline
 90
2
 70
0
 10
21.25316666666667
 20
16.109049284330002
 10
21.253666666666668
 20
16.09904928433
  0
LWPOLYLINE
  5
DB8
330
17
100
AcDbEntity
  8
PARTS
100
AcDbPolyline
 90
2
 70
0
 10
49.95316666666667
 20
18.080149284330002
 10
49.95316666666667
 20
18.79904928433
  0
LWPOLYLINE
  5
DB9
330
17
100
AcDbEntity
  8
PARTS
100
AcDbPolyline
 90
2
 70
0
 10
45.262166666666666
 20
18.99904928433
 10
45.262166666666666
 20
18.89904928433
  0
LWPOLYLINE
  5
DBA
330
17
100
AcDbEntity
  8
PARTS
100
AcDbPolyline
 90
2
 70
0
 10
45.262166666666666
 20
17.86994928433
 10
45.262166666666666
 20
18.89904928433
  0
LWPOLYLINE
  5
DBB
330
17
100
AcDbEntity
  8
PARTS
100
AcDbPolyline
 90
2
 70
0
 10
25.408066666666667
 20
18.89904928433
 10
25.408066666666667
 20
17.86994928433
  0
LWPOLYLINE
  5
DBC
330
17
100
AcDbEntity
  8
PARTS
100
AcDbPolyline
 90
2
 70
0
 10
25.408066666666667
 20
18.89904928433
 10
25.408066666666667
 20
18.99904928433
  0
LWPOLYLINE
  5
DBD
330
17
100
AcDbEntity
  8
PARTS
100
AcDbPolyline
 90
2
 70
0
 10
25.408066666666667
 20
17.86994928433
 10
45.262166666666666
 20
17.86994928433
  0
LWPOLYLINE
  5
DBE
330
17
100
AcDbEntity
  8
PARTS
100
AcDbPolyline
 90
2
 70
0
 10
35.41806666666667
 20
19.00004928433
 10
35.41806666666667
 20
18.99904928433
  0
LWPOLYLINE
  5
DBF
330
17
100
AcDbEntity
  8
PARTS
100
AcDbPolyline
 90
2
 70
0
 10
35.41806666666667
 20
19.00004928433
 10
35.66096666666667
 20
19.00004928433
  0
LWPOLYLINE
  5
DC0
330
17
100
AcDbEntity
  8
PARTS
100
AcDbPolyline
 90
2
 70
0
 10
35.66096666666667
 20
19.00004928433
 10
35.66096666666667
 20
18.99904928433
  0
LWPOLYLINE
  5
DC1
330
17
100
AcDbEntity
  8
PARTS
100
AcDbPolyline
 90
2
 70
0
 10
35.73976666666667
 20
19.00004928433
 10
35.73976666666667
 20
18.99904928433
  0
LWPOLYLINE
  5
DC2
330
17
100
AcDbEntity
  8
PARTS
100
AcDbPolyline
 90
2
 70
0
 10
35.66096666666667
 20
19.00004928433
 10
35.73976666666667
 20
19.00004928433
  0
LWPOLYLINE
  5
DC3
330
17
100
AcDbEntity
  8
PARTS
100
AcDbPolyline
 90
2
 70
0
 10
34.93626666666667
 20
19.00004928433
 10
34.93626666666667
 20
18.99904928433
  0
LWPOLYLINE
  5
DC4
330
17
100
AcDbEntity
  8
PARTS
100
AcDbPolyline
 90
2
 70
0
 10
34.93626666666667
 20
19.00004928433
 10
35.080866666666665
 20
19.00004928433
  0
LWPOLYLINE
  5
DC5
330
17
100
AcDbEntity
  8
PARTS
100
AcDbPolyline
 90
3
 70
0
 10
35.080866666666665
 20
19.00004928433
 10
35.19286666666667
 20
19.00004928433
 10
35.304966666666665
 20
19.00004928433
  0
LWPOLYLINE
  5
DC6
330
17
100
AcDbEntity
  8
PARTS
100
AcDbPolyline
 90
2
 70
0
 10
35.304966666666665
 20
19.00004928433
 10
35.39306666666667
 20
19.00004928433
  0
LWPOLYLINE
  5
DC7
330
17
100
AcDbEntity
  8
PARTS
100
AcDbPolyline
 90
2
 70
0
 10
35.39306666666667
 20
19.00004928433
 10
35.39306666666667
 20
18.99904928433
  0
LWPOLYLINE
  5
DC8
330
17
100
AcDbEntity
  8
PARTS
100
AcDbPolyline
 90
2
 70
0
 10
34.48596666666666
 20
19.00004928433
 10
34.48596666666666
 20
18.99904928433
  0
LWPOLYLINE
  5
DC9
330
17
100
AcDbEntity
  8
PARTS
100
AcDbPolyline
 90
2
 70
0
 10
34.48596666666666
 20
19.00004928433
 10
34.49986666666667
 20
19.00004928433
  0
LWPOLYLINE
  5
DCA
330
17
100
AcDbEntity
  8
PARTS
100
AcDbPolyline
 90
2
 70
0
 10
34.49986666666667
 20
19.00004928433
 10
34.49986666666667
 20
18.99904928433
  0
LWPOLYLINE
  5
DCB
330
17
100
AcDbEntity
  8
PARTS
100
AcDbPolyline
 90
2
 70
0
 10
34.814166666666665
 20
19.00004928433
 10
34.814166666666665
 20
18.99904928433
  0
LWPOLYLINE
  5
DCC
330
17
100
AcDbEntity
  8
PARTS
100
AcDbPolyline
 90
2
 70
0
 10
34.49986666666667
 20
19.00004928433
 10
34.814166666666665
 20
19.00004928433
  0
LWPOLYLINE
  5
DCD
330
17
100
AcDbEntity
  8
PARTS
100
AcDbPolyline
 90
2
 70
0
 10
33.87396666666667
 20
19.00004928433
 10
33.96596666666667
 20
19.00004928433
  0
LWPOLYLINE
  5
DCE
330
17
100
AcDbEntity
  8
PARTS
100
AcDbPolyline
 90
3
 70
0
 10
33.96596666666667
 20
19.00004928433
 10
34.08136666666667
 20
19.00004928433
 10
34.196666666666665
 20
19.00004928433
  0
LWPOLYLINE
  5
DCF
330
17
100
AcDbEntity
  8
PARTS
100
AcDbPolyline
 90
2
 70
0
 10
34.196666666666665
 20
19.00004928433
 10
34.37076666666667
 20
19.00004928433
  0
LWPOLYLINE
  5
DD0
330
17
100
AcDbEntity
  8
PARTS
100
AcDbPolyline
 90
2
 70
0
 10
33.87396666666667
 20
19.00004928433
 10
33.87396666666667
 20
18.99904928433
  0
LWPOLYLINE
  5
DD1
330
17
100
AcDbEntity
  8
PARTS
100
AcDbPolyline
 90
2
 70
0
 10
34.37076666666667
 20
19.00004928433
 10
34.37076666666667
 20
18.99904928433
  0
LWPOLYLINE
  5
DD2
330
17
100
AcDbEntity
  8
PARTS
100
AcDbPolyline
 90
2
 70
0
 10
33.29116666666667
 20
19.00004928433
 10
33.52356666666667
 20
19.00004928433
  0
LWPOLYLINE
  5
DD3
330
17
100
AcDbEntity
  8
PARTS
100
AcDbPolyline
 90
2
 70
0
 10
33.52356666666667
 20
19.00004928433
 10
33.60776666666667
 20
19.00004928433
  0
LWPOLYLINE
  5
DD4
330
17
100
AcDbEntity
  8
PARTS
100
AcDbPolyline
 90
2
 70
0
 10
33.60776666666667
 20
19.00004928433
 10
33.84016666666667
 20
19.00004928433
  0
LWPOLYLINE
  5
DD5
330
17
100
AcDbEntity
  8
PARTS
100
AcDbPolyline
 90
2
 70
0
 10
33.52356666666667
 20
19.00004928433
 10
33.52356666666667
 20
18.99904928433
  0
LWPOLYLINE
  5
DD6
330
17
100
AcDbEntity
  8
PARTS
100
AcDbPolyline
 90
2
 70
0
 10
33.29116666666667
 20
19.00004928433
 10
33.29116666666667
 20
18.99904928433
  0
LWPOLYLINE
  5
DD7
330
17
100
AcDbEntity
  8
PARTS
100
AcDbPolyline
 90
2
 70
0
 10
33.60776666666667
 20
19.00004928433
 10
33.60776666666667
 20
18.99904928433
  0
LWPOLYLINE
  5
DD8
330
17
100
AcDbEntity
  8
PARTS
100
AcDbPolyline
 90
2
 70
0
 10
33.84016666666667
 20
19.00004928433
 10
33.84016666666667
 20
18.99904928433
  0
LWPOLYLINE
  5
DD9
330
17
100
AcDbEntity
  8
PARTS
100
AcDbPolyline
 90
2
 70
0
 10
35.41166666666667
 20
19.00004928433
 10
35.41166666666667
 20
18.99904928433
  0
LWPOLYLINE
  5
DDA
330
17
100
AcDbEntity
  8
PARTS
100
AcDbPolyline
 90
2
 70
0
 10
35.41166666666667
 20
19.00004928433
 10
35.41806666666667
 20
19.00004928433
  0
LWPOLYLINE
  5
DDB
330
17
100
AcDbEntity
  8
PARTS
100
AcDbPolyline
 90
2
 70
0
 10
34.88426666666667
 20
19.00004928433
 10
34.88476666666667
 20
19.00004928433
  0
LWPOLYLINE
  5
DDC
330
17
100
AcDbEntity
  8
PARTS
100
AcDbPolyline
 90
2
 70
0
 10
34.88476666666667
 20
19.00004928433
 10
34.88476666666667
 20
18.99904928433
  0
LWPOLYLINE
  5
DDD
330
17
100
AcDbEntity
  8
PARTS
100
AcDbPolyline
 90
2
 70
0
 10
34.814166666666665
 20
19.00004928433
 10
34.835366666666665
 20
19.00004928433
  0
LWPOLYLINE
  5
DDE
330
17
100
AcDbEntity
  8
PARTS
100
AcDbPolyline
 90
2
 70
0
 10
34.835366666666665
 20
19.00004928433
 10
34.88426666666667
 20
19.00004928433
  0
LWPOLYLINE
  5
DDF
330
17
100
AcDbEntity
  8
PARTS
100
AcDbPolyline
 90
2
 70
0
 10
34.88426666666667
 20
19.00004928433
 10
34.88426666666667
 20
18.99904928433
  0
LWPOLYLINE
  5
DE0
330
17
100
AcDbEntity
  8
PARTS
100
AcDbPolyline
 90
2
 70
0
 10
34.46526666666667
 20
19.00004928433
 10
34.46526666666667
 20
18.99904928433
  0
LWPOLYLINE
  5
DE1
330
17
100
AcDbEntity
  8
PARTS
100
AcDbPolyline
 90
2
 70
0
 10
34.37076666666667
 20
19.00004928433
 10
34.46526666666667
 20
19.00004928433
  0
LWPOLYLINE
  5
DE2
330
17
100
AcDbEntity
  8
PARTS
100
AcDbPolyline
 90
2
 70
0
 10
34.46526666666667
 20
19.00004928433
 10
34.48596666666666
 20
19.00004928433
  0
LWPOLYLINE
  5
DE3
330
17
100
AcDbEntity
  8
PARTS
100
AcDbPolyline
 90
2
 70
0
 10
33.84016666666667
 20
19.00004928433
 10
33.87396666666667
 20
19.00004928433
  0
LWPOLYLINE
  5
DE4
330
17
100
AcDbEntity
  8
PARTS
100
AcDbPolyline
 90
2
 70
0
 10
33.10986666666667
 20
19.00004928433
 10
33.201966666666664
 20
19.00004928433
  0
LWPOLYLINE
  5
DE5
330
17
100
AcDbEntity
  8
PARTS
100
AcDbPolyline
 90
2
 70
0
 10
33.201966666666664
 20
19.00004928433
 10
33.29116666666667
 20
19.00004928433
  0
LWPOLYLINE
  5
DE6
330
17
100
AcDbEntity
  8
PARTS
100
AcDbPolyline
 90
2
 70
0
 10
33.10986666666667
 20
19.00004928433
 10
33.10986666666667
 20
18.99904928433
  0
LWPOLYLINE
  5
DE7
330
17
100
AcDbEntity
  8
PARTS
100
AcDbPolyline
 90
2
 70
0
 10
32.52706666666666
 20
19.00004928433
 10
32.75946666666667
 20
19.00004928433
  0
LWPOLYLINE
  5
DE8
330
17
100
AcDbEntity
  8
PARTS
100
AcDbPolyline
 90
2
 70
0
 10
32.75946666666667
 20
19.00004928433
 10
32.84366666666667
 20
19.00004928433
  0
LWPOLYLINE
  5
DE9
330
17
100
AcDbEntity
  8
PARTS
100
AcDbPolyline
 90
2
 70
0
 10
32.84366666666667
 20
19.00004928433
 10
33.07606666666667
 20
19.00004928433
  0
LWPOLYLINE
  5
DEA
330
17
100
AcDbEntity
  8
PARTS
100
AcDbPolyline
 90
2
 70
0
 10
32.75946666666667
 20
19.00004928433
 10
32.75946666666667
 20
18.99904928433
  0
LWPOLYLINE
  5
DEB
330
17
100
AcDbEntity
  8
PARTS
100
AcDbPolyline
 90
2
 70
0
 10
32.52706666666666
 20
19.00004928433
 10
32.52706666666666
 20
18.99904928433
  0
LWPOLYLINE
  5
DEC
330
17
100
AcDbEntity
  8
PARTS
100
AcDbPolyline
 90
2
 70
0
 10
32.84366666666667
 20
19.00004928433
 10
32.84366666666667
 20
18.99904928433
  0
LWPOLYLINE
  5
DED
330
17
100
AcDbEntity
  8
PARTS
100
AcDbPolyline
 90
2
 70
0
 10
33.07606666666667
 20
19.00004928433
 10
33.07606666666667
 20
18.99904928433
  0
LWPOLYLINE
  5
DEE
330
17
100
AcDbEntity
  8
PARTS
100
AcDbPolyline
 90
5
 70
0
 10
36.239466666666665
 20
19.00004928433
 10
36.34686666666666
 20
19.00004928433
 10
36.454166666666666
 20
19.00004928433
 10
36.561566666666664
 20
19.00004928433
 10
36.668866666666666
 20
19.00004928433
  0
LWPOLYLINE
  5
DEF
330
17
100
AcDbEntity
  8
PARTS
100
AcDbPolyline
 90
3
 70
0
 10
36.668866666666666
 20
19.00004928433
 10
36.78606666666666
 20
19.00004928433
 10
36.903166666666664
 20
19.00004928433
  0
LWPOLYLINE
  5
DF0
330
17
100
AcDbEntity
  8
PARTS
100
AcDbPolyline
 90
6
 70
0
 10
36.903166666666664
 20
19.00004928433
 10
37.021166666666666
 20
19.00004928433
 10
37.13916666666667
 20
19.00004928433
 10
37.25716666666667
 20
19.00004928433
 10
37.375166666666665
 20
19.00004928433
 10
37.49316666666667
 20
19.00004928433
  0
LWPOLYLINE
  5
DF1
330
17
100
AcDbEntity
  8
PARTS
100
AcDbPolyline
 90
6
 70
0
 10
37.49316666666667
 20
19.00004928433
 10
37.59726666666666
 20
19.00004928433
 10
37.701366666666665
 20
19.00004928433
 10
37.80546666666667
 20
19.00004928433
 10
37.90956666666667
 20
19.00004928433
 10
38.013666666666666
 20
19.00004928433
  0
LWPOLYLINE
  5
DF2
330
17
100
AcDbEntity
  8
PARTS
100
AcDbPolyline
 90
2
 70
0
 10
38.013666666666666
 20
19.00004928433
 10
38.204566666666665
 20
19.00004928433
  0
LWPOLYLINE
  5
DF3
330
17
100
AcDbEntity
  8
PARTS
100
AcDbPolyline
 90
2
 70
0
 10
38.204566666666665
 20
19.00004928433
 10
38.30436666666667
 20
19.00004928433
  0
LWPOLYLINE
  5
DF4
330
17
100
AcDbEntity
  8
PARTS
100
AcDbPolyline
 90
5
 70
0
 10
38.30436666666667
 20
19.00004928433
 10
38.429066666666664
 20
19.00004928433
 10
38.55376666666667
 20
19.00004928433
 10
38.67846666666667
 20
19.00004928433
 10
38.80316666666667
 20
19.00004928433
  0
LWPOLYLINE
  5
DF5
330
17
100
AcDbEntity
  8
PARTS
100
AcDbPolyline
 90
3
 70
0
 10
38.80316666666667
 20
19.00004928433
 10
38.905166666666666
 20
19.00004928433
 10
39.00706666666667
 20
19.00004928433
  0
LWPOLYLINE
  5
DF6
330
17
100
AcDbEntity
  8
PARTS
100
AcDbPolyline
 90
2
 70
0
 10
36.239466666666665
 20
19.00004928433
 10
36.239466666666665
 20
18.99904928433
  0
LWPOLYLINE
  5
DF7
330
17
100
AcDbEntity
  8
PARTS
100
AcDbPolyline
 90
2
 70
0
 10
36.668866666666666
 20
19.00004928433
 10
36.668866666666666
 20
18.99904928433
  0
LWPOLYLINE
  5
DF8
330
17
100
AcDbEntity
  8
PARTS
100
AcDbPolyline
 90
2
 70
0
 10
36.903166666666664
 20
19.00004928433
 10
36.903166666666664
 20
18.99904928433
  0
LWPOLYLINE
  5
DF9
330
17
100
AcDbEntity
  8
PARTS
100
AcDbPolyline
 90
2
 70
0
 10
38.204566666666665
 20
19.00004928433
 10
38.204566666666665
 20
18.99904928433
  0
LWPOLYLINE
  5
DFA
330
17
100
AcDbEntity
  8
PARTS
100
AcDbPolyline
 90
2
 70
0
 10
39.00706666666667
 20
19.00004928433
 10
39.00706666666667
 20
18.99904928433
  0
LWPOLYLINE
  5
DFB
330
17
100
AcDbEntity
  8
PARTS
100
AcDbPolyline
 90
2
 70
0
 10
36.610166666666665
 20
17.32904928433
 10
35.457166666666666
 20
17.32904928433
  0
LWPOLYLINE
  5
DFC
330
17
100
AcDbEntity
  8
PARTS
100
AcDbPolyline
 90
2
 70
0
 10
36.983666666666664
 20
16.14904928433
 10
36.983666666666664
 20
16.09904928433
  0
LWPOLYLINE
  5
DFD
330
17
100
AcDbEntity
  8
PARTS
100
AcDbPolyline
 90
2
 70
0
 10
36.833666666666666
 20
16.14904928433
 10
36.983666666666664
 20
16.14904928433
  0
LWPOLYLINE
  5
DFE
330
17
100
AcDbEntity
  8
PARTS
100
AcDbPolyline
 90
2
 70
0
 10
36.983666666666664
 20
16.14904928433
 10
36.983666666666664
 20
17.34904928433
  0
LWPOLYLINE
  5
DFF
330
17
100
AcDbEntity
  8
PARTS
100
AcDbPolyline
 90
2
 70
0
 10
36.983666666666664
 20
17.34904928433
 10
36.61566666666667
 20
17.34904928433
  0
LWPOLYLINE
  5
E00
330
17
100
AcDbEntity
  8
PARTS
100
AcDbPolyline
 90
2
 70
0
 10
36.983666666666664
 20
17.39904928433
 10
36.983666666666664
 20
17.34904928433
  0
LWPOLYLINE
  5
E01
330
17
100
AcDbEntity
  8
PARTS
100
AcDbPolyline
 90
2
 70
0
 10
35.451766666666664
 20
17.34904928433
 10
35.083666666666666
 20
17.34904928433
  0
LWPOLYLINE
  5
E02
330
17
100
AcDbEntity
  8
PARTS
100
AcDbPolyline
 90
2
 70
0
 10
35.083666666666666
 20
17.34904928433
 10
35.083666666666666
 20
16.14904928433
  0
LWPOLYLINE
  5
E03
330
17
100
AcDbEntity
  8
PARTS
100
AcDbPolyline
 90
2
 70
0
 10
35.083666666666666
 20
16.14904928433
 10
35.233666666666664
 20
16.14904928433
  0
LWPOLYLINE
  5
E04
330
17
100
AcDbEntity
  8
PARTS
100
AcDbPolyline
 90
2
 70
0
 10
35.083666666666666
 20
17.34904928433
 10
35.083666666666666
 20
17.39904928433
  0
LWPOLYLINE
  5
E05
330
17
100
AcDbEntity
  8
PARTS
100
AcDbPolyline
 90
2
 70
0
 10
35.083666666666666
 20
16.14904928433
 10
35.03366666666667
 20
16.14904928433
  0
LWPOLYLINE
  5
E06
330
17
100
AcDbEntity
  8
PARTS
100
AcDbPolyline
 90
2
 70
0
 10
35.03366666666667
 20
17.34904928433
 10
35.083666666666666
 20
17.34904928433
  0
LWPOLYLINE
  5
E07
330
17
100
AcDbEntity
  8
PARTS
100
AcDbPolyline
 90
2
 70
0
 10
35.083666666666666
 20
16.09904928433
 10
35.083666666666666
 20
16.14904928433
  0
LWPOLYLINE
  5
E08
330
17
100
AcDbEntity
  8
PARTS
100
AcDbPolyline
 90
2
 70
0
 10
36.98376666666667
 20
16.09904928433
 10
37.03366666666667
 20
16.14904928433
  0
LWPOLYLINE
  5
E09
330
17
100
AcDbEntity
  8
PARTS
100
AcDbPolyline
 90
2
 70
0
 10
37.03366666666667
 20
17.34904928433
 10
36.983666666666664
 20
17.39904928433
  0
LWPOLYLINE
  5
E0A
330
17
100
AcDbEntity
  8
PARTS
100
AcDbPolyline
 90
2
 70
0
 10
36.983666666666664
 20
16.14904928433
 10
37.03366666666667
 20
16.14904928433
  0
LWPOLYLINE
  5
E0B
330
17
100
AcDbEntity
  8
PARTS
100
AcDbPolyline
 90
2
 70
0
 10
37.03366666666667
 20
17.34904928433
 10
36.983666666666664
 20
17.34904928433
  0
LWPOLYLINE
  5
E0C
330
17
100
AcDbEntity
  8
PARTS
100
AcDbPolyline
 90
2
 70
0
 10
35.48396666666667
 20
16.11904928433
 10
35.53366666666667
 20
16.11904928433
  0
LWPOLYLINE
  5
E0D
330
17
100
AcDbEntity
  8
PARTS
100
AcDbPolyline
 90
2
 70
0
 10
35.78366666666667
 20
16.11904928433
 10
36.28366666666667
 20
16.11904928433
  0
LWPOLYLINE
  5
E0E
330
17
100
AcDbEntity
  8
PARTS
100
AcDbPolyline
 90
2
 70
0
 10
36.53366666666667
 20
16.11904928433
 10
36.58336666666667
 20
16.11904928433
  0
LWPOLYLINE
  5
E0F
330
17
100
AcDbEntity
  8
PARTS
100
AcDbPolyline
 90
2
 70
0
 10
36.58186666666666
 20
16.879049284329998
 10
35.48546666666667
 20
16.879049284329998
  0
LWPOLYLINE
  5
E10
330
17
100
AcDbEntity
  8
PARTS
100
AcDbPolyline
 90
2
 70
0
 10
36.58336666666667
 20
16.11904928433
 10
36.81366666666667
 20
16.11904928433
  0
LWPOLYLINE
  5
E11
330
17
100
AcDbEntity
  8
PARTS
100
AcDbPolyline
 90
2
 70
0
 10
36.81366666666667
 20
16.11904928433
 10
36.81366666666667
 20
16.09904928433
  0
LWPOLYLINE
  5
E12
330
17
100
AcDbEntity
  8
PARTS
100
AcDbPolyline
 90
2
 70
0
 10
36.81366666666667
 20
16.11904928433
 10
36.81366666666667
 20
16.879049284329998
  0
LWPOLYLINE
  5
E13
330
17
100
AcDbEntity
  8
PARTS
100
AcDbPolyline
 90
2
 70
0
 10
36.81366666666667
 20
16.879049284329998
 10
36.58186666666666
 20
16.879049284329998
  0
LWPOLYLINE
  5
E14
330
17
100
AcDbEntity
  8
PARTS
100
AcDbPolyline
 90
2
 70
0
 10
36.81366666666667
 20
16.89904928433
 10
36.81366666666667
 20
16.879049284329998
  0
LWPOLYLINE
  5
E15
330
17
100
AcDbEntity
  8
PARTS
100
AcDbPolyline
 90
2
 70
0
 10
35.48546666666667
 20
16.879049284329998
 10
35.25366666666667
 20
16.879049284329998
  0
LWPOLYLINE
  5
E16
330
17
100
AcDbEntity
  8
PARTS
100
AcDbPolyline
 90
2
 70
0
 10
35.25366666666667
 20
16.879049284329998
 10
35.25366666666667
 20
16.11904928433
  0
LWPOLYLINE
  5
E17
330
17
100
AcDbEntity
  8
PARTS
100
AcDbPolyline
 90
2
 70
0
 10
35.25366666666667
 20
16.11904928433
 10
35.48396666666667
 20
16.11904928433
  0
LWPOLYLINE
  5
E18
330
17
100
AcDbEntity
  8
PARTS
100
AcDbPolyline
 90
2
 70
0
 10
35.25366666666667
 20
16.879049284329998
 10
35.25366666666667
 20
16.89904928433
  0
LWPOLYLINE
  5
E19
330
17
100
AcDbEntity
  8
PARTS
100
AcDbPolyline
 90
2
 70
0
 10
35.25366666666667
 20
16.11904928433
 10
35.233666666666664
 20
16.11904928433
  0
LWPOLYLINE
  5
E1A
330
17
100
AcDbEntity
  8
PARTS
100
AcDbPolyline
 90
2
 70
0
 10
35.233666666666664
 20
16.879049284329998
 10
35.25366666666667
 20
16.879049284329998
  0
LWPOLYLINE
  5
E1B
330
17
100
AcDbEntity
  8
PARTS
100
AcDbPolyline
 90
2
 70
0
 10
35.25366666666667
 20
16.09904928433
 10
35.25366666666667
 20
16.11904928433
  0
LWPOLYLINE
  5
E1C
330
17
100
AcDbEntity
  8
PARTS
100
AcDbPolyline
 90
2
 70
0
 10
36.81366666666667
 20
16.09904928433
 10
36.833666666666666
 20
16.11904928433
  0
LWPOLYLINE
  5
E1D
330
17
100
AcDbEntity
  8
PARTS
100
AcDbPolyline
 90
2
 70
0
 10
36.833666666666666
 20
16.879049284329998
 10
36.81366666666667
 20
16.89904928433
  0
LWPOLYLINE
  5
E1E
330
17
100
AcDbEntity
  8
PARTS
100
AcDbPolyline
 90
2
 70
0
 10
36.81366666666667
 20
16.11904928433
 10
36.833666666666666
 20
16.11904928433
  0
LWPOLYLINE
  5
E1F
330
17
100
AcDbEntity
  8
PARTS
100
AcDbPolyline
 90
2
 70
0
 10
36.833666666666666
 20
16.879049284329998
 10
36.81366666666667
 20
16.879049284329998
  0
LWPOLYLINE
  5
E20
330
17
100
AcDbEntity
  8
PARTS
100
AcDbPolyline
 90
2
 70
0
 10
21.71366666666667
 20
16.41774928433
 10
21.71366666666667
 20
16.27904928433
  0
LWPOLYLINE
  5
E21
330
17
100
AcDbEntity
  8
PARTS
100
AcDbPolyline
 90
2
 70
0
 10
22.413666666666668
 20
16.41774928433
 10
22.413666666666668
 20
16.27904928433
  0
LWPOLYLINE
  5
E22
330
17
100
AcDbEntity
  8
PARTS
100
AcDbPolyline
 90
2
 70
0
 10
22.413666666666668
 20
16.41774928433
 10
21.71366666666667
 20
16.41774928433
  0
LWPOLYLINE
  5
E23
330
17
100
AcDbEntity
  8
PARTS
100
AcDbPolyline
 90
2
 70
0
 10
21.653666666666666
 20
16.13914928433
 10
21.663666666666668
 20
16.13914928433
  0
LWPOLYLINE
  5
E24
330
17
100
AcDbEntity
  8
PARTS
100
AcDbPolyline
 90
2
 70
0
 10
32.09366666666667
 20
16.33234928433
 10
32.092666666666666
 20
16.33234928433
  0
LWPOLYLINE
  5
E25
330
17
100
AcDbEntity
  8
PARTS
100
AcDbPolyline
 90
2
 70
0
 10
32.09366666666667
 20
16.32124928433
 10
32.092666666666666
 20
16.32124928433
  0
LWPOLYLINE
  5
E26
330
17
100
AcDbEntity
  8
PARTS
100
AcDbPolyline
 90
2
 70
0
 10
32.09366666666667
 20
16.30924928433
 10
32.092666666666666
 20
16.30924928433
  0
LWPOLYLINE
  5
E27
330
17
100
AcDbEntity
  8
PARTS
100
AcDbPolyline
 90
2
 70
0
 10
32.09366666666667
 20
16.29564928433
 10
32.092666666666666
 20
16.29564928433
  0
LWPOLYLINE
  5
E28
330
17
100
AcDbEntity
  8
PARTS
100
AcDbPolyline
 90
2
 70
0
 10
32.09366666666667
 20
16.262749284330003
 10
32.092666666666666
 20
16.262749284330003
  0
LWPOLYLINE
  5
E29
330
17
100
AcDbEntity
  8
PARTS
100
AcDbPolyline
 90
2
 70
0
 10
32.09366666666667
 20
16.23114928433
 10
32.092666666666666
 20
16.23114928433
  0
LWPOLYLINE
  5
E2A
330
17
100
AcDbEntity
  8
PARTS
100
AcDbPolyline
 90
2
 70
0
 10
32.09366666666667
 20
16.197249284330002
 10
32.092666666666666
 20
16.197249284330002
  0
LWPOLYLINE
  5
E2B
330
17
100
AcDbEntity
  8
PARTS
100
AcDbPolyline
 90
2
 70
0
 10
38.454366666666665
 20
16.33234928433
 10
38.45336666666667
 20
16.33234928433
  0
LWPOLYLINE
  5
E2C
330
17
100
AcDbEntity
  8
PARTS
100
AcDbPolyline
 90
2
 70
0
 10
38.454366666666665
 20
16.32124928433
 10
38.45336666666667
 20
16.32124928433
  0
LWPOLYLINE
  5
E2D
330
17
100
AcDbEntity
  8
PARTS
100
AcDbPolyline
 90
2
 70
0
 10
38.454366666666665
 20
16.30924928433
 10
38.45336666666667
 20
16.30924928433
  0
LWPOLYLINE
  5
E2E
330
17
100
AcDbEntity
  8
PARTS
100
AcDbPolyline
 90
2
 70
0
 10
38.454366666666665
 20
16.29564928433
 10
38.45336666666667
 20
16.29564928433
  0
LWPOLYLINE
  5
E2F
330
17
100
AcDbEntity
  8
PARTS
100
AcDbPolyline
 90
2
 70
0
 10
38.454366666666665
 20
16.262749284330003
 10
38.45336666666667
 20
16.262749284330003
  0
LWPOLYLINE
  5
E30
330
17
100
AcDbEntity
  8
PARTS
100
AcDbPolyline
 90
2
 70
0
 10
38.454366666666665
 20
16.23114928433
 10
38.45336666666667
 20
16.23114928433
  0
LWPOLYLINE
  5
E31
330
17
100
AcDbEntity
  8
PARTS
100
AcDbPolyline
 90
2
 70
0
 10
38.454366666666665
 20
16.197249284330002
 10
38.45336666666667
 20
16.197249284330002
  0
LWPOLYLINE
  5
E32
330
17
100
AcDbEntity
  8
PARTS
100
AcDbPolyline
 90
2
 70
0
 10
41.23766666666667
 20
16.33234928433
 10
41.23666666666667
 20
16.33234928433
  0
LWPOLYLINE
  5
E33
330
17
100
AcDbEntity
  8
PARTS
100
AcDbPolyline
 90
2
 70
0
 10
41.23766666666667
 20
16.32124928433
 10
41.23666666666667
 20
16.32124928433
  0
LWPOLYLINE
  5
E34
330
17
100
AcDbEntity
  8
PARTS
100
AcDbPolyline
 90
2
 70
0
 10
41.23766666666667
 20
16.30924928433
 10
41.23666666666667
 20
16.30924928433
  0
LWPOLYLINE
  5
E35
330
17
100
AcDbEntity
  8
PARTS
100
AcDbPolyline
 90
2
 70
0
 10
41.23766666666667
 20
16.29564928433
 10
41.23666666666667
 20
16.29564928433
  0
LWPOLYLINE
  5
E36
330
17
100
AcDbEntity
  8
PARTS
100
AcDbPolyline
 90
2
 70
0
 10
41.23766666666667
 20
16.262749284330003
 10
41.23666666666667
 20
16.262749284330003
  0
LWPOLYLINE
  5
E37
330
17
100
AcDbEntity
  8
PARTS
100
AcDbPolyline
 90
2
 70
0
 10
41.23766666666667
 20
16.23114928433
 10
41.23666666666667
 20
16.23114928433
  0
LWPOLYLINE
  5
E38
330
17
100
AcDbEntity
  8
PARTS
100
AcDbPolyline
 90
2
 70
0
 10
41.23766666666667
 20
16.197249284330002
 10
41.23666666666667
 20
16.197249284330002
  0
LWPOLYLINE
  5
E39
330
17
100
AcDbEntity
  8
PARTS
100
AcDbPolyline
 90
2
 70
0
 10
43.01566666666667
 20
16.33234928433
 10
43.01466666666666
 20
16.33234928433
  0
LWPOLYLINE
  5
E3A
330
17
100
AcDbEntity
  8
PARTS
100
AcDbPolyline
 90
2
 70
0
 10
43.01566666666667
 20
16.32124928433
 10
43.01466666666666
 20
16.32124928433
  0
LWPOLYLINE
  5
E3B
330
17
100
AcDbEntity
  8
PARTS
100
AcDbPolyline
 90
2
 70
0
 10
43.01566666666667
 20
16.30924928433
 10
43.01466666666666
 20
16.30924928433
  0
LWPOLYLINE
  5
E3C
330
17
100
AcDbEntity
  8
PARTS
100
AcDbPolyline
 90
2
 70
0
 10
43.01566666666667
 20
16.29564928433
 10
43.01466666666666
 20
16.29564928433
  0
LWPOLYLINE
  5
E3D
330
17
100
AcDbEntity
  8
PARTS
100
AcDbPolyline
 90
2
 70
0
 10
43.01566666666667
 20
16.262749284330003
 10
43.01466666666666
 20
16.262749284330003
  0
LWPOLYLINE
  5
E3E
330
17
100
AcDbEntity
  8
PARTS
100
AcDbPolyline
 90
2
 70
0
 10
43.01566666666667
 20
16.23114928433
 10
43.01466666666666
 20
16.23114928433
  0
LWPOLYLINE
  5
E3F
330
17
100
AcDbEntity
  8
PARTS
100
AcDbPolyline
 90
2
 70
0
 10
43.01566666666667
 20
16.197249284330002
 10
43.01466666666666
 20
16.197249284330002
  0
LWPOLYLINE
  5
E40
330
17
100
AcDbEntity
  8
PARTS
100
AcDbPolyline
 90
2
 70
0
 10
29.680666666666667
 20
16.33234928433
 10
29.679666666666666
 20
16.33234928433
  0
LWPOLYLINE
  5
E41
330
17
100
AcDbEntity
  8
PARTS
100
AcDbPolyline
 90
2
 70
0
 10
29.680666666666667
 20
16.32124928433
 10
29.679666666666666
 20
16.32124928433
  0
LWPOLYLINE
  5
E42
330
17
100
AcDbEntity
  8
PARTS
100
AcDbPolyline
 90
2
 70
0
 10
29.680666666666667
 20
16.30924928433
 10
29.679666666666666
 20
16.30924928433
  0
LWPOLYLINE
  5
E43
330
17
100
AcDbEntity
  8
PARTS
100
AcDbPolyline
 90
2
 70
0
 10
29.680666666666667
 20
16.29564928433
 10
29.679666666666666
 20
16.29564928433
  0
LWPOLYLINE
  5
E44
330
17
100
AcDbEntity
  8
PARTS
100
AcDbPolyline
 90
2
 70
0
 10
29.680666666666667
 20
16.262749284330003
 10
29.679666666666666
 20
16.262749284330003
  0
LWPOLYLINE
  5
E45
330
17
100
AcDbEntity
  8
PARTS
100
AcDbPolyline
 90
2
 70
0
 10
29.680666666666667
 20
16.23114928433
 10
29.679666666666666
 20
16.23114928433
  0
LWPOLYLINE
  5
E46
330
17
100
AcDbEntity
  8
PARTS
100
AcDbPolyline
 90
2
 70
0
 10
29.680666666666667
 20
16.197249284330002
 10
29.679666666666666
 20
16.197249284330002
  0
LWPOLYLINE
  5
E47
330
17
100
AcDbEntity
  8
PARTS
100
AcDbPolyline
 90
2
 70
0
 10
43.77766666666667
 20
16.33234928433
 10
43.776666666666664
 20
16.33234928433
  0
LWPOLYLINE
  5
E48
330
17
100
AcDbEntity
  8
PARTS
100
AcDbPolyline
 90
2
 70
0
 10
43.77766666666667
 20
16.32124928433
 10
43.776666666666664
 20
16.32124928433
  0
LWPOLYLINE
  5
E49
330
17
100
AcDbEntity
  8
PARTS
100
AcDbPolyline
 90
2
 70
0
 10
43.77766666666667
 20
16.30924928433
 10
43.776666666666664
 20
16.30924928433
  0
LWPOLYLINE
  5
E4A
330
17
100
AcDbEntity
  8
PARTS
100
AcDbPolyline
 90
2
 70
0
 10
43.77766666666667
 20
16.29564928433
 10
43.776666666666664
 20
16.29564928433
  0
LWPOLYLINE
  5
E4B
330
17
100
AcDbEntity
  8
PARTS
100
AcDbPolyline
 90
2
 70
0
 10
43.77766666666667
 20
16.262749284330003
 10
43.776666666666664
 20
16.262749284330003
  0
LWPOLYLINE
  5
E4C
330
17
100
AcDbEntity
  8
PARTS
100
AcDbPolyline
 90
2
 70
0
 10
43.77766666666667
 20
16.23114928433
 10
43.776666666666664
 20
16.23114928433
  0
LWPOLYLINE
  5
E4D
330
17
100
AcDbEntity
  8
PARTS
100
AcDbPolyline
 90
2
 70
0
 10
43.77766666666667
 20
16.197249284330002
 10
43.776666666666664
 20
16.197249284330002
  0
LWPOLYLINE
  5
E4E
330
17
100
AcDbEntity
  8
PARTS
100
AcDbPolyline
 90
2
 70
0
 10
27.013666666666666
 20
16.33234928433
 10
27.012666666666664
 20
16.33234928433
  0
LWPOLYLINE
  5
E4F
330
17
100
AcDbEntity
  8
PARTS
100
AcDbPolyline
 90
2
 70
0
 10
27.013666666666666
 20
16.32124928433
 10
27.012666666666664
 20
16.32124928433
  0
LWPOLYLINE
  5
E50
330
17
100
AcDbEntity
  8
PARTS
100
AcDbPolyline
 90
2
 70
0
 10
27.013666666666666
 20
16.30924928433
 10
27.012666666666664
 20
16.30924928433
  0
LWPOLYLINE
  5
E51
330
17
100
AcDbEntity
  8
PARTS
100
AcDbPolyline
 90
2
 70
0
 10
27.013666666666666
 20
16.29564928433
 10
27.012666666666664
 20
16.29564928433
  0
LWPOLYLINE
  5
E52
330
17
100
AcDbEntity
  8
PARTS
100
AcDbPolyline
 90
2
 70
0
 10
27.013666666666666
 20
16.262749284330003
 10
27.012666666666664
 20
16.262749284330003
  0
LWPOLYLINE
  5
E53
330
17
100
AcDbEntity
  8
PARTS
100
AcDbPolyline
 90
2
 70
0
 10
27.013666666666666
 20
16.23114928433
 10
27.012666666666664
 20
16.23114928433
  0
LWPOLYLINE
  5
E54
330
17
100
AcDbEntity
  8
PARTS
100
AcDbPolyline
 90
2
 70
0
 10
27.013666666666666
 20
16.197249284330002
 10
27.012666666666664
 20
16.197249284330002
  0
LWPOLYLINE
  5
E55
330
17
100
AcDbEntity
  8
PARTS
100
AcDbPolyline
 90
2
 70
0
 10
43.78366666666667
 20
16.320949284330002
 10
43.78466666666666
 20
16.320949284330002
  0
LWPOLYLINE
  5
E56
330
17
100
AcDbEntity
  8
PARTS
100
AcDbPolyline
 90
2
 70
0
 10
43.78366666666667
 20
16.31984928433
 10
43.78466666666666
 20
16.31984928433
  0
LWPOLYLINE
  5
E57
330
17
100
AcDbEntity
  8
PARTS
100
AcDbPolyline
 90
2
 70
0
 10
43.78366666666667
 20
16.20104928433
 10
43.78466666666666
 20
16.20104928433
  0
LWPOLYLINE
  5
E58
330
17
100
AcDbEntity
  8
PARTS
100
AcDbPolyline
 90
2
 70
0
 10
43.78366666666667
 20
16.21034928433
 10
43.78466666666666
 20
16.21034928433
  0
LWPOLYLINE
  5
E59
330
17
100
AcDbEntity
  8
PARTS
100
AcDbPolyline
 90
2
 70
0
 10
43.78366666666667
 20
16.25494928433
 10
43.78466666666666
 20
16.25494928433
  0
LWPOLYLINE
  5
E5A
330
17
100
AcDbEntity
  8
PARTS
100
AcDbPolyline
 90
2
 70
0
 10
43.78366666666667
 20
16.33234928433
 10
43.78466666666666
 20
16.33234928433
  0
LWPOLYLINE
  5
E5B
330
17
100
AcDbEntity
  8
PARTS
100
AcDbPolyline
 90
2
 70
0
 10
43.78366666666667
 20
16.197249284330002
 10
43.78466666666666
 20
16.197249284330002
  0
LWPOLYLINE
  5
E5C
330
17
100
AcDbEntity
  8
PARTS
100
AcDbPolyline
 90
2
 70
0
 10
33.407666666666664
 20
16.33234928433
 10
33.406666666666666
 20
16.33234928433
  0
LWPOLYLINE
  5
E5D
330
17
100
AcDbEntity
  8
PARTS
100
AcDbPolyline
 90
2
 70
0
 10
33.407666666666664
 20
16.32124928433
 10
33.406666666666666
 20
16.32124928433
  0
LWPOLYLINE
  5
E5E
330
17
100
AcDbEntity
  8
PARTS
100
AcDbPolyline
 90
2
 70
0
 10
33.407666666666664
 20
16.30924928433
 10
33.406666666666666
 20
16.30924928433
  0
LWPOLYLINE
  5
E5F
330
17
100
AcDbEntity
  8
PARTS
100
AcDbPolyline
 90
2
 70
0
 10
33.407666666666664
 20
16.29564928433
 10
33.406666666666666
 20
16.29564928433
  0
LWPOLYLINE
  5
E60
330
17
100
AcDbEntity
  8
PARTS
100
AcDbPolyline
 90
2
 70
0
 10
33.407666666666664
 20
16.262749284330003
 10
33.406666666666666
 20
16.262749284330003
  0
LWPOLYLINE
  5
E61
330
17
100
AcDbEntity
  8
PARTS
100
AcDbPolyline
 90
2
 70
0
 10
33.407666666666664
 20
16.23114928433
 10
33.406666666666666
 20
16.23114928433
  0
LWPOLYLINE
  5
E62
330
17
100
AcDbEntity
  8
PARTS
100
AcDbPolyline
 90
2
 70
0
 10
33.407666666666664
 20
16.197249284330002
 10
33.406666666666666
 20
16.197249284330002
  0
LWPOLYLINE
  5
E63
330
17
100
AcDbEntity
  8
PARTS
100
AcDbPolyline
 90
2
 70
0
 10
34.67816666666667
 20
16.22644928433
 10
35.03366666666667
 20
16.22644928433
  0
LWPOLYLINE
  5
E64
330
17
100
AcDbEntity
  8
PARTS
100
AcDbPolyline
 90
2
 70
0
 10
34.67816666666667
 20
17.00904928433
 10
35.03366666666667
 20
17.00904928433
  0
LWPOLYLINE
  5
E65
330
17
100
AcDbEntity
  8
PARTS
100
AcDbPolyline
 90
2
 70
0
 10
26.38886666666667
 20
16.22644928433
 10
26.512666666666664
 20
16.22644928433
  0
LWPOLYLINE
  5
E66
330
17
100
AcDbEntity
  8
PARTS
100
AcDbPolyline
 90
2
 70
0
 10
26.38886666666667
 20
17.04974928433
 10
26.988866666666667
 20
17.04974928433
  0
LWPOLYLINE
  5
E67
330
17
100
AcDbEntity
  8
PARTS
100
AcDbPolyline
 90
2
 70
0
 10
33.407666666666664
 20
16.22644928433
 10
33.628166666666665
 20
16.22644928433
  0
LWPOLYLINE
  5
E68
330
17
100
AcDbEntity
  8
PARTS
100
AcDbPolyline
 90
2
 70
0
 10
33.028166666666664
 20
17.00904928433
 10
33.628166666666665
 20
17.00904928433
  0
LWPOLYLINE
  5
E69
330
17
100
AcDbEntity
  8
PARTS
100
AcDbPolyline
 90
2
 70
0
 10
31.37816666666667
 20
17.00904928433
 10
31.978166666666667
 20
17.00904928433
  0
LWPOLYLINE
  5
E6A
330
17
100
AcDbEntity
  8
PARTS
100
AcDbPolyline
 90
2
 70
0
 10
49.363166666666665
 20
16.09904928433
 10
49.363166666666665
 20
16.19904928433
  0
LWPOLYLINE
  5
E6B
330
17
100
AcDbEntity
  8
PARTS
100
AcDbPolyline
 90
2
 70
0
 10
48.963166666666666
 20
18.27314928433
 10
48.863166666666665
 20
18.27314928433
  0
LWPOLYLINE
  5
E6C
330
17
100
AcDbEntity
  8
PARTS
100
AcDbPolyline
 90
2
 70
0
 10
28.87816666666667
 20
17.00904928433
 10
29.478166666666667
 20
17.00904928433
  0
LWPOLYLINE
  5
E6D
330
17
100
AcDbEntity
  8
PARTS
100
AcDbPolyline
 90
2
 70
0
 10
38.88816666666667
 20
17.00904928433
 10
39.488166666666665
 20
17.00904928433
  0
LWPOLYLINE
  5
E6E
330
17
100
AcDbEntity
  8
PARTS
100
AcDbPolyline
 90
2
 70
0
 10
38.88816666666667
 20
16.22644928433
 10
39.488166666666665
 20
16.22644928433
  0
LWPOLYLINE
  5
E6F
330
17
100
AcDbEntity
  8
PARTS
100
AcDbPolyline
 90
2
 70
0
 10
41.38816666666667
 20
17.00904928433
 10
41.988166666666665
 20
17.00904928433
  0
LWPOLYLINE
  5
E70
330
17
100
AcDbEntity
  8
PARTS
100
AcDbPolyline
 90
2
 70
0
 10
41.38816666666667
 20
16.22644928433
 10
41.988166666666665
 20
16.22644928433
  0
LWPOLYLINE
  5
E71
330
17
100
AcDbEntity
  8
PARTS
100
AcDbPolyline
 90
2
 70
0
 10
43.81316666666667
 20
17.00904928433
 10
44.413166666666676
 20
17.00904928433
  0
LWPOLYLINE
  5
E72
330
17
100
AcDbEntity
  8
PARTS
100
AcDbPolyline
 90
2
 70
0
 10
44.28466666666666
 20
16.22644928433
 10
44.413166666666676
 20
16.22644928433
  0
LWPOLYLINE
  5
E73
330
17
100
AcDbEntity
  8
PARTS
100
AcDbPolyline
 90
2
 70
0
 10
45.51316666666667
 20
17.00904928433
 10
46.113166666666665
 20
17.00904928433
  0
LWPOLYLINE
  5
E74
330
17
100
AcDbEntity
  8
PARTS
100
AcDbPolyline
 90
2
 70
0
 10
45.51316666666667
 20
16.22644928433
 10
46.113166666666665
 20
16.22644928433
  0
LWPOLYLINE
  5
E75
330
17
100
AcDbEntity
  8
PARTS
100
AcDbPolyline
 90
2
 70
0
 10
45.262166666666666
 20
18.89904928433
 10
25.408066666666667
 20
18.89904928433
  0
LWPOLYLINE
  5
E76
330
17
100
AcDbEntity
  8
PARTS
100
AcDbPolyline
 90
2
 70
0
 10
35.080866666666665
 20
19.00004928433
 10
35.080866666666665
 20
18.99904928433
  0
LWPOLYLINE
  5
E77
330
17
100
AcDbEntity
  8
PARTS
100
AcDbPolyline
 90
2
 70
0
 10
35.304966666666665
 20
19.00004928433
 10
35.304966666666665
 20
18.99904928433
  0
LWPOLYLINE
  5
E78
330
17
100
AcDbEntity
  8
PARTS
100
AcDbPolyline
 90
2
 70
0
 10
33.96596666666667
 20
19.00004928433
 10
33.96596666666667
 20
18.99904928433
  0
LWPOLYLINE
  5
E79
330
17
100
AcDbEntity
  8
PARTS
100
AcDbPolyline
 90
2
 70
0
 10
34.196666666666665
 20
19.00004928433
 10
34.196666666666665
 20
18.99904928433
  0
LWPOLYLINE
  5
E7A
330
17
100
AcDbEntity
  8
PARTS
100
AcDbPolyline
 90
2
 70
0
 10
34.835366666666665
 20
19.00004928433
 10
34.835366666666665
 20
18.99904928433
  0
LWPOLYLINE
  5
E7B
330
17
100
AcDbEntity
  8
PARTS
100
AcDbPolyline
 90
2
 70
0
 10
33.201966666666664
 20
19.00004928433
 10
33.201966666666664
 20
18.99904928433
  0
LWPOLYLINE
  5
E7C
330
17
100
AcDbEntity
  8
PARTS
100
AcDbPolyline
 90
2
 70
0
 10
37.49316666666667
 20
19.00004928433
 10
37.49316666666667
 20
18.99904928433
  0
LWPOLYLINE
  5
E7D
330
17
100
AcDbEntity
  8
PARTS
100
AcDbPolyline
 90
2
 70
0
 10
38.013666666666666
 20
19.00004928433
 10
38.013666666666666
 20
18.99904928433
  0
LWPOLYLINE
  5
E7E
330
17
100
AcDbEntity
  8
PARTS
100
AcDbPolyline
 90
2
 70
0
 10
38.30436666666667
 20
19.00004928433
 10
38.30436666666667
 20
18.99904928433
  0
LWPOLYLINE
  5
E7F
330
17
100
AcDbEntity
  8
PARTS
100
AcDbPolyline
 90
2
 70
0
 10
38.80316666666667
 20
19.00004928433
 10
38.80316666666667
 20
18.99904928433
  0
LWPOLYLINE
  5
E80
330
17
100
AcDbEntity
  8
PARTS
100
AcDbPolyline
 90
2
 70
0
 10
35.53366666666667
 20
17.379049284329998
 10
35.53366666666667
 20
17.39904928433
  0
LWPOLYLINE
  5
E81
330
17
100
AcDbEntity
  8
PARTS
100
AcDbPolyline
 90
2
 70
0
 10
36.53366666666667
 20
17.379049284329998
 10
36.53366666666667
 20
17.39904928433
  0
LWPOLYLINE
  5
E82
330
17
100
AcDbEntity
  8
PARTS
100
AcDbPolyline
 90
2
 70
0
 10
35.53366666666667
 20
16.88904928433
 10
35.53366666666667
 20
16.89904928433
  0
LWPOLYLINE
  5
E83
330
17
100
AcDbEntity
  8
PARTS
100
AcDbPolyline
 90
2
 70
0
 10
36.53366666666667
 20
16.88904928433
 10
36.53366666666667
 20
16.89904928433
  0
LWPOLYLINE
  5
E84
330
17
100
AcDbEntity
  8
PARTS
100
AcDbPolyline
 90
2
 70
0
 10
21.67856666666667
 20
16.42964928433
 10
21.678866666666664
 20
16.43134928433
  0
LWPOLYLINE
  5
E85
330
17
100
AcDbEntity
  8
PARTS
100
AcDbPolyline
 90
2
 70
0
 10
21.709666666666667
 20
16.48354928433
 10
21.709766666666667
 20
16.48364928433
  0
LWPOLYLINE
  5
E86
330
17
100
AcDbEntity
  8
PARTS
100
AcDbPolyline
 90
2
 70
0
 10
21.70996666666667
 20
16.483849284330002
 10
21.711266666666663
 20
16.48494928433
  0
LWPOLYLINE
  5
E87
330
17
100
AcDbEntity
  8
PARTS
100
AcDbPolyline
 90
2
 70
0
 10
21.711466666666666
 20
16.48514928433
 10
21.711566666666666
 20
16.48514928433
  0
LWPOLYLINE
  5
E88
330
17
100
AcDbEntity
  8
PARTS
100
AcDbPolyline
 90
2
 70
0
 10
21.711766666666666
 20
16.485349284330002
 10
21.711766666666666
 20
16.485349284330002
  0
LWPOLYLINE
  5
E89
330
17
100
AcDbEntity
  8
PARTS
100
AcDbPolyline
 90
2
 70
0
 10
21.711966666666665
 20
16.485549284330002
 10
21.711966666666665
 20
16.485549284330002
  0
LWPOLYLINE
  5
E8A
330
17
100
AcDbEntity
  8
PARTS
100
AcDbPolyline
 90
2
 70
0
 10
21.712166666666665
 20
16.485649284329998
 10
21.712166666666665
 20
16.48574928433
  0
LWPOLYLINE
  5
E8B
330
17
100
AcDbEntity
  8
PARTS
100
AcDbPolyline
 90
2
 70
0
 10
21.712366666666668
 20
16.48584928433
 10
21.712366666666668
 20
16.48594928433
  0
LWPOLYLINE
  5
E8C
330
17
100
AcDbEntity
  8
PARTS
100
AcDbPolyline
 90
2
 70
0
 10
21.712566666666664
 20
16.48604928433
 10
21.712666666666667
 20
16.48614928433
  0
LWPOLYLINE
  5
E8D
330
17
100
AcDbEntity
  8
PARTS
100
AcDbPolyline
 90
2
 70
0
 10
21.712766666666667
 20
16.48624928433
 10
21.712866666666667
 20
16.48634928433
  0
LWPOLYLINE
  5
E8E
330
17
100
AcDbEntity
  8
PARTS
100
AcDbPolyline
 90
2
 70
0
 10
21.71296666666667
 20
16.48634928433
 10
21.713066666666666
 20
16.48644928433
  0
LWPOLYLINE
  5
E8F
330
17
100
AcDbEntity
  8
PARTS
100
AcDbPolyline
 90
2
 70
0
 10
21.713166666666666
 20
16.48654928433
 10
21.713266666666666
 20
16.48664928433
  0
LWPOLYLINE
  5
E90
330
17
100
AcDbEntity
  8
PARTS
100
AcDbPolyline
 90
2
 70
0
 10
21.71336666666667
 20
16.48674928433
 10
21.713466666666665
 20
16.486849284330003
  0
LWPOLYLINE
  5
E91
330
17
100
AcDbEntity
  8
PARTS
100
AcDbPolyline
 90
2
 70
0
 10
21.713566666666665
 20
16.48694928433
 10
21.713766666666668
 20
16.487049284330002
  0
LWPOLYLINE
  5
E92
330
17
100
AcDbEntity
  8
PARTS
100
AcDbPolyline
 90
2
 70
0
 10
21.713866666666664
 20
16.487049284330002
 10
21.714166666666667
 20
16.487349284329998
  0
LWPOLYLINE
  5
E93
330
17
100
AcDbEntity
  8
PARTS
100
AcDbPolyline
 90
2
 70
0
 10
21.714166666666667
 20
16.487349284329998
 10
21.714366666666667
 20
16.48754928433
  0
LWPOLYLINE
  5
E94
330
17
100
AcDbEntity
  8
PARTS
100
AcDbPolyline
 90
2
 70
0
 10
21.714366666666667
 20
16.48754928433
 10
21.714766666666666
 20
16.48784928433
  0
LWPOLYLINE
  5
E95
330
17
100
AcDbEntity
  8
PARTS
100
AcDbPolyline
 90
2
 70
0
 10
21.71496666666667
 20
16.48794928433
 10
21.715966666666663
 20
16.48874928433
  0
LWPOLYLINE
  5
E96
330
17
100
AcDbEntity
  8
PARTS
100
AcDbPolyline
 90
2
 70
0
 10
21.717966666666666
 20
16.49024928433
 10
21.717966666666666
 20
16.49024928433
  0
LWPOLYLINE
  5
E97
330
17
100
AcDbEntity
  8
PARTS
100
AcDbPolyline
 90
2
 70
0
 10
21.719466666666666
 20
16.49124928433
 10
21.719466666666666
 20
16.49124928433
  0
LWPOLYLINE
  5
E98
330
17
100
AcDbEntity
  8
PARTS
100
AcDbPolyline
 90
2
 70
0
 10
21.720066666666668
 20
16.49164928433
 10
21.720066666666668
 20
16.49164928433
  0
LWPOLYLINE
  5
E99
330
17
100
AcDbEntity
  8
PARTS
100
AcDbPolyline
 90
2
 70
0
 10
21.724666666666668
 20
16.494549284330002
 10
21.724666666666668
 20
16.494549284330002
  0
LWPOLYLINE
  5
E9A
330
17
100
AcDbEntity
  8
PARTS
100
AcDbPolyline
 90
2
 70
0
 10
21.724966666666663
 20
16.494749284330002
 10
21.726166666666668
 20
16.49544928433
  0
LWPOLYLINE
  5
E9B
330
17
100
AcDbEntity
  8
PARTS
100
AcDbPolyline
 90
2
 70
0
 10
21.732966666666666
 20
16.49894928433
 10
21.738966666666666
 20
16.50154928433
  0
LWPOLYLINE
  5
E9C
330
17
100
AcDbEntity
  8
PARTS
100
AcDbPolyline
 90
2
 70
0
 10
21.740566666666666
 20
16.502249284330002
 10
21.741766666666667
 20
16.50264928433
  0
LWPOLYLINE
  5
E9D
330
17
100
AcDbEntity
  8
PARTS
100
AcDbPolyline
 90
2
 70
0
 10
21.74246666666667
 20
16.50294928433
 10
21.744466666666668
 20
16.503549284330003
  0
LWPOLYLINE
  5
E9E
330
17
100
AcDbEntity
  8
PARTS
100
AcDbPolyline
 90
2
 70
0
 10
21.746166666666667
 20
16.50414928433
 10
21.746166666666667
 20
16.50414928433
  0
LWPOLYLINE
  5
E9F
330
17
100
AcDbEntity
  8
PARTS
100
AcDbPolyline
 90
2
 70
0
 10
21.746666666666666
 20
16.50434928433
 10
21.746666666666666
 20
16.50434928433
  0
LWPOLYLINE
  5
EA0
330
17
100
AcDbEntity
  8
PARTS
100
AcDbPolyline
 90
2
 70
0
 10
21.74716666666667
 20
16.50444928433
 10
21.74716666666667
 20
16.50444928433
  0
LWPOLYLINE
  5
EA1
330
17
100
AcDbEntity
  8
PARTS
100
AcDbPolyline
 90
2
 70
0
 10
21.774466666666665
 20
16.50894928433
 10
21.776266666666668
 20
16.50904928433
  0
LWPOLYLINE
  5
EA2
330
17
100
AcDbEntity
  8
PARTS
100
AcDbPolyline
 90
2
 70
0
 10
21.676666666666666
 20
16.41774928433
 10
21.67996666666667
 20
16.43564928433
  0
LWPOLYLINE
  5
EA3
330
17
100
AcDbEntity
  8
PARTS
100
AcDbPolyline
 90
2
 70
0
 10
21.709766666666667
 20
16.48364928433
 10
21.776266666666668
 20
16.50904928433
  0
LWPOLYLINE
  5
EA4
330
17
100
AcDbEntity
  8
PARTS
100
AcDbPolyline
 90
2
 70
0
 10
21.696866666666665
 20
16.46974928433
 10
21.702366666666666
 20
16.476349284330002
  0
LWPOLYLINE
  5
EA5
330
17
100
AcDbEntity
  8
PARTS
100
AcDbPolyline
 90
2
 70
0
 10
21.686366666666668
 20
16.45274928433
 10
21.687866666666665
 20
16.45564928433
  0
LWPOLYLINE
  5
EA6
330
17
100
AcDbEntity
  8
PARTS
100
AcDbPolyline
 90
2
 70
0
 10
22.450666666666667
 20
16.41774928433
 10
22.450166666666664
 20
16.42194928433
  0
LWPOLYLINE
  5
EA7
330
17
100
AcDbEntity
  8
PARTS
100
AcDbPolyline
 90
2
 70
0
 10
22.440066666666667
 20
16.45464928433
 10
22.439966666666667
 20
16.454749284330003
  0
LWPOLYLINE
  5
EA8
330
17
100
AcDbEntity
  8
PARTS
100
AcDbPolyline
 90
2
 70
0
 10
22.41786666666667
 20
16.48334928433
 10
22.41756666666667
 20
16.48364928433
  0
LWPOLYLINE
  5
EA9
330
17
100
AcDbEntity
  8
PARTS
100
AcDbPolyline
 90
2
 70
0
 10
22.414366666666666
 20
16.48634928433
 10
22.412066666666664
 20
16.48824928433
  0
LWPOLYLINE
  5
EAA
330
17
100
AcDbEntity
  8
PARTS
100
AcDbPolyline
 90
2
 70
0
 10
22.40246666666667
 20
16.49464928433
 10
22.402266666666666
 20
16.49484928433
  0
LWPOLYLINE
  5
EAB
330
17
100
AcDbEntity
  8
PARTS
100
AcDbPolyline
 90
2
 70
0
 10
22.384766666666668
 20
16.50294928433
 10
22.383866666666666
 20
16.50324928433
  0
LWPOLYLINE
  5
EAC
330
17
100
AcDbEntity
  8
PARTS
100
AcDbPolyline
 90
2
 70
0
 10
22.372566666666668
 20
16.506549284330003
 10
22.36536666666667
 20
16.50784928433
  0
LWPOLYLINE
  5
EAD
330
17
100
AcDbEntity
  8
PARTS
100
AcDbPolyline
 90
2
 70
0
 10
22.363766666666667
 20
16.50814928433
 10
22.363466666666667
 20
16.50814928433
  0
LWPOLYLINE
  5
EAE
330
17
100
AcDbEntity
  8
PARTS
100
AcDbPolyline
 90
2
 70
0
 10
22.35546666666667
 20
16.50884928433
 10
22.35546666666667
 20
16.50884928433
  0
LWPOLYLINE
  5
EAF
330
17
100
AcDbEntity
  8
PARTS
100
AcDbPolyline
 90
2
 70
0
 10
22.450666666666667
 20
16.41774928433
 10
22.447366666666667
 20
16.43564928433
  0
LWPOLYLINE
  5
EB0
330
17
100
AcDbEntity
  8
PARTS
100
AcDbPolyline
 90
2
 70
0
 10
22.430566666666667
 20
16.46974928433
 10
22.424966666666666
 20
16.476349284330002
  0
LWPOLYLINE
  5
EB1
330
17
100
AcDbEntity
  8
PARTS
100
AcDbPolyline
 90
2
 70
0
 10
22.41756666666667
 20
16.48364928433
 10
22.351066666666668
 20
16.50904928433
  0
LWPOLYLINE
  5
EB2
330
17
100
AcDbEntity
  8
PARTS
100
AcDbPolyline
 90
2
 70
0
 10
32.09366666666667
 20
16.33234928433
 10
32.092666666666666
 20
16.33234928433
  0
LWPOLYLINE
  5
EB3
330
17
100
AcDbEntity
  8
PARTS
100
AcDbPolyline
 90
2
 70
0
 10
32.09366666666667
 20
16.30924928433
 10
32.092666666666666
 20
16.30924928433
  0
LWPOLYLINE
  5
EB4
330
17
100
AcDbEntity
  8
PARTS
100
AcDbPolyline
 90
2
 70
0
 10
32.09366666666667
 20
16.197249284330002
 10
32.092666666666666
 20
16.197249284330002
  0
LWPOLYLINE
  5
EB5
330
17
100
AcDbEntity
  8
PARTS
100
AcDbPolyline
 90
2
 70
0
 10
38.454366666666665
 20
16.33234928433
 10
38.45336666666667
 20
16.33234928433
  0
LWPOLYLINE
  5
EB6
330
17
100
AcDbEntity
  8
PARTS
100
AcDbPolyline
 90
2
 70
0
 10
38.454366666666665
 20
16.30924928433
 10
38.45336666666667
 20
16.30924928433
  0
LWPOLYLINE
  5
EB7
330
17
100
AcDbEntity
  8
PARTS
100
AcDbPolyline
 90
2
 70
0
 10
38.454366666666665
 20
16.197249284330002
 10
38.45336666666667
 20
16.197249284330002
  0
LWPOLYLINE
  5
EB8
330
17
100
AcDbEntity
  8
PARTS
100
AcDbPolyline
 90
2
 70
0
 10
41.23766666666667
 20
16.33234928433
 10
41.23666666666667
 20
16.33234928433
  0
LWPOLYLINE
  5
EB9
330
17
100
AcDbEntity
  8
PARTS
100
AcDbPolyline
 90
2
 70
0
 10
41.23766666666667
 20
16.30924928433
 10
41.23666666666667
 20
16.30924928433
  0
LWPOLYLINE
  5
EBA
330
17
100
AcDbEntity
  8
PARTS
100
AcDbPolyline
 90
2
 70
0
 10
41.23766666666667
 20
16.197249284330002
 10
41.23666666666667
 20
16.197249284330002
  0
LWPOLYLINE
  5
EBB
330
17
100
AcDbEntity
  8
PARTS
100
AcDbPolyline
 90
2
 70
0
 10
43.01566666666667
 20
16.33234928433
 10
43.01466666666666
 20
16.33234928433
  0
LWPOLYLINE
  5
EBC
330
17
100
AcDbEntity
  8
PARTS
100
AcDbPolyline
 90
2
 70
0
 10
43.01566666666667
 20
16.30924928433
 10
43.01466666666666
 20
16.30924928433
  0
LWPOLYLINE
  5
EBD
330
17
100
AcDbEntity
  8
PARTS
100
AcDbPolyline
 90
2
 70
0
 10
43.01566666666667
 20
16.197249284330002
 10
43.01466666666666
 20
16.197249284330002
  0
LWPOLYLINE
  5
EBE
330
17
100
AcDbEntity
  8
PARTS
100
AcDbPolyline
 90
2
 70
0
 10
29.680666666666667
 20
16.33234928433
 10
29.679666666666666
 20
16.33234928433
  0
LWPOLYLINE
  5
EBF
330
17
100
AcDbEntity
  8
PARTS
100
AcDbPolyline
 90
2
 70
0
 10
29.680666666666667
 20
16.30924928433
 10
29.679666666666666
 20
16.30924928433
  0
LWPOLYLINE
  5
EC0
330
17
100
AcDbEntity
  8
PARTS
100
AcDbPolyline
 90
2
 70
0
 10
29.680666666666667
 20
16.197249284330002
 10
29.679666666666666
 20
16.197249284330002
  0
LWPOLYLINE
  5
EC1
330
17
100
AcDbEntity
  8
PARTS
100
AcDbPolyline
 90
2
 70
0
 10
43.77766666666667
 20
16.33234928433
 10
43.776666666666664
 20
16.33234928433
  0
LWPOLYLINE
  5
EC2
330
17
100
AcDbEntity
  8
PARTS
100
AcDbPolyline
 90
2
 70
0
 10
43.77766666666667
 20
16.30924928433
 10
43.776666666666664
 20
16.30924928433
  0
LWPOLYLINE
  5
EC3
330
17
100
AcDbEntity
  8
PARTS
100
AcDbPolyline
 90
2
 70
0
 10
43.77766666666667
 20
16.197249284330002
 10
43.776666666666664
 20
16.197249284330002
  0
LWPOLYLINE
  5
EC4
330
17
100
AcDbEntity
  8
PARTS
100
AcDbPolyline
 90
2
 70
0
 10
27.013666666666666
 20
16.33234928433
 10
27.012666666666664
 20
16.33234928433
  0
LWPOLYLINE
  5
EC5
330
17
100
AcDbEntity
  8
PARTS
100
AcDbPolyline
 90
2
 70
0
 10
27.013666666666666
 20
16.30924928433
 10
27.012666666666664
 20
16.30924928433
  0
LWPOLYLINE
  5
EC6
330
17
100
AcDbEntity
  8
PARTS
100
AcDbPolyline
 90
2
 70
0
 10
27.013666666666666
 20
16.197249284330002
 10
27.012666666666664
 20
16.197249284330002
  0
LWPOLYLINE
  5
EC7
330
17
100
AcDbEntity
  8
PARTS
100
AcDbPolyline
 90
2
 70
0
 10
43.78366666666667
 20
16.320949284330002
 10
43.78466666666666
 20
16.320949284330002
  0
LWPOLYLINE
  5
EC8
330
17
100
AcDbEntity
  8
PARTS
100
AcDbPolyline
 90
2
 70
0
 10
43.78366666666667
 20
16.20104928433
 10
43.78466666666666
 20
16.20104928433
  0
LWPOLYLINE
  5
EC9
330
17
100
AcDbEntity
  8
PARTS
100
AcDbPolyline
 90
2
 70
0
 10
43.78366666666667
 20
16.33234928433
 10
43.78466666666666
 20
16.33234928433
  0
LWPOLYLINE
  5
ECA
330
17
100
AcDbEntity
  8
PARTS
100
AcDbPolyline
 90
2
 70
0
 10
43.78366666666667
 20
16.197249284330002
 10
43.78466666666666
 20
16.197249284330002
  0
LWPOLYLINE
  5
ECB
330
17
100
AcDbEntity
  8
PARTS
100
AcDbPolyline
 90
2
 70
0
 10
33.407666666666664
 20
16.33234928433
 10
33.406666666666666
 20
16.33234928433
  0
LWPOLYLINE
  5
ECC
330
17
100
AcDbEntity
  8
PARTS
100
AcDbPolyline
 90
2
 70
0
 10
33.407666666666664
 20
16.30924928433
 10
33.406666666666666
 20
16.30924928433
  0
LWPOLYLINE
  5
ECD
330
17
100
AcDbEntity
  8
PARTS
100
AcDbPolyline
 90
2
 70
0
 10
33.407666666666664
 20
16.197249284330002
 10
33.406666666666666
 20
16.197249284330002
  0
DIMENSION
  5
ECE
330
17
100
AcDbEntity
  8
DIM
100
AcDbDimension
280
0
  2
*D17
  3
PCB2
 10
54.0
 20
14.498949284330001
 30
0.0
 11
52.88333333333333
 21
15.298974684381001
 31
0.0
 70
32
 71
5
  1
<>
100
AcDbAlignedDimension
 13
50.666666666666664
 23
14.498949284330001
 33
0.0
 14
50.666666666666664
 24
16.099000084432
 34
0.0
 50
90.0
100
AcDbRotatedDimension
  0
DIMENSION
  5
EDF
330
17
100
AcDbEntity
  8
DIM
100
AcDbDimension
280
0
  2
*D18
  3
PCB2
 10
58.0
 20
14.498949284330001
 30
0.0
 11
57.38333333333333
 21
16.749474642165
 31
0.0
 70
32
 71
5
  1
<>
100
AcDbAlignedDimension
 13
50.666666666666664
 23
14.498949284330001
 33
0.0
 14
50.666666666666664
 24
19.0
 34
0.0
 50
90.0
100
AcDbRotatedDimension
  0
DIMENSION
  5
EEE
330
17
100
AcDbEntity
  8
DIM
100
AcDbDimension
280
0
  2
*D19
  3
PCB2
 10
17.333333333333332
 20
16.099000084432
 30
0.0
 11
16.216666666666665
 21
17.549500042216
 31
0.0
 70
32
 71
5
  1
<>
100
AcDbAlignedDimension
 13
21.253146663422665
 23
16.099000084432
 33
0.0
 14
21.253146663422665
 24
19.0
 34
0.0
 50
90.0
100
AcDbRotatedDimension
  0
TEXT
  5
EFD
330
17
100
AcDbEntity
  8
TEXT
100
AcDbText
 10
15.0
 20
17.216166708882668
 30
0.0
 40
0.7666666666666666
  1
CARD2
  7
CJK
 72
2
 11
15.0
 21
17.216166708882668
 31
0.0
100
AcDbText
  0
TEXT
  5
EFE
330
17
100
AcDbEntity
  8
TEXT
100
AcDbText
 10
35.666666666666664
 20
11.165615950996667
 30
0.0
 40
1.1666666666666667
  1
FRONT VIEW
  7
CJK
 72
1
 11
35.666666666666664
 21
11.165615950996667
 31
0.0
100
AcDbText
  0
LWPOLYLINE
  5
EFF
330
17
100
AcDbEntity
  8
PARTS
100
AcDbPolyline
 90
2
 70
0
 10
65.83438404900333
 20
74.98729999999999
 10
64.23428404900334
 20
74.98729999999999
  0
LWPOLYLINE
  5
F00
330
17
100
AcDbEntity
  8
PARTS
100
AcDbPolyline
 90
2
 70
0
 10
64.23428404900334
 20
74.98729999999999
 10
64.23428404900334
 20
35.0126
  0
LWPOLYLINE
  5
F01
330
17
100
AcDbEntity
  8
PARTS
100
AcDbPolyline
 90
2
 70
0
 10
65.83438404900333
 20
35.0126
 10
64.23428404900334
 20
35.0126
  0
LWPOLYLINE
  5
F02
330
17
100
AcDbEntity
  8
PARTS
100
AcDbPolyline
 90
2
 70
0
 10
65.83438404900333
 20
74.98729999999999
 10
65.83438404900333
 20
35.0126
  0
LWPOLYLINE
  5
F03
330
17
100
AcDbEntity
  8
PARTS
100
AcDbPolyline
 90
2
 70
0
 10
63.87428404900333
 20
43.981899999999996
 10
62.98428404900333
 20
43.981899999999996
  0
LWPOLYLINE
  5
F04
330
17
100
AcDbEntity
  8
PARTS
100
AcDbPolyline
 90
2
 70
0
 10
62.93428404900333
 20
44.0319
 10
62.93428404900333
 20
45.231899999999996
  0
LWPOLYLINE
  5
F05
330
17
100
AcDbEntity
  8
PARTS
100
AcDbPolyline
 90
2
 70
0
 10
62.98428404900333
 20
45.2819
 10
64.18428404900332
 20
45.2819
  0
LWPOLYLINE
  5
F06
330
17
100
AcDbEntity
  8
PARTS
100
AcDbPolyline
 90
2
 70
0
 10
64.23428404900334
 20
45.231899999999996
 10
64.18428404900332
 20
45.2819
  0
LWPOLYLINE
  5
F07
330
17
100
AcDbEntity
  8
PARTS
100
AcDbPolyline
 90
2
 70
0
 10
62.98428404900333
 20
45.2819
 10
62.93428404900333
 20
45.231899999999996
  0
LWPOLYLINE
  5
F08
330
17
100
AcDbEntity
  8
PARTS
100
AcDbPolyline
 90
2
 70
0
 10
62.93428404900333
 20
44.0319
 10
62.98428404900333
 20
43.981899999999996
  0
LWPOLYLINE
  5
F09
330
17
100
AcDbEntity
  8
PARTS
100
AcDbPolyline
 90
2
 70
0
 10
63.91558404900332
 20
37.725899999999996
 10
64.06428404900332
 20
37.738899999999994
  0
LWPOLYLINE
  5
F0A
330
17
100
AcDbEntity
  8
PARTS
100
AcDbPolyline
 90
2
 70
0
 10
63.91558404900332
 20
37.725899999999996
 10
63.91558404900332
 20
37.6889
  0
LWPOLYLINE
  5
F0B
330
17
100
AcDbEntity
  8
PARTS
100
AcDbPolyline
 90
2
 70
0
 10
63.91558404900332
 20
37.725899999999996
 10
64.06428404900332
 20
37.738899999999994
  0
LWPOLYLINE
  5
F0C
330
17
100
AcDbEntity
  8
PARTS
100
AcDbPolyline
 90
2
 70
0
 10
63.91558404900332
 20
36.551899999999996
 10
64.06428404900332
 20
36.5389
  0
LWPOLYLINE
  5
F0D
330
17
100
AcDbEntity
  8
PARTS
100
AcDbPolyline
 90
2
 70
0
 10
63.91558404900332
 20
36.588899999999995
 10
63.91558404900332
 20
36.551899999999996
  0
LWPOLYLINE
  5
F0E
330
17
100
AcDbEntity
  8
PARTS
100
AcDbPolyline
 90
2
 70
0
 10
64.06428404900332
 20
36.588899999999995
 10
64.06428404900332
 20
37.6889
  0
LWPOLYLINE
  5
F0F
330
17
100
AcDbEntity
  8
PARTS
100
AcDbPolyline
 90
2
 70
0
 10
63.824284049003325
 20
36.651599999999995
 10
63.824284049003325
 20
37.6263
  0
LWPOLYLINE
  5
F10
330
17
100
AcDbEntity
  8
PARTS
100
AcDbPolyline
 90
2
 70
0
 10
63.824284049003325
 20
37.6263
 10
63.824284049003325
 20
36.651599999999995
  0
LWPOLYLINE
  5
F11
330
17
100
AcDbEntity
  8
PARTS
100
AcDbPolyline
 90
2
 70
0
 10
63.91558404900332
 20
37.725899999999996
 10
63.89948404900333
 20
37.7232
  0
LWPOLYLINE
  5
F12
330
17
100
AcDbEntity
  8
PARTS
100
AcDbPolyline
 90
2
 70
0
 10
63.89948404900333
 20
37.7232
 10
63.880784049003324
 20
37.7163
  0
LWPOLYLINE
  5
F13
330
17
100
AcDbEntity
  8
PARTS
100
AcDbPolyline
 90
2
 70
0
 10
63.84788404900333
 20
37.690799999999996
 10
63.83048404900333
 20
37.6611
  0
LWPOLYLINE
  5
F14
330
17
100
AcDbEntity
  8
PARTS
100
AcDbPolyline
 90
2
 70
0
 10
63.83048404900333
 20
37.6611
 10
63.830084049003325
 20
37.6601
  0
LWPOLYLINE
  5
F15
330
17
100
AcDbEntity
  8
PARTS
100
AcDbPolyline
 90
2
 70
0
 10
63.830084049003325
 20
37.6601
 10
63.824284049003325
 20
37.6263
  0
LWPOLYLINE
  5
F16
330
17
100
AcDbEntity
  8
PARTS
100
AcDbPolyline
 90
2
 70
0
 10
63.84788404900333
 20
37.6686
 10
63.91558404900332
 20
37.6889
  0
LWPOLYLINE
  5
F17
330
17
100
AcDbEntity
  8
PARTS
100
AcDbPolyline
 90
2
 70
0
 10
63.91558404900332
 20
37.725899999999996
 10
63.897684049003324
 20
37.7226
  0
LWPOLYLINE
  5
F18
330
17
100
AcDbEntity
  8
PARTS
100
AcDbPolyline
 90
2
 70
0
 10
63.897684049003324
 20
37.7226
 10
63.86358404900333
 20
37.705799999999996
  0
LWPOLYLINE
  5
F19
330
17
100
AcDbEntity
  8
PARTS
100
AcDbPolyline
 90
2
 70
0
 10
63.86358404900333
 20
37.705799999999996
 10
63.85698404900333
 20
37.700199999999995
  0
LWPOLYLINE
  5
F1A
330
17
100
AcDbEntity
  8
PARTS
100
AcDbPolyline
 90
2
 70
0
 10
63.85698404900333
 20
37.700199999999995
 10
63.84968404900332
 20
37.692899999999995
  0
LWPOLYLINE
  5
F1B
330
17
100
AcDbEntity
  8
PARTS
100
AcDbPolyline
 90
2
 70
0
 10
63.84968404900332
 20
37.692899999999995
 10
63.824284049003325
 20
37.6263
  0
LWPOLYLINE
  5
F1C
330
17
100
AcDbEntity
  8
PARTS
100
AcDbPolyline
 90
2
 70
0
 10
63.824284049003325
 20
36.6515
 10
63.84788404900333
 20
36.5871
  0
LWPOLYLINE
  5
F1D
330
17
100
AcDbEntity
  8
PARTS
100
AcDbPolyline
 90
2
 70
0
 10
63.901384049003326
 20
36.5543
 10
63.91558404900332
 20
36.551899999999996
  0
LWPOLYLINE
  5
F1E
330
17
100
AcDbEntity
  8
PARTS
100
AcDbPolyline
 90
2
 70
0
 10
63.91558404900332
 20
37.6889
 10
63.824284049003325
 20
37.6263
  0
LWPOLYLINE
  5
F1F
330
17
100
AcDbEntity
  8
PARTS
100
AcDbPolyline
 90
2
 70
0
 10
63.824284049003325
 20
36.651599999999995
 10
63.84968404900332
 20
36.584999999999994
  0
LWPOLYLINE
  5
F20
330
17
100
AcDbEntity
  8
PARTS
100
AcDbPolyline
 90
2
 70
0
 10
63.84968404900332
 20
36.584999999999994
 10
63.85698404900333
 20
36.5776
  0
LWPOLYLINE
  5
F21
330
17
100
AcDbEntity
  8
PARTS
100
AcDbPolyline
 90
2
 70
0
 10
63.85698404900333
 20
36.5776
 10
63.86358404900333
 20
36.5721
  0
LWPOLYLINE
  5
F22
330
17
100
AcDbEntity
  8
PARTS
100
AcDbPolyline
 90
2
 70
0
 10
63.86358404900333
 20
36.5721
 10
63.897684049003324
 20
36.5552
  0
LWPOLYLINE
  5
F23
330
17
100
AcDbEntity
  8
PARTS
100
AcDbPolyline
 90
2
 70
0
 10
63.897684049003324
 20
36.5552
 10
63.91558404900332
 20
36.551899999999996
  0
LWPOLYLINE
  5
F24
330
17
100
AcDbEntity
  8
PARTS
100
AcDbPolyline
 90
2
 70
0
 10
63.91558404900332
 20
36.588899999999995
 10
63.824284049003325
 20
36.651599999999995
  0
LWPOLYLINE
  5
F25
330
17
100
AcDbEntity
  8
PARTS
100
AcDbPolyline
 90
2
 70
0
 10
64.23428404900334
 20
37.838899999999995
 10
64.22428404900333
 20
37.838899999999995
  0
LWPOLYLINE
  5
F26
330
17
100
AcDbEntity
  8
PARTS
100
AcDbPolyline
 90
2
 70
0
 10
64.05428404900333
 20
37.948899999999995
 10
64.05428404900333
 20
37.738899999999994
  0
LWPOLYLINE
  5
F27
330
17
100
AcDbEntity
  8
PARTS
100
AcDbPolyline
 90
2
 70
0
 10
64.06428404900332
 20
37.738899999999994
 10
64.05428404900333
 20
37.738899999999994
  0
LWPOLYLINE
  5
F28
330
17
100
AcDbEntity
  8
PARTS
100
AcDbPolyline
 90
2
 70
0
 10
64.06428404900332
 20
37.9389
 10
64.06428404900332
 20
37.738899999999994
  0
LWPOLYLINE
  5
F29
330
17
100
AcDbEntity
  8
PARTS
100
AcDbPolyline
 90
2
 70
0
 10
64.22428404900333
 20
37.9389
 10
64.06428404900332
 20
37.9389
  0
LWPOLYLINE
  5
F2A
330
17
100
AcDbEntity
  8
PARTS
100
AcDbPolyline
 90
2
 70
0
 10
64.22428404900333
 20
37.838899999999995
 10
64.22428404900333
 20
37.9389
  0
LWPOLYLINE
  5
F2B
330
17
100
AcDbEntity
  8
PARTS
100
AcDbPolyline
 90
2
 70
0
 10
64.23428404900334
 20
37.948899999999995
 10
64.05428404900333
 20
37.948899999999995
  0
LWPOLYLINE
  5
F2C
330
17
100
AcDbEntity
  8
PARTS
100
AcDbPolyline
 90
2
 70
0
 10
64.23428404900334
 20
37.6389
 10
64.22428404900333
 20
37.6389
  0
LWPOLYLINE
  5
F2D
330
17
100
AcDbEntity
  8
PARTS
100
AcDbPolyline
 90
2
 70
0
 10
64.23428404900334
 20
36.4389
 10
64.22428404900333
 20
36.4389
  0
LWPOLYLINE
  5
F2E
330
17
100
AcDbEntity
  8
PARTS
100
AcDbPolyline
 90
2
 70
0
 10
64.05428404900333
 20
36.3289
 10
64.05428404900333
 20
36.5389
  0
LWPOLYLINE
  5
F2F
330
17
100
AcDbEntity
  8
PARTS
100
AcDbPolyline
 90
2
 70
0
 10
64.06428404900332
 20
36.5389
 10
64.05428404900333
 20
36.5389
  0
LWPOLYLINE
  5
F30
330
17
100
AcDbEntity
  8
PARTS
100
AcDbPolyline
 90
2
 70
0
 10
64.06428404900332
 20
36.338899999999995
 10
64.06428404900332
 20
36.5389
  0
LWPOLYLINE
  5
F31
330
17
100
AcDbEntity
  8
PARTS
100
AcDbPolyline
 90
2
 70
0
 10
64.22428404900333
 20
36.338899999999995
 10
64.06428404900332
 20
36.338899999999995
  0
LWPOLYLINE
  5
F32
330
17
100
AcDbEntity
  8
PARTS
100
AcDbPolyline
 90
2
 70
0
 10
64.22428404900333
 20
36.4389
 10
64.22428404900333
 20
36.338899999999995
  0
LWPOLYLINE
  5
F33
330
17
100
AcDbEntity
  8
PARTS
100
AcDbPolyline
 90
2
 70
0
 10
64.23428404900334
 20
36.3289
 10
64.05428404900333
 20
36.3289
  0
LWPOLYLINE
  5
F34
330
17
100
AcDbEntity
  8
PARTS
100
AcDbPolyline
 90
2
 70
0
 10
64.23428404900334
 20
36.6389
 10
64.22428404900333
 20
36.6389
  0
LWPOLYLINE
  5
F35
330
17
100
AcDbEntity
  8
PARTS
100
AcDbPolyline
 90
2
 70
0
 10
64.22428404900333
 20
36.338899999999995
 10
64.22428404900333
 20
37.9389
  0
LWPOLYLINE
  5
F36
330
17
100
AcDbEntity
  8
PARTS
100
AcDbPolyline
 90
2
 70
0
 10
64.06428404900332
 20
36.338899999999995
 10
64.06428404900332
 20
37.9389
  0
LWPOLYLINE
  5
F37
330
17
100
AcDbEntity
  8
PARTS
100
AcDbPolyline
 90
2
 70
0
 10
64.06428404900332
 20
37.9389
 10
64.22428404900333
 20
37.9389
  0
LWPOLYLINE
  5
F38
330
17
100
AcDbEntity
  8
PARTS
100
AcDbPolyline
 90
2
 70
0
 10
64.06428404900332
 20
36.338899999999995
 10
64.22428404900333
 20
36.338899999999995
  0
LWPOLYLINE
  5
F39
330
17
100
AcDbEntity
  8
PARTS
100
AcDbPolyline
 90
2
 70
0
 10
64.23428404900334
 20
40.5943
 10
64.20928404900333
 20
40.5943
  0
LWPOLYLINE
  5
F3A
330
17
100
AcDbEntity
  8
PARTS
100
AcDbPolyline
 90
2
 70
0
 10
63.88428404900333
 20
41.3443
 10
64.23428404900334
 20
41.3443
  0
LWPOLYLINE
  5
F3B
330
17
100
AcDbEntity
  8
PARTS
100
AcDbPolyline
 90
2
 70
0
 10
63.88428404900333
 20
41.3219
 10
63.88428404900333
 20
41.3443
  0
LWPOLYLINE
  5
F3C
330
17
100
AcDbEntity
  8
PARTS
100
AcDbPolyline
 90
2
 70
0
 10
63.87428404900333
 20
41.1119
 10
63.87428404900333
 20
41.134299999999996
  0
LWPOLYLINE
  5
F3D
330
17
100
AcDbEntity
  8
PARTS
100
AcDbPolyline
 90
2
 70
0
 10
63.87428404900333
 20
41.134299999999996
 10
63.88428404900333
 20
41.1393
  0
LWPOLYLINE
  5
F3E
330
17
100
AcDbEntity
  8
PARTS
100
AcDbPolyline
 90
2
 70
0
 10
63.88428404900333
 20
44.042899999999996
 10
63.90928404900333
 20
44.042899999999996
  0
LWPOLYLINE
  5
F3F
330
17
100
AcDbEntity
  8
PARTS
100
AcDbPolyline
 90
2
 70
0
 10
63.90928404900333
 20
44.042899999999996
 10
63.90928404900333
 20
44.21789999999999
  0
LWPOLYLINE
  5
F40
330
17
100
AcDbEntity
  8
PARTS
100
AcDbPolyline
 90
2
 70
0
 10
63.90928404900333
 20
44.21789999999999
 10
64.20928404900333
 20
44.21789999999999
  0
LWPOLYLINE
  5
F41
330
17
100
AcDbEntity
  8
PARTS
100
AcDbPolyline
 90
2
 70
0
 10
64.20928404900333
 20
44.21789999999999
 10
64.20928404900333
 20
43.99289999999999
  0
LWPOLYLINE
  5
F42
330
17
100
AcDbEntity
  8
PARTS
100
AcDbPolyline
 90
2
 70
0
 10
63.88428404900333
 20
44.24289999999999
 10
64.23428404900334
 20
44.24289999999999
  0
LWPOLYLINE
  5
F43
330
17
100
AcDbEntity
  8
PARTS
100
AcDbPolyline
 90
2
 70
0
 10
63.88428404900333
 20
44.042899999999996
 10
63.88428404900333
 20
44.24289999999999
  0
LWPOLYLINE
  5
F44
330
17
100
AcDbEntity
  8
PARTS
100
AcDbPolyline
 90
2
 70
0
 10
63.88428404900333
 20
44.042899999999996
 10
63.88428404900333
 20
44.0379
  0
LWPOLYLINE
  5
F45
330
17
100
AcDbEntity
  8
PARTS
100
AcDbPolyline
 90
2
 70
0
 10
63.90928404900333
 20
44.042899999999996
 10
63.894284049003325
 20
44.042899999999996
  0
LWPOLYLINE
  5
F46
330
17
100
AcDbEntity
  8
PARTS
100
AcDbPolyline
 90
2
 70
0
 10
63.894284049003325
 20
44.042899999999996
 10
63.894284049003325
 20
43.4429
  0
LWPOLYLINE
  5
F47
330
17
100
AcDbEntity
  8
PARTS
100
AcDbPolyline
 90
2
 70
0
 10
63.90928404900333
 20
43.4429
 10
63.90928404900333
 20
44.042899999999996
  0
LWPOLYLINE
  5
F48
330
17
100
AcDbEntity
  8
PARTS
100
AcDbPolyline
 90
2
 70
0
 10
63.87428404900333
 20
43.4529
 10
63.87428404900333
 20
44.032900000000005
  0
LWPOLYLINE
  5
F49
330
17
100
AcDbEntity
  8
PARTS
100
AcDbPolyline
 90
2
 70
0
 10
63.87428404900333
 20
44.032900000000005
 10
63.894284049003325
 20
44.042899999999996
  0
LWPOLYLINE
  5
F4A
330
17
100
AcDbEntity
  8
PARTS
100
AcDbPolyline
 90
2
 70
0
 10
64.20928404900333
 20
44.21789999999999
 10
64.20928404900333
 20
43.2679
  0
LWPOLYLINE
  5
F4B
330
17
100
AcDbEntity
  8
PARTS
100
AcDbPolyline
 90
2
 70
0
 10
63.90928404900333
 20
44.21789999999999
 10
64.20928404900333
 20
44.21789999999999
  0
LWPOLYLINE
  5
F4C
330
17
100
AcDbEntity
  8
PARTS
100
AcDbPolyline
 90
2
 70
0
 10
63.90928404900333
 20
43.2679
 10
63.90928404900333
 20
44.21789999999999
  0
LWPOLYLINE
  5
F4D
330
17
100
AcDbEntity
  8
PARTS
100
AcDbPolyline
 90
2
 70
0
 10
64.20928404900333
 20
40.8259
 10
64.23428404900334
 20
40.8259
  0
LWPOLYLINE
  5
F4E
330
17
100
AcDbEntity
  8
PARTS
100
AcDbPolyline
 90
2
 70
0
 10
63.87428404900333
 20
41.134299999999996
 10
63.87428404900333
 20
41.3159
  0
LWPOLYLINE
  5
F4F
330
17
100
AcDbEntity
  8
PARTS
100
AcDbPolyline
 90
2
 70
0
 10
63.88428404900333
 20
41.320899999999995
 10
63.87428404900333
 20
41.3159
  0
LWPOLYLINE
  5
F50
330
17
100
AcDbEntity
  8
PARTS
100
AcDbPolyline
 90
2
 70
0
 10
63.88428404900333
 20
40.3219
 10
63.88428404900333
 20
40.521899999999995
  0
LWPOLYLINE
  5
F51
330
17
100
AcDbEntity
  8
PARTS
100
AcDbPolyline
 90
2
 70
0
 10
63.88428404900333
 20
41.1219
 10
63.88428404900333
 20
41.116899999999994
  0
LWPOLYLINE
  5
F52
330
17
100
AcDbEntity
  8
PARTS
100
AcDbPolyline
 90
2
 70
0
 10
63.88428404900333
 20
40.5269
 10
63.88428404900333
 20
40.521899999999995
  0
LWPOLYLINE
  5
F53
330
17
100
AcDbEntity
  8
PARTS
100
AcDbPolyline
 90
2
 70
0
 10
63.88428404900333
 20
41.1219
 10
63.88428404900333
 20
41.3219
  0
LWPOLYLINE
  5
F54
330
17
100
AcDbEntity
  8
PARTS
100
AcDbPolyline
 90
2
 70
0
 10
64.23428404900334
 20
41.0719
 10
64.20928404900333
 20
41.0719
  0
LWPOLYLINE
  5
F55
330
17
100
AcDbEntity
  8
PARTS
100
AcDbPolyline
 90
2
 70
0
 10
64.20928404900333
 20
40.5719
 10
64.23428404900334
 20
40.5719
  0
LWPOLYLINE
  5
F56
330
17
100
AcDbEntity
  8
PARTS
100
AcDbPolyline
 90
2
 70
0
 10
64.20928404900333
 20
41.0719
 10
64.20928404900333
 20
41.296899999999994
  0
LWPOLYLINE
  5
F57
330
17
100
AcDbEntity
  8
PARTS
100
AcDbPolyline
 90
2
 70
0
 10
63.88428404900333
 20
41.3219
 10
64.23428404900334
 20
41.3219
  0
LWPOLYLINE
  5
F58
330
17
100
AcDbEntity
  8
PARTS
100
AcDbPolyline
 90
2
 70
0
 10
63.90928404900333
 20
41.1219
 10
63.88428404900333
 20
41.1219
  0
LWPOLYLINE
  5
F59
330
17
100
AcDbEntity
  8
PARTS
100
AcDbPolyline
 90
2
 70
0
 10
63.90928404900333
 20
41.296899999999994
 10
63.90928404900333
 20
41.1219
  0
LWPOLYLINE
  5
F5A
330
17
100
AcDbEntity
  8
PARTS
100
AcDbPolyline
 90
2
 70
0
 10
64.20928404900333
 20
41.296899999999994
 10
63.90928404900333
 20
41.296899999999994
  0
LWPOLYLINE
  5
F5B
330
17
100
AcDbEntity
  8
PARTS
100
AcDbPolyline
 90
2
 70
0
 10
63.88428404900333
 20
40.3219
 10
64.23428404900334
 20
40.3219
  0
LWPOLYLINE
  5
F5C
330
17
100
AcDbEntity
  8
PARTS
100
AcDbPolyline
 90
2
 70
0
 10
64.20928404900333
 20
40.3469
 10
64.20928404900333
 20
40.5719
  0
LWPOLYLINE
  5
F5D
330
17
100
AcDbEntity
  8
PARTS
100
AcDbPolyline
 90
2
 70
0
 10
63.90928404900333
 20
40.3469
 10
64.20928404900333
 20
40.3469
  0
LWPOLYLINE
  5
F5E
330
17
100
AcDbEntity
  8
PARTS
100
AcDbPolyline
 90
2
 70
0
 10
63.90928404900333
 20
40.521899999999995
 10
63.90928404900333
 20
40.3469
  0
LWPOLYLINE
  5
F5F
330
17
100
AcDbEntity
  8
PARTS
100
AcDbPolyline
 90
2
 70
0
 10
63.88428404900333
 20
40.521899999999995
 10
63.90928404900333
 20
40.521899999999995
  0
LWPOLYLINE
  5
F60
330
17
100
AcDbEntity
  8
PARTS
100
AcDbPolyline
 90
2
 70
0
 10
63.90928404900333
 20
41.1219
 10
63.894284049003325
 20
41.1219
  0
LWPOLYLINE
  5
F61
330
17
100
AcDbEntity
  8
PARTS
100
AcDbPolyline
 90
2
 70
0
 10
63.894284049003325
 20
41.1219
 10
63.894284049003325
 20
40.521899999999995
  0
LWPOLYLINE
  5
F62
330
17
100
AcDbEntity
  8
PARTS
100
AcDbPolyline
 90
2
 70
0
 10
63.90928404900333
 20
40.521899999999995
 10
63.894284049003325
 20
40.521899999999995
  0
LWPOLYLINE
  5
F63
330
17
100
AcDbEntity
  8
PARTS
100
AcDbPolyline
 90
2
 70
0
 10
63.90928404900333
 20
40.521899999999995
 10
63.90928404900333
 20
41.1219
  0
LWPOLYLINE
  5
F64
330
17
100
AcDbEntity
  8
PARTS
100
AcDbPolyline
 90
2
 70
0
 10
63.87428404900333
 20
40.5319
 10
63.87428404900333
 20
41.1119
  0
LWPOLYLINE
  5
F65
330
17
100
AcDbEntity
  8
PARTS
100
AcDbPolyline
 90
2
 70
0
 10
63.87428404900333
 20
40.5319
 10
63.894284049003325
 20
40.521899999999995
  0
LWPOLYLINE
  5
F66
330
17
100
AcDbEntity
  8
PARTS
100
AcDbPolyline
 90
2
 70
0
 10
63.894284049003325
 20
41.1219
 10
63.87428404900333
 20
41.1119
  0
LWPOLYLINE
  5
F67
330
17
100
AcDbEntity
  8
PARTS
100
AcDbPolyline
 90
2
 70
0
 10
64.20928404900333
 20
41.296899999999994
 10
63.90928404900333
 20
41.296899999999994
  0
LWPOLYLINE
  5
F68
330
17
100
AcDbEntity
  8
PARTS
100
AcDbPolyline
 90
2
 70
0
 10
64.20928404900333
 20
40.3469
 10
64.20928404900333
 20
41.296899999999994
  0
LWPOLYLINE
  5
F69
330
17
100
AcDbEntity
  8
PARTS
100
AcDbPolyline
 90
2
 70
0
 10
63.90928404900333
 20
40.3469
 10
64.20928404900333
 20
40.3469
  0
LWPOLYLINE
  5
F6A
330
17
100
AcDbEntity
  8
PARTS
100
AcDbPolyline
 90
2
 70
0
 10
63.90928404900333
 20
41.296899999999994
 10
63.90928404900333
 20
40.3469
  0
LWPOLYLINE
  5
F6B
330
17
100
AcDbEntity
  8
PARTS
100
AcDbPolyline
 90
2
 70
0
 10
63.88428404900333
 20
39.0479
 10
64.23428404900334
 20
39.0479
  0
LWPOLYLINE
  5
F6C
330
17
100
AcDbEntity
  8
PARTS
100
AcDbPolyline
 90
2
 70
0
 10
63.88428404900333
 20
39.0479
 10
63.88428404900333
 20
39.5479
  0
LWPOLYLINE
  5
F6D
330
17
100
AcDbEntity
  8
PARTS
100
AcDbPolyline
 90
2
 70
0
 10
63.88428404900333
 20
39.5479
 10
64.23428404900334
 20
39.5479
  0
LWPOLYLINE
  5
F6E
330
17
100
AcDbEntity
  8
PARTS
100
AcDbPolyline
 90
2
 70
0
 10
63.87428404900333
 20
39.0579
 10
63.87428404900333
 20
39.5379
  0
LWPOLYLINE
  5
F6F
330
17
100
AcDbEntity
  8
PARTS
100
AcDbPolyline
 90
2
 70
0
 10
63.87428404900333
 20
39.0579
 10
63.88428404900333
 20
39.052899999999994
  0
LWPOLYLINE
  5
F70
330
17
100
AcDbEntity
  8
PARTS
100
AcDbPolyline
 90
2
 70
0
 10
63.87428404900333
 20
39.5379
 10
63.88428404900333
 20
39.542899999999996
  0
LWPOLYLINE
  5
F71
330
17
100
AcDbEntity
  8
PARTS
100
AcDbPolyline
 90
2
 70
0
 10
64.01318404900333
 20
39.046899999999994
 10
64.01238404900333
 20
39.046899999999994
  0
LWPOLYLINE
  5
F72
330
17
100
AcDbEntity
  8
PARTS
100
AcDbPolyline
 90
2
 70
0
 10
64.01238404900333
 20
39.046899999999994
 10
64.01238404900333
 20
39.046899999999994
  0
LWPOLYLINE
  5
F73
330
17
100
AcDbEntity
  8
PARTS
100
AcDbPolyline
 90
2
 70
0
 10
64.01238404900333
 20
39.046899999999994
 10
64.01238404900333
 20
39.046899999999994
  0
LWPOLYLINE
  5
F74
330
17
100
AcDbEntity
  8
PARTS
100
AcDbPolyline
 90
2
 70
0
 10
64.01338404900334
 20
39.046899999999994
 10
64.01338404900334
 20
39.0479
  0
LWPOLYLINE
  5
F75
330
17
100
AcDbEntity
  8
PARTS
100
AcDbPolyline
 90
2
 70
0
 10
64.01338404900334
 20
39.046899999999994
 10
64.01338404900334
 20
39.046899999999994
  0
LWPOLYLINE
  5
F76
330
17
100
AcDbEntity
  8
PARTS
100
AcDbPolyline
 90
2
 70
0
 10
64.01318404900333
 20
39.046899999999994
 10
64.01318404900333
 20
39.0479
  0
LWPOLYLINE
  5
F77
330
17
100
AcDbEntity
  8
PARTS
100
AcDbPolyline
 90
2
 70
0
 10
64.01338404900334
 20
39.046899999999994
 10
64.01318404900333
 20
39.046899999999994
  0
LWPOLYLINE
  5
F78
330
17
100
AcDbEntity
  8
PARTS
100
AcDbPolyline
 90
2
 70
0
 10
64.01378404900332
 20
39.046899999999994
 10
64.01348404900332
 20
39.046899999999994
  0
LWPOLYLINE
  5
F79
330
17
100
AcDbEntity
  8
PARTS
100
AcDbPolyline
 90
2
 70
0
 10
64.01348404900332
 20
39.046899999999994
 10
64.01338404900334
 20
39.046899999999994
  0
LWPOLYLINE
  5
F7A
330
17
100
AcDbEntity
  8
PARTS
100
AcDbPolyline
 90
2
 70
0
 10
64.01338404900334
 20
39.046899999999994
 10
64.01338404900334
 20
39.0479
  0
LWPOLYLINE
  5
F7B
330
17
100
AcDbEntity
  8
PARTS
100
AcDbPolyline
 90
2
 70
0
 10
64.05458404900332
 20
39.046899999999994
 10
64.01378404900332
 20
39.046899999999994
  0
LWPOLYLINE
  5
F7C
330
17
100
AcDbEntity
  8
PARTS
100
AcDbPolyline
 90
2
 70
0
 10
64.01378404900332
 20
39.046899999999994
 10
64.01378404900332
 20
39.046899999999994
  0
LWPOLYLINE
  5
F7D
330
17
100
AcDbEntity
  8
PARTS
100
AcDbPolyline
 90
2
 70
0
 10
64.01378404900332
 20
39.046899999999994
 10
64.01378404900332
 20
39.0479
  0
LWPOLYLINE
  5
F7E
330
17
100
AcDbEntity
  8
PARTS
100
AcDbPolyline
 90
2
 70
0
 10
64.05458404900332
 20
39.046899999999994
 10
64.05458404900332
 20
39.0479
  0
LWPOLYLINE
  5
F7F
330
17
100
AcDbEntity
  8
PARTS
100
AcDbPolyline
 90
2
 70
0
 10
64.01378404900332
 20
39.046899999999994
 10
64.01378404900332
 20
39.0479
  0
LWPOLYLINE
  5
F80
330
17
100
AcDbEntity
  8
PARTS
100
AcDbPolyline
 90
2
 70
0
 10
64.07748404900333
 20
39.046899999999994
 10
64.07748404900333
 20
39.0479
  0
LWPOLYLINE
  5
F81
330
17
100
AcDbEntity
  8
PARTS
100
AcDbPolyline
 90
2
 70
0
 10
64.07808404900332
 20
39.046899999999994
 10
64.07748404900333
 20
39.046899999999994
  0
LWPOLYLINE
  5
F82
330
17
100
AcDbEntity
  8
PARTS
100
AcDbPolyline
 90
2
 70
0
 10
64.07728404900332
 20
39.046899999999994
 10
64.07728404900332
 20
39.0479
  0
LWPOLYLINE
  5
F83
330
17
100
AcDbEntity
  8
PARTS
100
AcDbPolyline
 90
2
 70
0
 10
64.07748404900333
 20
39.046899999999994
 10
64.07728404900332
 20
39.046899999999994
  0
LWPOLYLINE
  5
F84
330
17
100
AcDbEntity
  8
PARTS
100
AcDbPolyline
 90
2
 70
0
 10
64.13228404900333
 20
39.046899999999994
 10
64.13228404900333
 20
39.046899999999994
  0
LWPOLYLINE
  5
F85
330
17
100
AcDbEntity
  8
PARTS
100
AcDbPolyline
 90
2
 70
0
 10
64.13228404900333
 20
39.046899999999994
 10
64.12298404900334
 20
39.046899999999994
  0
LWPOLYLINE
  5
F86
330
17
100
AcDbEntity
  8
PARTS
100
AcDbPolyline
 90
2
 70
0
 10
64.12298404900334
 20
39.046899999999994
 10
64.11948404900333
 20
39.046899999999994
  0
LWPOLYLINE
  5
F87
330
17
100
AcDbEntity
  8
PARTS
100
AcDbPolyline
 90
2
 70
0
 10
64.07818404900333
 20
39.046899999999994
 10
64.07818404900333
 20
39.0479
  0
LWPOLYLINE
  5
F88
330
17
100
AcDbEntity
  8
PARTS
100
AcDbPolyline
 90
2
 70
0
 10
64.07828404900333
 20
39.046899999999994
 10
64.07818404900333
 20
39.046899999999994
  0
LWPOLYLINE
  5
F89
330
17
100
AcDbEntity
  8
PARTS
100
AcDbPolyline
 90
2
 70
0
 10
64.07808404900332
 20
39.046899999999994
 10
64.07808404900332
 20
39.0479
  0
LWPOLYLINE
  5
F8A
330
17
100
AcDbEntity
  8
PARTS
100
AcDbPolyline
 90
2
 70
0
 10
64.07818404900333
 20
39.046899999999994
 10
64.07808404900332
 20
39.046899999999994
  0
LWPOLYLINE
  5
F8B
330
17
100
AcDbEntity
  8
PARTS
100
AcDbPolyline
 90
2
 70
0
 10
64.07868404900333
 20
39.046899999999994
 10
64.07838404900333
 20
39.046899999999994
  0
LWPOLYLINE
  5
F8C
330
17
100
AcDbEntity
  8
PARTS
100
AcDbPolyline
 90
2
 70
0
 10
64.07838404900333
 20
39.046899999999994
 10
64.07828404900333
 20
39.046899999999994
  0
LWPOLYLINE
  5
F8D
330
17
100
AcDbEntity
  8
PARTS
100
AcDbPolyline
 90
2
 70
0
 10
64.07828404900333
 20
39.046899999999994
 10
64.07828404900333
 20
39.0479
  0
LWPOLYLINE
  5
F8E
330
17
100
AcDbEntity
  8
PARTS
100
AcDbPolyline
 90
2
 70
0
 10
64.11948404900333
 20
39.046899999999994
 10
64.07868404900333
 20
39.046899999999994
  0
LWPOLYLINE
  5
F8F
330
17
100
AcDbEntity
  8
PARTS
100
AcDbPolyline
 90
2
 70
0
 10
64.07868404900333
 20
39.046899999999994
 10
64.07868404900333
 20
39.046899999999994
  0
LWPOLYLINE
  5
F90
330
17
100
AcDbEntity
  8
PARTS
100
AcDbPolyline
 90
2
 70
0
 10
64.07868404900333
 20
39.046899999999994
 10
64.07868404900333
 20
39.0479
  0
LWPOLYLINE
  5
F91
330
17
100
AcDbEntity
  8
PARTS
100
AcDbPolyline
 90
2
 70
0
 10
64.11948404900333
 20
39.046899999999994
 10
64.11948404900333
 20
39.0479
  0
LWPOLYLINE
  5
F92
330
17
100
AcDbEntity
  8
PARTS
100
AcDbPolyline
 90
2
 70
0
 10
64.07868404900333
 20
39.046899999999994
 10
64.07868404900333
 20
39.0479
  0
LWPOLYLINE
  5
F93
330
17
100
AcDbEntity
  8
PARTS
100
AcDbPolyline
 90
2
 70
0
 10
64.07728404900332
 20
39.046899999999994
 10
64.05458404900332
 20
39.046899999999994
  0
LWPOLYLINE
  5
F94
330
17
100
AcDbEntity
  8
PARTS
100
AcDbPolyline
 90
2
 70
0
 10
64.01238404900333
 20
39.046899999999994
 10
64.00098404900332
 20
39.046899999999994
  0
LWPOLYLINE
  5
F95
330
17
100
AcDbEntity
  8
PARTS
100
AcDbPolyline
 90
2
 70
0
 10
64.00098404900332
 20
39.046899999999994
 10
64.00098404900332
 20
39.046899999999994
  0
LWPOLYLINE
  5
F96
330
17
100
AcDbEntity
  8
PARTS
100
AcDbPolyline
 90
2
 70
0
 10
64.00098404900332
 20
39.046899999999994
 10
64.00098404900332
 20
39.046899999999994
  0
LWPOLYLINE
  5
F97
330
17
100
AcDbEntity
  8
PARTS
100
AcDbPolyline
 90
2
 70
0
 10
64.13608404900333
 20
39.046899999999994
 10
64.13608404900333
 20
39.046899999999994
  0
LWPOLYLINE
  5
F98
330
17
100
AcDbEntity
  8
PARTS
100
AcDbPolyline
 90
2
 70
0
 10
64.13608404900333
 20
39.046899999999994
 10
64.13228404900333
 20
39.046899999999994
  0
LWPOLYLINE
  5
F99
330
17
100
AcDbEntity
  8
PARTS
100
AcDbPolyline
 90
2
 70
0
 10
64.23428404900334
 20
46.0879
 10
64.23428404900334
 20
47.2879
  0
LWPOLYLINE
  5
F9A
330
17
100
AcDbEntity
  8
PARTS
100
AcDbPolyline
 90
2
 70
0
 10
64.13428404900333
 20
47.2879
 10
64.13428404900333
 20
46.0879
  0
LWPOLYLINE
  5
F9B
330
17
100
AcDbEntity
  8
PARTS
100
AcDbPolyline
 90
2
 70
0
 10
61.960184049003324
 20
47.3879
 10
61.960184049003324
 20
46.0879
  0
LWPOLYLINE
  5
F9C
330
17
100
AcDbEntity
  8
PARTS
100
AcDbPolyline
 90
2
 70
0
 10
64.23428404900334
 20
47.3879
 10
64.23428404900334
 20
47.2879
  0
LWPOLYLINE
  5
F9D
330
17
100
AcDbEntity
  8
PARTS
100
AcDbPolyline
 90
2
 70
0
 10
64.23428404900334
 20
46.0879
 10
64.23428404900334
 20
45.987899999999996
  0
LWPOLYLINE
  5
F9E
330
17
100
AcDbEntity
  8
PARTS
100
AcDbPolyline
 90
2
 70
0
 10
64.23428404900334
 20
45.987899999999996
 10
64.13428404900333
 20
45.987899999999996
  0
LWPOLYLINE
  5
F9F
330
17
100
AcDbEntity
  8
PARTS
100
AcDbPolyline
 90
2
 70
0
 10
64.13428404900333
 20
45.987899999999996
 10
64.03428404900333
 20
45.987899999999996
  0
LWPOLYLINE
  5
FA0
330
17
100
AcDbEntity
  8
PARTS
100
AcDbPolyline
 90
2
 70
0
 10
64.03428404900333
 20
45.987899999999996
 10
62.06018404900333
 20
45.987899999999996
  0
LWPOLYLINE
  5
FA1
330
17
100
AcDbEntity
  8
PARTS
100
AcDbPolyline
 90
2
 70
0
 10
61.960184049003324
 20
46.0879
 10
62.06018404900333
 20
45.987899999999996
  0
LWPOLYLINE
  5
FA2
330
17
100
AcDbEntity
  8
PARTS
100
AcDbPolyline
 90
2
 70
0
 10
64.13428404900333
 20
47.2879
 10
64.13428404900333
 20
47.3879
  0
LWPOLYLINE
  5
FA3
330
17
100
AcDbEntity
  8
PARTS
100
AcDbPolyline
 90
2
 70
0
 10
64.13428404900333
 20
45.987899999999996
 10
64.13428404900333
 20
46.0879
  0
LWPOLYLINE
  5
FA4
330
17
100
AcDbEntity
  8
PARTS
100
AcDbPolyline
 90
2
 70
0
 10
61.43428404900333
 20
75.7428
 10
61.43428404900333
 20
75.83999999999999
  0
LWPOLYLINE
  5
FA5
330
17
100
AcDbEntity
  8
PARTS
100
AcDbPolyline
 90
2
 70
0
 10
61.43428404900333
 20
55.2679
 10
61.43428404900333
 20
61.601099999999995
  0
LWPOLYLINE
  5
FA6
330
17
100
AcDbEntity
  8
PARTS
100
AcDbPolyline
 90
2
 70
0
 10
61.43428404900333
 20
71.8947
 10
61.43428404900333
 20
71.99589999999999
  0
LWPOLYLINE
  5
FA7
330
17
100
AcDbEntity
  8
PARTS
100
AcDbPolyline
 90
2
 70
0
 10
61.43428404900333
 20
75.7428
 10
61.43428404900333
 20
71.99589999999999
  0
LWPOLYLINE
  5
FA8
330
17
100
AcDbEntity
  8
PARTS
100
AcDbPolyline
 90
2
 70
0
 10
63.27678404900333
 20
62.2895
 10
63.27678404900333
 20
64.3855
  0
LWPOLYLINE
  5
FA9
330
17
100
AcDbEntity
  8
PARTS
100
AcDbPolyline
 90
2
 70
0
 10
63.27678404900333
 20
64.3855
 10
62.30478404900333
 20
64.3855
  0
LWPOLYLINE
  5
FAA
330
17
100
AcDbEntity
  8
PARTS
100
AcDbPolyline
 90
2
 70
0
 10
62.30478404900333
 20
64.3855
 10
62.30478404900333
 20
62.2895
  0
LWPOLYLINE
  5
FAB
330
17
100
AcDbEntity
  8
PARTS
100
AcDbPolyline
 90
2
 70
0
 10
62.30478404900333
 20
62.2895
 10
63.27678404900333
 20
62.2895
  0
LWPOLYLINE
  5
FAC
330
17
100
AcDbEntity
  8
PARTS
100
AcDbPolyline
 90
2
 70
0
 10
63.27678404900333
 20
49.24429999999999
 10
63.27678404900333
 20
51.3784
  0
LWPOLYLINE
  5
FAD
330
17
100
AcDbEntity
  8
PARTS
100
AcDbPolyline
 90
2
 70
0
 10
63.27678404900333
 20
51.3784
 10
62.30478404900333
 20
51.3784
  0
LWPOLYLINE
  5
FAE
330
17
100
AcDbEntity
  8
PARTS
100
AcDbPolyline
 90
2
 70
0
 10
62.30478404900333
 20
51.3784
 10
62.30478404900333
 20
49.24429999999999
  0
LWPOLYLINE
  5
FAF
330
17
100
AcDbEntity
  8
PARTS
100
AcDbPolyline
 90
2
 70
0
 10
62.30478404900333
 20
49.24429999999999
 10
63.27678404900333
 20
49.24429999999999
  0
LWPOLYLINE
  5
FB0
330
17
100
AcDbEntity
  8
PARTS
100
AcDbPolyline
 90
2
 70
0
 10
63.27678404900333
 20
71.99589999999999
 10
63.27678404900333
 20
75.7428
  0
LWPOLYLINE
  5
FB1
330
17
100
AcDbEntity
  8
PARTS
100
AcDbPolyline
 90
2
 70
0
 10
63.27678404900333
 20
75.7428
 10
61.43428404900333
 20
75.7428
  0
LWPOLYLINE
  5
FB2
330
17
100
AcDbEntity
  8
PARTS
100
AcDbPolyline
 90
2
 70
0
 10
61.43428404900333
 20
71.99589999999999
 10
63.27678404900333
 20
71.99589999999999
  0
LWPOLYLINE
  5
FB3
330
17
100
AcDbEntity
  8
PARTS
100
AcDbPolyline
 90
2
 70
0
 10
61.33428404900332
 20
55.2679
 10
61.33428404900332
 20
47.3879
  0
LWPOLYLINE
  5
FB4
330
17
100
AcDbEntity
  8
PARTS
100
AcDbPolyline
 90
2
 70
0
 10
61.33428404900332
 20
61.601099999999995
 10
61.33428404900332
 20
55.2679
  0
LWPOLYLINE
  5
FB5
330
17
100
AcDbEntity
  8
PARTS
100
AcDbPolyline
 90
2
 70
0
 10
61.33428404900332
 20
71.8947
 10
61.33428404900332
 20
61.601099999999995
  0
LWPOLYLINE
  5
FB6
330
17
100
AcDbEntity
  8
PARTS
100
AcDbPolyline
 90
2
 70
0
 10
61.33428404900332
 20
72.6994
 10
61.33428404900332
 20
71.8947
  0
LWPOLYLINE
  5
FB7
330
17
100
AcDbEntity
  8
PARTS
100
AcDbPolyline
 90
2
 70
0
 10
61.33428404900332
 20
72.6994
 10
61.33428404900332
 20
75.34689999999999
  0
LWPOLYLINE
  5
FB8
330
17
100
AcDbEntity
  8
PARTS
100
AcDbPolyline
 90
2
 70
0
 10
61.33428404900332
 20
75.83999999999999
 10
61.33428404900332
 20
75.34689999999999
  0
LWPOLYLINE
  5
FB9
330
17
100
AcDbEntity
  8
PARTS
100
AcDbPolyline
 90
2
 70
0
 10
61.33428404900332
 20
76.38789999999999
 10
61.33428404900332
 20
75.83999999999999
  0
LWPOLYLINE
  5
FBA
330
17
100
AcDbEntity
  8
PARTS
100
AcDbPolyline
 90
2
 70
0
 10
64.30428404900333
 20
76.38789999999999
 10
64.30428404900333
 20
74.98729999999999
  0
LWPOLYLINE
  5
FBB
330
17
100
AcDbEntity
  8
PARTS
100
AcDbPolyline
 90
2
 70
0
 10
64.23428404900334
 20
47.3879
 10
64.22428404900333
 20
47.3879
  0
LWPOLYLINE
  5
FBC
330
17
100
AcDbEntity
  8
PARTS
100
AcDbPolyline
 90
2
 70
0
 10
64.22428404900333
 20
47.3879
 10
61.53428404900333
 20
47.3879
  0
LWPOLYLINE
  5
FBD
330
17
100
AcDbEntity
  8
PARTS
100
AcDbPolyline
 90
2
 70
0
 10
61.53428404900333
 20
47.3879
 10
61.33428404900332
 20
47.3879
  0
LWPOLYLINE
  5
FBE
330
17
100
AcDbEntity
  8
PARTS
100
AcDbPolyline
 90
2
 70
0
 10
61.33428404900332
 20
76.38789999999999
 10
61.53428404900333
 20
76.38789999999999
  0
LWPOLYLINE
  5
FBF
330
17
100
AcDbEntity
  8
PARTS
100
AcDbPolyline
 90
2
 70
0
 10
61.53428404900333
 20
76.38789999999999
 10
64.22428404900333
 20
76.38789999999999
  0
LWPOLYLINE
  5
FC0
330
17
100
AcDbEntity
  8
PARTS
100
AcDbPolyline
 90
2
 70
0
 10
64.22428404900333
 20
76.38789999999999
 10
64.30428404900333
 20
76.38789999999999
  0
LWPOLYLINE
  5
FC1
330
17
100
AcDbEntity
  8
PARTS
100
AcDbPolyline
 90
2
 70
0
 10
61.53428404900333
 20
61.601099999999995
 10
61.33428404900332
 20
61.601099999999995
  0
LWPOLYLINE
  5
FC2
330
17
100
AcDbEntity
  8
PARTS
100
AcDbPolyline
 90
2
 70
0
 10
61.33428404900332
 20
71.8947
 10
61.53428404900333
 20
71.8947
  0
LWPOLYLINE
  5
FC3
330
17
100
AcDbEntity
  8
PARTS
100
AcDbPolyline
 90
2
 70
0
 10
61.46428404900333
 20
61.3675
 10
61.53428404900333
 20
61.3675
  0
LWPOLYLINE
  5
FC4
330
17
100
AcDbEntity
  8
PARTS
100
AcDbPolyline
 90
2
 70
0
 10
61.46428404900333
 20
55.2679
 10
61.46428404900333
 20
61.3675
  0
LWPOLYLINE
  5
FC5
330
17
100
AcDbEntity
  8
PARTS
100
AcDbPolyline
 90
2
 70
0
 10
61.33428404900332
 20
55.2679
 10
61.46428404900333
 20
55.2679
  0
LWPOLYLINE
  5
FC6
330
17
100
AcDbEntity
  8
PARTS
100
AcDbPolyline
 90
2
 70
0
 10
63.343384049003326
 20
75.83999999999999
 10
61.53428404900333
 20
75.83999999999999
  0
LWPOLYLINE
  5
FC7
330
17
100
AcDbEntity
  8
PARTS
100
AcDbPolyline
 90
2
 70
0
 10
63.343384049003326
 20
71.8947
 10
63.343384049003326
 20
75.83999999999999
  0
LWPOLYLINE
  5
FC8
330
17
100
AcDbEntity
  8
PARTS
100
AcDbPolyline
 90
2
 70
0
 10
61.53428404900333
 20
71.8947
 10
63.343384049003326
 20
71.8947
  0
LWPOLYLINE
  5
FC9
330
17
100
AcDbEntity
  8
PARTS
100
AcDbPolyline
 90
2
 70
0
 10
63.00588404900333
 20
61.601099999999995
 10
61.53428404900333
 20
61.601099999999995
  0
LWPOLYLINE
  5
FCA
330
17
100
AcDbEntity
  8
PARTS
100
AcDbPolyline
 90
2
 70
0
 10
63.00588404900333
 20
55.2679
 10
63.00588404900333
 20
61.601099999999995
  0
LWPOLYLINE
  5
FCB
330
17
100
AcDbEntity
  8
PARTS
100
AcDbPolyline
 90
2
 70
0
 10
62.590584049003326
 20
55.2679
 10
63.00588404900333
 20
55.2679
  0
LWPOLYLINE
  5
FCC
330
17
100
AcDbEntity
  8
PARTS
100
AcDbPolyline
 90
2
 70
0
 10
62.590584049003326
 20
61.3675
 10
62.590584049003326
 20
55.2679
  0
LWPOLYLINE
  5
FCD
330
17
100
AcDbEntity
  8
PARTS
100
AcDbPolyline
 90
2
 70
0
 10
61.53428404900333
 20
61.3675
 10
62.590584049003326
 20
61.3675
  0
LWPOLYLINE
  5
FCE
330
17
100
AcDbEntity
  8
PARTS
100
AcDbPolyline
 90
2
 70
0
 10
63.343384049003326
 20
49.157399999999996
 10
63.343384049003326
 20
51.4415
  0
LWPOLYLINE
  5
FCF
330
17
100
AcDbEntity
  8
PARTS
100
AcDbPolyline
 90
2
 70
0
 10
62.25318404900332
 20
49.157399999999996
 10
63.343384049003326
 20
49.157399999999996
  0
LWPOLYLINE
  5
FD0
330
17
100
AcDbEntity
  8
PARTS
100
AcDbPolyline
 90
2
 70
0
 10
62.25318404900332
 20
51.4415
 10
62.25318404900332
 20
49.157399999999996
  0
LWPOLYLINE
  5
FD1
330
17
100
AcDbEntity
  8
PARTS
100
AcDbPolyline
 90
2
 70
0
 10
63.343384049003326
 20
51.4415
 10
62.25318404900332
 20
51.4415
  0
LWPOLYLINE
  5
FD2
330
17
100
AcDbEntity
  8
PARTS
100
AcDbPolyline
 90
2
 70
0
 10
62.25318404900332
 20
62.157399999999996
 10
63.343384049003326
 20
62.157399999999996
  0
LWPOLYLINE
  5
FD3
330
17
100
AcDbEntity
  8
PARTS
100
AcDbPolyline
 90
2
 70
0
 10
62.25318404900332
 20
64.4415
 10
62.25318404900332
 20
62.157399999999996
  0
LWPOLYLINE
  5
FD4
330
17
100
AcDbEntity
  8
PARTS
100
AcDbPolyline
 90
2
 70
0
 10
63.343384049003326
 20
64.4415
 10
62.25318404900332
 20
64.4415
  0
LWPOLYLINE
  5
FD5
330
17
100
AcDbEntity
  8
PARTS
100
AcDbPolyline
 90
2
 70
0
 10
63.343384049003326
 20
62.157399999999996
 10
63.343384049003326
 20
64.4415
  0
LWPOLYLINE
  5
FD6
330
17
100
AcDbEntity
  8
PARTS
100
AcDbPolyline
 90
2
 70
0
 10
61.53428404900333
 20
75.83999999999999
 10
61.33428404900332
 20
75.83999999999999
  0
LWPOLYLINE
  5
FD7
330
17
100
AcDbEntity
  8
PARTS
100
AcDbPolyline
 90
2
 70
0
 10
61.33428404900332
 20
75.34689999999999
 10
61.43428404900333
 20
75.34689999999999
  0
LWPOLYLINE
  5
FD8
330
17
100
AcDbEntity
  8
PARTS
100
AcDbPolyline
 90
2
 70
0
 10
61.43428404900333
 20
72.6994
 10
61.33428404900332
 20
72.6994
  0
LWPOLYLINE
  5
FD9
330
17
100
AcDbEntity
  8
PARTS
100
AcDbPolyline
 90
2
 70
0
 10
61.33428404900332
 20
47.3879
 10
61.43428404900333
 20
47.2879
  0
LWPOLYLINE
  5
FDA
330
17
100
AcDbEntity
  8
PARTS
100
AcDbPolyline
 90
2
 70
0
 10
61.960184049003324
 20
47.2879
 10
61.43428404900333
 20
47.2879
  0
LWPOLYLINE
  5
FDB
330
17
100
AcDbEntity
  8
PARTS
100
AcDbPolyline
 90
2
 70
0
 10
61.33328404900333
 20
61.8133
 10
61.33328404900333
 20
61.982499999999995
  0
LWPOLYLINE
  5
FDC
330
17
100
AcDbEntity
  8
PARTS
100
AcDbPolyline
 90
2
 70
0
 10
61.33328404900333
 20
61.982499999999995
 10
61.33328404900333
 20
62.1647
  0
LWPOLYLINE
  5
FDD
330
17
100
AcDbEntity
  8
PARTS
100
AcDbPolyline
 90
3
 70
0
 10
61.33328404900333
 20
62.1647
 10
61.33328404900333
 20
62.2688
 10
61.33328404900333
 20
62.372899999999994
  0
LWPOLYLINE
  5
FDE
330
17
100
AcDbEntity
  8
PARTS
100
AcDbPolyline
 90
5
 70
0
 10
61.33328404900333
 20
62.372899999999994
 10
61.33328404900333
 20
62.4965
 10
61.33328404900333
 20
62.6201
 10
61.33328404900333
 20
62.7438
 10
61.33328404900333
 20
62.867399999999996
  0
LWPOLYLINE
  5
FDF
330
17
100
AcDbEntity
  8
PARTS
100
AcDbPolyline
 90
5
 70
0
 10
61.33328404900333
 20
62.867399999999996
 10
61.33328404900333
 20
62.9856
 10
61.33328404900333
 20
63.1038
 10
61.33328404900333
 20
63.222
 10
61.33328404900333
 20
63.3402
  0
LWPOLYLINE
  5
FE0
330
17
100
AcDbEntity
  8
PARTS
100
AcDbPolyline
 90
3
 70
0
 10
61.33328404900333
 20
63.3402
 10
61.33328404900333
 20
63.444399999999995
 10
61.33328404900333
 20
63.5485
  0
LWPOLYLINE
  5
FE1
330
17
100
AcDbEntity
  8
PARTS
100
AcDbPolyline
 90
3
 70
0
 10
61.33328404900333
 20
63.5485
 10
61.33328404900333
 20
63.696
 10
61.33328404900333
 20
63.843399999999995
  0
LWPOLYLINE
  5
FE2
330
17
100
AcDbEntity
  8
PARTS
100
AcDbPolyline
 90
2
 70
0
 10
61.33328404900333
 20
61.8133
 10
61.33428404900332
 20
61.8133
  0
LWPOLYLINE
  5
FE3
330
17
100
AcDbEntity
  8
PARTS
100
AcDbPolyline
 90
2
 70
0
 10
61.33328404900333
 20
62.1647
 10
61.33428404900332
 20
62.1647
  0
LWPOLYLINE
  5
FE4
330
17
100
AcDbEntity
  8
PARTS
100
AcDbPolyline
 90
2
 70
0
 10
61.33328404900333
 20
63.5485
 10
61.33428404900332
 20
63.5485
  0
LWPOLYLINE
  5
FE5
330
17
100
AcDbEntity
  8
PARTS
100
AcDbPolyline
 90
2
 70
0
 10
61.33328404900333
 20
63.843399999999995
 10
61.33428404900332
 20
63.843399999999995
  0
LWPOLYLINE
  5
FE6
330
17
100
AcDbEntity
  8
PARTS
100
AcDbPolyline
 90
2
 70
0
 10
64.23428404900334
 20
45.231899999999996
 10
64.18428404900332
 20
45.2819
  0
LWPOLYLINE
  5
FE7
330
17
100
AcDbEntity
  8
PARTS
100
AcDbPolyline
 90
2
 70
0
 10
62.98428404900333
 20
45.2819
 10
62.93428404900333
 20
45.231899999999996
  0
LWPOLYLINE
  5
FE8
330
17
100
AcDbEntity
  8
PARTS
100
AcDbPolyline
 90
2
 70
0
 10
62.93428404900333
 20
44.0319
 10
62.98428404900333
 20
43.981899999999996
  0
LWPOLYLINE
  5
FE9
330
17
100
AcDbEntity
  8
PARTS
100
AcDbPolyline
 90
2
 70
0
 10
62.98428404900333
 20
45.231899999999996
 10
62.98428404900333
 20
44.0319
  0
LWPOLYLINE
  5
FEA
330
17
100
AcDbEntity
  8
PARTS
100
AcDbPolyline
 90
2
 70
0
 10
62.98428404900333
 20
44.0319
 10
63.87428404900333
 20
44.0319
  0
LWPOLYLINE
  5
FEB
330
17
100
AcDbEntity
  8
PARTS
100
AcDbPolyline
 90
2
 70
0
 10
64.18428404900332
 20
44.24289999999999
 10
64.18428404900332
 20
45.231899999999996
  0
LWPOLYLINE
  5
FEC
330
17
100
AcDbEntity
  8
PARTS
100
AcDbPolyline
 90
2
 70
0
 10
64.18428404900332
 20
45.231899999999996
 10
62.98428404900333
 20
45.231899999999996
  0
LWPOLYLINE
  5
FED
330
17
100
AcDbEntity
  8
PARTS
100
AcDbPolyline
 90
2
 70
0
 10
64.18428404900332
 20
45.2819
 10
64.18428404900332
 20
45.231899999999996
  0
LWPOLYLINE
  5
FEE
330
17
100
AcDbEntity
  8
PARTS
100
AcDbPolyline
 90
2
 70
0
 10
62.98428404900333
 20
45.231899999999996
 10
62.98428404900333
 20
45.2819
  0
LWPOLYLINE
  5
FEF
330
17
100
AcDbEntity
  8
PARTS
100
AcDbPolyline
 90
2
 70
0
 10
64.23428404900334
 20
45.231899999999996
 10
64.18428404900332
 20
45.231899999999996
  0
LWPOLYLINE
  5
FF0
330
17
100
AcDbEntity
  8
PARTS
100
AcDbPolyline
 90
2
 70
0
 10
62.98428404900333
 20
45.231899999999996
 10
62.93428404900333
 20
45.231899999999996
  0
LWPOLYLINE
  5
FF1
330
17
100
AcDbEntity
  8
PARTS
100
AcDbPolyline
 90
2
 70
0
 10
62.98428404900333
 20
44.0319
 10
62.93428404900333
 20
44.0319
  0
LWPOLYLINE
  5
FF2
330
17
100
AcDbEntity
  8
PARTS
100
AcDbPolyline
 90
2
 70
0
 10
62.98428404900333
 20
44.0319
 10
62.98428404900333
 20
43.981899999999996
  0
LWPOLYLINE
  5
FF3
330
17
100
AcDbEntity
  8
PARTS
100
AcDbPolyline
 90
2
 70
0
 10
63.91558404900332
 20
37.6889
 10
64.06428404900332
 20
37.6889
  0
LWPOLYLINE
  5
FF4
330
17
100
AcDbEntity
  8
PARTS
100
AcDbPolyline
 90
2
 70
0
 10
63.91558404900332
 20
36.588899999999995
 10
64.06428404900332
 20
36.588899999999995
  0
LWPOLYLINE
  5
FF5
330
17
100
AcDbEntity
  8
PARTS
100
AcDbPolyline
 90
2
 70
0
 10
63.91558404900332
 20
37.6889
 10
63.91558404900332
 20
36.588899999999995
  0
LWPOLYLINE
  5
FF6
330
17
100
AcDbEntity
  8
PARTS
100
AcDbPolyline
 90
2
 70
0
 10
64.01238404900333
 20
39.046899999999994
 10
64.01238404900333
 20
39.0479
  0
LWPOLYLINE
  5
FF7
330
17
100
AcDbEntity
  8
PARTS
100
AcDbPolyline
 90
2
 70
0
 10
64.01348404900332
 20
39.046899999999994
 10
64.01348404900332
 20
39.0479
  0
LWPOLYLINE
  5
FF8
330
17
100
AcDbEntity
  8
PARTS
100
AcDbPolyline
 90
2
 70
0
 10
64.13228404900333
 20
39.046899999999994
 10
64.13228404900333
 20
39.0479
  0
LWPOLYLINE
  5
FF9
330
17
100
AcDbEntity
  8
PARTS
100
AcDbPolyline
 90
2
 70
0
 10
64.12298404900334
 20
39.046899999999994
 10
64.12298404900334
 20
39.0479
  0
LWPOLYLINE
  5
FFA
330
17
100
AcDbEntity
  8
PARTS
100
AcDbPolyline
 90
2
 70
0
 10
64.07838404900333
 20
39.046899999999994
 10
64.07838404900333
 20
39.0479
  0
LWPOLYLINE
  5
FFB
330
17
100
AcDbEntity
  8
PARTS
100
AcDbPolyline
 90
2
 70
0
 10
64.00098404900332
 20
39.046899999999994
 10
64.00098404900332
 20
39.0479
  0
LWPOLYLINE
  5
FFC
330
17
100
AcDbEntity
  8
PARTS
100
AcDbPolyline
 90
2
 70
0
 10
64.13608404900333
 20
39.046899999999994
 10
64.13608404900333
 20
39.0479
  0
LWPOLYLINE
  5
FFD
330
17
100
AcDbEntity
  8
PARTS
100
AcDbPolyline
 90
2
 70
0
 10
64.23428404900334
 20
47.2879
 10
64.13428404900333
 20
47.2879
  0
LWPOLYLINE
  5
FFE
330
17
100
AcDbEntity
  8
PARTS
100
AcDbPolyline
 90
2
 70
0
 10
64.13428404900333
 20
46.0879
 10
64.23428404900334
 20
46.0879
  0
LWPOLYLINE
  5
FFF
330
17
100
AcDbEntity
  8
PARTS
100
AcDbPolyline
 90
2
 70
0
 10
64.03428404900333
 20
45.987899999999996
 10
64.03428404900333
 20
47.3879
  0
LWPOLYLINE
  5
1000
330
17
100
AcDbEntity
  8
PARTS
100
AcDbPolyline
 90
2
 70
0
 10
61.53428404900333
 20
71.8947
 10
61.53428404900333
 20
61.601099999999995
  0
LWPOLYLINE
  5
1001
330
17
100
AcDbEntity
  8
PARTS
100
AcDbPolyline
 90
2
 70
0
 10
61.53428404900333
 20
61.3675
 10
61.53428404900333
 20
47.3879
  0
LWPOLYLINE
  5
1002
330
17
100
AcDbEntity
  8
PARTS
100
AcDbPolyline
 90
2
 70
0
 10
64.22428404900333
 20
47.3879
 10
64.22428404900333
 20
76.38789999999999
  0
LWPOLYLINE
  5
1003
330
17
100
AcDbEntity
  8
PARTS
100
AcDbPolyline
 90
2
 70
0
 10
61.53428404900333
 20
76.38789999999999
 10
61.53428404900333
 20
75.83999999999999
  0
LWPOLYLINE
  5
1004
330
17
100
AcDbEntity
  8
PARTS
100
AcDbPolyline
 90
2
 70
0
 10
61.33328404900333
 20
61.982499999999995
 10
61.33428404900332
 20
61.982499999999995
  0
LWPOLYLINE
  5
1005
330
17
100
AcDbEntity
  8
PARTS
100
AcDbPolyline
 90
2
 70
0
 10
61.33328404900333
 20
62.372899999999994
 10
61.33428404900332
 20
62.372899999999994
  0
LWPOLYLINE
  5
1006
330
17
100
AcDbEntity
  8
PARTS
100
AcDbPolyline
 90
2
 70
0
 10
61.33328404900333
 20
62.867399999999996
 10
61.33428404900332
 20
62.867399999999996
  0
LWPOLYLINE
  5
1007
330
17
100
AcDbEntity
  8
PARTS
100
AcDbPolyline
 90
2
 70
0
 10
61.33328404900333
 20
63.3402
 10
61.33428404900332
 20
63.3402
  0
LWPOLYLINE
  5
1008
330
17
100
AcDbEntity
  8
PARTS
100
AcDbPolyline
 90
2
 70
0
 10
63.91558404900332
 20
37.725899999999996
 10
63.911384049003324
 20
37.7254
  0
LWPOLYLINE
  5
1009
330
17
100
AcDbEntity
  8
PARTS
100
AcDbPolyline
 90
2
 70
0
 10
63.87868404900333
 20
37.7153
 10
63.87858404900333
 20
37.715199999999996
  0
LWPOLYLINE
  5
100A
330
17
100
AcDbEntity
  8
PARTS
100
AcDbPolyline
 90
2
 70
0
 10
63.849984049003325
 20
37.693099999999994
 10
63.84968404900332
 20
37.692899999999995
  0
LWPOLYLINE
  5
100B
330
17
100
AcDbEntity
  8
PARTS
100
AcDbPolyline
 90
2
 70
0
 10
63.84698404900333
 20
37.689699999999995
 10
63.84508404900333
 20
37.6873
  0
LWPOLYLINE
  5
100C
330
17
100
AcDbEntity
  8
PARTS
100
AcDbPolyline
 90
2
 70
0
 10
63.83868404900333
 20
37.6778
 10
63.838484049003334
 20
37.677499999999995
  0
LWPOLYLINE
  5
100D
330
17
100
AcDbEntity
  8
PARTS
100
AcDbPolyline
 90
2
 70
0
 10
63.83468404900333
 20
37.6703
 10
63.83228404900333
 20
37.665
  0
LWPOLYLINE
  5
100E
330
17
100
AcDbEntity
  8
PARTS
100
AcDbPolyline
 90
2
 70
0
 10
63.83038404900333
 20
37.66
 10
63.830084049003325
 20
37.659099999999995
  0
LWPOLYLINE
  5
100F
330
17
100
AcDbEntity
  8
PARTS
100
AcDbPolyline
 90
2
 70
0
 10
63.82678404900333
 20
37.6478
 10
63.82548404900333
 20
37.6406
  0
LWPOLYLINE
  5
1010
330
17
100
AcDbEntity
  8
PARTS
100
AcDbPolyline
 90
2
 70
0
 10
63.825184049003326
 20
37.638999999999996
 10
63.825184049003326
 20
37.6387
  0
LWPOLYLINE
  5
1011
330
17
100
AcDbEntity
  8
PARTS
100
AcDbPolyline
 90
2
 70
0
 10
63.82448404900333
 20
37.6307
 10
63.82448404900333
 20
37.6307
  0
LWPOLYLINE
  5
1012
330
17
100
AcDbEntity
  8
PARTS
100
AcDbPolyline
 90
2
 70
0
 10
63.82438404900333
 20
37.6271
 10
63.824284049003325
 20
37.6263
  0
LWPOLYLINE
  5
1013
330
17
100
AcDbEntity
  8
PARTS
100
AcDbPolyline
 90
2
 70
0
 10
63.903684049003324
 20
36.553799999999995
 10
63.901984049003325
 20
36.554199999999994
  0
LWPOLYLINE
  5
1014
330
17
100
AcDbEntity
  8
PARTS
100
AcDbPolyline
 90
2
 70
0
 10
63.849784049003325
 20
36.5849
 10
63.84968404900332
 20
36.584999999999994
  0
LWPOLYLINE
  5
1015
330
17
100
AcDbEntity
  8
PARTS
100
AcDbPolyline
 90
2
 70
0
 10
63.84948404900333
 20
36.5853
 10
63.84838404900333
 20
36.586499999999994
  0
LWPOLYLINE
  5
1016
330
17
100
AcDbEntity
  8
PARTS
100
AcDbPolyline
 90
2
 70
0
 10
63.84818404900333
 20
36.5868
 10
63.84818404900333
 20
36.5868
  0
LWPOLYLINE
  5
1017
330
17
100
AcDbEntity
  8
PARTS
100
AcDbPolyline
 90
2
 70
0
 10
63.84798404900332
 20
36.586999999999996
 10
63.84798404900332
 20
36.586999999999996
  0
LWPOLYLINE
  5
1018
330
17
100
AcDbEntity
  8
PARTS
100
AcDbPolyline
 90
2
 70
0
 10
63.84778404900333
 20
36.587199999999996
 10
63.84778404900333
 20
36.587199999999996
  0
LWPOLYLINE
  5
1019
330
17
100
AcDbEntity
  8
PARTS
100
AcDbPolyline
 90
2
 70
0
 10
63.84768404900333
 20
36.587399999999995
 10
63.84758404900333
 20
36.587399999999995
  0
LWPOLYLINE
  5
101A
330
17
100
AcDbEntity
  8
PARTS
100
AcDbPolyline
 90
2
 70
0
 10
63.84748404900333
 20
36.587599999999995
 10
63.847384049003324
 20
36.5877
  0
LWPOLYLINE
  5
101B
330
17
100
AcDbEntity
  8
PARTS
100
AcDbPolyline
 90
2
 70
0
 10
63.84728404900333
 20
36.587799999999994
 10
63.847184049003324
 20
36.5879
  0
LWPOLYLINE
  5
101C
330
17
100
AcDbEntity
  8
PARTS
100
AcDbPolyline
 90
2
 70
0
 10
63.84708404900332
 20
36.587999999999994
 10
63.84698404900333
 20
36.5881
  0
LWPOLYLINE
  5
101D
330
17
100
AcDbEntity
  8
PARTS
100
AcDbPolyline
 90
2
 70
0
 10
63.84698404900333
 20
36.5882
 10
63.84688404900333
 20
36.5883
  0
LWPOLYLINE
  5
101E
330
17
100
AcDbEntity
  8
PARTS
100
AcDbPolyline
 90
2
 70
0
 10
63.84678404900333
 20
36.5884
 10
63.84668404900333
 20
36.588499999999996
  0
LWPOLYLINE
  5
101F
330
17
100
AcDbEntity
  8
PARTS
100
AcDbPolyline
 90
2
 70
0
 10
63.846584049003326
 20
36.588699999999996
 10
63.84648404900333
 20
36.5888
  0
LWPOLYLINE
  5
1020
330
17
100
AcDbEntity
  8
PARTS
100
AcDbPolyline
 90
2
 70
0
 10
63.846384049003326
 20
36.588899999999995
 10
63.84628404900332
 20
36.589
  0
LWPOLYLINE
  5
1021
330
17
100
AcDbEntity
  8
PARTS
100
AcDbPolyline
 90
2
 70
0
 10
63.84628404900332
 20
36.589099999999995
 10
63.84598404900333
 20
36.5894
  0
LWPOLYLINE
  5
1022
330
17
100
AcDbEntity
  8
PARTS
100
AcDbPolyline
 90
2
 70
0
 10
63.84598404900333
 20
36.5894
 10
63.84578404900333
 20
36.5896
  0
LWPOLYLINE
  5
1023
330
17
100
AcDbEntity
  8
PARTS
100
AcDbPolyline
 90
2
 70
0
 10
63.84578404900333
 20
36.5896
 10
63.845484049003325
 20
36.589999999999996
  0
LWPOLYLINE
  5
1024
330
17
100
AcDbEntity
  8
PARTS
100
AcDbPolyline
 90
2
 70
0
 10
63.84538404900332
 20
36.590199999999996
 10
63.84458404900332
 20
36.59119999999999
  0
LWPOLYLINE
  5
1025
330
17
100
AcDbEntity
  8
PARTS
100
AcDbPolyline
 90
2
 70
0
 10
63.84308404900332
 20
36.5933
 10
63.84308404900332
 20
36.5933
  0
LWPOLYLINE
  5
1026
330
17
100
AcDbEntity
  8
PARTS
100
AcDbPolyline
 90
2
 70
0
 10
63.842084049003326
 20
36.594699999999996
 10
63.842084049003326
 20
36.594699999999996
  0
LWPOLYLINE
  5
1027
330
17
100
AcDbEntity
  8
PARTS
100
AcDbPolyline
 90
2
 70
0
 10
63.83878404900333
 20
36.5999
 10
63.83878404900333
 20
36.5999
  0
LWPOLYLINE
  5
1028
330
17
100
AcDbEntity
  8
PARTS
100
AcDbPolyline
 90
2
 70
0
 10
63.83858404900332
 20
36.600199999999994
 10
63.83788404900333
 20
36.6014
  0
LWPOLYLINE
  5
1029
330
17
100
AcDbEntity
  8
PARTS
100
AcDbPolyline
 90
2
 70
0
 10
63.83218404900333
 20
36.6132
 10
63.831784049003325
 20
36.6142
  0
LWPOLYLINE
  5
102A
330
17
100
AcDbEntity
  8
PARTS
100
AcDbPolyline
 90
2
 70
0
 10
63.83108404900333
 20
36.6158
 10
63.83068404900333
 20
36.61709999999999
  0
LWPOLYLINE
  5
102B
330
17
100
AcDbEntity
  8
PARTS
100
AcDbPolyline
 90
2
 70
0
 10
63.83038404900333
 20
36.6177
 10
63.824284049003325
 20
36.651599999999995
  0
LWPOLYLINE
  5
102C
330
17
100
AcDbEntity
  8
PARTS
100
AcDbPolyline
 90
2
 70
0
 10
63.87868404900333
 20
36.562599999999996
 10
63.87858404900333
 20
36.562599999999996
  0
LWPOLYLINE
  5
102D
330
17
100
AcDbEntity
  8
PARTS
100
AcDbPolyline
 90
2
 70
0
 10
63.91558404900332
 20
37.725899999999996
 10
63.897684049003324
 20
37.7226
  0
LWPOLYLINE
  5
102E
330
17
100
AcDbEntity
  8
PARTS
100
AcDbPolyline
 90
2
 70
0
 10
63.86358404900333
 20
37.705799999999996
 10
63.85698404900333
 20
37.700199999999995
  0
LWPOLYLINE
  5
102F
330
17
100
AcDbEntity
  8
PARTS
100
AcDbPolyline
 90
2
 70
0
 10
63.84968404900332
 20
37.692899999999995
 10
63.824284049003325
 20
37.6263
  0
LWPOLYLINE
  5
1030
330
17
100
AcDbEntity
  8
PARTS
100
AcDbPolyline
 90
2
 70
0
 10
63.91558404900332
 20
36.551899999999996
 10
63.897684049003324
 20
36.5552
  0
LWPOLYLINE
  5
1031
330
17
100
AcDbEntity
  8
PARTS
100
AcDbPolyline
 90
2
 70
0
 10
63.84968404900332
 20
36.584999999999994
 10
63.824284049003325
 20
36.6515
  0
LWPOLYLINE
  5
1032
330
17
100
AcDbEntity
  8
PARTS
100
AcDbPolyline
 90
2
 70
0
 10
63.86358404900333
 20
36.5721
 10
63.85698404900333
 20
36.5776
  0
LWPOLYLINE
  5
1033
330
17
100
AcDbEntity
  8
PARTS
100
AcDbPolyline
 90
2
 70
0
 10
64.01238404900333
 20
39.046899999999994
 10
64.01238404900333
 20
39.0479
  0
LWPOLYLINE
  5
1034
330
17
100
AcDbEntity
  8
PARTS
100
AcDbPolyline
 90
2
 70
0
 10
64.13228404900333
 20
39.046899999999994
 10
64.13228404900333
 20
39.0479
  0
LWPOLYLINE
  5
1035
330
17
100
AcDbEntity
  8
PARTS
100
AcDbPolyline
 90
2
 70
0
 10
64.00098404900332
 20
39.046899999999994
 10
64.00098404900332
 20
39.0479
  0
LWPOLYLINE
  5
1036
330
17
100
AcDbEntity
  8
PARTS
100
AcDbPolyline
 90
2
 70
0
 10
64.13608404900333
 20
39.046899999999994
 10
64.13608404900333
 20
39.0479
  0
DIMENSION
  5
1037
330
17
100
AcDbEntity
  8
DIM
100
AcDbDimension
280
0
  2
*D20
  3
PCB2
 10
65.83438404900333
 20
31.666666666666668
 30
0.0
 11
65.03435864895233
 21
30.55
 31
0.0
 70
32
 71
5
  1
<>
100
AcDbAlignedDimension
 13
65.83438404900333
 23
35.0
 33
0.0
 14
64.23433324890134
 24
35.0
 34
0.0
 50
0.0
100
AcDbRotatedDimension
  0
DIMENSION
  5
1048
330
17
100
AcDbEntity
  8
DIM
100
AcDbDimension
280
0
  2
*D21
  3
PCB2
 10
65.83438404900333
 20
28.333333333333332
 30
0.0
 11
63.58385869116833
 21
27.716666666666665
 31
0.0
 70
32
 71
5
  1
<>
100
AcDbAlignedDimension
 13
65.83438404900333
 23
35.0
 33
0.0
 14
61.333333333333336
 24
35.0
 34
0.0
 50
0.0
100
AcDbRotatedDimension
  0
TEXT
  5
1057
330
17
100
AcDbEntity
  8
TEXT
100
AcDbText
 10
63.58385869116833
 20
24.333333333333332
 30
0.0
 40
1.1666666666666667
  1
RIGHT
  7
CJK
 72
1
 11
63.58385869116833
 21
24.333333333333332
 31
0.0
100
AcDbText
  0
TEXT
  5
1058
330
17
100
AcDbEntity
  8
TEXT
100
AcDbText
 10
63.58385869116833
 20
22.666666666666668
 30
0.0
 40
1.1666666666666667
  1
VIEW
  7
CJK
 72
1
 11
63.58385869116833
 21
22.666666666666668
 31
0.0
100
AcDbText
  0
TEXT
  5
1059
330
17
100
AcDbEntity
  8
TEXT
100
AcDbText
 10
71.16771738233666
 20
93.73333333333333
 30
0.0
 40
1.0
  1
HOLE TABLE
  7
CJK
 11
71.16771738233666
 21
93.73333333333333
 31
0.0
100
AcDbText
  0
LWPOLYLINE
  5
105A
330
17
100
AcDbEntity
  8
SHEET
100
AcDbPolyline
 90
2
 70
0
 10
71.16771738233666
 20
93.0
 10
118.50105071566999
 20
93.0
  0
LWPOLYLINE
  5
105B
330
17
100
AcDbEntity
  8
SHEET
100
AcDbPolyline
 90
2
 70
0
 10
71.16771738233666
 20
91.39999999999999
 10
118.50105071566999
 20
91.39999999999999
  0
LWPOLYLINE
  5
105C
330
17
100
AcDbEntity
  8
SHEET
100
AcDbPolyline
 90
2
 70
0
 10
71.16771738233666
 20
89.8
 10
118.50105071566999
 20
89.8
  0
LWPOLYLINE
  5
105D
330
17
100
AcDbEntity
  8
SHEET
100
AcDbPolyline
 90
2
 70
0
 10
71.16771738233666
 20
88.2
 10
118.50105071566999
 20
88.2
  0
LWPOLYLINE
  5
105E
330
17
100
AcDbEntity
  8
SHEET
100
AcDbPolyline
 90
2
 70
0
 10
71.16771738233666
 20
86.60000000000001
 10
118.50105071566999
 20
86.60000000000001
  0
LWPOLYLINE
  5
105F
330
17
100
AcDbEntity
  8
SHEET
100
AcDbPolyline
 90
2
 70
0
 10
71.16771738233666
 20
85.0
 10
118.50105071566999
 20
85.0
  0
LWPOLYLINE
  5
1060
330
17
100
AcDbEntity
  8
SHEET
100
AcDbPolyline
 90
2
 70
0
 10
71.16771738233666
 20
83.39999999999999
 10
118.50105071566999
 20
83.39999999999999
  0
LWPOLYLINE
  5
1061
330
17
100
AcDbEntity
  8
SHEET
100
AcDbPolyline
 90
2
 70
0
 10
71.16771738233666
 20
81.8
 10
118.50105071566999
 20
81.8
  0
LWPOLYLINE
  5
1062
330
17
100
AcDbEntity
  8
SHEET
100
AcDbPolyline
 90
2
 70
0
 10
71.16771738233666
 20
93.0
 10
71.16771738233666
 20
81.8
  0
LWPOLYLINE
  5
1063
330
17
100
AcDbEntity
  8
SHEET
100
AcDbPolyline
 90
2
 70
0
 10
75.83438404900333
 20
93.0
 10
75.83438404900333
 20
81.8
  0
LWPOLYLINE
  5
1064
330
17
100
AcDbEntity
  8
SHEET
100
AcDbPolyline
 90
2
 70
0
 10
83.16771738233666
 20
93.0
 10
83.16771738233666
 20
81.8
  0
LWPOLYLINE
  5
1065
330
17
100
AcDbEntity
  8
SHEET
100
AcDbPolyline
 90
2
 70
0
 10
90.50105071566999
 20
93.0
 10
90.50105071566999
 20
81.8
  0
LWPOLYLINE
  5
1066
330
17
100
AcDbEntity
  8
SHEET
100
AcDbPolyline
 90
2
 70
0
 10
95.83438404900333
 20
93.0
 10
95.83438404900333
 20
81.8
  0
LWPOLYLINE
  5
1067
330
17
100
AcDbEntity
  8
SHEET
100
AcDbPolyline
 90
2
 70
0
 10
113.83438404900333
 20
93.0
 10
113.83438404900333
 20
81.8
  0
LWPOLYLINE
  5
1068
330
17
100
AcDbEntity
  8
SHEET
100
AcDbPolyline
 90
2
 70
0
 10
118.50105071566999
 20
93.0
 10
118.50105071566999
 20
81.8
  0
LWPOLYLINE
  5
1069
330
17
100
AcDbEntity
  8
SHEET
100
AcDbPolyline
 90
2
 70
0
 10
71.16771738233666
 20
93.0
 10
71.16771738233666
 20
81.8
  0
TEXT
  5
106A
330
17
100
AcDbEntity
  8
TEXT
100
AcDbText
 10
71.66771738233666
 20
91.86666666666666
 30
0.0
 40
0.7666666666666666
  1
ID
  7
CJK
 11
71.66771738233666
 21
91.86666666666666
 31
0.0
100
AcDbText
  0
TEXT
  5
106B
330
17
100
AcDbEntity
  8
TEXT
100
AcDbText
 10
76.33438404900333
 20
91.86666666666666
 30
0.0
 40
0.7666666666666666
  1
X
  7
CJK
 11
76.33438404900333
 21
91.86666666666666
 31
0.0
100
AcDbText
  0
TEXT
  5
106C
330
17
100
AcDbEntity
  8
TEXT
100
AcDbText
 10
83.66771738233666
 20
91.86666666666666
 30
0.0
 40
0.7666666666666666
  1
Y
  7
CJK
 11
83.66771738233666
 21
91.86666666666666
 31
0.0
100
AcDbText
  0
TEXT
  5
106D
330
17
100
AcDbEntity
  8
TEXT
100
AcDbText
 10
91.00105071566999
 20
91.86666666666666
 30
0.0
 40
0.7666666666666666
  1
%%c
  7
CJK
 11
91.00105071566999
 21
91.86666666666666
 31
0.0
100
AcDbText
  0
TEXT
  5
106E
330
17
100
AcDbEntity
  8
TEXT
100
AcDbText
 10
96.33438404900333
 20
91.86666666666666
 30
0.0
 40
0.7666666666666666
  1
TYPE
  7
CJK
 11
96.33438404900333
 21
91.86666666666666
 31
0.0
100
AcDbText
  0
TEXT
  5
106F
330
17
100
AcDbEntity
  8
TEXT
100
AcDbText
 10
114.33438404900333
 20
91.86666666666666
 30
0.0
 40
0.7666666666666666
  1
QTY
  7
CJK
 11
114.33438404900333
 21
91.86666666666666
 31
0.0
100
AcDbText
  0
TEXT
  5
1070
330
17
100
AcDbEntity
  8
TEXT
100
AcDbText
 10
71.66771738233666
 20
90.26666666666665
 30
0.0
 40
0.7666666666666666
  1
H1
  7
CJK
 11
71.66771738233666
 21
90.26666666666665
 31
0.0
100
AcDbText
  0
TEXT
  5
1071
330
17
100
AcDbEntity
  8
TEXT
100
AcDbText
 10
76.33438404900333
 20
90.26666666666665
 30
0.0
 40
0.7666666666666666
  1
3.00
  7
CJK
 11
76.33438404900333
 21
90.26666666666665
 31
0.0
100
AcDbText
  0
TEXT
  5
1072
330
17
100
AcDbEntity
  8
TEXT
100
AcDbText
 10
83.66771738233666
 20
90.26666666666665
 30
0.0
 40
0.7666666666666666
  1
7.60
  7
CJK
 11
83.66771738233666
 21
90.26666666666665
 31
0.0
100
AcDbText
  0
TEXT
  5
1073
330
17
100
AcDbEntity
  8
TEXT
100
AcDbText
 10
91.00105071566999
 20
90.26666666666665
 30
0.0
 40
0.7666666666666666
  1
4.80
  7
CJK
 11
91.00105071566999
 21
90.26666666666665
 31
0.0
100
AcDbText
  0
TEXT
  5
1074
330
17
100
AcDbEntity
  8
TEXT
100
AcDbText
 10
96.33438404900333
 20
90.26666666666665
 30
0.0
 40
0.7666666666666666
  1
NPTH, mounting
  7
CJK
 11
96.33438404900333
 21
90.26666666666665
 31
0.0
100
AcDbText
  0
TEXT
  5
1075
330
17
100
AcDbEntity
  8
TEXT
100
AcDbText
 10
114.33438404900333
 20
90.26666666666665
 30
0.0
 40
0.7666666666666666
  1
1
  7
CJK
 11
114.33438404900333
 21
90.26666666666665
 31
0.0
100
AcDbText
  0
TEXT
  5
1076
330
17
100
AcDbEntity
  8
TEXT
100
AcDbText
 10
71.66771738233666
 20
88.66666666666664
 30
0.0
 40
0.7666666666666666
  1
H2
  7
CJK
 11
71.66771738233666
 21
88.66666666666664
 31
0.0
100
AcDbText
  0
TEXT
  5
1077
330
17
100
AcDbEntity
  8
TEXT
100
AcDbText
 10
76.33438404900333
 20
88.66666666666664
 30
0.0
 40
0.7666666666666666
  1
27.00
  7
CJK
 11
76.33438404900333
 21
88.66666666666664
 31
0.0
100
AcDbText
  0
TEXT
  5
1078
330
17
100
AcDbEntity
  8
TEXT
100
AcDbText
 10
83.66771738233666
 20
88.66666666666664
 30
0.0
 40
0.7666666666666666
  1
7.60
  7
CJK
 11
83.66771738233666
 21
88.66666666666664
 31
0.0
100
AcDbText
  0
TEXT
  5
1079
330
17
100
AcDbEntity
  8
TEXT
100
AcDbText
 10
91.00105071566999
 20
88.66666666666664
 30
0.0
 40
0.7666666666666666
  1
4.80
  7
CJK
 11
91.00105071566999
 21
88.66666666666664
 31
0.0
100
AcDbText
  0
TEXT
  5
107A
330
17
100
AcDbEntity
  8
TEXT
100
AcDbText
 10
96.33438404900333
 20
88.66666666666664
 30
0.0
 40
0.7666666666666666
  1
NPTH, mounting
  7
CJK
 11
96.33438404900333
 21
88.66666666666664
 31
0.0
100
AcDbText
  0
TEXT
  5
107B
330
17
100
AcDbEntity
  8
TEXT
100
AcDbText
 10
114.33438404900333
 20
88.66666666666664
 30
0.0
 40
0.7666666666666666
  1
1
  7
CJK
 11
114.33438404900333
 21
88.66666666666664
 31
0.0
100
AcDbText
  0
TEXT
  5
107C
330
17
100
AcDbEntity
  8
TEXT
100
AcDbText
 10
71.66771738233666
 20
87.06666666666666
 30
0.0
 40
0.7666666666666666
  1
-
  7
CJK
 11
71.66771738233666
 21
87.06666666666666
 31
0.0
100
AcDbText
  0
TEXT
  5
107D
330
17
100
AcDbEntity
  8
TEXT
100
AcDbText
 10
76.33438404900333
 20
87.06666666666666
 30
0.0
 40
0.7666666666666666
  1
see dwg
  7
CJK
 11
76.33438404900333
 21
87.06666666666666
 31
0.0
100
AcDbText
  0
TEXT
  5
107E
330
17
100
AcDbEntity
  8
TEXT
100
AcDbText
 10
83.66771738233666
 20
87.06666666666666
 30
0.0
 40
0.7666666666666666
  1
see dwg
  7
CJK
 11
83.66771738233666
 21
87.06666666666666
 31
0.0
100
AcDbText
  0
TEXT
  5
107F
330
17
100
AcDbEntity
  8
TEXT
100
AcDbText
 10
91.00105071566999
 20
87.06666666666666
 30
0.0
 40
0.7666666666666666
  1
0.90
  7
CJK
 11
91.00105071566999
 21
87.06666666666666
 31
0.0
100
AcDbText
  0
TEXT
  5
1080
330
17
100
AcDbEntity
  8
TEXT
100
AcDbText
 10
96.33438404900333
 20
87.06666666666666
 30
0.0
 40
0.7666666666666666
  1
PTH, pin header
  7
CJK
 11
96.33438404900333
 21
87.06666666666666
 31
0.0
100
AcDbText
  0
TEXT
  5
1081
330
17
100
AcDbEntity
  8
TEXT
100
AcDbText
 10
114.33438404900333
 20
87.06666666666666
 30
0.0
 40
0.7666666666666666
  1
10
  7
CJK
 11
114.33438404900333
 21
87.06666666666666
 31
0.0
100
AcDbText
  0
TEXT
  5
1082
330
17
100
AcDbEntity
  8
TEXT
100
AcDbText
 10
71.66771738233666
 20
85.46666666666665
 30
0.0
 40
0.7666666666666666
  1
-
  7
CJK
 11
71.66771738233666
 21
85.46666666666665
 31
0.0
100
AcDbText
  0
TEXT
  5
1083
330
17
100
AcDbEntity
  8
TEXT
100
AcDbText
 10
76.33438404900333
 20
85.46666666666665
 30
0.0
 40
0.7666666666666666
  1
3.21
  7
CJK
 11
76.33438404900333
 21
85.46666666666665
 31
0.0
100
AcDbText
  0
TEXT
  5
1084
330
17
100
AcDbEntity
  8
TEXT
100
AcDbText
 10
83.66771738233666
 20
85.46666666666665
 30
0.0
 40
0.7666666666666666
  1
35.91
  7
CJK
 11
83.66771738233666
 21
85.46666666666665
 31
0.0
100
AcDbText
  0
TEXT
  5
1085
330
17
100
AcDbEntity
  8
TEXT
100
AcDbText
 10
91.00105071566999
 20
85.46666666666665
 30
0.0
 40
0.7666666666666666
  1
1.50
  7
CJK
 11
91.00105071566999
 21
85.46666666666665
 31
0.0
100
AcDbText
  0
TEXT
  5
1086
330
17
100
AcDbEntity
  8
TEXT
100
AcDbText
 10
96.33438404900333
 20
85.46666666666665
 30
0.0
 40
0.7666666666666666
  1
NPTH, part locating
  7
CJK
 11
96.33438404900333
 21
85.46666666666665
 31
0.0
100
AcDbText
  0
TEXT
  5
1087
330
17
100
AcDbEntity
  8
TEXT
100
AcDbText
 10
114.33438404900333
 20
85.46666666666665
 30
0.0
 40
0.7666666666666666
  1
1
  7
CJK
 11
114.33438404900333
 21
85.46666666666665
 31
0.0
100
AcDbText
  0
TEXT
  5
1088
330
17
100
AcDbEntity
  8
TEXT
100
AcDbText
 10
71.66771738233666
 20
83.86666666666666
 30
0.0
 40
0.7666666666666666
  1
-
  7
CJK
 11
71.66771738233666
 21
83.86666666666666
 31
0.0
100
AcDbText
  0
TEXT
  5
1089
330
17
100
AcDbEntity
  8
TEXT
100
AcDbText
 10
76.33438404900333
 20
83.86666666666666
 30
0.0
 40
0.7666666666666666
  1
27.41
  7
CJK
 11
76.33438404900333
 21
83.86666666666666
 31
0.0
100
AcDbText
  0
TEXT
  5
108A
330
17
100
AcDbEntity
  8
TEXT
100
AcDbText
 10
83.66771738233666
 20
83.86666666666666
 30
0.0
 40
0.7666666666666666
  1
35.91
  7
CJK
 11
83.66771738233666
 21
83.86666666666666
 31
0.0
100
AcDbText
  0
TEXT
  5
108B
330
17
100
AcDbEntity
  8
TEXT
100
AcDbText
 10
91.00105071566999
 20
83.86666666666666
 30
0.0
 40
0.7666666666666666
  1
1.50
  7
CJK
 11
91.00105071566999
 21
83.86666666666666
 31
0.0
100
AcDbText
  0
TEXT
  5
108C
330
17
100
AcDbEntity
  8
TEXT
100
AcDbText
 10
96.33438404900333
 20
83.86666666666666
 30
0.0
 40
0.7666666666666666
  1
NPTH, part locating
  7
CJK
 11
96.33438404900333
 21
83.86666666666666
 31
0.0
100
AcDbText
  0
TEXT
  5
108D
330
17
100
AcDbEntity
  8
TEXT
100
AcDbText
 10
114.33438404900333
 20
83.86666666666666
 30
0.0
 40
0.7666666666666666
  1
1
  7
CJK
 11
114.33438404900333
 21
83.86666666666666
 31
0.0
100
AcDbText
  0
TEXT
  5
108E
330
17
100
AcDbEntity
  8
TEXT
100
AcDbText
 10
71.66771738233666
 20
82.26666666666667
 30
0.0
 40
0.7666666666666666
  1
-
  7
CJK
 11
71.66771738233666
 21
82.26666666666667
 31
0.0
100
AcDbText
  0
TEXT
  5
108F
330
17
100
AcDbEntity
  8
TEXT
100
AcDbText
 10
76.33438404900333
 20
82.26666666666667
 30
0.0
 40
0.7666666666666666
  1
-
  7
CJK
 11
76.33438404900333
 21
82.26666666666667
 31
0.0
100
AcDbText
  0
TEXT
  5
1090
330
17
100
AcDbEntity
  8
TEXT
100
AcDbText
 10
83.66771738233666
 20
82.26666666666667
 30
0.0
 40
0.7666666666666666
  1
-
  7
CJK
 11
83.66771738233666
 21
82.26666666666667
 31
0.0
100
AcDbText
  0
TEXT
  5
1091
330
17
100
AcDbEntity
  8
TEXT
100
AcDbText
 10
91.00105071566999
 20
82.26666666666667
 30
0.0
 40
0.7666666666666666
  1
0.305
  7
CJK
 11
91.00105071566999
 21
82.26666666666667
 31
0.0
100
AcDbText
  0
TEXT
  5
1092
330
17
100
AcDbEntity
  8
TEXT
100
AcDbText
 10
96.33438404900333
 20
82.26666666666667
 30
0.0
 40
0.7666666666666666
  1
Via (not dimensioned)
  7
CJK
 11
96.33438404900333
 21
82.26666666666667
 31
0.0
100
AcDbText
  0
TEXT
  5
1093
330
17
100
AcDbEntity
  8
TEXT
100
AcDbText
 10
114.33438404900333
 20
82.26666666666667
 30
0.0
 40
0.7666666666666666
  1
17
  7
CJK
 11
114.33438404900333
 21
82.26666666666667
 31
0.0
100
AcDbText
  0
TEXT
  5
1094
330
17
100
AcDbEntity
  8
TEXT
100
AcDbText
 10
71.16771738233666
 20
79.2
 30
0.0
 40
1.0
  1
COMPONENT HEIGHTS
  7
CJK
 11
71.16771738233666
 21
79.2
 31
0.0
100
AcDbText
  0
LWPOLYLINE
  5
1095
330
17
100
AcDbEntity
  8
SHEET
100
AcDbPolyline
 90
2
 70
0
 10
71.16771738233666
 20
78.46666666666667
 10
118.50105071566999
 20
78.46666666666667
  0
LWPOLYLINE
  5
1096
330
17
100
AcDbEntity
  8
SHEET
100
AcDbPolyline
 90
2
 70
0
 10
71.16771738233666
 20
76.86666666666666
 10
118.50105071566999
 20
76.86666666666666
  0
LWPOLYLINE
  5
1097
330
17
100
AcDbEntity
  8
SHEET
100
AcDbPolyline
 90
2
 70
0
 10
71.16771738233666
 20
75.26666666666667
 10
118.50105071566999
 20
75.26666666666667
  0
LWPOLYLINE
  5
1098
330
17
100
AcDbEntity
  8
SHEET
100
AcDbPolyline
 90
2
 70
0
 10
71.16771738233666
 20
73.66666666666667
 10
118.50105071566999
 20
73.66666666666667
  0
LWPOLYLINE
  5
1099
330
17
100
AcDbEntity
  8
SHEET
100
AcDbPolyline
 90
2
 70
0
 10
71.16771738233666
 20
72.06666666666668
 10
118.50105071566999
 20
72.06666666666668
  0
LWPOLYLINE
  5
109A
330
17
100
AcDbEntity
  8
SHEET
100
AcDbPolyline
 90
2
 70
0
 10
71.16771738233666
 20
70.46666666666667
 10
118.50105071566999
 20
70.46666666666667
  0
LWPOLYLINE
  5
109B
330
17
100
AcDbEntity
  8
SHEET
100
AcDbPolyline
 90
2
 70
0
 10
71.16771738233666
 20
68.86666666666667
 10
118.50105071566999
 20
68.86666666666667
  0
LWPOLYLINE
  5
109C
330
17
100
AcDbEntity
  8
SHEET
100
AcDbPolyline
 90
2
 70
0
 10
71.16771738233666
 20
78.46666666666667
 10
71.16771738233666
 20
68.86666666666667
  0
LWPOLYLINE
  5
109D
330
17
100
AcDbEntity
  8
SHEET
100
AcDbPolyline
 90
2
 70
0
 10
79.16771738233666
 20
78.46666666666667
 10
79.16771738233666
 20
68.86666666666667
  0
LWPOLYLINE
  5
109E
330
17
100
AcDbEntity
  8
SHEET
100
AcDbPolyline
 90
2
 70
0
 10
91.83438404900333
 20
78.46666666666667
 10
91.83438404900333
 20
68.86666666666667
  0
LWPOLYLINE
  5
109F
330
17
100
AcDbEntity
  8
SHEET
100
AcDbPolyline
 90
2
 70
0
 10
95.83438404900333
 20
78.46666666666667
 10
95.83438404900333
 20
68.86666666666667
  0
LWPOLYLINE
  5
10A0
330
17
100
AcDbEntity
  8
SHEET
100
AcDbPolyline
 90
2
 70
0
 10
105.16771738233666
 20
78.46666666666667
 10
105.16771738233666
 20
68.86666666666667
  0
LWPOLYLINE
  5
10A1
330
17
100
AcDbEntity
  8
SHEET
100
AcDbPolyline
 90
2
 70
0
 10
118.50105071566999
 20
78.46666666666667
 10
118.50105071566999
 20
68.86666666666667
  0
LWPOLYLINE
  5
10A2
330
17
100
AcDbEntity
  8
SHEET
100
AcDbPolyline
 90
2
 70
0
 10
71.16771738233666
 20
78.46666666666667
 10
71.16771738233666
 20
68.86666666666667
  0
TEXT
  5
10A3
330
17
100
AcDbEntity
  8
TEXT
100
AcDbText
 10
71.66771738233666
 20
77.33333333333333
 30
0.0
 40
0.7666666666666666
  1
REF
  7
CJK
 11
71.66771738233666
 21
77.33333333333333
 31
0.0
100
AcDbText
  0
TEXT
  5
10A4
330
17
100
AcDbEntity
  8
TEXT
100
AcDbText
 10
79.66771738233666
 20
77.33333333333333
 30
0.0
 40
0.7666666666666666
  1
PACKAGE
  7
CJK
 11
79.66771738233666
 21
77.33333333333333
 31
0.0
100
AcDbText
  0
TEXT
  5
10A5
330
17
100
AcDbEntity
  8
TEXT
100
AcDbText
 10
92.33438404900333
 20
77.33333333333333
 30
0.0
 40
0.7666666666666666
  1
QTY
  7
CJK
 11
92.33438404900333
 21
77.33333333333333
 31
0.0
100
AcDbText
  0
TEXT
  5
10A6
330
17
100
AcDbEntity
  8
TEXT
100
AcDbText
 10
96.33438404900333
 20
77.33333333333333
 30
0.0
 40
0.7666666666666666
  1
BODY LxW
  7
CJK
 11
96.33438404900333
 21
77.33333333333333
 31
0.0
100
AcDbText
  0
TEXT
  5
10A7
330
17
100
AcDbEntity
  8
TEXT
100
AcDbText
 10
105.66771738233666
 20
77.33333333333333
 30
0.0
 40
0.7666666666666666
  1
HEIGHT ABOVE PCB
  7
CJK
 11
105.66771738233666
 21
77.33333333333333
 31
0.0
100
AcDbText
  0
TEXT
  5
10A8
330
17
100
AcDbEntity
  8
TEXT
100
AcDbText
 10
71.66771738233666
 20
75.73333333333333
 30
0.0
 40
0.7666666666666666
  1
CARD2
  7
CJK
 11
71.66771738233666
 21
75.73333333333333
 31
0.0
100
AcDbText
  0
TEXT
  5
10A9
330
17
100
AcDbEntity
  8
TEXT
100
AcDbText
 10
79.66771738233666
 20
75.73333333333333
 30
0.0
 40
0.7666666666666666
  1
SD-SMD_SD-106M
  7
CJK
 11
79.66771738233666
 21
75.73333333333333
 31
0.0
100
AcDbText
  0
TEXT
  5
10AA
330
17
100
AcDbEntity
  8
TEXT
100
AcDbText
 10
92.33438404900333
 20
75.73333333333333
 30
0.0
 40
0.7666666666666666
  1
1
  7
CJK
 11
92.33438404900333
 21
75.73333333333333
 31
0.0
100
AcDbText
  0
TEXT
  5
10AB
330
17
100
AcDbEntity
  8
TEXT
100
AcDbText
 10
96.33438404900333
 20
75.73333333333333
 30
0.0
 40
0.7666666666666666
  1
30.40x28.70
  7
CJK
 11
96.33438404900333
 21
75.73333333333333
 31
0.0
100
AcDbText
  0
TEXT
  5
10AC
330
17
100
AcDbEntity
  8
TEXT
100
AcDbText
 10
105.66771738233666
 20
75.73333333333333
 30
0.0
 40
0.7666666666666666
  1
2.90
  7
CJK
 11
105.66771738233666
 21
75.73333333333333
 31
0.0
100
AcDbText
  0
TEXT
  5
10AD
330
17
100
AcDbEntity
  8
TEXT
100
AcDbText
 10
71.66771738233666
 20
74.13333333333334
 30
0.0
 40
0.7666666666666666
  1
C2
  7
CJK
 11
71.66771738233666
 21
74.13333333333334
 31
0.0
100
AcDbText
  0
TEXT
  5
10AE
330
17
100
AcDbEntity
  8
TEXT
100
AcDbText
 10
79.66771738233666
 20
74.13333333333334
 30
0.0
 40
0.7666666666666666
  1
C0805_L2.0-W1.3-H1.3
  7
CJK
 11
79.66771738233666
 21
74.13333333333334
 31
0.0
100
AcDbText
  0
TEXT
  5
10AF
330
17
100
AcDbEntity
  8
TEXT
100
AcDbText
 10
92.33438404900333
 20
74.13333333333334
 30
0.0
 40
0.7666666666666666
  1
1
  7
CJK
 11
92.33438404900333
 21
74.13333333333334
 31
0.0
100
AcDbText
  0
TEXT
  5
10B0
330
17
100
AcDbEntity
  8
TEXT
100
AcDbText
 10
96.33438404900333
 20
74.13333333333334
 30
0.0
 40
0.7666666666666666
  1
2.00x1.30
  7
CJK
 11
96.33438404900333
 21
74.13333333333334
 31
0.0
100
AcDbText
  0
TEXT
  5
10B1
330
17
100
AcDbEntity
  8
TEXT
100
AcDbText
 10
105.66771738233666
 20
74.13333333333334
 30
0.0
 40
0.7666666666666666
  1
1.30
  7
CJK
 11
105.66771738233666
 21
74.13333333333334
 31
0.0
100
AcDbText
  0
TEXT
  5
10B2
330
17
100
AcDbEntity
  8
TEXT
100
AcDbText
 10
71.66771738233666
 20
72.53333333333333
 30
0.0
 40
0.7666666666666666
  1
C3
  7
CJK
 11
71.66771738233666
 21
72.53333333333333
 31
0.0
100
AcDbText
  0
TEXT
  5
10B3
330
17
100
AcDbEntity
  8
TEXT
100
AcDbText
 10
79.66771738233666
 20
72.53333333333333
 30
0.0
 40
0.7666666666666666
  1
C0603_L1.6-W0.8-H0.8
  7
CJK
 11
79.66771738233666
 21
72.53333333333333
 31
0.0
100
AcDbText
  0
TEXT
  5
10B4
330
17
100
AcDbEntity
  8
TEXT
100
AcDbText
 10
92.33438404900333
 20
72.53333333333333
 30
0.0
 40
0.7666666666666666
  1
1
  7
CJK
 11
92.33438404900333
 21
72.53333333333333
 31
0.0
100
AcDbText
  0
TEXT
  5
10B5
330
17
100
AcDbEntity
  8
TEXT
100
AcDbText
 10
96.33438404900333
 20
72.53333333333333
 30
0.0
 40
0.7666666666666666
  1
1.60x0.80
  7
CJK
 11
96.33438404900333
 21
72.53333333333333
 31
0.0
100
AcDbText
  0
TEXT
  5
10B6
330
17
100
AcDbEntity
  8
TEXT
100
AcDbText
 10
105.66771738233666
 20
72.53333333333333
 30
0.0
 40
0.7666666666666666
  1
0.80
  7
CJK
 11
105.66771738233666
 21
72.53333333333333
 31
0.0
100
AcDbText
  0
TEXT
  5
10B7
330
17
100
AcDbEntity
  8
TEXT
100
AcDbText
 10
71.66771738233666
 20
70.93333333333334
 30
0.0
 40
0.7666666666666666
  1
LED1
  7
CJK
 11
71.66771738233666
 21
70.93333333333334
 31
0.0
100
AcDbText
  0
TEXT
  5
10B8
330
17
100
AcDbEntity
  8
TEXT
100
AcDbText
 10
79.66771738233666
 20
70.93333333333334
 30
0.0
 40
0.7666666666666666
  1
LED0603-R-RD
  7
CJK
 11
79.66771738233666
 21
70.93333333333334
 31
0.0
100
AcDbText
  0
TEXT
  5
10B9
330
17
100
AcDbEntity
  8
TEXT
100
AcDbText
 10
92.33438404900333
 20
70.93333333333334
 30
0.0
 40
0.7666666666666666
  1
1
  7
CJK
 11
92.33438404900333
 21
70.93333333333334
 31
0.0
100
AcDbText
  0
TEXT
  5
10BA
330
17
100
AcDbEntity
  8
TEXT
100
AcDbText
 10
96.33438404900333
 20
70.93333333333334
 30
0.0
 40
0.7666666666666666
  1
1.62x0.81
  7
CJK
 11
96.33438404900333
 21
70.93333333333334
 31
0.0
100
AcDbText
  0
TEXT
  5
10BB
330
17
100
AcDbEntity
  8
TEXT
100
AcDbText
 10
105.66771738233666
 20
70.93333333333334
 30
0.0
 40
0.7666666666666666
  1
0.41
  7
CJK
 11
105.66771738233666
 21
70.93333333333334
 31
0.0
100
AcDbText
  0
TEXT
  5
10BC
330
17
100
AcDbEntity
  8
TEXT
100
AcDbText
 10
71.66771738233666
 20
69.33333333333333
 30
0.0
 40
0.7666666666666666
  1
R1-R14
  7
CJK
 11
71.66771738233666
 21
69.33333333333333
 31
0.0
100
AcDbText
  0
TEXT
  5
10BD
330
17
100
AcDbEntity
  8
TEXT
100
AcDbText
 10
79.66771738233666
 20
69.33333333333333
 30
0.0
 40
0.7666666666666666
  1
R0402_L1.0-W0.5-H0.4
  7
CJK
 11
79.66771738233666
 21
69.33333333333333
 31
0.0
100
AcDbText
  0
TEXT
  5
10BE
330
17
100
AcDbEntity
  8
TEXT
100
AcDbText
 10
92.33438404900333
 20
69.33333333333333
 30
0.0
 40
0.7666666666666666
  1
14
  7
CJK
 11
92.33438404900333
 21
69.33333333333333
 31
0.0
100
AcDbText
  0
TEXT
  5
10BF
330
17
100
AcDbEntity
  8
TEXT
100
AcDbText
 10
96.33438404900333
 20
69.33333333333333
 30
0.0
 40
0.7666666666666666
  1
1.00x0.50
  7
CJK
 11
96.33438404900333
 21
69.33333333333333
 31
0.0
100
AcDbText
  0
TEXT
  5
10C0
330
17
100
AcDbEntity
  8
TEXT
100
AcDbText
 10
105.66771738233666
 20
69.33333333333333
 30
0.0
 40
0.7666666666666666
  1
0.36
  7
CJK
 11
105.66771738233666
 21
69.33333333333333
 31
0.0
100
AcDbText
  0
TEXT
  5
10C1
330
17
100
AcDbEntity
  8
TEXT
100
AcDbText
 10
71.16771738233666
 20
65.53333333333335
 30
0.0
 40
1.0
  1
NOTES
  7
CJK
 11
71.16771738233666
 21
65.53333333333335
 31
0.0
100
AcDbText
  0
TEXT
  5
10C2
330
17
100
AcDbEntity
  8
TEXT
100
AcDbText
 10
71.16771738233666
 20
64.00000000000001
 30
0.0
 40
0.7666666666666666
  1
1. All dimensions in mm. Origin (0,0) = bottom-left corner of the board outline.
  7
CJK
 11
71.16771738233666
 21
64.00000000000001
 31
0.0
100
AcDbText
  0
TEXT
  5
10C3
330
17
100
AcDbEntity
  8
TEXT
100
AcDbText
 10
71.16771738233666
 20
62.466666666666676
 30
0.0
 40
0.7666666666666666
  1
2. Board outline and hole positions from Gerber fabrication data (2026-09-16).
  7
CJK
 11
71.16771738233666
 21
62.466666666666676
 31
0.0
100
AcDbText
  0
TEXT
  5
10C4
330
17
100
AcDbEntity
  8
TEXT
100
AcDbText
 10
71.16771738233666
 20
60.93333333333334
 30
0.0
 40
0.7666666666666666
  1
3. Component bodies and heights from the STEP model, measured from the PCB top surface.
  7
CJK
 11
71.16771738233666
 21
60.93333333333334
 31
0.0
100
AcDbText
  0
TEXT
  5
10C5
330
17
100
AcDbEntity
  8
TEXT
100
AcDbText
 10
71.16771738233666
 20
59.400000000000006
 30
0.0
 40
0.7666666666666666
  1
4. PCB thickness 1.60. Height 4.50 from PCB bottom to top of tallest part.
  7
CJK
 11
71.16771738233666
 21
59.400000000000006
 31
0.0
100
AcDbText
  0
TEXT
  5
10C6
330
17
100
AcDbEntity
  8
TEXT
100
AcDbText
 10
71.16771738233666
 20
57.866666666666674
 30
0.0
 40
0.7666666666666666
  1
5. Tolerances per PCB manufacturer standard unless otherwise specified.
  7
CJK
 11
71.16771738233666
 21
57.866666666666674
 31
0.0
100
AcDbText
  0
ENDSEC
  0
SECTION
  2
OBJECTS
  0
DICTIONARY
  5
A
330
0
100
AcDbDictionary
281
1
  3
ACAD_COLOR
350
B
  3
ACAD_GROUP
350
C
  3
ACAD_LAYOUT
350
D
  3
ACAD_MATERIAL
350
E
  3
ACAD_MLEADERSTYLE
350
F
  3
ACAD_MLINESTYLE
350
10
  3
ACAD_PLOTSETTINGS
350
11
  3
ACAD_PLOTSTYLENAME
350
12
  3
ACAD_SCALELIST
350
14
  3
ACAD_TABLESTYLE
350
15
  3
ACAD_VISUALSTYLE
350
16
  3
EZDXF_META
350
2D
  0
DICTIONARY
  5
B
330
A
100
AcDbDictionary
281
1
  0
DICTIONARY
  5
C
330
A
100
AcDbDictionary
281
1
  0
DICTIONARY
  5
D
330
A
100
AcDbDictionary
281
1
  3
Model
350
1A
  3
Layout1
350
1E
  0
DICTIONARY
  5
E
330
A
100
AcDbDictionary
281
1
  3
ByBlock
350
1F
  3
ByLayer
350
20
  3
Global
350
21
  0
DICTIONARY
  5
F
330
A
100
AcDbDictionary
281
1
  3
Standard
350
2C
  0
DICTIONARY
  5
10
330
A
100
AcDbDictionary
281
1
  3
Standard
350
22
  0
DICTIONARY
  5
11
330
A
100
AcDbDictionary
281
1
  0
ACDBDICTIONARYWDFLT
  5
12
330
A
100
AcDbDictionary
281
1
  3
Normal
350
13
100
AcDbDictionaryWithDefault
340
13
  0
ACDBPLACEHOLDER
  5
13
330
12
  0
DICTIONARY
  5
14
330
A
100
AcDbDictionary
281
1
  0
DICTIONARY
  5
15
330
A
100
AcDbDictionary
281
1
  0
DICTIONARY
  5
16
330
A
100
AcDbDictionary
281
1
  3
2dWireframe
350
5A
  3
Basic
350
5B
  3
Brighten
350
5C
  3
ColorChange
350
5D
  3
Conceptual
350
5E
  3
Dim
350
5F
  3
EdgeColorOff
350
60
  3
Facepattern
350
61
  3
Flat
350
62
  3
FlatWithEdges
350
63
  3
Gouraud
350
64
  3
GouraudWithEdges
350
65
  3
Hidden
350
66
  3
JitterOff
350
67
  3
Linepattern
350
68
  3
Modeling
350
69
  3
OverhangOff
350
6A
  3
Realistic
350
6B
  3
Shaded
350
6C
  3
Shaded with edges
350
6D
  3
Shades of Gray
350
6E
  3
Sketchy
350
6F
  3
Thicken
350
70
  3
Wireframe
350
71
  3
X-Ray
350
72
  0
LAYOUT
  5
1A
330
D
100
AcDbPlotSettings
  1

  4
A3
  6

 40
7.5
 41
20.0
 42
7.5
 43
20.0
 44
420.0
 45
297.0
 46
0.0
 47
0.0
 48
0.0
 49
0.0
140
0.0
141
0.0
142
1.0
143
1.0
 70
1024
 72
1
 73
0
 74
5
  7

 75
16
 76
0
 77
2
 78
300
147
1.0
148
0.0
149
0.0
100
AcDbLayout
  1
Model
 70
1
 71
0
 10
0.0
 20
0.0
 11
420.0
 21
297.0
 12
0.0
 22
0.0
 32
0.0
 14
1e+20
 24
1e+20
 34
1e+20
 15
-1e+20
 25
-1e+20
 35
-1e+20
146
0.0
 13
0.0
 23
0.0
 33
0.0
 16
1.0
 26
0.0
 36
0.0
 17
0.0
 27
1.0
 37
0.0
 76
1
330
17
  0
LAYOUT
  5
1E
330
D
100
AcDbPlotSettings
  1

  4
A3
  6

 40
7.5
 41
20.0
 42
7.5
 43
20.0
 44
420.0
 45
297.0
 46
0.0
 47
0.0
 48
0.0
 49
0.0
140
0.0
141
0.0
142
1.0
143
1.0
 70
0
 72
1
 73
0
 74
5
  7

 75
16
 76
0
 77
2
 78
300
147
1.0
148
0.0
149
0.0
100
AcDbLayout
  1
Layout1
 70
1
 71
1
 10
0.0
 20
0.0
 11
420.0
 21
297.0
 12
0.0
 22
0.0
 32
0.0
 14
1e+20
 24
1e+20
 34
1e+20
 15
-1e+20
 25
-1e+20
 35
-1e+20
146
0.0
 13
0.0
 23
0.0
 33
0.0
 16
1.0
 26
0.0
 36
0.0
 17
0.0
 27
1.0
 37
0.0
 76
1
330
1B
  0
MATERIAL
  5
1F
102
{ACAD_REACTORS
330
E
102
}
330
E
100
AcDbMaterial
  1
ByBlock
  2

 70
0
 40
1.0
 71
1
 41
1.0
 91
-1023410177
 42
1.0
 72
1
  3

 73
1
 74
1
 75
1
 44
0.5
 73
0
 45
1.0
 46
1.0
 77
1
  4

 78
1
 79
1
170
1
 48
1.0
171
1
  6

172
1
173
1
174
1
140
1.0
141
1.0
175
1
  7

176
1
177
1
178
1
143
1.0
179
1
  8

270
1
271
1
272
1
145
1.0
146
1.0
273
1
  9

274
1
275
1
276
1
 42
1.0
 72
1
  3

 73
1
 74
1
 75
1
 94
63
  0
MATERIAL
  5
20
102
{ACAD_REACTORS
330
E
102
}
330
E
100
AcDbMaterial
  1
ByLayer
  2

 70
0
 40
1.0
 71
1
 41
1.0
 91
-1023410177
 42
1.0
 72
1
  3

 73
1
 74
1
 75
1
 44
0.5
 73
0
 45
1.0
 46
1.0
 77
1
  4

 78
1
 79
1
170
1
 48
1.0
171
1
  6

172
1
173
1
174
1
140
1.0
141
1.0
175
1
  7

176
1
177
1
178
1
143
1.0
179
1
  8

270
1
271
1
272
1
145
1.0
146
1.0
273
1
  9

274
1
275
1
276
1
 42
1.0
 72
1
  3

 73
1
 74
1
 75
1
 94
63
  0
MATERIAL
  5
21
102
{ACAD_REACTORS
330
E
102
}
330
E
100
AcDbMaterial
  1
Global
  2

 70
0
 40
1.0
 71
1
 41
1.0
 91
-1023410177
 42
1.0
 72
1
  3

 73
1
 74
1
 75
1
 44
0.5
 73
0
 45
1.0
 46
1.0
 77
1
  4

 78
1
 79
1
170
1
 48
1.0
171
1
  6

172
1
173
1
174
1
140
1.0
141
1.0
175
1
  7

176
1
177
1
178
1
143
1.0
179
1
  8

270
1
271
1
272
1
145
1.0
146
1.0
273
1
  9

274
1
275
1
276
1
 42
1.0
 72
1
  3

 73
1
 74
1
 75
1
 94
63
  0
MLINESTYLE
  5
22
102
{ACAD_REACTORS
330
10
102
}
330
10
100
AcDbMlineStyle
  2
Standard
 70
0
  3

 62
256
 51
90.0
 52
90.0
 71
2
 49
0.5
 62
256
  6
BYLAYER
 49
-0.5
 62
256
  6
BYLAYER
  0
MLEADERSTYLE
  5
2C
102
{ACAD_REACTORS
330
F
102
}
330
F
100
AcDbMLeaderStyle
179
2
170
2
171
1
172
0
 90
2
 40
0.0
 41
0.0
173
1
 91
-1056964608
 92
-2
290
1
 42
2.0
291
1
 43
8.0
  3
Standard
 44
4.0
300

342
29
174
1
175
1
176
0
178
1
 93
-1056964608
 45
4.0
292
0
297
0
 46
4.0
 94
-1056964608
 47
1.0
 49
1.0
140
1.0
294
1
141
0.0
177
0
142
1.0
295
0
296
0
143
3.75
271
0
272
9
273
9
  0
DICTIONARY
  5
2D
330
A
100
AcDbDictionary
280
1
281
1
  3
CREATED_BY_EZDXF
350
2E
  3
WRITTEN_BY_EZDXF
350
10C9
  0
DICTIONARYVAR
  5
2E
330
2D
100
DictionaryVariables
280
0
  1
1.4.4 @ 2026-09-17T08:21:40.150097+00:00
  0
VISUALSTYLE
  5
5A
102
{ACAD_REACTORS
330
16
102
}
330
16
100
AcDbVisualStyle
  2
2dWireframe
 70
4
 90
0
 40
0.6
 62
7
290
0
291
0
  0
VISUALSTYLE
  5
5B
102
{ACAD_REACTORS
330
16
102
}
330
16
100
AcDbVisualStyle
  2
Basic
 70
7
 90
1
 40
0.6
 62
7
290
0
291
1
  0
VISUALSTYLE
  5
5C
102
{ACAD_REACTORS
330
16
102
}
330
16
100
AcDbVisualStyle
  2
Brighten
 70
12
 90
2
 40
0.6
 62
7
290
0
291
1
  0
VISUALSTYLE
  5
5D
102
{ACAD_REACTORS
330
16
102
}
330
16
100
AcDbVisualStyle
  2
ColorChange
 70
16
 90
2
 40
0.6
 62
8
290
0
291
1
  0
VISUALSTYLE
  5
5E
102
{ACAD_REACTORS
330
16
102
}
330
16
100
AcDbVisualStyle
  2
Conceptual
 70
9
 90
3
 40
0.6
 62
7
290
0
291
0
  0
VISUALSTYLE
  5
5F
102
{ACAD_REACTORS
330
16
102
}
330
16
100
AcDbVisualStyle
  2
Dim
 70
11
 90
2
 40
0.6
 62
7
290
0
291
1
  0
VISUALSTYLE
  5
60
102
{ACAD_REACTORS
330
16
102
}
330
16
100
AcDbVisualStyle
  2
EdgeColorOff
 70
22
 90
2
 40
0.6
 62
7
290
0
291
1
  0
VISUALSTYLE
  5
61
102
{ACAD_REACTORS
330
16
102
}
330
16
100
AcDbVisualStyle
  2
Facepattern
 70
15
 90
2
 40
0.6
 62
7
290
0
291
1
  0
VISUALSTYLE
  5
62
102
{ACAD_REACTORS
330
16
102
}
330
16
100
AcDbVisualStyle
  2
Flat
 70
0
 90
2
 40
0.6
 62
7
290
0
291
1
  0
VISUALSTYLE
  5
63
102
{ACAD_REACTORS
330
16
102
}
330
16
100
AcDbVisualStyle
  2
FlatWithEdges
 70
1
 90
2
 40
0.6
 62
7
290
0
291
1
  0
VISUALSTYLE
  5
64
102
{ACAD_REACTORS
330
16
102
}
330
16
100
AcDbVisualStyle
  2
Gouraud
 70
2
 90
2
 40
0.6
 62
7
290
0
291
1
  0
VISUALSTYLE
  5
65
102
{ACAD_REACTORS
330
16
102
}
330
16
100
AcDbVisualStyle
  2
GouraudWithEdges
 70
3
 90
2
 40
0.6
 62
7
290
0
291
1
  0
VISUALSTYLE
  5
66
102
{ACAD_REACTORS
330
16
102
}
330
16
100
AcDbVisualStyle
  2
Hidden
 70
6
 90
1
 40
0.6
 62
7
290
0
291
0
  0
VISUALSTYLE
  5
67
102
{ACAD_REACTORS
330
16
102
}
330
16
100
AcDbVisualStyle
  2
JitterOff
 70
20
 90
2
 40
0.6
 62
7
290
0
291
1
  0
VISUALSTYLE
  5
68
102
{ACAD_REACTORS
330
16
102
}
330
16
100
AcDbVisualStyle
  2
Linepattern
 70
14
 90
2
 40
0.6
 62
7
290
0
291
1
  0
VISUALSTYLE
  5
69
102
{ACAD_REACTORS
330
16
102
}
330
16
100
AcDbVisualStyle
  2
Modeling
 70
10
 90
2
 40
0.6
 62
7
290
0
291
0
  0
VISUALSTYLE
  5
6A
102
{ACAD_REACTORS
330
16
102
}
330
16
100
AcDbVisualStyle
  2
OverhangOff
 70
21
 90
2
 40
0.6
 62
7
290
0
291
1
  0
VISUALSTYLE
  5
6B
102
{ACAD_REACTORS
330
16
102
}
330
16
100
AcDbVisualStyle
  2
Realistic
 70
8
 90
2
 40
0.6
 62
7
290
0
291
0
  0
VISUALSTYLE
  5
6C
102
{ACAD_REACTORS
330
16
102
}
330
16
100
AcDbVisualStyle
  2
Shaded
 70
27
 90
2
 40
0.6
 62
7
290
0
291
0
  0
VISUALSTYLE
  5
6D
102
{ACAD_REACTORS
330
16
102
}
330
16
100
AcDbVisualStyle
  2
Shaded with edges
 70
26
 90
2
 40
0.6
 62
7
290
0
291
0
  0
VISUALSTYLE
  5
6E
102
{ACAD_REACTORS
330
16
102
}
330
16
100
AcDbVisualStyle
  2
Shades of Gray
 70
23
 90
2
 40
0.6
 62
7
290
0
291
0
  0
VISUALSTYLE
  5
6F
102
{ACAD_REACTORS
330
16
102
}
330
16
100
AcDbVisualStyle
  2
Sketchy
 70
24
 90
1
 40
0.6
 62
7
290
0
291
0
  0
VISUALSTYLE
  5
70
102
{ACAD_REACTORS
330
16
102
}
330
16
100
AcDbVisualStyle
  2
Thicken
 70
13
 90
2
 40
0.6
 62
7
290
0
291
1
  0
VISUALSTYLE
  5
71
102
{ACAD_REACTORS
330
16
102
}
330
16
100
AcDbVisualStyle
  2
Wireframe
 70
5
 90
0
 40
0.6
 62
7
290
0
291
0
  0
VISUALSTYLE
  5
72
102
{ACAD_REACTORS
330
16
102
}
330
16
100
AcDbVisualStyle
  2
X-Ray
 70
25
 90
2
 40
0.5
 62
7
290
0
291
0
  0
DICTIONARYVAR
  5
10C9
330
2D
100
DictionaryVariables
280
0
  1
1.4.4 @ 2026-09-17T08:21:42.016658+00:00
  0
ENDSEC
  0
EOF
